ISO-10303-21;
HEADER;
FILE_DESCRIPTION(('Open CASCADE Model'),'2;1');
FILE_NAME('Open CASCADE Shape Model','2026-09-27T23:32:15',('Author'),(
    'Open CASCADE'),'Open CASCADE STEP processor 7.9','Open CASCADE 7.9'
  ,'Unknown');
FILE_SCHEMA(('AUTOMOTIVE_DESIGN { 1 0 10303 214 1 1 1 1 }'));
ENDSEC;
DATA;
#1 = APPLICATION_PROTOCOL_DEFINITION('international standard',
  'automotive_design',2000,#2);
#2 = APPLICATION_CONTEXT(
  'core data for automotive mechanical design processes');
#3 = SHAPE_DEFINITION_REPRESENTATION(#4,#10);
#4 = PRODUCT_DEFINITION_SHAPE('','',#5);
#5 = PRODUCT_DEFINITION('design','',#6,#9);
#6 = PRODUCT_DEFINITION_FORMATION('','',#7);
#7 = PRODUCT('Open CASCADE STEP translator 7.9 2',
  'Open CASCADE STEP translator 7.9 2','',(#8));
#8 = PRODUCT_CONTEXT('',#2,'mechanical');
#9 = PRODUCT_DEFINITION_CONTEXT('part definition',#2,'design');
#10 = ADVANCED_BREP_SHAPE_REPRESENTATION('',(#11,#15),#12268);
#11 = AXIS2_PLACEMENT_3D('',#12,#13,#14);
#12 = CARTESIAN_POINT('',(0.,0.,0.));
#13 = DIRECTION('',(0.,0.,1.));
#14 = DIRECTION('',(1.,0.,-0.));
#15 = MANIFOLD_SOLID_BREP('',#16);
#16 = CLOSED_SHELL('',(#17,#349,#423,#470,#835,#880,#1609,#1656,#1976,
    #2021,#2070,#2119,#2592,#2654,#2769,#2845,#2892,#2959,#2984,#3055,
    #3102,#3169,#3194,#3265,#3312,#3379,#3386,#3457,#3504,#3571,#3596,
    #3667,#3714,#3781,#3806,#3877,#3924,#3991,#3998,#4024,#4051,#4057,
    #4082,#4107,#4132,#4157,#4182,#4207,#4283,#4332,#4381,#4408,#4580,
    #4810,#4859,#5331,#5358,#5385,#5412,#5439,#5498,#5906,#6387,#6436,
    #6485,#6512,#6519,#6526,#6581,#6840,#6927,#7030,#7079,#7170,#7215,
    #7318,#7367,#7458,#7552,#7786,#7894,#7939,#8246,#8431,#8740,#8747,
    #9116,#9161,#9206,#9255,#9454,#9509,#9564,#9619,#9689,#9787,#9880,
    #9981,#10082,#10127,#10172,#10265,#10358,#10425,#10492,#10517,#10572
    ,#10576,#10601,#10628,#10655,#10680,#10705,#10732,#10759,#10766,
    #10793,#10800,#10827,#10834,#10861,#10906,#10933,#10960,#10985,
    #11010,#11037,#11044,#11051,#11126,#11202,#11251,#11300,#11327,
    #11403,#11452,#11501,#11528,#11604,#11653,#11702,#11729,#11756,
    #11783,#11810,#11835,#11862,#11887,#11914,#11921,#11997,#12046,
    #12095,#12122,#12126,#12130,#12134,#12161,#12168,#12195,#12202,
    #12229,#12236,#12240,#12247,#12254,#12261));
#17 = ADVANCED_FACE('',(#18),#32,.F.);
#18 = FACE_BOUND('',#19,.F.);
#19 = EDGE_LOOP('',(#20,#55,#83,#111,#139,#167,#193,#219,#245,#273,#299,
    #325));
#20 = ORIENTED_EDGE('',*,*,#21,.F.);
#21 = EDGE_CURVE('',#22,#24,#26,.T.);
#22 = VERTEX_POINT('',#23);
#23 = CARTESIAN_POINT('',(0.,-75.,32.));
#24 = VERTEX_POINT('',#25);
#25 = CARTESIAN_POINT('',(0.,-61.4,32.));
#26 = SURFACE_CURVE('',#27,(#31,#43),.PCURVE_S1.);
#27 = LINE('',#28,#29);
#28 = CARTESIAN_POINT('',(0.,-75.,32.));
#29 = VECTOR('',#30,1.);
#30 = DIRECTION('',(0.,1.,0.));
#31 = PCURVE('',#32,#37);
#32 = PLANE('',#33);
#33 = AXIS2_PLACEMENT_3D('',#34,#35,#36);
#34 = CARTESIAN_POINT('',(0.,-75.,0.));
#35 = DIRECTION('',(1.,0.,0.));
#36 = DIRECTION('',(0.,0.,1.));
#37 = DEFINITIONAL_REPRESENTATION('',(#38),#42);
#38 = LINE('',#39,#40);
#39 = CARTESIAN_POINT('',(32.,0.));
#40 = VECTOR('',#41,1.);
#41 = DIRECTION('',(0.,-1.));
#42 = ( GEOMETRIC_REPRESENTATION_CONTEXT(2) 
PARAMETRIC_REPRESENTATION_CONTEXT() REPRESENTATION_CONTEXT('2D SPACE',''
  ) );
#43 = PCURVE('',#44,#49);
#44 = PLANE('',#45);
#45 = AXIS2_PLACEMENT_3D('',#46,#47,#48);
#46 = CARTESIAN_POINT('',(0.,-75.,32.));
#47 = DIRECTION('',(0.,0.,1.));
#48 = DIRECTION('',(1.,0.,0.));
#49 = DEFINITIONAL_REPRESENTATION('',(#50),#54);
#50 = LINE('',#51,#52);
#51 = CARTESIAN_POINT('',(0.,0.));
#52 = VECTOR('',#53,1.);
#53 = DIRECTION('',(0.,1.));
#54 = ( GEOMETRIC_REPRESENTATION_CONTEXT(2) 
PARAMETRIC_REPRESENTATION_CONTEXT() REPRESENTATION_CONTEXT('2D SPACE',''
  ) );
#55 = ORIENTED_EDGE('',*,*,#56,.F.);
#56 = EDGE_CURVE('',#57,#22,#59,.T.);
#57 = VERTEX_POINT('',#58);
#58 = CARTESIAN_POINT('',(0.,-75.,0.));
#59 = SURFACE_CURVE('',#60,(#64,#71),.PCURVE_S1.);
#60 = LINE('',#61,#62);
#61 = CARTESIAN_POINT('',(0.,-75.,0.));
#62 = VECTOR('',#63,1.);
#63 = DIRECTION('',(0.,0.,1.));
#64 = PCURVE('',#32,#65);
#65 = DEFINITIONAL_REPRESENTATION('',(#66),#70);
#66 = LINE('',#67,#68);
#67 = CARTESIAN_POINT('',(0.,0.));
#68 = VECTOR('',#69,1.);
#69 = DIRECTION('',(1.,0.));
#70 = ( GEOMETRIC_REPRESENTATION_CONTEXT(2) 
PARAMETRIC_REPRESENTATION_CONTEXT() REPRESENTATION_CONTEXT('2D SPACE',''
  ) );
#71 = PCURVE('',#72,#77);
#72 = PLANE('',#73);
#73 = AXIS2_PLACEMENT_3D('',#74,#75,#76);
#74 = CARTESIAN_POINT('',(0.,-75.,0.));
#75 = DIRECTION('',(0.,1.,0.));
#76 = DIRECTION('',(0.,0.,1.));
#77 = DEFINITIONAL_REPRESENTATION('',(#78),#82);
#78 = LINE('',#79,#80);
#79 = CARTESIAN_POINT('',(0.,0.));
#80 = VECTOR('',#81,1.);
#81 = DIRECTION('',(1.,0.));
#82 = ( GEOMETRIC_REPRESENTATION_CONTEXT(2) 
PARAMETRIC_REPRESENTATION_CONTEXT() REPRESENTATION_CONTEXT('2D SPACE',''
  ) );
#83 = ORIENTED_EDGE('',*,*,#84,.T.);
#84 = EDGE_CURVE('',#57,#85,#87,.T.);
#85 = VERTEX_POINT('',#86);
#86 = CARTESIAN_POINT('',(0.,75.,0.));
#87 = SURFACE_CURVE('',#88,(#92,#99),.PCURVE_S1.);
#88 = LINE('',#89,#90);
#89 = CARTESIAN_POINT('',(0.,-75.,0.));
#90 = VECTOR('',#91,1.);
#91 = DIRECTION('',(0.,1.,0.));
#92 = PCURVE('',#32,#93);
#93 = DEFINITIONAL_REPRESENTATION('',(#94),#98);
#94 = LINE('',#95,#96);
#95 = CARTESIAN_POINT('',(0.,0.));
#96 = VECTOR('',#97,1.);
#97 = DIRECTION('',(0.,-1.));
#98 = ( GEOMETRIC_REPRESENTATION_CONTEXT(2) 
PARAMETRIC_REPRESENTATION_CONTEXT() REPRESENTATION_CONTEXT('2D SPACE',''
  ) );
#99 = PCURVE('',#100,#105);
#100 = PLANE('',#101);
#101 = AXIS2_PLACEMENT_3D('',#102,#103,#104);
#102 = CARTESIAN_POINT('',(0.,-75.,0.));
#103 = DIRECTION('',(0.,0.,1.));
#104 = DIRECTION('',(1.,0.,0.));
#105 = DEFINITIONAL_REPRESENTATION('',(#106),#110);
#106 = LINE('',#107,#108);
#107 = CARTESIAN_POINT('',(0.,0.));
#108 = VECTOR('',#109,1.);
#109 = DIRECTION('',(0.,1.));
#110 = ( GEOMETRIC_REPRESENTATION_CONTEXT(2) 
PARAMETRIC_REPRESENTATION_CONTEXT() REPRESENTATION_CONTEXT('2D SPACE',''
  ) );
#111 = ORIENTED_EDGE('',*,*,#112,.T.);
#112 = EDGE_CURVE('',#85,#113,#115,.T.);
#113 = VERTEX_POINT('',#114);
#114 = CARTESIAN_POINT('',(0.,75.,32.));
#115 = SURFACE_CURVE('',#116,(#120,#127),.PCURVE_S1.);
#116 = LINE('',#117,#118);
#117 = CARTESIAN_POINT('',(0.,75.,0.));
#118 = VECTOR('',#119,1.);
#119 = DIRECTION('',(0.,0.,1.));
#120 = PCURVE('',#32,#121);
#121 = DEFINITIONAL_REPRESENTATION('',(#122),#126);
#122 = LINE('',#123,#124);
#123 = CARTESIAN_POINT('',(0.,-150.));
#124 = VECTOR('',#125,1.);
#125 = DIRECTION('',(1.,0.));
#126 = ( GEOMETRIC_REPRESENTATION_CONTEXT(2) 
PARAMETRIC_REPRESENTATION_CONTEXT() REPRESENTATION_CONTEXT('2D SPACE',''
  ) );
#127 = PCURVE('',#128,#133);
#128 = PLANE('',#129);
#129 = AXIS2_PLACEMENT_3D('',#130,#131,#132);
#130 = CARTESIAN_POINT('',(0.,75.,0.));
#131 = DIRECTION('',(0.,1.,0.));
#132 = DIRECTION('',(0.,0.,1.));
#133 = DEFINITIONAL_REPRESENTATION('',(#134),#138);
#134 = LINE('',#135,#136);
#135 = CARTESIAN_POINT('',(0.,0.));
#136 = VECTOR('',#137,1.);
#137 = DIRECTION('',(1.,0.));
#138 = ( GEOMETRIC_REPRESENTATION_CONTEXT(2) 
PARAMETRIC_REPRESENTATION_CONTEXT() REPRESENTATION_CONTEXT('2D SPACE',''
  ) );
#139 = ORIENTED_EDGE('',*,*,#140,.F.);
#140 = EDGE_CURVE('',#141,#113,#143,.T.);
#141 = VERTEX_POINT('',#142);
#142 = CARTESIAN_POINT('',(0.,61.4,32.));
#143 = SURFACE_CURVE('',#144,(#148,#155),.PCURVE_S1.);
#144 = LINE('',#145,#146);
#145 = CARTESIAN_POINT('',(0.,-75.,32.));
#146 = VECTOR('',#147,1.);
#147 = DIRECTION('',(0.,1.,0.));
#148 = PCURVE('',#32,#149);
#149 = DEFINITIONAL_REPRESENTATION('',(#150),#154);
#150 = LINE('',#151,#152);
#151 = CARTESIAN_POINT('',(32.,0.));
#152 = VECTOR('',#153,1.);
#153 = DIRECTION('',(0.,-1.));
#154 = ( GEOMETRIC_REPRESENTATION_CONTEXT(2) 
PARAMETRIC_REPRESENTATION_CONTEXT() REPRESENTATION_CONTEXT('2D SPACE',''
  ) );
#155 = PCURVE('',#156,#161);
#156 = PLANE('',#157);
#157 = AXIS2_PLACEMENT_3D('',#158,#159,#160);
#158 = CARTESIAN_POINT('',(0.,-75.,32.));
#159 = DIRECTION('',(0.,0.,1.));
#160 = DIRECTION('',(1.,0.,0.));
#161 = DEFINITIONAL_REPRESENTATION('',(#162),#166);
#162 = LINE('',#163,#164);
#163 = CARTESIAN_POINT('',(0.,0.));
#164 = VECTOR('',#165,1.);
#165 = DIRECTION('',(0.,1.));
#166 = ( GEOMETRIC_REPRESENTATION_CONTEXT(2) 
PARAMETRIC_REPRESENTATION_CONTEXT() REPRESENTATION_CONTEXT('2D SPACE',''
  ) );
#167 = ORIENTED_EDGE('',*,*,#168,.F.);
#168 = EDGE_CURVE('',#169,#141,#171,.T.);
#169 = VERTEX_POINT('',#170);
#170 = CARTESIAN_POINT('',(0.,61.4,30.5));
#171 = SURFACE_CURVE('',#172,(#176,#182),.PCURVE_S1.);
#172 = LINE('',#173,#174);
#173 = CARTESIAN_POINT('',(0.,61.4,15.25));
#174 = VECTOR('',#175,1.);
#175 = DIRECTION('',(0.,0.,1.));
#176 = PCURVE('',#32,#177);
#177 = DEFINITIONAL_REPRESENTATION('',(#178),#181);
#178 = B_SPLINE_CURVE_WITH_KNOTS('',1,(#179,#180),.UNSPECIFIED.,.F.,.F.,
  (2,2),(15.25,16.75),.PIECEWISE_BEZIER_KNOTS.);
#179 = CARTESIAN_POINT('',(30.5,-136.4));
#180 = CARTESIAN_POINT('',(32.,-136.4));
#181 = ( GEOMETRIC_REPRESENTATION_CONTEXT(2) 
PARAMETRIC_REPRESENTATION_CONTEXT() REPRESENTATION_CONTEXT('2D SPACE',''
  ) );
#182 = PCURVE('',#183,#188);
#183 = PLANE('',#184);
#184 = AXIS2_PLACEMENT_3D('',#185,#186,#187);
#185 = CARTESIAN_POINT('',(-1.,61.4,30.5));
#186 = DIRECTION('',(0.,1.,0.));
#187 = DIRECTION('',(0.,0.,1.));
#188 = DEFINITIONAL_REPRESENTATION('',(#189),#192);
#189 = B_SPLINE_CURVE_WITH_KNOTS('',1,(#190,#191),.UNSPECIFIED.,.F.,.F.,
  (2,2),(15.25,16.75),.PIECEWISE_BEZIER_KNOTS.);
#190 = CARTESIAN_POINT('',(0.,1.));
#191 = CARTESIAN_POINT('',(1.5,1.));
#192 = ( GEOMETRIC_REPRESENTATION_CONTEXT(2) 
PARAMETRIC_REPRESENTATION_CONTEXT() REPRESENTATION_CONTEXT('2D SPACE',''
  ) );
#193 = ORIENTED_EDGE('',*,*,#194,.T.);
#194 = EDGE_CURVE('',#169,#195,#197,.T.);
#195 = VERTEX_POINT('',#196);
#196 = CARTESIAN_POINT('',(0.,55.,30.5));
#197 = SURFACE_CURVE('',#198,(#202,#208),.PCURVE_S1.);
#198 = LINE('',#199,#200);
#199 = CARTESIAN_POINT('',(0.,-10.,30.5));
#200 = VECTOR('',#201,1.);
#201 = DIRECTION('',(0.,-1.,0.));
#202 = PCURVE('',#32,#203);
#203 = DEFINITIONAL_REPRESENTATION('',(#204),#207);
#204 = B_SPLINE_CURVE_WITH_KNOTS('',1,(#205,#206),.UNSPECIFIED.,.F.,.F.,
  (2,2),(-71.4,-65.),.PIECEWISE_BEZIER_KNOTS.);
#205 = CARTESIAN_POINT('',(30.5,-136.4));
#206 = CARTESIAN_POINT('',(30.5,-130.));
#207 = ( GEOMETRIC_REPRESENTATION_CONTEXT(2) 
PARAMETRIC_REPRESENTATION_CONTEXT() REPRESENTATION_CONTEXT('2D SPACE',''
  ) );
#208 = PCURVE('',#209,#214);
#209 = PLANE('',#210);
#210 = AXIS2_PLACEMENT_3D('',#211,#212,#213);
#211 = CARTESIAN_POINT('',(-1.,55.,30.5));
#212 = DIRECTION('',(0.,0.,1.));
#213 = DIRECTION('',(1.,0.,0.));
#214 = DEFINITIONAL_REPRESENTATION('',(#215),#218);
#215 = B_SPLINE_CURVE_WITH_KNOTS('',1,(#216,#217),.UNSPECIFIED.,.F.,.F.,
  (2,2),(-71.4,-65.),.PIECEWISE_BEZIER_KNOTS.);
#216 = CARTESIAN_POINT('',(1.,6.4));
#217 = CARTESIAN_POINT('',(1.,0.));
#218 = ( GEOMETRIC_REPRESENTATION_CONTEXT(2) 
PARAMETRIC_REPRESENTATION_CONTEXT() REPRESENTATION_CONTEXT('2D SPACE',''
  ) );
#219 = ORIENTED_EDGE('',*,*,#220,.T.);
#220 = EDGE_CURVE('',#195,#221,#223,.T.);
#221 = VERTEX_POINT('',#222);
#222 = CARTESIAN_POINT('',(0.,55.,32.));
#223 = SURFACE_CURVE('',#224,(#228,#234),.PCURVE_S1.);
#224 = LINE('',#225,#226);
#225 = CARTESIAN_POINT('',(0.,55.,15.25));
#226 = VECTOR('',#227,1.);
#227 = DIRECTION('',(0.,0.,1.));
#228 = PCURVE('',#32,#229);
#229 = DEFINITIONAL_REPRESENTATION('',(#230),#233);
#230 = B_SPLINE_CURVE_WITH_KNOTS('',1,(#231,#232),.UNSPECIFIED.,.F.,.F.,
  (2,2),(15.25,16.75),.PIECEWISE_BEZIER_KNOTS.);
#231 = CARTESIAN_POINT('',(30.5,-130.));
#232 = CARTESIAN_POINT('',(32.,-130.));
#233 = ( GEOMETRIC_REPRESENTATION_CONTEXT(2) 
PARAMETRIC_REPRESENTATION_CONTEXT() REPRESENTATION_CONTEXT('2D SPACE',''
  ) );
#234 = PCURVE('',#235,#240);
#235 = PLANE('',#236);
#236 = AXIS2_PLACEMENT_3D('',#237,#238,#239);
#237 = CARTESIAN_POINT('',(-1.,55.,30.5));
#238 = DIRECTION('',(0.,1.,0.));
#239 = DIRECTION('',(0.,0.,1.));
#240 = DEFINITIONAL_REPRESENTATION('',(#241),#244);
#241 = B_SPLINE_CURVE_WITH_KNOTS('',1,(#242,#243),.UNSPECIFIED.,.F.,.F.,
  (2,2),(15.25,16.75),.PIECEWISE_BEZIER_KNOTS.);
#242 = CARTESIAN_POINT('',(0.,1.));
#243 = CARTESIAN_POINT('',(1.5,1.));
#244 = ( GEOMETRIC_REPRESENTATION_CONTEXT(2) 
PARAMETRIC_REPRESENTATION_CONTEXT() REPRESENTATION_CONTEXT('2D SPACE',''
  ) );
#245 = ORIENTED_EDGE('',*,*,#246,.F.);
#246 = EDGE_CURVE('',#247,#221,#249,.T.);
#247 = VERTEX_POINT('',#248);
#248 = CARTESIAN_POINT('',(0.,-55.,32.));
#249 = SURFACE_CURVE('',#250,(#254,#261),.PCURVE_S1.);
#250 = LINE('',#251,#252);
#251 = CARTESIAN_POINT('',(0.,-75.,32.));
#252 = VECTOR('',#253,1.);
#253 = DIRECTION('',(0.,1.,0.));
#254 = PCURVE('',#32,#255);
#255 = DEFINITIONAL_REPRESENTATION('',(#256),#260);
#256 = LINE('',#257,#258);
#257 = CARTESIAN_POINT('',(32.,0.));
#258 = VECTOR('',#259,1.);
#259 = DIRECTION('',(0.,-1.));
#260 = ( GEOMETRIC_REPRESENTATION_CONTEXT(2) 
PARAMETRIC_REPRESENTATION_CONTEXT() REPRESENTATION_CONTEXT('2D SPACE',''
  ) );
#261 = PCURVE('',#262,#267);
#262 = PLANE('',#263);
#263 = AXIS2_PLACEMENT_3D('',#264,#265,#266);
#264 = CARTESIAN_POINT('',(0.,-75.,32.));
#265 = DIRECTION('',(0.,0.,1.));
#266 = DIRECTION('',(1.,0.,0.));
#267 = DEFINITIONAL_REPRESENTATION('',(#268),#272);
#268 = LINE('',#269,#270);
#269 = CARTESIAN_POINT('',(0.,0.));
#270 = VECTOR('',#271,1.);
#271 = DIRECTION('',(0.,1.));
#272 = ( GEOMETRIC_REPRESENTATION_CONTEXT(2) 
PARAMETRIC_REPRESENTATION_CONTEXT() REPRESENTATION_CONTEXT('2D SPACE',''
  ) );
#273 = ORIENTED_EDGE('',*,*,#274,.F.);
#274 = EDGE_CURVE('',#275,#247,#277,.T.);
#275 = VERTEX_POINT('',#276);
#276 = CARTESIAN_POINT('',(0.,-55.,30.5));
#277 = SURFACE_CURVE('',#278,(#282,#288),.PCURVE_S1.);
#278 = LINE('',#279,#280);
#279 = CARTESIAN_POINT('',(0.,-55.,15.25));
#280 = VECTOR('',#281,1.);
#281 = DIRECTION('',(0.,0.,1.));
#282 = PCURVE('',#32,#283);
#283 = DEFINITIONAL_REPRESENTATION('',(#284),#287);
#284 = B_SPLINE_CURVE_WITH_KNOTS('',1,(#285,#286),.UNSPECIFIED.,.F.,.F.,
  (2,2),(15.25,16.75),.PIECEWISE_BEZIER_KNOTS.);
#285 = CARTESIAN_POINT('',(30.5,-20.));
#286 = CARTESIAN_POINT('',(32.,-20.));
#287 = ( GEOMETRIC_REPRESENTATION_CONTEXT(2) 
PARAMETRIC_REPRESENTATION_CONTEXT() REPRESENTATION_CONTEXT('2D SPACE',''
  ) );
#288 = PCURVE('',#289,#294);
#289 = PLANE('',#290);
#290 = AXIS2_PLACEMENT_3D('',#291,#292,#293);
#291 = CARTESIAN_POINT('',(-1.,-55.,30.5));
#292 = DIRECTION('',(0.,1.,0.));
#293 = DIRECTION('',(0.,0.,1.));
#294 = DEFINITIONAL_REPRESENTATION('',(#295),#298);
#295 = B_SPLINE_CURVE_WITH_KNOTS('',1,(#296,#297),.UNSPECIFIED.,.F.,.F.,
  (2,2),(15.25,16.75),.PIECEWISE_BEZIER_KNOTS.);
#296 = CARTESIAN_POINT('',(0.,1.));
#297 = CARTESIAN_POINT('',(1.5,1.));
#298 = ( GEOMETRIC_REPRESENTATION_CONTEXT(2) 
PARAMETRIC_REPRESENTATION_CONTEXT() REPRESENTATION_CONTEXT('2D SPACE',''
  ) );
#299 = ORIENTED_EDGE('',*,*,#300,.T.);
#300 = EDGE_CURVE('',#275,#301,#303,.T.);
#301 = VERTEX_POINT('',#302);
#302 = CARTESIAN_POINT('',(0.,-61.4,30.5));
#303 = SURFACE_CURVE('',#304,(#308,#314),.PCURVE_S1.);
#304 = LINE('',#305,#306);
#305 = CARTESIAN_POINT('',(0.,-68.2,30.5));
#306 = VECTOR('',#307,1.);
#307 = DIRECTION('',(0.,-1.,0.));
#308 = PCURVE('',#32,#309);
#309 = DEFINITIONAL_REPRESENTATION('',(#310),#313);
#310 = B_SPLINE_CURVE_WITH_KNOTS('',1,(#311,#312),.UNSPECIFIED.,.F.,.F.,
  (2,2),(-13.2,-6.8),.PIECEWISE_BEZIER_KNOTS.);
#311 = CARTESIAN_POINT('',(30.5,-20.));
#312 = CARTESIAN_POINT('',(30.5,-13.6));
#313 = ( GEOMETRIC_REPRESENTATION_CONTEXT(2) 
PARAMETRIC_REPRESENTATION_CONTEXT() REPRESENTATION_CONTEXT('2D SPACE',''
  ) );
#314 = PCURVE('',#315,#320);
#315 = PLANE('',#316);
#316 = AXIS2_PLACEMENT_3D('',#317,#318,#319);
#317 = CARTESIAN_POINT('',(-1.,-61.4,30.5));
#318 = DIRECTION('',(0.,0.,1.));
#319 = DIRECTION('',(1.,0.,0.));
#320 = DEFINITIONAL_REPRESENTATION('',(#321),#324);
#321 = B_SPLINE_CURVE_WITH_KNOTS('',1,(#322,#323),.UNSPECIFIED.,.F.,.F.,
  (2,2),(-13.2,-6.8),.PIECEWISE_BEZIER_KNOTS.);
#322 = CARTESIAN_POINT('',(1.,6.4));
#323 = CARTESIAN_POINT('',(1.,0.));
#324 = ( GEOMETRIC_REPRESENTATION_CONTEXT(2) 
PARAMETRIC_REPRESENTATION_CONTEXT() REPRESENTATION_CONTEXT('2D SPACE',''
  ) );
#325 = ORIENTED_EDGE('',*,*,#326,.T.);
#326 = EDGE_CURVE('',#301,#24,#327,.T.);
#327 = SURFACE_CURVE('',#328,(#332,#338),.PCURVE_S1.);
#328 = LINE('',#329,#330);
#329 = CARTESIAN_POINT('',(0.,-61.4,15.25));
#330 = VECTOR('',#331,1.);
#331 = DIRECTION('',(0.,0.,1.));
#332 = PCURVE('',#32,#333);
#333 = DEFINITIONAL_REPRESENTATION('',(#334),#337);
#334 = B_SPLINE_CURVE_WITH_KNOTS('',1,(#335,#336),.UNSPECIFIED.,.F.,.F.,
  (2,2),(15.25,16.75),.PIECEWISE_BEZIER_KNOTS.);
#335 = CARTESIAN_POINT('',(30.5,-13.6));
#336 = CARTESIAN_POINT('',(32.,-13.6));
#337 = ( GEOMETRIC_REPRESENTATION_CONTEXT(2) 
PARAMETRIC_REPRESENTATION_CONTEXT() REPRESENTATION_CONTEXT('2D SPACE',''
  ) );
#338 = PCURVE('',#339,#344);
#339 = PLANE('',#340);
#340 = AXIS2_PLACEMENT_3D('',#341,#342,#343);
#341 = CARTESIAN_POINT('',(-1.,-61.4,30.5));
#342 = DIRECTION('',(0.,1.,0.));
#343 = DIRECTION('',(0.,0.,1.));
#344 = DEFINITIONAL_REPRESENTATION('',(#345),#348);
#345 = B_SPLINE_CURVE_WITH_KNOTS('',1,(#346,#347),.UNSPECIFIED.,.F.,.F.,
  (2,2),(15.25,16.75),.PIECEWISE_BEZIER_KNOTS.);
#346 = CARTESIAN_POINT('',(0.,1.));
#347 = CARTESIAN_POINT('',(1.5,1.));
#348 = ( GEOMETRIC_REPRESENTATION_CONTEXT(2) 
PARAMETRIC_REPRESENTATION_CONTEXT() REPRESENTATION_CONTEXT('2D SPACE',''
  ) );
#349 = ADVANCED_FACE('',(#350),#44,.T.);
#350 = FACE_BOUND('',#351,.T.);
#351 = EDGE_LOOP('',(#352,#353,#376,#404));
#352 = ORIENTED_EDGE('',*,*,#21,.F.);
#353 = ORIENTED_EDGE('',*,*,#354,.T.);
#354 = EDGE_CURVE('',#22,#355,#357,.T.);
#355 = VERTEX_POINT('',#356);
#356 = CARTESIAN_POINT('',(200.,-75.,32.));
#357 = SURFACE_CURVE('',#358,(#362,#369),.PCURVE_S1.);
#358 = LINE('',#359,#360);
#359 = CARTESIAN_POINT('',(0.,-75.,32.));
#360 = VECTOR('',#361,1.);
#361 = DIRECTION('',(1.,0.,0.));
#362 = PCURVE('',#44,#363);
#363 = DEFINITIONAL_REPRESENTATION('',(#364),#368);
#364 = LINE('',#365,#366);
#365 = CARTESIAN_POINT('',(0.,0.));
#366 = VECTOR('',#367,1.);
#367 = DIRECTION('',(1.,0.));
#368 = ( GEOMETRIC_REPRESENTATION_CONTEXT(2) 
PARAMETRIC_REPRESENTATION_CONTEXT() REPRESENTATION_CONTEXT('2D SPACE',''
  ) );
#369 = PCURVE('',#72,#370);
#370 = DEFINITIONAL_REPRESENTATION('',(#371),#375);
#371 = LINE('',#372,#373);
#372 = CARTESIAN_POINT('',(32.,0.));
#373 = VECTOR('',#374,1.);
#374 = DIRECTION('',(0.,1.));
#375 = ( GEOMETRIC_REPRESENTATION_CONTEXT(2) 
PARAMETRIC_REPRESENTATION_CONTEXT() REPRESENTATION_CONTEXT('2D SPACE',''
  ) );
#376 = ORIENTED_EDGE('',*,*,#377,.T.);
#377 = EDGE_CURVE('',#355,#378,#380,.T.);
#378 = VERTEX_POINT('',#379);
#379 = CARTESIAN_POINT('',(200.,-61.4,32.));
#380 = SURFACE_CURVE('',#381,(#385,#392),.PCURVE_S1.);
#381 = LINE('',#382,#383);
#382 = CARTESIAN_POINT('',(200.,-75.,32.));
#383 = VECTOR('',#384,1.);
#384 = DIRECTION('',(0.,1.,0.));
#385 = PCURVE('',#44,#386);
#386 = DEFINITIONAL_REPRESENTATION('',(#387),#391);
#387 = LINE('',#388,#389);
#388 = CARTESIAN_POINT('',(200.,0.));
#389 = VECTOR('',#390,1.);
#390 = DIRECTION('',(0.,1.));
#391 = ( GEOMETRIC_REPRESENTATION_CONTEXT(2) 
PARAMETRIC_REPRESENTATION_CONTEXT() REPRESENTATION_CONTEXT('2D SPACE',''
  ) );
#392 = PCURVE('',#393,#398);
#393 = PLANE('',#394);
#394 = AXIS2_PLACEMENT_3D('',#395,#396,#397);
#395 = CARTESIAN_POINT('',(200.,-75.,0.));
#396 = DIRECTION('',(1.,0.,0.));
#397 = DIRECTION('',(0.,0.,1.));
#398 = DEFINITIONAL_REPRESENTATION('',(#399),#403);
#399 = LINE('',#400,#401);
#400 = CARTESIAN_POINT('',(32.,0.));
#401 = VECTOR('',#402,1.);
#402 = DIRECTION('',(0.,-1.));
#403 = ( GEOMETRIC_REPRESENTATION_CONTEXT(2) 
PARAMETRIC_REPRESENTATION_CONTEXT() REPRESENTATION_CONTEXT('2D SPACE',''
  ) );
#404 = ORIENTED_EDGE('',*,*,#405,.T.);
#405 = EDGE_CURVE('',#378,#24,#406,.T.);
#406 = SURFACE_CURVE('',#407,(#411,#417),.PCURVE_S1.);
#407 = LINE('',#408,#409);
#408 = CARTESIAN_POINT('',(-0.5,-61.4,32.));
#409 = VECTOR('',#410,1.);
#410 = DIRECTION('',(-1.,0.,0.));
#411 = PCURVE('',#44,#412);
#412 = DEFINITIONAL_REPRESENTATION('',(#413),#416);
#413 = B_SPLINE_CURVE_WITH_KNOTS('',1,(#414,#415),.UNSPECIFIED.,.F.,.F.,
  (2,2),(-200.5,-0.5),.PIECEWISE_BEZIER_KNOTS.);
#414 = CARTESIAN_POINT('',(200.,13.6));
#415 = CARTESIAN_POINT('',(0.,13.6));
#416 = ( GEOMETRIC_REPRESENTATION_CONTEXT(2) 
PARAMETRIC_REPRESENTATION_CONTEXT() REPRESENTATION_CONTEXT('2D SPACE',''
  ) );
#417 = PCURVE('',#339,#418);
#418 = DEFINITIONAL_REPRESENTATION('',(#419),#422);
#419 = B_SPLINE_CURVE_WITH_KNOTS('',1,(#420,#421),.UNSPECIFIED.,.F.,.F.,
  (2,2),(-200.5,-0.5),.PIECEWISE_BEZIER_KNOTS.);
#420 = CARTESIAN_POINT('',(1.5,201.));
#421 = CARTESIAN_POINT('',(1.5,1.));
#422 = ( GEOMETRIC_REPRESENTATION_CONTEXT(2) 
PARAMETRIC_REPRESENTATION_CONTEXT() REPRESENTATION_CONTEXT('2D SPACE',''
  ) );
#423 = ADVANCED_FACE('',(#424),#339,.T.);
#424 = FACE_BOUND('',#425,.T.);
#425 = EDGE_LOOP('',(#426,#449,#450,#451));
#426 = ORIENTED_EDGE('',*,*,#427,.F.);
#427 = EDGE_CURVE('',#301,#428,#430,.T.);
#428 = VERTEX_POINT('',#429);
#429 = CARTESIAN_POINT('',(200.,-61.4,30.5));
#430 = SURFACE_CURVE('',#431,(#435,#442),.PCURVE_S1.);
#431 = LINE('',#432,#433);
#432 = CARTESIAN_POINT('',(-1.,-61.4,30.5));
#433 = VECTOR('',#434,1.);
#434 = DIRECTION('',(1.,0.,0.));
#435 = PCURVE('',#339,#436);
#436 = DEFINITIONAL_REPRESENTATION('',(#437),#441);
#437 = LINE('',#438,#439);
#438 = CARTESIAN_POINT('',(0.,0.));
#439 = VECTOR('',#440,1.);
#440 = DIRECTION('',(0.,1.));
#441 = ( GEOMETRIC_REPRESENTATION_CONTEXT(2) 
PARAMETRIC_REPRESENTATION_CONTEXT() REPRESENTATION_CONTEXT('2D SPACE',''
  ) );
#442 = PCURVE('',#315,#443);
#443 = DEFINITIONAL_REPRESENTATION('',(#444),#448);
#444 = LINE('',#445,#446);
#445 = CARTESIAN_POINT('',(0.,0.));
#446 = VECTOR('',#447,1.);
#447 = DIRECTION('',(1.,0.));
#448 = ( GEOMETRIC_REPRESENTATION_CONTEXT(2) 
PARAMETRIC_REPRESENTATION_CONTEXT() REPRESENTATION_CONTEXT('2D SPACE',''
  ) );
#449 = ORIENTED_EDGE('',*,*,#326,.T.);
#450 = ORIENTED_EDGE('',*,*,#405,.F.);
#451 = ORIENTED_EDGE('',*,*,#452,.F.);
#452 = EDGE_CURVE('',#428,#378,#453,.T.);
#453 = SURFACE_CURVE('',#454,(#458,#464),.PCURVE_S1.);
#454 = LINE('',#455,#456);
#455 = CARTESIAN_POINT('',(200.,-61.4,15.25));
#456 = VECTOR('',#457,1.);
#457 = DIRECTION('',(0.,0.,1.));
#458 = PCURVE('',#339,#459);
#459 = DEFINITIONAL_REPRESENTATION('',(#460),#463);
#460 = B_SPLINE_CURVE_WITH_KNOTS('',1,(#461,#462),.UNSPECIFIED.,.F.,.F.,
  (2,2),(15.25,16.75),.PIECEWISE_BEZIER_KNOTS.);
#461 = CARTESIAN_POINT('',(0.,201.));
#462 = CARTESIAN_POINT('',(1.5,201.));
#463 = ( GEOMETRIC_REPRESENTATION_CONTEXT(2) 
PARAMETRIC_REPRESENTATION_CONTEXT() REPRESENTATION_CONTEXT('2D SPACE',''
  ) );
#464 = PCURVE('',#393,#465);
#465 = DEFINITIONAL_REPRESENTATION('',(#466),#469);
#466 = B_SPLINE_CURVE_WITH_KNOTS('',1,(#467,#468),.UNSPECIFIED.,.F.,.F.,
  (2,2),(15.25,16.75),.PIECEWISE_BEZIER_KNOTS.);
#467 = CARTESIAN_POINT('',(30.5,-13.6));
#468 = CARTESIAN_POINT('',(32.,-13.6));
#469 = ( GEOMETRIC_REPRESENTATION_CONTEXT(2) 
PARAMETRIC_REPRESENTATION_CONTEXT() REPRESENTATION_CONTEXT('2D SPACE',''
  ) );
#470 = ADVANCED_FACE('',(#471),#315,.T.);
#471 = FACE_BOUND('',#472,.T.);
#472 = EDGE_LOOP('',(#473,#496,#497,#498,#519,#547,#573,#599,#625,#653,
    #679,#705,#731,#759,#785,#811));
#473 = ORIENTED_EDGE('',*,*,#474,.F.);
#474 = EDGE_CURVE('',#275,#475,#477,.T.);
#475 = VERTEX_POINT('',#476);
#476 = CARTESIAN_POINT('',(141.8,-55.,30.5));
#477 = SURFACE_CURVE('',#478,(#482,#489),.PCURVE_S1.);
#478 = LINE('',#479,#480);
#479 = CARTESIAN_POINT('',(-1.,-55.,30.5));
#480 = VECTOR('',#481,1.);
#481 = DIRECTION('',(1.,0.,0.));
#482 = PCURVE('',#315,#483);
#483 = DEFINITIONAL_REPRESENTATION('',(#484),#488);
#484 = LINE('',#485,#486);
#485 = CARTESIAN_POINT('',(0.,6.4));
#486 = VECTOR('',#487,1.);
#487 = DIRECTION('',(1.,0.));
#488 = ( GEOMETRIC_REPRESENTATION_CONTEXT(2) 
PARAMETRIC_REPRESENTATION_CONTEXT() REPRESENTATION_CONTEXT('2D SPACE',''
  ) );
#489 = PCURVE('',#289,#490);
#490 = DEFINITIONAL_REPRESENTATION('',(#491),#495);
#491 = LINE('',#492,#493);
#492 = CARTESIAN_POINT('',(0.,0.));
#493 = VECTOR('',#494,1.);
#494 = DIRECTION('',(0.,1.));
#495 = ( GEOMETRIC_REPRESENTATION_CONTEXT(2) 
PARAMETRIC_REPRESENTATION_CONTEXT() REPRESENTATION_CONTEXT('2D SPACE',''
  ) );
#496 = ORIENTED_EDGE('',*,*,#300,.T.);
#497 = ORIENTED_EDGE('',*,*,#427,.T.);
#498 = ORIENTED_EDGE('',*,*,#499,.F.);
#499 = EDGE_CURVE('',#500,#428,#502,.T.);
#500 = VERTEX_POINT('',#501);
#501 = CARTESIAN_POINT('',(200.,-55.,30.5));
#502 = SURFACE_CURVE('',#503,(#507,#513),.PCURVE_S1.);
#503 = LINE('',#504,#505);
#504 = CARTESIAN_POINT('',(200.,-68.2,30.5));
#505 = VECTOR('',#506,1.);
#506 = DIRECTION('',(0.,-1.,0.));
#507 = PCURVE('',#315,#508);
#508 = DEFINITIONAL_REPRESENTATION('',(#509),#512);
#509 = B_SPLINE_CURVE_WITH_KNOTS('',1,(#510,#511),.UNSPECIFIED.,.F.,.F.,
  (2,2),(-13.2,-6.8),.PIECEWISE_BEZIER_KNOTS.);
#510 = CARTESIAN_POINT('',(201.,6.4));
#511 = CARTESIAN_POINT('',(201.,0.));
#512 = ( GEOMETRIC_REPRESENTATION_CONTEXT(2) 
PARAMETRIC_REPRESENTATION_CONTEXT() REPRESENTATION_CONTEXT('2D SPACE',''
  ) );
#513 = PCURVE('',#393,#514);
#514 = DEFINITIONAL_REPRESENTATION('',(#515),#518);
#515 = B_SPLINE_CURVE_WITH_KNOTS('',1,(#516,#517),.UNSPECIFIED.,.F.,.F.,
  (2,2),(-13.2,-6.8),.PIECEWISE_BEZIER_KNOTS.);
#516 = CARTESIAN_POINT('',(30.5,-20.));
#517 = CARTESIAN_POINT('',(30.5,-13.6));
#518 = ( GEOMETRIC_REPRESENTATION_CONTEXT(2) 
PARAMETRIC_REPRESENTATION_CONTEXT() REPRESENTATION_CONTEXT('2D SPACE',''
  ) );
#519 = ORIENTED_EDGE('',*,*,#520,.F.);
#520 = EDGE_CURVE('',#521,#500,#523,.T.);
#521 = VERTEX_POINT('',#522);
#522 = CARTESIAN_POINT('',(194.2,-55.,30.5));
#523 = SURFACE_CURVE('',#524,(#528,#535),.PCURVE_S1.);
#524 = LINE('',#525,#526);
#525 = CARTESIAN_POINT('',(-1.,-55.,30.5));
#526 = VECTOR('',#527,1.);
#527 = DIRECTION('',(1.,0.,0.));
#528 = PCURVE('',#315,#529);
#529 = DEFINITIONAL_REPRESENTATION('',(#530),#534);
#530 = LINE('',#531,#532);
#531 = CARTESIAN_POINT('',(0.,6.4));
#532 = VECTOR('',#533,1.);
#533 = DIRECTION('',(1.,0.));
#534 = ( GEOMETRIC_REPRESENTATION_CONTEXT(2) 
PARAMETRIC_REPRESENTATION_CONTEXT() REPRESENTATION_CONTEXT('2D SPACE',''
  ) );
#535 = PCURVE('',#536,#541);
#536 = PLANE('',#537);
#537 = AXIS2_PLACEMENT_3D('',#538,#539,#540);
#538 = CARTESIAN_POINT('',(-1.,-55.,30.5));
#539 = DIRECTION('',(0.,1.,0.));
#540 = DIRECTION('',(0.,0.,1.));
#541 = DEFINITIONAL_REPRESENTATION('',(#542),#546);
#542 = LINE('',#543,#544);
#543 = CARTESIAN_POINT('',(0.,0.));
#544 = VECTOR('',#545,1.);
#545 = DIRECTION('',(0.,1.));
#546 = ( GEOMETRIC_REPRESENTATION_CONTEXT(2) 
PARAMETRIC_REPRESENTATION_CONTEXT() REPRESENTATION_CONTEXT('2D SPACE',''
  ) );
#547 = ORIENTED_EDGE('',*,*,#548,.F.);
#548 = EDGE_CURVE('',#549,#521,#551,.T.);
#549 = VERTEX_POINT('',#550);
#550 = CARTESIAN_POINT('',(194.2,-58.2,30.5));
#551 = SURFACE_CURVE('',#552,(#556,#562),.PCURVE_S1.);
#552 = LINE('',#553,#554);
#553 = CARTESIAN_POINT('',(194.2,-59.8,30.5));
#554 = VECTOR('',#555,1.);
#555 = DIRECTION('',(0.,1.,0.));
#556 = PCURVE('',#315,#557);
#557 = DEFINITIONAL_REPRESENTATION('',(#558),#561);
#558 = B_SPLINE_CURVE_WITH_KNOTS('',1,(#559,#560),.UNSPECIFIED.,.F.,.F.,
  (2,2),(1.6,4.8),.PIECEWISE_BEZIER_KNOTS.);
#559 = CARTESIAN_POINT('',(195.2,3.2));
#560 = CARTESIAN_POINT('',(195.2,6.4));
#561 = ( GEOMETRIC_REPRESENTATION_CONTEXT(2) 
PARAMETRIC_REPRESENTATION_CONTEXT() REPRESENTATION_CONTEXT('2D SPACE',''
  ) );
#562 = PCURVE('',#563,#568);
#563 = PLANE('',#564);
#564 = AXIS2_PLACEMENT_3D('',#565,#566,#567);
#565 = CARTESIAN_POINT('',(194.2,-58.2,27.));
#566 = DIRECTION('',(1.,0.,0.));
#567 = DIRECTION('',(0.,0.,1.));
#568 = DEFINITIONAL_REPRESENTATION('',(#569),#572);
#569 = B_SPLINE_CURVE_WITH_KNOTS('',1,(#570,#571),.UNSPECIFIED.,.F.,.F.,
  (2,2),(1.6,4.8),.PIECEWISE_BEZIER_KNOTS.);
#570 = CARTESIAN_POINT('',(3.5,0.));
#571 = CARTESIAN_POINT('',(3.5,-3.2));
#572 = ( GEOMETRIC_REPRESENTATION_CONTEXT(2) 
PARAMETRIC_REPRESENTATION_CONTEXT() REPRESENTATION_CONTEXT('2D SPACE',''
  ) );
#573 = ORIENTED_EDGE('',*,*,#574,.T.);
#574 = EDGE_CURVE('',#549,#575,#577,.T.);
#575 = VERTEX_POINT('',#576);
#576 = CARTESIAN_POINT('',(181.8,-58.2,30.5));
#577 = SURFACE_CURVE('',#578,(#582,#588),.PCURVE_S1.);
#578 = LINE('',#579,#580);
#579 = CARTESIAN_POINT('',(90.4,-58.2,30.5));
#580 = VECTOR('',#581,1.);
#581 = DIRECTION('',(-1.,0.,0.));
#582 = PCURVE('',#315,#583);
#583 = DEFINITIONAL_REPRESENTATION('',(#584),#587);
#584 = B_SPLINE_CURVE_WITH_KNOTS('',1,(#585,#586),.UNSPECIFIED.,.F.,.F.,
  (2,2),(-103.8,-91.4),.PIECEWISE_BEZIER_KNOTS.);
#585 = CARTESIAN_POINT('',(195.2,3.2));
#586 = CARTESIAN_POINT('',(182.8,3.2));
#587 = ( GEOMETRIC_REPRESENTATION_CONTEXT(2) 
PARAMETRIC_REPRESENTATION_CONTEXT() REPRESENTATION_CONTEXT('2D SPACE',''
  ) );
#588 = PCURVE('',#589,#594);
#589 = PLANE('',#590);
#590 = AXIS2_PLACEMENT_3D('',#591,#592,#593);
#591 = CARTESIAN_POINT('',(181.8,-58.2,27.));
#592 = DIRECTION('',(0.,1.,0.));
#593 = DIRECTION('',(0.,0.,1.));
#594 = DEFINITIONAL_REPRESENTATION('',(#595),#598);
#595 = B_SPLINE_CURVE_WITH_KNOTS('',1,(#596,#597),.UNSPECIFIED.,.F.,.F.,
  (2,2),(-103.8,-91.4),.PIECEWISE_BEZIER_KNOTS.);
#596 = CARTESIAN_POINT('',(3.5,12.4));
#597 = CARTESIAN_POINT('',(3.5,0.));
#598 = ( GEOMETRIC_REPRESENTATION_CONTEXT(2) 
PARAMETRIC_REPRESENTATION_CONTEXT() REPRESENTATION_CONTEXT('2D SPACE',''
  ) );
#599 = ORIENTED_EDGE('',*,*,#600,.T.);
#600 = EDGE_CURVE('',#575,#601,#603,.T.);
#601 = VERTEX_POINT('',#602);
#602 = CARTESIAN_POINT('',(181.8,-55.,30.5));
#603 = SURFACE_CURVE('',#604,(#608,#614),.PCURVE_S1.);
#604 = LINE('',#605,#606);
#605 = CARTESIAN_POINT('',(181.8,-59.8,30.5));
#606 = VECTOR('',#607,1.);
#607 = DIRECTION('',(0.,1.,0.));
#608 = PCURVE('',#315,#609);
#609 = DEFINITIONAL_REPRESENTATION('',(#610),#613);
#610 = B_SPLINE_CURVE_WITH_KNOTS('',1,(#611,#612),.UNSPECIFIED.,.F.,.F.,
  (2,2),(1.6,4.8),.PIECEWISE_BEZIER_KNOTS.);
#611 = CARTESIAN_POINT('',(182.8,3.2));
#612 = CARTESIAN_POINT('',(182.8,6.4));
#613 = ( GEOMETRIC_REPRESENTATION_CONTEXT(2) 
PARAMETRIC_REPRESENTATION_CONTEXT() REPRESENTATION_CONTEXT('2D SPACE',''
  ) );
#614 = PCURVE('',#615,#620);
#615 = PLANE('',#616);
#616 = AXIS2_PLACEMENT_3D('',#617,#618,#619);
#617 = CARTESIAN_POINT('',(181.8,-58.2,27.));
#618 = DIRECTION('',(1.,0.,0.));
#619 = DIRECTION('',(0.,0.,1.));
#620 = DEFINITIONAL_REPRESENTATION('',(#621),#624);
#621 = B_SPLINE_CURVE_WITH_KNOTS('',1,(#622,#623),.UNSPECIFIED.,.F.,.F.,
  (2,2),(1.6,4.8),.PIECEWISE_BEZIER_KNOTS.);
#622 = CARTESIAN_POINT('',(3.5,0.));
#623 = CARTESIAN_POINT('',(3.5,-3.2));
#624 = ( GEOMETRIC_REPRESENTATION_CONTEXT(2) 
PARAMETRIC_REPRESENTATION_CONTEXT() REPRESENTATION_CONTEXT('2D SPACE',''
  ) );
#625 = ORIENTED_EDGE('',*,*,#626,.F.);
#626 = EDGE_CURVE('',#627,#601,#629,.T.);
#627 = VERTEX_POINT('',#628);
#628 = CARTESIAN_POINT('',(174.2,-55.,30.5));
#629 = SURFACE_CURVE('',#630,(#634,#641),.PCURVE_S1.);
#630 = LINE('',#631,#632);
#631 = CARTESIAN_POINT('',(-1.,-55.,30.5));
#632 = VECTOR('',#633,1.);
#633 = DIRECTION('',(1.,0.,0.));
#634 = PCURVE('',#315,#635);
#635 = DEFINITIONAL_REPRESENTATION('',(#636),#640);
#636 = LINE('',#637,#638);
#637 = CARTESIAN_POINT('',(0.,6.4));
#638 = VECTOR('',#639,1.);
#639 = DIRECTION('',(1.,0.));
#640 = ( GEOMETRIC_REPRESENTATION_CONTEXT(2) 
PARAMETRIC_REPRESENTATION_CONTEXT() REPRESENTATION_CONTEXT('2D SPACE',''
  ) );
#641 = PCURVE('',#642,#647);
#642 = PLANE('',#643);
#643 = AXIS2_PLACEMENT_3D('',#644,#645,#646);
#644 = CARTESIAN_POINT('',(-1.,-55.,30.5));
#645 = DIRECTION('',(0.,1.,0.));
#646 = DIRECTION('',(0.,0.,1.));
#647 = DEFINITIONAL_REPRESENTATION('',(#648),#652);
#648 = LINE('',#649,#650);
#649 = CARTESIAN_POINT('',(0.,0.));
#650 = VECTOR('',#651,1.);
#651 = DIRECTION('',(0.,1.));
#652 = ( GEOMETRIC_REPRESENTATION_CONTEXT(2) 
PARAMETRIC_REPRESENTATION_CONTEXT() REPRESENTATION_CONTEXT('2D SPACE',''
  ) );
#653 = ORIENTED_EDGE('',*,*,#654,.F.);
#654 = EDGE_CURVE('',#655,#627,#657,.T.);
#655 = VERTEX_POINT('',#656);
#656 = CARTESIAN_POINT('',(174.2,-58.2,30.5));
#657 = SURFACE_CURVE('',#658,(#662,#668),.PCURVE_S1.);
#658 = LINE('',#659,#660);
#659 = CARTESIAN_POINT('',(174.2,-59.8,30.5));
#660 = VECTOR('',#661,1.);
#661 = DIRECTION('',(0.,1.,0.));
#662 = PCURVE('',#315,#663);
#663 = DEFINITIONAL_REPRESENTATION('',(#664),#667);
#664 = B_SPLINE_CURVE_WITH_KNOTS('',1,(#665,#666),.UNSPECIFIED.,.F.,.F.,
  (2,2),(1.6,4.8),.PIECEWISE_BEZIER_KNOTS.);
#665 = CARTESIAN_POINT('',(175.2,3.2));
#666 = CARTESIAN_POINT('',(175.2,6.4));
#667 = ( GEOMETRIC_REPRESENTATION_CONTEXT(2) 
PARAMETRIC_REPRESENTATION_CONTEXT() REPRESENTATION_CONTEXT('2D SPACE',''
  ) );
#668 = PCURVE('',#669,#674);
#669 = PLANE('',#670);
#670 = AXIS2_PLACEMENT_3D('',#671,#672,#673);
#671 = CARTESIAN_POINT('',(174.2,-58.2,27.));
#672 = DIRECTION('',(1.,0.,0.));
#673 = DIRECTION('',(0.,0.,1.));
#674 = DEFINITIONAL_REPRESENTATION('',(#675),#678);
#675 = B_SPLINE_CURVE_WITH_KNOTS('',1,(#676,#677),.UNSPECIFIED.,.F.,.F.,
  (2,2),(1.6,4.8),.PIECEWISE_BEZIER_KNOTS.);
#676 = CARTESIAN_POINT('',(3.5,0.));
#677 = CARTESIAN_POINT('',(3.5,-3.2));
#678 = ( GEOMETRIC_REPRESENTATION_CONTEXT(2) 
PARAMETRIC_REPRESENTATION_CONTEXT() REPRESENTATION_CONTEXT('2D SPACE',''
  ) );
#679 = ORIENTED_EDGE('',*,*,#680,.T.);
#680 = EDGE_CURVE('',#655,#681,#683,.T.);
#681 = VERTEX_POINT('',#682);
#682 = CARTESIAN_POINT('',(161.8,-58.2,30.5));
#683 = SURFACE_CURVE('',#684,(#688,#694),.PCURVE_S1.);
#684 = LINE('',#685,#686);
#685 = CARTESIAN_POINT('',(80.4,-58.2,30.5));
#686 = VECTOR('',#687,1.);
#687 = DIRECTION('',(-1.,0.,0.));
#688 = PCURVE('',#315,#689);
#689 = DEFINITIONAL_REPRESENTATION('',(#690),#693);
#690 = B_SPLINE_CURVE_WITH_KNOTS('',1,(#691,#692),.UNSPECIFIED.,.F.,.F.,
  (2,2),(-93.8,-81.4),.PIECEWISE_BEZIER_KNOTS.);
#691 = CARTESIAN_POINT('',(175.2,3.2));
#692 = CARTESIAN_POINT('',(162.8,3.2));
#693 = ( GEOMETRIC_REPRESENTATION_CONTEXT(2) 
PARAMETRIC_REPRESENTATION_CONTEXT() REPRESENTATION_CONTEXT('2D SPACE',''
  ) );
#694 = PCURVE('',#695,#700);
#695 = PLANE('',#696);
#696 = AXIS2_PLACEMENT_3D('',#697,#698,#699);
#697 = CARTESIAN_POINT('',(161.8,-58.2,27.));
#698 = DIRECTION('',(0.,1.,0.));
#699 = DIRECTION('',(0.,0.,1.));
#700 = DEFINITIONAL_REPRESENTATION('',(#701),#704);
#701 = B_SPLINE_CURVE_WITH_KNOTS('',1,(#702,#703),.UNSPECIFIED.,.F.,.F.,
  (2,2),(-93.8,-81.4),.PIECEWISE_BEZIER_KNOTS.);
#702 = CARTESIAN_POINT('',(3.5,12.4));
#703 = CARTESIAN_POINT('',(3.5,0.));
#704 = ( GEOMETRIC_REPRESENTATION_CONTEXT(2) 
PARAMETRIC_REPRESENTATION_CONTEXT() REPRESENTATION_CONTEXT('2D SPACE',''
  ) );
#705 = ORIENTED_EDGE('',*,*,#706,.T.);
#706 = EDGE_CURVE('',#681,#707,#709,.T.);
#707 = VERTEX_POINT('',#708);
#708 = CARTESIAN_POINT('',(161.8,-55.,30.5));
#709 = SURFACE_CURVE('',#710,(#714,#720),.PCURVE_S1.);
#710 = LINE('',#711,#712);
#711 = CARTESIAN_POINT('',(161.8,-59.8,30.5));
#712 = VECTOR('',#713,1.);
#713 = DIRECTION('',(0.,1.,0.));
#714 = PCURVE('',#315,#715);
#715 = DEFINITIONAL_REPRESENTATION('',(#716),#719);
#716 = B_SPLINE_CURVE_WITH_KNOTS('',1,(#717,#718),.UNSPECIFIED.,.F.,.F.,
  (2,2),(1.6,4.8),.PIECEWISE_BEZIER_KNOTS.);
#717 = CARTESIAN_POINT('',(162.8,3.2));
#718 = CARTESIAN_POINT('',(162.8,6.4));
#719 = ( GEOMETRIC_REPRESENTATION_CONTEXT(2) 
PARAMETRIC_REPRESENTATION_CONTEXT() REPRESENTATION_CONTEXT('2D SPACE',''
  ) );
#720 = PCURVE('',#721,#726);
#721 = PLANE('',#722);
#722 = AXIS2_PLACEMENT_3D('',#723,#724,#725);
#723 = CARTESIAN_POINT('',(161.8,-58.2,27.));
#724 = DIRECTION('',(1.,0.,0.));
#725 = DIRECTION('',(0.,0.,1.));
#726 = DEFINITIONAL_REPRESENTATION('',(#727),#730);
#727 = B_SPLINE_CURVE_WITH_KNOTS('',1,(#728,#729),.UNSPECIFIED.,.F.,.F.,
  (2,2),(1.6,4.8),.PIECEWISE_BEZIER_KNOTS.);
#728 = CARTESIAN_POINT('',(3.5,0.));
#729 = CARTESIAN_POINT('',(3.5,-3.2));
#730 = ( GEOMETRIC_REPRESENTATION_CONTEXT(2) 
PARAMETRIC_REPRESENTATION_CONTEXT() REPRESENTATION_CONTEXT('2D SPACE',''
  ) );
#731 = ORIENTED_EDGE('',*,*,#732,.F.);
#732 = EDGE_CURVE('',#733,#707,#735,.T.);
#733 = VERTEX_POINT('',#734);
#734 = CARTESIAN_POINT('',(154.2,-55.,30.5));
#735 = SURFACE_CURVE('',#736,(#740,#747),.PCURVE_S1.);
#736 = LINE('',#737,#738);
#737 = CARTESIAN_POINT('',(-1.,-55.,30.5));
#738 = VECTOR('',#739,1.);
#739 = DIRECTION('',(1.,0.,0.));
#740 = PCURVE('',#315,#741);
#741 = DEFINITIONAL_REPRESENTATION('',(#742),#746);
#742 = LINE('',#743,#744);
#743 = CARTESIAN_POINT('',(0.,6.4));
#744 = VECTOR('',#745,1.);
#745 = DIRECTION('',(1.,0.));
#746 = ( GEOMETRIC_REPRESENTATION_CONTEXT(2) 
PARAMETRIC_REPRESENTATION_CONTEXT() REPRESENTATION_CONTEXT('2D SPACE',''
  ) );
#747 = PCURVE('',#748,#753);
#748 = PLANE('',#749);
#749 = AXIS2_PLACEMENT_3D('',#750,#751,#752);
#750 = CARTESIAN_POINT('',(-1.,-55.,30.5));
#751 = DIRECTION('',(0.,1.,0.));
#752 = DIRECTION('',(0.,0.,1.));
#753 = DEFINITIONAL_REPRESENTATION('',(#754),#758);
#754 = LINE('',#755,#756);
#755 = CARTESIAN_POINT('',(0.,0.));
#756 = VECTOR('',#757,1.);
#757 = DIRECTION('',(0.,1.));
#758 = ( GEOMETRIC_REPRESENTATION_CONTEXT(2) 
PARAMETRIC_REPRESENTATION_CONTEXT() REPRESENTATION_CONTEXT('2D SPACE',''
  ) );
#759 = ORIENTED_EDGE('',*,*,#760,.F.);
#760 = EDGE_CURVE('',#761,#733,#763,.T.);
#761 = VERTEX_POINT('',#762);
#762 = CARTESIAN_POINT('',(154.2,-58.2,30.5));
#763 = SURFACE_CURVE('',#764,(#768,#774),.PCURVE_S1.);
#764 = LINE('',#765,#766);
#765 = CARTESIAN_POINT('',(154.2,-59.8,30.5));
#766 = VECTOR('',#767,1.);
#767 = DIRECTION('',(0.,1.,0.));
#768 = PCURVE('',#315,#769);
#769 = DEFINITIONAL_REPRESENTATION('',(#770),#773);
#770 = B_SPLINE_CURVE_WITH_KNOTS('',1,(#771,#772),.UNSPECIFIED.,.F.,.F.,
  (2,2),(1.6,4.8),.PIECEWISE_BEZIER_KNOTS.);
#771 = CARTESIAN_POINT('',(155.2,3.2));
#772 = CARTESIAN_POINT('',(155.2,6.4));
#773 = ( GEOMETRIC_REPRESENTATION_CONTEXT(2) 
PARAMETRIC_REPRESENTATION_CONTEXT() REPRESENTATION_CONTEXT('2D SPACE',''
  ) );
#774 = PCURVE('',#775,#780);
#775 = PLANE('',#776);
#776 = AXIS2_PLACEMENT_3D('',#777,#778,#779);
#777 = CARTESIAN_POINT('',(154.2,-58.2,27.));
#778 = DIRECTION('',(1.,0.,0.));
#779 = DIRECTION('',(0.,0.,1.));
#780 = DEFINITIONAL_REPRESENTATION('',(#781),#784);
#781 = B_SPLINE_CURVE_WITH_KNOTS('',1,(#782,#783),.UNSPECIFIED.,.F.,.F.,
  (2,2),(1.6,4.8),.PIECEWISE_BEZIER_KNOTS.);
#782 = CARTESIAN_POINT('',(3.5,0.));
#783 = CARTESIAN_POINT('',(3.5,-3.2));
#784 = ( GEOMETRIC_REPRESENTATION_CONTEXT(2) 
PARAMETRIC_REPRESENTATION_CONTEXT() REPRESENTATION_CONTEXT('2D SPACE',''
  ) );
#785 = ORIENTED_EDGE('',*,*,#786,.T.);
#786 = EDGE_CURVE('',#761,#787,#789,.T.);
#787 = VERTEX_POINT('',#788);
#788 = CARTESIAN_POINT('',(141.8,-58.2,30.5));
#789 = SURFACE_CURVE('',#790,(#794,#800),.PCURVE_S1.);
#790 = LINE('',#791,#792);
#791 = CARTESIAN_POINT('',(70.4,-58.2,30.5));
#792 = VECTOR('',#793,1.);
#793 = DIRECTION('',(-1.,0.,0.));
#794 = PCURVE('',#315,#795);
#795 = DEFINITIONAL_REPRESENTATION('',(#796),#799);
#796 = B_SPLINE_CURVE_WITH_KNOTS('',1,(#797,#798),.UNSPECIFIED.,.F.,.F.,
  (2,2),(-83.8,-71.4),.PIECEWISE_BEZIER_KNOTS.);
#797 = CARTESIAN_POINT('',(155.2,3.2));
#798 = CARTESIAN_POINT('',(142.8,3.2));
#799 = ( GEOMETRIC_REPRESENTATION_CONTEXT(2) 
PARAMETRIC_REPRESENTATION_CONTEXT() REPRESENTATION_CONTEXT('2D SPACE',''
  ) );
#800 = PCURVE('',#801,#806);
#801 = PLANE('',#802);
#802 = AXIS2_PLACEMENT_3D('',#803,#804,#805);
#803 = CARTESIAN_POINT('',(141.8,-58.2,27.));
#804 = DIRECTION('',(0.,1.,0.));
#805 = DIRECTION('',(0.,0.,1.));
#806 = DEFINITIONAL_REPRESENTATION('',(#807),#810);
#807 = B_SPLINE_CURVE_WITH_KNOTS('',1,(#808,#809),.UNSPECIFIED.,.F.,.F.,
  (2,2),(-83.8,-71.4),.PIECEWISE_BEZIER_KNOTS.);
#808 = CARTESIAN_POINT('',(3.5,12.4));
#809 = CARTESIAN_POINT('',(3.5,0.));
#810 = ( GEOMETRIC_REPRESENTATION_CONTEXT(2) 
PARAMETRIC_REPRESENTATION_CONTEXT() REPRESENTATION_CONTEXT('2D SPACE',''
  ) );
#811 = ORIENTED_EDGE('',*,*,#812,.T.);
#812 = EDGE_CURVE('',#787,#475,#813,.T.);
#813 = SURFACE_CURVE('',#814,(#818,#824),.PCURVE_S1.);
#814 = LINE('',#815,#816);
#815 = CARTESIAN_POINT('',(141.8,-59.8,30.5));
#816 = VECTOR('',#817,1.);
#817 = DIRECTION('',(0.,1.,0.));
#818 = PCURVE('',#315,#819);
#819 = DEFINITIONAL_REPRESENTATION('',(#820),#823);
#820 = B_SPLINE_CURVE_WITH_KNOTS('',1,(#821,#822),.UNSPECIFIED.,.F.,.F.,
  (2,2),(1.6,4.8),.PIECEWISE_BEZIER_KNOTS.);
#821 = CARTESIAN_POINT('',(142.8,3.2));
#822 = CARTESIAN_POINT('',(142.8,6.4));
#823 = ( GEOMETRIC_REPRESENTATION_CONTEXT(2) 
PARAMETRIC_REPRESENTATION_CONTEXT() REPRESENTATION_CONTEXT('2D SPACE',''
  ) );
#824 = PCURVE('',#825,#830);
#825 = PLANE('',#826);
#826 = AXIS2_PLACEMENT_3D('',#827,#828,#829);
#827 = CARTESIAN_POINT('',(141.8,-58.2,27.));
#828 = DIRECTION('',(1.,0.,0.));
#829 = DIRECTION('',(0.,0.,1.));
#830 = DEFINITIONAL_REPRESENTATION('',(#831),#834);
#831 = B_SPLINE_CURVE_WITH_KNOTS('',1,(#832,#833),.UNSPECIFIED.,.F.,.F.,
  (2,2),(1.6,4.8),.PIECEWISE_BEZIER_KNOTS.);
#832 = CARTESIAN_POINT('',(3.5,0.));
#833 = CARTESIAN_POINT('',(3.5,-3.2));
#834 = ( GEOMETRIC_REPRESENTATION_CONTEXT(2) 
PARAMETRIC_REPRESENTATION_CONTEXT() REPRESENTATION_CONTEXT('2D SPACE',''
  ) );
#835 = ADVANCED_FACE('',(#836),#289,.F.);
#836 = FACE_BOUND('',#837,.F.);
#837 = EDGE_LOOP('',(#838,#839,#840,#861));
#838 = ORIENTED_EDGE('',*,*,#474,.F.);
#839 = ORIENTED_EDGE('',*,*,#274,.T.);
#840 = ORIENTED_EDGE('',*,*,#841,.F.);
#841 = EDGE_CURVE('',#842,#247,#844,.T.);
#842 = VERTEX_POINT('',#843);
#843 = CARTESIAN_POINT('',(141.8,-55.,32.));
#844 = SURFACE_CURVE('',#845,(#849,#855),.PCURVE_S1.);
#845 = LINE('',#846,#847);
#846 = CARTESIAN_POINT('',(-0.5,-55.,32.));
#847 = VECTOR('',#848,1.);
#848 = DIRECTION('',(-1.,0.,0.));
#849 = PCURVE('',#289,#850);
#850 = DEFINITIONAL_REPRESENTATION('',(#851),#854);
#851 = B_SPLINE_CURVE_WITH_KNOTS('',1,(#852,#853),.UNSPECIFIED.,.F.,.F.,
  (2,2),(-200.5,-0.5),.PIECEWISE_BEZIER_KNOTS.);
#852 = CARTESIAN_POINT('',(1.5,201.));
#853 = CARTESIAN_POINT('',(1.5,1.));
#854 = ( GEOMETRIC_REPRESENTATION_CONTEXT(2) 
PARAMETRIC_REPRESENTATION_CONTEXT() REPRESENTATION_CONTEXT('2D SPACE',''
  ) );
#855 = PCURVE('',#262,#856);
#856 = DEFINITIONAL_REPRESENTATION('',(#857),#860);
#857 = B_SPLINE_CURVE_WITH_KNOTS('',1,(#858,#859),.UNSPECIFIED.,.F.,.F.,
  (2,2),(-200.5,-0.5),.PIECEWISE_BEZIER_KNOTS.);
#858 = CARTESIAN_POINT('',(200.,20.));
#859 = CARTESIAN_POINT('',(0.,20.));
#860 = ( GEOMETRIC_REPRESENTATION_CONTEXT(2) 
PARAMETRIC_REPRESENTATION_CONTEXT() REPRESENTATION_CONTEXT('2D SPACE',''
  ) );
#861 = ORIENTED_EDGE('',*,*,#862,.T.);
#862 = EDGE_CURVE('',#842,#475,#863,.T.);
#863 = SURFACE_CURVE('',#864,(#868,#874),.PCURVE_S1.);
#864 = LINE('',#865,#866);
#865 = CARTESIAN_POINT('',(141.8,-55.,28.75));
#866 = VECTOR('',#867,1.);
#867 = DIRECTION('',(0.,0.,-1.));
#868 = PCURVE('',#289,#869);
#869 = DEFINITIONAL_REPRESENTATION('',(#870),#873);
#870 = B_SPLINE_CURVE_WITH_KNOTS('',1,(#871,#872),.UNSPECIFIED.,.F.,.F.,
  (2,2),(-3.25,-1.75),.PIECEWISE_BEZIER_KNOTS.);
#871 = CARTESIAN_POINT('',(1.5,142.8));
#872 = CARTESIAN_POINT('',(0.,142.8));
#873 = ( GEOMETRIC_REPRESENTATION_CONTEXT(2) 
PARAMETRIC_REPRESENTATION_CONTEXT() REPRESENTATION_CONTEXT('2D SPACE',''
  ) );
#874 = PCURVE('',#825,#875);
#875 = DEFINITIONAL_REPRESENTATION('',(#876),#879);
#876 = B_SPLINE_CURVE_WITH_KNOTS('',1,(#877,#878),.UNSPECIFIED.,.F.,.F.,
  (2,2),(-3.25,-1.75),.PIECEWISE_BEZIER_KNOTS.);
#877 = CARTESIAN_POINT('',(5.,-3.2));
#878 = CARTESIAN_POINT('',(3.5,-3.2));
#879 = ( GEOMETRIC_REPRESENTATION_CONTEXT(2) 
PARAMETRIC_REPRESENTATION_CONTEXT() REPRESENTATION_CONTEXT('2D SPACE',''
  ) );
#880 = ADVANCED_FACE('',(#881),#262,.T.);
#881 = FACE_BOUND('',#882,.T.);
#882 = EDGE_LOOP('',(#883,#884,#885,#906,#932,#953,#974,#995,#1021,#1042
    ,#1063,#1084,#1110,#1131,#1152,#1175,#1201,#1229,#1255,#1278,#1304,
    #1330,#1356,#1382,#1408,#1434,#1460,#1486,#1512,#1538,#1564,#1590));
#883 = ORIENTED_EDGE('',*,*,#246,.F.);
#884 = ORIENTED_EDGE('',*,*,#841,.F.);
#885 = ORIENTED_EDGE('',*,*,#886,.T.);
#886 = EDGE_CURVE('',#842,#887,#889,.T.);
#887 = VERTEX_POINT('',#888);
#888 = CARTESIAN_POINT('',(141.8,-53.8,32.));
#889 = SURFACE_CURVE('',#890,(#894,#900),.PCURVE_S1.);
#890 = LINE('',#891,#892);
#891 = CARTESIAN_POINT('',(141.8,-66.6,32.));
#892 = VECTOR('',#893,1.);
#893 = DIRECTION('',(0.,1.,0.));
#894 = PCURVE('',#262,#895);
#895 = DEFINITIONAL_REPRESENTATION('',(#896),#899);
#896 = B_SPLINE_CURVE_WITH_KNOTS('',1,(#897,#898),.UNSPECIFIED.,.F.,.F.,
  (2,2),(11.6,12.8),.PIECEWISE_BEZIER_KNOTS.);
#897 = CARTESIAN_POINT('',(141.8,20.));
#898 = CARTESIAN_POINT('',(141.8,21.2));
#899 = ( GEOMETRIC_REPRESENTATION_CONTEXT(2) 
PARAMETRIC_REPRESENTATION_CONTEXT() REPRESENTATION_CONTEXT('2D SPACE',''
  ) );
#900 = PCURVE('',#825,#901);
#901 = DEFINITIONAL_REPRESENTATION('',(#902),#905);
#902 = B_SPLINE_CURVE_WITH_KNOTS('',1,(#903,#904),.UNSPECIFIED.,.F.,.F.,
  (2,2),(11.6,12.8),.PIECEWISE_BEZIER_KNOTS.);
#903 = CARTESIAN_POINT('',(5.,-3.2));
#904 = CARTESIAN_POINT('',(5.,-4.4));
#905 = ( GEOMETRIC_REPRESENTATION_CONTEXT(2) 
PARAMETRIC_REPRESENTATION_CONTEXT() REPRESENTATION_CONTEXT('2D SPACE',''
  ) );
#906 = ORIENTED_EDGE('',*,*,#907,.F.);
#907 = EDGE_CURVE('',#908,#887,#910,.T.);
#908 = VERTEX_POINT('',#909);
#909 = CARTESIAN_POINT('',(154.2,-53.8,32.));
#910 = SURFACE_CURVE('',#911,(#915,#921),.PCURVE_S1.);
#911 = LINE('',#912,#913);
#912 = CARTESIAN_POINT('',(70.9,-53.8,32.));
#913 = VECTOR('',#914,1.);
#914 = DIRECTION('',(-1.,0.,0.));
#915 = PCURVE('',#262,#916);
#916 = DEFINITIONAL_REPRESENTATION('',(#917),#920);
#917 = B_SPLINE_CURVE_WITH_KNOTS('',1,(#918,#919),.UNSPECIFIED.,.F.,.F.,
  (2,2),(-83.3,-70.9),.PIECEWISE_BEZIER_KNOTS.);
#918 = CARTESIAN_POINT('',(154.2,21.2));
#919 = CARTESIAN_POINT('',(141.8,21.2));
#920 = ( GEOMETRIC_REPRESENTATION_CONTEXT(2) 
PARAMETRIC_REPRESENTATION_CONTEXT() REPRESENTATION_CONTEXT('2D SPACE',''
  ) );
#921 = PCURVE('',#922,#927);
#922 = PLANE('',#923);
#923 = AXIS2_PLACEMENT_3D('',#924,#925,#926);
#924 = CARTESIAN_POINT('',(141.8,-53.8,27.));
#925 = DIRECTION('',(0.,1.,0.));
#926 = DIRECTION('',(0.,0.,1.));
#927 = DEFINITIONAL_REPRESENTATION('',(#928),#931);
#928 = B_SPLINE_CURVE_WITH_KNOTS('',1,(#929,#930),.UNSPECIFIED.,.F.,.F.,
  (2,2),(-83.3,-70.9),.PIECEWISE_BEZIER_KNOTS.);
#929 = CARTESIAN_POINT('',(5.,12.4));
#930 = CARTESIAN_POINT('',(5.,0.));
#931 = ( GEOMETRIC_REPRESENTATION_CONTEXT(2) 
PARAMETRIC_REPRESENTATION_CONTEXT() REPRESENTATION_CONTEXT('2D SPACE',''
  ) );
#932 = ORIENTED_EDGE('',*,*,#933,.F.);
#933 = EDGE_CURVE('',#934,#908,#936,.T.);
#934 = VERTEX_POINT('',#935);
#935 = CARTESIAN_POINT('',(154.2,-55.,32.));
#936 = SURFACE_CURVE('',#937,(#941,#947),.PCURVE_S1.);
#937 = LINE('',#938,#939);
#938 = CARTESIAN_POINT('',(154.2,-66.6,32.));
#939 = VECTOR('',#940,1.);
#940 = DIRECTION('',(0.,1.,0.));
#941 = PCURVE('',#262,#942);
#942 = DEFINITIONAL_REPRESENTATION('',(#943),#946);
#943 = B_SPLINE_CURVE_WITH_KNOTS('',1,(#944,#945),.UNSPECIFIED.,.F.,.F.,
  (2,2),(11.6,12.8),.PIECEWISE_BEZIER_KNOTS.);
#944 = CARTESIAN_POINT('',(154.2,20.));
#945 = CARTESIAN_POINT('',(154.2,21.2));
#946 = ( GEOMETRIC_REPRESENTATION_CONTEXT(2) 
PARAMETRIC_REPRESENTATION_CONTEXT() REPRESENTATION_CONTEXT('2D SPACE',''
  ) );
#947 = PCURVE('',#775,#948);
#948 = DEFINITIONAL_REPRESENTATION('',(#949),#952);
#949 = B_SPLINE_CURVE_WITH_KNOTS('',1,(#950,#951),.UNSPECIFIED.,.F.,.F.,
  (2,2),(11.6,12.8),.PIECEWISE_BEZIER_KNOTS.);
#950 = CARTESIAN_POINT('',(5.,-3.2));
#951 = CARTESIAN_POINT('',(5.,-4.4));
#952 = ( GEOMETRIC_REPRESENTATION_CONTEXT(2) 
PARAMETRIC_REPRESENTATION_CONTEXT() REPRESENTATION_CONTEXT('2D SPACE',''
  ) );
#953 = ORIENTED_EDGE('',*,*,#954,.F.);
#954 = EDGE_CURVE('',#955,#934,#957,.T.);
#955 = VERTEX_POINT('',#956);
#956 = CARTESIAN_POINT('',(161.8,-55.,32.));
#957 = SURFACE_CURVE('',#958,(#962,#968),.PCURVE_S1.);
#958 = LINE('',#959,#960);
#959 = CARTESIAN_POINT('',(-0.5,-55.,32.));
#960 = VECTOR('',#961,1.);
#961 = DIRECTION('',(-1.,0.,0.));
#962 = PCURVE('',#262,#963);
#963 = DEFINITIONAL_REPRESENTATION('',(#964),#967);
#964 = B_SPLINE_CURVE_WITH_KNOTS('',1,(#965,#966),.UNSPECIFIED.,.F.,.F.,
  (2,2),(-200.5,-0.5),.PIECEWISE_BEZIER_KNOTS.);
#965 = CARTESIAN_POINT('',(200.,20.));
#966 = CARTESIAN_POINT('',(0.,20.));
#967 = ( GEOMETRIC_REPRESENTATION_CONTEXT(2) 
PARAMETRIC_REPRESENTATION_CONTEXT() REPRESENTATION_CONTEXT('2D SPACE',''
  ) );
#968 = PCURVE('',#748,#969);
#969 = DEFINITIONAL_REPRESENTATION('',(#970),#973);
#970 = B_SPLINE_CURVE_WITH_KNOTS('',1,(#971,#972),.UNSPECIFIED.,.F.,.F.,
  (2,2),(-200.5,-0.5),.PIECEWISE_BEZIER_KNOTS.);
#971 = CARTESIAN_POINT('',(1.5,201.));
#972 = CARTESIAN_POINT('',(1.5,1.));
#973 = ( GEOMETRIC_REPRESENTATION_CONTEXT(2) 
PARAMETRIC_REPRESENTATION_CONTEXT() REPRESENTATION_CONTEXT('2D SPACE',''
  ) );
#974 = ORIENTED_EDGE('',*,*,#975,.T.);
#975 = EDGE_CURVE('',#955,#976,#978,.T.);
#976 = VERTEX_POINT('',#977);
#977 = CARTESIAN_POINT('',(161.8,-53.8,32.));
#978 = SURFACE_CURVE('',#979,(#983,#989),.PCURVE_S1.);
#979 = LINE('',#980,#981);
#980 = CARTESIAN_POINT('',(161.8,-66.6,32.));
#981 = VECTOR('',#982,1.);
#982 = DIRECTION('',(0.,1.,0.));
#983 = PCURVE('',#262,#984);
#984 = DEFINITIONAL_REPRESENTATION('',(#985),#988);
#985 = B_SPLINE_CURVE_WITH_KNOTS('',1,(#986,#987),.UNSPECIFIED.,.F.,.F.,
  (2,2),(11.6,12.8),.PIECEWISE_BEZIER_KNOTS.);
#986 = CARTESIAN_POINT('',(161.8,20.));
#987 = CARTESIAN_POINT('',(161.8,21.2));
#988 = ( GEOMETRIC_REPRESENTATION_CONTEXT(2) 
PARAMETRIC_REPRESENTATION_CONTEXT() REPRESENTATION_CONTEXT('2D SPACE',''
  ) );
#989 = PCURVE('',#721,#990);
#990 = DEFINITIONAL_REPRESENTATION('',(#991),#994);
#991 = B_SPLINE_CURVE_WITH_KNOTS('',1,(#992,#993),.UNSPECIFIED.,.F.,.F.,
  (2,2),(11.6,12.8),.PIECEWISE_BEZIER_KNOTS.);
#992 = CARTESIAN_POINT('',(5.,-3.2));
#993 = CARTESIAN_POINT('',(5.,-4.4));
#994 = ( GEOMETRIC_REPRESENTATION_CONTEXT(2) 
PARAMETRIC_REPRESENTATION_CONTEXT() REPRESENTATION_CONTEXT('2D SPACE',''
  ) );
#995 = ORIENTED_EDGE('',*,*,#996,.F.);
#996 = EDGE_CURVE('',#997,#976,#999,.T.);
#997 = VERTEX_POINT('',#998);
#998 = CARTESIAN_POINT('',(174.2,-53.8,32.));
#999 = SURFACE_CURVE('',#1000,(#1004,#1010),.PCURVE_S1.);
#1000 = LINE('',#1001,#1002);
#1001 = CARTESIAN_POINT('',(80.9,-53.8,32.));
#1002 = VECTOR('',#1003,1.);
#1003 = DIRECTION('',(-1.,0.,0.));
#1004 = PCURVE('',#262,#1005);
#1005 = DEFINITIONAL_REPRESENTATION('',(#1006),#1009);
#1006 = B_SPLINE_CURVE_WITH_KNOTS('',1,(#1007,#1008),.UNSPECIFIED.,.F.,
  .F.,(2,2),(-93.3,-80.9),.PIECEWISE_BEZIER_KNOTS.);
#1007 = CARTESIAN_POINT('',(174.2,21.2));
#1008 = CARTESIAN_POINT('',(161.8,21.2));
#1009 = ( GEOMETRIC_REPRESENTATION_CONTEXT(2) 
PARAMETRIC_REPRESENTATION_CONTEXT() REPRESENTATION_CONTEXT('2D SPACE',''
  ) );
#1010 = PCURVE('',#1011,#1016);
#1011 = PLANE('',#1012);
#1012 = AXIS2_PLACEMENT_3D('',#1013,#1014,#1015);
#1013 = CARTESIAN_POINT('',(161.8,-53.8,27.));
#1014 = DIRECTION('',(0.,1.,0.));
#1015 = DIRECTION('',(0.,0.,1.));
#1016 = DEFINITIONAL_REPRESENTATION('',(#1017),#1020);
#1017 = B_SPLINE_CURVE_WITH_KNOTS('',1,(#1018,#1019),.UNSPECIFIED.,.F.,
  .F.,(2,2),(-93.3,-80.9),.PIECEWISE_BEZIER_KNOTS.);
#1018 = CARTESIAN_POINT('',(5.,12.4));
#1019 = CARTESIAN_POINT('',(5.,0.));
#1020 = ( GEOMETRIC_REPRESENTATION_CONTEXT(2) 
PARAMETRIC_REPRESENTATION_CONTEXT() REPRESENTATION_CONTEXT('2D SPACE',''
  ) );
#1021 = ORIENTED_EDGE('',*,*,#1022,.F.);
#1022 = EDGE_CURVE('',#1023,#997,#1025,.T.);
#1023 = VERTEX_POINT('',#1024);
#1024 = CARTESIAN_POINT('',(174.2,-55.,32.));
#1025 = SURFACE_CURVE('',#1026,(#1030,#1036),.PCURVE_S1.);
#1026 = LINE('',#1027,#1028);
#1027 = CARTESIAN_POINT('',(174.2,-66.6,32.));
#1028 = VECTOR('',#1029,1.);
#1029 = DIRECTION('',(0.,1.,0.));
#1030 = PCURVE('',#262,#1031);
#1031 = DEFINITIONAL_REPRESENTATION('',(#1032),#1035);
#1032 = B_SPLINE_CURVE_WITH_KNOTS('',1,(#1033,#1034),.UNSPECIFIED.,.F.,
  .F.,(2,2),(11.6,12.8),.PIECEWISE_BEZIER_KNOTS.);
#1033 = CARTESIAN_POINT('',(174.2,20.));
#1034 = CARTESIAN_POINT('',(174.2,21.2));
#1035 = ( GEOMETRIC_REPRESENTATION_CONTEXT(2) 
PARAMETRIC_REPRESENTATION_CONTEXT() REPRESENTATION_CONTEXT('2D SPACE',''
  ) );
#1036 = PCURVE('',#669,#1037);
#1037 = DEFINITIONAL_REPRESENTATION('',(#1038),#1041);
#1038 = B_SPLINE_CURVE_WITH_KNOTS('',1,(#1039,#1040),.UNSPECIFIED.,.F.,
  .F.,(2,2),(11.6,12.8),.PIECEWISE_BEZIER_KNOTS.);
#1039 = CARTESIAN_POINT('',(5.,-3.2));
#1040 = CARTESIAN_POINT('',(5.,-4.4));
#1041 = ( GEOMETRIC_REPRESENTATION_CONTEXT(2) 
PARAMETRIC_REPRESENTATION_CONTEXT() REPRESENTATION_CONTEXT('2D SPACE',''
  ) );
#1042 = ORIENTED_EDGE('',*,*,#1043,.F.);
#1043 = EDGE_CURVE('',#1044,#1023,#1046,.T.);
#1044 = VERTEX_POINT('',#1045);
#1045 = CARTESIAN_POINT('',(181.8,-55.,32.));
#1046 = SURFACE_CURVE('',#1047,(#1051,#1057),.PCURVE_S1.);
#1047 = LINE('',#1048,#1049);
#1048 = CARTESIAN_POINT('',(-0.5,-55.,32.));
#1049 = VECTOR('',#1050,1.);
#1050 = DIRECTION('',(-1.,0.,0.));
#1051 = PCURVE('',#262,#1052);
#1052 = DEFINITIONAL_REPRESENTATION('',(#1053),#1056);
#1053 = B_SPLINE_CURVE_WITH_KNOTS('',1,(#1054,#1055),.UNSPECIFIED.,.F.,
  .F.,(2,2),(-200.5,-0.5),.PIECEWISE_BEZIER_KNOTS.);
#1054 = CARTESIAN_POINT('',(200.,20.));
#1055 = CARTESIAN_POINT('',(0.,20.));
#1056 = ( GEOMETRIC_REPRESENTATION_CONTEXT(2) 
PARAMETRIC_REPRESENTATION_CONTEXT() REPRESENTATION_CONTEXT('2D SPACE',''
  ) );
#1057 = PCURVE('',#642,#1058);
#1058 = DEFINITIONAL_REPRESENTATION('',(#1059),#1062);
#1059 = B_SPLINE_CURVE_WITH_KNOTS('',1,(#1060,#1061),.UNSPECIFIED.,.F.,
  .F.,(2,2),(-200.5,-0.5),.PIECEWISE_BEZIER_KNOTS.);
#1060 = CARTESIAN_POINT('',(1.5,201.));
#1061 = CARTESIAN_POINT('',(1.5,1.));
#1062 = ( GEOMETRIC_REPRESENTATION_CONTEXT(2) 
PARAMETRIC_REPRESENTATION_CONTEXT() REPRESENTATION_CONTEXT('2D SPACE',''
  ) );
#1063 = ORIENTED_EDGE('',*,*,#1064,.T.);
#1064 = EDGE_CURVE('',#1044,#1065,#1067,.T.);
#1065 = VERTEX_POINT('',#1066);
#1066 = CARTESIAN_POINT('',(181.8,-53.8,32.));
#1067 = SURFACE_CURVE('',#1068,(#1072,#1078),.PCURVE_S1.);
#1068 = LINE('',#1069,#1070);
#1069 = CARTESIAN_POINT('',(181.8,-66.6,32.));
#1070 = VECTOR('',#1071,1.);
#1071 = DIRECTION('',(0.,1.,0.));
#1072 = PCURVE('',#262,#1073);
#1073 = DEFINITIONAL_REPRESENTATION('',(#1074),#1077);
#1074 = B_SPLINE_CURVE_WITH_KNOTS('',1,(#1075,#1076),.UNSPECIFIED.,.F.,
  .F.,(2,2),(11.6,12.8),.PIECEWISE_BEZIER_KNOTS.);
#1075 = CARTESIAN_POINT('',(181.8,20.));
#1076 = CARTESIAN_POINT('',(181.8,21.2));
#1077 = ( GEOMETRIC_REPRESENTATION_CONTEXT(2) 
PARAMETRIC_REPRESENTATION_CONTEXT() REPRESENTATION_CONTEXT('2D SPACE',''
  ) );
#1078 = PCURVE('',#615,#1079);
#1079 = DEFINITIONAL_REPRESENTATION('',(#1080),#1083);
#1080 = B_SPLINE_CURVE_WITH_KNOTS('',1,(#1081,#1082),.UNSPECIFIED.,.F.,
  .F.,(2,2),(11.6,12.8),.PIECEWISE_BEZIER_KNOTS.);
#1081 = CARTESIAN_POINT('',(5.,-3.2));
#1082 = CARTESIAN_POINT('',(5.,-4.4));
#1083 = ( GEOMETRIC_REPRESENTATION_CONTEXT(2) 
PARAMETRIC_REPRESENTATION_CONTEXT() REPRESENTATION_CONTEXT('2D SPACE',''
  ) );
#1084 = ORIENTED_EDGE('',*,*,#1085,.F.);
#1085 = EDGE_CURVE('',#1086,#1065,#1088,.T.);
#1086 = VERTEX_POINT('',#1087);
#1087 = CARTESIAN_POINT('',(194.2,-53.8,32.));
#1088 = SURFACE_CURVE('',#1089,(#1093,#1099),.PCURVE_S1.);
#1089 = LINE('',#1090,#1091);
#1090 = CARTESIAN_POINT('',(90.9,-53.8,32.));
#1091 = VECTOR('',#1092,1.);
#1092 = DIRECTION('',(-1.,0.,0.));
#1093 = PCURVE('',#262,#1094);
#1094 = DEFINITIONAL_REPRESENTATION('',(#1095),#1098);
#1095 = B_SPLINE_CURVE_WITH_KNOTS('',1,(#1096,#1097),.UNSPECIFIED.,.F.,
  .F.,(2,2),(-103.3,-90.9),.PIECEWISE_BEZIER_KNOTS.);
#1096 = CARTESIAN_POINT('',(194.2,21.2));
#1097 = CARTESIAN_POINT('',(181.8,21.2));
#1098 = ( GEOMETRIC_REPRESENTATION_CONTEXT(2) 
PARAMETRIC_REPRESENTATION_CONTEXT() REPRESENTATION_CONTEXT('2D SPACE',''
  ) );
#1099 = PCURVE('',#1100,#1105);
#1100 = PLANE('',#1101);
#1101 = AXIS2_PLACEMENT_3D('',#1102,#1103,#1104);
#1102 = CARTESIAN_POINT('',(181.8,-53.8,27.));
#1103 = DIRECTION('',(0.,1.,0.));
#1104 = DIRECTION('',(0.,0.,1.));
#1105 = DEFINITIONAL_REPRESENTATION('',(#1106),#1109);
#1106 = B_SPLINE_CURVE_WITH_KNOTS('',1,(#1107,#1108),.UNSPECIFIED.,.F.,
  .F.,(2,2),(-103.3,-90.9),.PIECEWISE_BEZIER_KNOTS.);
#1107 = CARTESIAN_POINT('',(5.,12.4));
#1108 = CARTESIAN_POINT('',(5.,0.));
#1109 = ( GEOMETRIC_REPRESENTATION_CONTEXT(2) 
PARAMETRIC_REPRESENTATION_CONTEXT() REPRESENTATION_CONTEXT('2D SPACE',''
  ) );
#1110 = ORIENTED_EDGE('',*,*,#1111,.F.);
#1111 = EDGE_CURVE('',#1112,#1086,#1114,.T.);
#1112 = VERTEX_POINT('',#1113);
#1113 = CARTESIAN_POINT('',(194.2,-55.,32.));
#1114 = SURFACE_CURVE('',#1115,(#1119,#1125),.PCURVE_S1.);
#1115 = LINE('',#1116,#1117);
#1116 = CARTESIAN_POINT('',(194.2,-66.6,32.));
#1117 = VECTOR('',#1118,1.);
#1118 = DIRECTION('',(0.,1.,0.));
#1119 = PCURVE('',#262,#1120);
#1120 = DEFINITIONAL_REPRESENTATION('',(#1121),#1124);
#1121 = B_SPLINE_CURVE_WITH_KNOTS('',1,(#1122,#1123),.UNSPECIFIED.,.F.,
  .F.,(2,2),(11.6,12.8),.PIECEWISE_BEZIER_KNOTS.);
#1122 = CARTESIAN_POINT('',(194.2,20.));
#1123 = CARTESIAN_POINT('',(194.2,21.2));
#1124 = ( GEOMETRIC_REPRESENTATION_CONTEXT(2) 
PARAMETRIC_REPRESENTATION_CONTEXT() REPRESENTATION_CONTEXT('2D SPACE',''
  ) );
#1125 = PCURVE('',#563,#1126);
#1126 = DEFINITIONAL_REPRESENTATION('',(#1127),#1130);
#1127 = B_SPLINE_CURVE_WITH_KNOTS('',1,(#1128,#1129),.UNSPECIFIED.,.F.,
  .F.,(2,2),(11.6,12.8),.PIECEWISE_BEZIER_KNOTS.);
#1128 = CARTESIAN_POINT('',(5.,-3.2));
#1129 = CARTESIAN_POINT('',(5.,-4.4));
#1130 = ( GEOMETRIC_REPRESENTATION_CONTEXT(2) 
PARAMETRIC_REPRESENTATION_CONTEXT() REPRESENTATION_CONTEXT('2D SPACE',''
  ) );
#1131 = ORIENTED_EDGE('',*,*,#1132,.F.);
#1132 = EDGE_CURVE('',#1133,#1112,#1135,.T.);
#1133 = VERTEX_POINT('',#1134);
#1134 = CARTESIAN_POINT('',(200.,-55.,32.));
#1135 = SURFACE_CURVE('',#1136,(#1140,#1146),.PCURVE_S1.);
#1136 = LINE('',#1137,#1138);
#1137 = CARTESIAN_POINT('',(-0.5,-55.,32.));
#1138 = VECTOR('',#1139,1.);
#1139 = DIRECTION('',(-1.,0.,0.));
#1140 = PCURVE('',#262,#1141);
#1141 = DEFINITIONAL_REPRESENTATION('',(#1142),#1145);
#1142 = B_SPLINE_CURVE_WITH_KNOTS('',1,(#1143,#1144),.UNSPECIFIED.,.F.,
  .F.,(2,2),(-200.5,-0.5),.PIECEWISE_BEZIER_KNOTS.);
#1143 = CARTESIAN_POINT('',(200.,20.));
#1144 = CARTESIAN_POINT('',(0.,20.));
#1145 = ( GEOMETRIC_REPRESENTATION_CONTEXT(2) 
PARAMETRIC_REPRESENTATION_CONTEXT() REPRESENTATION_CONTEXT('2D SPACE',''
  ) );
#1146 = PCURVE('',#536,#1147);
#1147 = DEFINITIONAL_REPRESENTATION('',(#1148),#1151);
#1148 = B_SPLINE_CURVE_WITH_KNOTS('',1,(#1149,#1150),.UNSPECIFIED.,.F.,
  .F.,(2,2),(-200.5,-0.5),.PIECEWISE_BEZIER_KNOTS.);
#1149 = CARTESIAN_POINT('',(1.5,201.));
#1150 = CARTESIAN_POINT('',(1.5,1.));
#1151 = ( GEOMETRIC_REPRESENTATION_CONTEXT(2) 
PARAMETRIC_REPRESENTATION_CONTEXT() REPRESENTATION_CONTEXT('2D SPACE',''
  ) );
#1152 = ORIENTED_EDGE('',*,*,#1153,.T.);
#1153 = EDGE_CURVE('',#1133,#1154,#1156,.T.);
#1154 = VERTEX_POINT('',#1155);
#1155 = CARTESIAN_POINT('',(200.,-54.,32.));
#1156 = SURFACE_CURVE('',#1157,(#1161,#1168),.PCURVE_S1.);
#1157 = LINE('',#1158,#1159);
#1158 = CARTESIAN_POINT('',(200.,-75.,32.));
#1159 = VECTOR('',#1160,1.);
#1160 = DIRECTION('',(0.,1.,0.));
#1161 = PCURVE('',#262,#1162);
#1162 = DEFINITIONAL_REPRESENTATION('',(#1163),#1167);
#1163 = LINE('',#1164,#1165);
#1164 = CARTESIAN_POINT('',(200.,0.));
#1165 = VECTOR('',#1166,1.);
#1166 = DIRECTION('',(0.,1.));
#1167 = ( GEOMETRIC_REPRESENTATION_CONTEXT(2) 
PARAMETRIC_REPRESENTATION_CONTEXT() REPRESENTATION_CONTEXT('2D SPACE',''
  ) );
#1168 = PCURVE('',#393,#1169);
#1169 = DEFINITIONAL_REPRESENTATION('',(#1170),#1174);
#1170 = LINE('',#1171,#1172);
#1171 = CARTESIAN_POINT('',(32.,0.));
#1172 = VECTOR('',#1173,1.);
#1173 = DIRECTION('',(0.,-1.));
#1174 = ( GEOMETRIC_REPRESENTATION_CONTEXT(2) 
PARAMETRIC_REPRESENTATION_CONTEXT() REPRESENTATION_CONTEXT('2D SPACE',''
  ) );
#1175 = ORIENTED_EDGE('',*,*,#1176,.T.);
#1176 = EDGE_CURVE('',#1154,#1177,#1179,.T.);
#1177 = VERTEX_POINT('',#1178);
#1178 = CARTESIAN_POINT('',(198.79180387387,-54.,32.));
#1179 = SURFACE_CURVE('',#1180,(#1184,#1190),.PCURVE_S1.);
#1180 = LINE('',#1181,#1182);
#1181 = CARTESIAN_POINT('',(100.07865661186,-54.,32.));
#1182 = VECTOR('',#1183,1.);
#1183 = DIRECTION('',(-1.,0.,0.));
#1184 = PCURVE('',#262,#1185);
#1185 = DEFINITIONAL_REPRESENTATION('',(#1186),#1189);
#1186 = B_SPLINE_CURVE_WITH_KNOTS('',1,(#1187,#1188),.UNSPECIFIED.,.F.,
  .F.,(2,2),(-99.92134338813,-98.713147262),.PIECEWISE_BEZIER_KNOTS.);
#1187 = CARTESIAN_POINT('',(200.,21.));
#1188 = CARTESIAN_POINT('',(198.79180387387,21.));
#1189 = ( GEOMETRIC_REPRESENTATION_CONTEXT(2) 
PARAMETRIC_REPRESENTATION_CONTEXT() REPRESENTATION_CONTEXT('2D SPACE',''
  ) );
#1190 = PCURVE('',#1191,#1196);
#1191 = PLANE('',#1192);
#1192 = AXIS2_PLACEMENT_3D('',#1193,#1194,#1195);
#1193 = CARTESIAN_POINT('',(200.15731322373,-54.,27.761411286798));
#1194 = DIRECTION('',(0.,1.,0.));
#1195 = DIRECTION('',(0.,-0.,1.));
#1196 = DEFINITIONAL_REPRESENTATION('',(#1197),#1200);
#1197 = B_SPLINE_CURVE_WITH_KNOTS('',1,(#1198,#1199),.UNSPECIFIED.,.F.,
  .F.,(2,2),(-99.92134338813,-98.713147262),.PIECEWISE_BEZIER_KNOTS.);
#1198 = CARTESIAN_POINT('',(4.238588713202,-0.157313223736));
#1199 = CARTESIAN_POINT('',(4.238588713202,-1.36550934986));
#1200 = ( GEOMETRIC_REPRESENTATION_CONTEXT(2) 
PARAMETRIC_REPRESENTATION_CONTEXT() REPRESENTATION_CONTEXT('2D SPACE',''
  ) );
#1201 = ORIENTED_EDGE('',*,*,#1202,.T.);
#1202 = EDGE_CURVE('',#1177,#1203,#1205,.T.);
#1203 = VERTEX_POINT('',#1204);
#1204 = CARTESIAN_POINT('',(198.79180387387,54.,32.));
#1205 = SURFACE_CURVE('',#1206,(#1210,#1217),.PCURVE_S1.);
#1206 = LINE('',#1207,#1208);
#1207 = CARTESIAN_POINT('',(198.79180387387,-54.,32.));
#1208 = VECTOR('',#1209,1.);
#1209 = DIRECTION('',(-0.,1.,-0.));
#1210 = PCURVE('',#262,#1211);
#1211 = DEFINITIONAL_REPRESENTATION('',(#1212),#1216);
#1212 = LINE('',#1213,#1214);
#1213 = CARTESIAN_POINT('',(198.79180387387,21.));
#1214 = VECTOR('',#1215,1.);
#1215 = DIRECTION('',(0.,1.));
#1216 = ( GEOMETRIC_REPRESENTATION_CONTEXT(2) 
PARAMETRIC_REPRESENTATION_CONTEXT() REPRESENTATION_CONTEXT('2D SPACE',''
  ) );
#1217 = PCURVE('',#1218,#1223);
#1218 = PLANE('',#1219);
#1219 = AXIS2_PLACEMENT_3D('',#1220,#1221,#1222);
#1220 = CARTESIAN_POINT('',(200.,-54.,22.));
#1221 = DIRECTION('',(0.99278025714,0.,0.119947326077));
#1222 = DIRECTION('',(-0.119947326077,0.,0.99278025714));
#1223 = DEFINITIONAL_REPRESENTATION('',(#1224),#1228);
#1224 = LINE('',#1225,#1226);
#1225 = CARTESIAN_POINT('',(10.072722466105,0.));
#1226 = VECTOR('',#1227,1.);
#1227 = DIRECTION('',(0.,-1.));
#1228 = ( GEOMETRIC_REPRESENTATION_CONTEXT(2) 
PARAMETRIC_REPRESENTATION_CONTEXT() REPRESENTATION_CONTEXT('2D SPACE',''
  ) );
#1229 = ORIENTED_EDGE('',*,*,#1230,.F.);
#1230 = EDGE_CURVE('',#1231,#1203,#1233,.T.);
#1231 = VERTEX_POINT('',#1232);
#1232 = CARTESIAN_POINT('',(200.,54.,32.));
#1233 = SURFACE_CURVE('',#1234,(#1238,#1244),.PCURVE_S1.);
#1234 = LINE('',#1235,#1236);
#1235 = CARTESIAN_POINT('',(100.07865661186,54.,32.));
#1236 = VECTOR('',#1237,1.);
#1237 = DIRECTION('',(-1.,0.,0.));
#1238 = PCURVE('',#262,#1239);
#1239 = DEFINITIONAL_REPRESENTATION('',(#1240),#1243);
#1240 = B_SPLINE_CURVE_WITH_KNOTS('',1,(#1241,#1242),.UNSPECIFIED.,.F.,
  .F.,(2,2),(-99.92134338813,-98.713147262),.PIECEWISE_BEZIER_KNOTS.);
#1241 = CARTESIAN_POINT('',(200.,129.));
#1242 = CARTESIAN_POINT('',(198.79180387387,129.));
#1243 = ( GEOMETRIC_REPRESENTATION_CONTEXT(2) 
PARAMETRIC_REPRESENTATION_CONTEXT() REPRESENTATION_CONTEXT('2D SPACE',''
  ) );
#1244 = PCURVE('',#1245,#1250);
#1245 = PLANE('',#1246);
#1246 = AXIS2_PLACEMENT_3D('',#1247,#1248,#1249);
#1247 = CARTESIAN_POINT('',(200.15731322373,54.,27.761411286798));
#1248 = DIRECTION('',(0.,1.,0.));
#1249 = DIRECTION('',(0.,-0.,1.));
#1250 = DEFINITIONAL_REPRESENTATION('',(#1251),#1254);
#1251 = B_SPLINE_CURVE_WITH_KNOTS('',1,(#1252,#1253),.UNSPECIFIED.,.F.,
  .F.,(2,2),(-99.92134338813,-98.713147262),.PIECEWISE_BEZIER_KNOTS.);
#1252 = CARTESIAN_POINT('',(4.238588713202,-0.157313223736));
#1253 = CARTESIAN_POINT('',(4.238588713202,-1.36550934986));
#1254 = ( GEOMETRIC_REPRESENTATION_CONTEXT(2) 
PARAMETRIC_REPRESENTATION_CONTEXT() REPRESENTATION_CONTEXT('2D SPACE',''
  ) );
#1255 = ORIENTED_EDGE('',*,*,#1256,.T.);
#1256 = EDGE_CURVE('',#1231,#1257,#1259,.T.);
#1257 = VERTEX_POINT('',#1258);
#1258 = CARTESIAN_POINT('',(200.,55.,32.));
#1259 = SURFACE_CURVE('',#1260,(#1264,#1271),.PCURVE_S1.);
#1260 = LINE('',#1261,#1262);
#1261 = CARTESIAN_POINT('',(200.,-75.,32.));
#1262 = VECTOR('',#1263,1.);
#1263 = DIRECTION('',(0.,1.,0.));
#1264 = PCURVE('',#262,#1265);
#1265 = DEFINITIONAL_REPRESENTATION('',(#1266),#1270);
#1266 = LINE('',#1267,#1268);
#1267 = CARTESIAN_POINT('',(200.,0.));
#1268 = VECTOR('',#1269,1.);
#1269 = DIRECTION('',(0.,1.));
#1270 = ( GEOMETRIC_REPRESENTATION_CONTEXT(2) 
PARAMETRIC_REPRESENTATION_CONTEXT() REPRESENTATION_CONTEXT('2D SPACE',''
  ) );
#1271 = PCURVE('',#393,#1272);
#1272 = DEFINITIONAL_REPRESENTATION('',(#1273),#1277);
#1273 = LINE('',#1274,#1275);
#1274 = CARTESIAN_POINT('',(32.,0.));
#1275 = VECTOR('',#1276,1.);
#1276 = DIRECTION('',(0.,-1.));
#1277 = ( GEOMETRIC_REPRESENTATION_CONTEXT(2) 
PARAMETRIC_REPRESENTATION_CONTEXT() REPRESENTATION_CONTEXT('2D SPACE',''
  ) );
#1278 = ORIENTED_EDGE('',*,*,#1279,.T.);
#1279 = EDGE_CURVE('',#1257,#1280,#1282,.T.);
#1280 = VERTEX_POINT('',#1281);
#1281 = CARTESIAN_POINT('',(194.2,55.,32.));
#1282 = SURFACE_CURVE('',#1283,(#1287,#1293),.PCURVE_S1.);
#1283 = LINE('',#1284,#1285);
#1284 = CARTESIAN_POINT('',(-0.5,55.,32.));
#1285 = VECTOR('',#1286,1.);
#1286 = DIRECTION('',(-1.,0.,0.));
#1287 = PCURVE('',#262,#1288);
#1288 = DEFINITIONAL_REPRESENTATION('',(#1289),#1292);
#1289 = B_SPLINE_CURVE_WITH_KNOTS('',1,(#1290,#1291),.UNSPECIFIED.,.F.,
  .F.,(2,2),(-200.5,-0.5),.PIECEWISE_BEZIER_KNOTS.);
#1290 = CARTESIAN_POINT('',(200.,130.));
#1291 = CARTESIAN_POINT('',(0.,130.));
#1292 = ( GEOMETRIC_REPRESENTATION_CONTEXT(2) 
PARAMETRIC_REPRESENTATION_CONTEXT() REPRESENTATION_CONTEXT('2D SPACE',''
  ) );
#1293 = PCURVE('',#1294,#1299);
#1294 = PLANE('',#1295);
#1295 = AXIS2_PLACEMENT_3D('',#1296,#1297,#1298);
#1296 = CARTESIAN_POINT('',(-1.,55.,30.5));
#1297 = DIRECTION('',(0.,1.,0.));
#1298 = DIRECTION('',(0.,0.,1.));
#1299 = DEFINITIONAL_REPRESENTATION('',(#1300),#1303);
#1300 = B_SPLINE_CURVE_WITH_KNOTS('',1,(#1301,#1302),.UNSPECIFIED.,.F.,
  .F.,(2,2),(-200.5,-0.5),.PIECEWISE_BEZIER_KNOTS.);
#1301 = CARTESIAN_POINT('',(1.5,201.));
#1302 = CARTESIAN_POINT('',(1.5,1.));
#1303 = ( GEOMETRIC_REPRESENTATION_CONTEXT(2) 
PARAMETRIC_REPRESENTATION_CONTEXT() REPRESENTATION_CONTEXT('2D SPACE',''
  ) );
#1304 = ORIENTED_EDGE('',*,*,#1305,.F.);
#1305 = EDGE_CURVE('',#1306,#1280,#1308,.T.);
#1306 = VERTEX_POINT('',#1307);
#1307 = CARTESIAN_POINT('',(194.2,53.8,32.));
#1308 = SURFACE_CURVE('',#1309,(#1313,#1319),.PCURVE_S1.);
#1309 = LINE('',#1310,#1311);
#1310 = CARTESIAN_POINT('',(194.2,-10.6,32.));
#1311 = VECTOR('',#1312,1.);
#1312 = DIRECTION('',(0.,1.,0.));
#1313 = PCURVE('',#262,#1314);
#1314 = DEFINITIONAL_REPRESENTATION('',(#1315),#1318);
#1315 = B_SPLINE_CURVE_WITH_KNOTS('',1,(#1316,#1317),.UNSPECIFIED.,.F.,
  .F.,(2,2),(64.4,65.6),.PIECEWISE_BEZIER_KNOTS.);
#1316 = CARTESIAN_POINT('',(194.2,128.8));
#1317 = CARTESIAN_POINT('',(194.2,130.));
#1318 = ( GEOMETRIC_REPRESENTATION_CONTEXT(2) 
PARAMETRIC_REPRESENTATION_CONTEXT() REPRESENTATION_CONTEXT('2D SPACE',''
  ) );
#1319 = PCURVE('',#1320,#1325);
#1320 = PLANE('',#1321);
#1321 = AXIS2_PLACEMENT_3D('',#1322,#1323,#1324);
#1322 = CARTESIAN_POINT('',(194.2,53.8,27.));
#1323 = DIRECTION('',(1.,0.,0.));
#1324 = DIRECTION('',(0.,0.,1.));
#1325 = DEFINITIONAL_REPRESENTATION('',(#1326),#1329);
#1326 = B_SPLINE_CURVE_WITH_KNOTS('',1,(#1327,#1328),.UNSPECIFIED.,.F.,
  .F.,(2,2),(64.4,65.6),.PIECEWISE_BEZIER_KNOTS.);
#1327 = CARTESIAN_POINT('',(5.,0.));
#1328 = CARTESIAN_POINT('',(5.,-1.2));
#1329 = ( GEOMETRIC_REPRESENTATION_CONTEXT(2) 
PARAMETRIC_REPRESENTATION_CONTEXT() REPRESENTATION_CONTEXT('2D SPACE',''
  ) );
#1330 = ORIENTED_EDGE('',*,*,#1331,.T.);
#1331 = EDGE_CURVE('',#1306,#1332,#1334,.T.);
#1332 = VERTEX_POINT('',#1333);
#1333 = CARTESIAN_POINT('',(181.8,53.8,32.));
#1334 = SURFACE_CURVE('',#1335,(#1339,#1345),.PCURVE_S1.);
#1335 = LINE('',#1336,#1337);
#1336 = CARTESIAN_POINT('',(90.9,53.8,32.));
#1337 = VECTOR('',#1338,1.);
#1338 = DIRECTION('',(-1.,0.,0.));
#1339 = PCURVE('',#262,#1340);
#1340 = DEFINITIONAL_REPRESENTATION('',(#1341),#1344);
#1341 = B_SPLINE_CURVE_WITH_KNOTS('',1,(#1342,#1343),.UNSPECIFIED.,.F.,
  .F.,(2,2),(-103.3,-90.9),.PIECEWISE_BEZIER_KNOTS.);
#1342 = CARTESIAN_POINT('',(194.2,128.8));
#1343 = CARTESIAN_POINT('',(181.8,128.8));
#1344 = ( GEOMETRIC_REPRESENTATION_CONTEXT(2) 
PARAMETRIC_REPRESENTATION_CONTEXT() REPRESENTATION_CONTEXT('2D SPACE',''
  ) );
#1345 = PCURVE('',#1346,#1351);
#1346 = PLANE('',#1347);
#1347 = AXIS2_PLACEMENT_3D('',#1348,#1349,#1350);
#1348 = CARTESIAN_POINT('',(181.8,53.8,27.));
#1349 = DIRECTION('',(0.,1.,0.));
#1350 = DIRECTION('',(0.,0.,1.));
#1351 = DEFINITIONAL_REPRESENTATION('',(#1352),#1355);
#1352 = B_SPLINE_CURVE_WITH_KNOTS('',1,(#1353,#1354),.UNSPECIFIED.,.F.,
  .F.,(2,2),(-103.3,-90.9),.PIECEWISE_BEZIER_KNOTS.);
#1353 = CARTESIAN_POINT('',(5.,12.4));
#1354 = CARTESIAN_POINT('',(5.,0.));
#1355 = ( GEOMETRIC_REPRESENTATION_CONTEXT(2) 
PARAMETRIC_REPRESENTATION_CONTEXT() REPRESENTATION_CONTEXT('2D SPACE',''
  ) );
#1356 = ORIENTED_EDGE('',*,*,#1357,.T.);
#1357 = EDGE_CURVE('',#1332,#1358,#1360,.T.);
#1358 = VERTEX_POINT('',#1359);
#1359 = CARTESIAN_POINT('',(181.8,55.,32.));
#1360 = SURFACE_CURVE('',#1361,(#1365,#1371),.PCURVE_S1.);
#1361 = LINE('',#1362,#1363);
#1362 = CARTESIAN_POINT('',(181.8,-10.6,32.));
#1363 = VECTOR('',#1364,1.);
#1364 = DIRECTION('',(0.,1.,0.));
#1365 = PCURVE('',#262,#1366);
#1366 = DEFINITIONAL_REPRESENTATION('',(#1367),#1370);
#1367 = B_SPLINE_CURVE_WITH_KNOTS('',1,(#1368,#1369),.UNSPECIFIED.,.F.,
  .F.,(2,2),(64.4,65.6),.PIECEWISE_BEZIER_KNOTS.);
#1368 = CARTESIAN_POINT('',(181.8,128.8));
#1369 = CARTESIAN_POINT('',(181.8,130.));
#1370 = ( GEOMETRIC_REPRESENTATION_CONTEXT(2) 
PARAMETRIC_REPRESENTATION_CONTEXT() REPRESENTATION_CONTEXT('2D SPACE',''
  ) );
#1371 = PCURVE('',#1372,#1377);
#1372 = PLANE('',#1373);
#1373 = AXIS2_PLACEMENT_3D('',#1374,#1375,#1376);
#1374 = CARTESIAN_POINT('',(181.8,53.8,27.));
#1375 = DIRECTION('',(1.,0.,0.));
#1376 = DIRECTION('',(0.,0.,1.));
#1377 = DEFINITIONAL_REPRESENTATION('',(#1378),#1381);
#1378 = B_SPLINE_CURVE_WITH_KNOTS('',1,(#1379,#1380),.UNSPECIFIED.,.F.,
  .F.,(2,2),(64.4,65.6),.PIECEWISE_BEZIER_KNOTS.);
#1379 = CARTESIAN_POINT('',(5.,0.));
#1380 = CARTESIAN_POINT('',(5.,-1.2));
#1381 = ( GEOMETRIC_REPRESENTATION_CONTEXT(2) 
PARAMETRIC_REPRESENTATION_CONTEXT() REPRESENTATION_CONTEXT('2D SPACE',''
  ) );
#1382 = ORIENTED_EDGE('',*,*,#1383,.T.);
#1383 = EDGE_CURVE('',#1358,#1384,#1386,.T.);
#1384 = VERTEX_POINT('',#1385);
#1385 = CARTESIAN_POINT('',(174.2,55.,32.));
#1386 = SURFACE_CURVE('',#1387,(#1391,#1397),.PCURVE_S1.);
#1387 = LINE('',#1388,#1389);
#1388 = CARTESIAN_POINT('',(-0.5,55.,32.));
#1389 = VECTOR('',#1390,1.);
#1390 = DIRECTION('',(-1.,0.,0.));
#1391 = PCURVE('',#262,#1392);
#1392 = DEFINITIONAL_REPRESENTATION('',(#1393),#1396);
#1393 = B_SPLINE_CURVE_WITH_KNOTS('',1,(#1394,#1395),.UNSPECIFIED.,.F.,
  .F.,(2,2),(-200.5,-0.5),.PIECEWISE_BEZIER_KNOTS.);
#1394 = CARTESIAN_POINT('',(200.,130.));
#1395 = CARTESIAN_POINT('',(0.,130.));
#1396 = ( GEOMETRIC_REPRESENTATION_CONTEXT(2) 
PARAMETRIC_REPRESENTATION_CONTEXT() REPRESENTATION_CONTEXT('2D SPACE',''
  ) );
#1397 = PCURVE('',#1398,#1403);
#1398 = PLANE('',#1399);
#1399 = AXIS2_PLACEMENT_3D('',#1400,#1401,#1402);
#1400 = CARTESIAN_POINT('',(-1.,55.,30.5));
#1401 = DIRECTION('',(0.,1.,0.));
#1402 = DIRECTION('',(0.,0.,1.));
#1403 = DEFINITIONAL_REPRESENTATION('',(#1404),#1407);
#1404 = B_SPLINE_CURVE_WITH_KNOTS('',1,(#1405,#1406),.UNSPECIFIED.,.F.,
  .F.,(2,2),(-200.5,-0.5),.PIECEWISE_BEZIER_KNOTS.);
#1405 = CARTESIAN_POINT('',(1.5,201.));
#1406 = CARTESIAN_POINT('',(1.5,1.));
#1407 = ( GEOMETRIC_REPRESENTATION_CONTEXT(2) 
PARAMETRIC_REPRESENTATION_CONTEXT() REPRESENTATION_CONTEXT('2D SPACE',''
  ) );
#1408 = ORIENTED_EDGE('',*,*,#1409,.F.);
#1409 = EDGE_CURVE('',#1410,#1384,#1412,.T.);
#1410 = VERTEX_POINT('',#1411);
#1411 = CARTESIAN_POINT('',(174.2,53.8,32.));
#1412 = SURFACE_CURVE('',#1413,(#1417,#1423),.PCURVE_S1.);
#1413 = LINE('',#1414,#1415);
#1414 = CARTESIAN_POINT('',(174.2,-10.6,32.));
#1415 = VECTOR('',#1416,1.);
#1416 = DIRECTION('',(0.,1.,0.));
#1417 = PCURVE('',#262,#1418);
#1418 = DEFINITIONAL_REPRESENTATION('',(#1419),#1422);
#1419 = B_SPLINE_CURVE_WITH_KNOTS('',1,(#1420,#1421),.UNSPECIFIED.,.F.,
  .F.,(2,2),(64.4,65.6),.PIECEWISE_BEZIER_KNOTS.);
#1420 = CARTESIAN_POINT('',(174.2,128.8));
#1421 = CARTESIAN_POINT('',(174.2,130.));
#1422 = ( GEOMETRIC_REPRESENTATION_CONTEXT(2) 
PARAMETRIC_REPRESENTATION_CONTEXT() REPRESENTATION_CONTEXT('2D SPACE',''
  ) );
#1423 = PCURVE('',#1424,#1429);
#1424 = PLANE('',#1425);
#1425 = AXIS2_PLACEMENT_3D('',#1426,#1427,#1428);
#1426 = CARTESIAN_POINT('',(174.2,53.8,27.));
#1427 = DIRECTION('',(1.,0.,0.));
#1428 = DIRECTION('',(0.,0.,1.));
#1429 = DEFINITIONAL_REPRESENTATION('',(#1430),#1433);
#1430 = B_SPLINE_CURVE_WITH_KNOTS('',1,(#1431,#1432),.UNSPECIFIED.,.F.,
  .F.,(2,2),(64.4,65.6),.PIECEWISE_BEZIER_KNOTS.);
#1431 = CARTESIAN_POINT('',(5.,0.));
#1432 = CARTESIAN_POINT('',(5.,-1.2));
#1433 = ( GEOMETRIC_REPRESENTATION_CONTEXT(2) 
PARAMETRIC_REPRESENTATION_CONTEXT() REPRESENTATION_CONTEXT('2D SPACE',''
  ) );
#1434 = ORIENTED_EDGE('',*,*,#1435,.T.);
#1435 = EDGE_CURVE('',#1410,#1436,#1438,.T.);
#1436 = VERTEX_POINT('',#1437);
#1437 = CARTESIAN_POINT('',(161.8,53.8,32.));
#1438 = SURFACE_CURVE('',#1439,(#1443,#1449),.PCURVE_S1.);
#1439 = LINE('',#1440,#1441);
#1440 = CARTESIAN_POINT('',(80.9,53.8,32.));
#1441 = VECTOR('',#1442,1.);
#1442 = DIRECTION('',(-1.,0.,0.));
#1443 = PCURVE('',#262,#1444);
#1444 = DEFINITIONAL_REPRESENTATION('',(#1445),#1448);
#1445 = B_SPLINE_CURVE_WITH_KNOTS('',1,(#1446,#1447),.UNSPECIFIED.,.F.,
  .F.,(2,2),(-93.3,-80.9),.PIECEWISE_BEZIER_KNOTS.);
#1446 = CARTESIAN_POINT('',(174.2,128.8));
#1447 = CARTESIAN_POINT('',(161.8,128.8));
#1448 = ( GEOMETRIC_REPRESENTATION_CONTEXT(2) 
PARAMETRIC_REPRESENTATION_CONTEXT() REPRESENTATION_CONTEXT('2D SPACE',''
  ) );
#1449 = PCURVE('',#1450,#1455);
#1450 = PLANE('',#1451);
#1451 = AXIS2_PLACEMENT_3D('',#1452,#1453,#1454);
#1452 = CARTESIAN_POINT('',(161.8,53.8,27.));
#1453 = DIRECTION('',(0.,1.,0.));
#1454 = DIRECTION('',(0.,0.,1.));
#1455 = DEFINITIONAL_REPRESENTATION('',(#1456),#1459);
#1456 = B_SPLINE_CURVE_WITH_KNOTS('',1,(#1457,#1458),.UNSPECIFIED.,.F.,
  .F.,(2,2),(-93.3,-80.9),.PIECEWISE_BEZIER_KNOTS.);
#1457 = CARTESIAN_POINT('',(5.,12.4));
#1458 = CARTESIAN_POINT('',(5.,0.));
#1459 = ( GEOMETRIC_REPRESENTATION_CONTEXT(2) 
PARAMETRIC_REPRESENTATION_CONTEXT() REPRESENTATION_CONTEXT('2D SPACE',''
  ) );
#1460 = ORIENTED_EDGE('',*,*,#1461,.T.);
#1461 = EDGE_CURVE('',#1436,#1462,#1464,.T.);
#1462 = VERTEX_POINT('',#1463);
#1463 = CARTESIAN_POINT('',(161.8,55.,32.));
#1464 = SURFACE_CURVE('',#1465,(#1469,#1475),.PCURVE_S1.);
#1465 = LINE('',#1466,#1467);
#1466 = CARTESIAN_POINT('',(161.8,-10.6,32.));
#1467 = VECTOR('',#1468,1.);
#1468 = DIRECTION('',(0.,1.,0.));
#1469 = PCURVE('',#262,#1470);
#1470 = DEFINITIONAL_REPRESENTATION('',(#1471),#1474);
#1471 = B_SPLINE_CURVE_WITH_KNOTS('',1,(#1472,#1473),.UNSPECIFIED.,.F.,
  .F.,(2,2),(64.4,65.6),.PIECEWISE_BEZIER_KNOTS.);
#1472 = CARTESIAN_POINT('',(161.8,128.8));
#1473 = CARTESIAN_POINT('',(161.8,130.));
#1474 = ( GEOMETRIC_REPRESENTATION_CONTEXT(2) 
PARAMETRIC_REPRESENTATION_CONTEXT() REPRESENTATION_CONTEXT('2D SPACE',''
  ) );
#1475 = PCURVE('',#1476,#1481);
#1476 = PLANE('',#1477);
#1477 = AXIS2_PLACEMENT_3D('',#1478,#1479,#1480);
#1478 = CARTESIAN_POINT('',(161.8,53.8,27.));
#1479 = DIRECTION('',(1.,0.,0.));
#1480 = DIRECTION('',(0.,0.,1.));
#1481 = DEFINITIONAL_REPRESENTATION('',(#1482),#1485);
#1482 = B_SPLINE_CURVE_WITH_KNOTS('',1,(#1483,#1484),.UNSPECIFIED.,.F.,
  .F.,(2,2),(64.4,65.6),.PIECEWISE_BEZIER_KNOTS.);
#1483 = CARTESIAN_POINT('',(5.,0.));
#1484 = CARTESIAN_POINT('',(5.,-1.2));
#1485 = ( GEOMETRIC_REPRESENTATION_CONTEXT(2) 
PARAMETRIC_REPRESENTATION_CONTEXT() REPRESENTATION_CONTEXT('2D SPACE',''
  ) );
#1486 = ORIENTED_EDGE('',*,*,#1487,.T.);
#1487 = EDGE_CURVE('',#1462,#1488,#1490,.T.);
#1488 = VERTEX_POINT('',#1489);
#1489 = CARTESIAN_POINT('',(154.2,55.,32.));
#1490 = SURFACE_CURVE('',#1491,(#1495,#1501),.PCURVE_S1.);
#1491 = LINE('',#1492,#1493);
#1492 = CARTESIAN_POINT('',(-0.5,55.,32.));
#1493 = VECTOR('',#1494,1.);
#1494 = DIRECTION('',(-1.,0.,0.));
#1495 = PCURVE('',#262,#1496);
#1496 = DEFINITIONAL_REPRESENTATION('',(#1497),#1500);
#1497 = B_SPLINE_CURVE_WITH_KNOTS('',1,(#1498,#1499),.UNSPECIFIED.,.F.,
  .F.,(2,2),(-200.5,-0.5),.PIECEWISE_BEZIER_KNOTS.);
#1498 = CARTESIAN_POINT('',(200.,130.));
#1499 = CARTESIAN_POINT('',(0.,130.));
#1500 = ( GEOMETRIC_REPRESENTATION_CONTEXT(2) 
PARAMETRIC_REPRESENTATION_CONTEXT() REPRESENTATION_CONTEXT('2D SPACE',''
  ) );
#1501 = PCURVE('',#1502,#1507);
#1502 = PLANE('',#1503);
#1503 = AXIS2_PLACEMENT_3D('',#1504,#1505,#1506);
#1504 = CARTESIAN_POINT('',(-1.,55.,30.5));
#1505 = DIRECTION('',(0.,1.,0.));
#1506 = DIRECTION('',(0.,0.,1.));
#1507 = DEFINITIONAL_REPRESENTATION('',(#1508),#1511);
#1508 = B_SPLINE_CURVE_WITH_KNOTS('',1,(#1509,#1510),.UNSPECIFIED.,.F.,
  .F.,(2,2),(-200.5,-0.5),.PIECEWISE_BEZIER_KNOTS.);
#1509 = CARTESIAN_POINT('',(1.5,201.));
#1510 = CARTESIAN_POINT('',(1.5,1.));
#1511 = ( GEOMETRIC_REPRESENTATION_CONTEXT(2) 
PARAMETRIC_REPRESENTATION_CONTEXT() REPRESENTATION_CONTEXT('2D SPACE',''
  ) );
#1512 = ORIENTED_EDGE('',*,*,#1513,.F.);
#1513 = EDGE_CURVE('',#1514,#1488,#1516,.T.);
#1514 = VERTEX_POINT('',#1515);
#1515 = CARTESIAN_POINT('',(154.2,53.8,32.));
#1516 = SURFACE_CURVE('',#1517,(#1521,#1527),.PCURVE_S1.);
#1517 = LINE('',#1518,#1519);
#1518 = CARTESIAN_POINT('',(154.2,-10.6,32.));
#1519 = VECTOR('',#1520,1.);
#1520 = DIRECTION('',(0.,1.,0.));
#1521 = PCURVE('',#262,#1522);
#1522 = DEFINITIONAL_REPRESENTATION('',(#1523),#1526);
#1523 = B_SPLINE_CURVE_WITH_KNOTS('',1,(#1524,#1525),.UNSPECIFIED.,.F.,
  .F.,(2,2),(64.4,65.6),.PIECEWISE_BEZIER_KNOTS.);
#1524 = CARTESIAN_POINT('',(154.2,128.8));
#1525 = CARTESIAN_POINT('',(154.2,130.));
#1526 = ( GEOMETRIC_REPRESENTATION_CONTEXT(2) 
PARAMETRIC_REPRESENTATION_CONTEXT() REPRESENTATION_CONTEXT('2D SPACE',''
  ) );
#1527 = PCURVE('',#1528,#1533);
#1528 = PLANE('',#1529);
#1529 = AXIS2_PLACEMENT_3D('',#1530,#1531,#1532);
#1530 = CARTESIAN_POINT('',(154.2,53.8,27.));
#1531 = DIRECTION('',(1.,0.,0.));
#1532 = DIRECTION('',(0.,0.,1.));
#1533 = DEFINITIONAL_REPRESENTATION('',(#1534),#1537);
#1534 = B_SPLINE_CURVE_WITH_KNOTS('',1,(#1535,#1536),.UNSPECIFIED.,.F.,
  .F.,(2,2),(64.4,65.6),.PIECEWISE_BEZIER_KNOTS.);
#1535 = CARTESIAN_POINT('',(5.,0.));
#1536 = CARTESIAN_POINT('',(5.,-1.2));
#1537 = ( GEOMETRIC_REPRESENTATION_CONTEXT(2) 
PARAMETRIC_REPRESENTATION_CONTEXT() REPRESENTATION_CONTEXT('2D SPACE',''
  ) );
#1538 = ORIENTED_EDGE('',*,*,#1539,.T.);
#1539 = EDGE_CURVE('',#1514,#1540,#1542,.T.);
#1540 = VERTEX_POINT('',#1541);
#1541 = CARTESIAN_POINT('',(141.8,53.8,32.));
#1542 = SURFACE_CURVE('',#1543,(#1547,#1553),.PCURVE_S1.);
#1543 = LINE('',#1544,#1545);
#1544 = CARTESIAN_POINT('',(70.9,53.8,32.));
#1545 = VECTOR('',#1546,1.);
#1546 = DIRECTION('',(-1.,0.,0.));
#1547 = PCURVE('',#262,#1548);
#1548 = DEFINITIONAL_REPRESENTATION('',(#1549),#1552);
#1549 = B_SPLINE_CURVE_WITH_KNOTS('',1,(#1550,#1551),.UNSPECIFIED.,.F.,
  .F.,(2,2),(-83.3,-70.9),.PIECEWISE_BEZIER_KNOTS.);
#1550 = CARTESIAN_POINT('',(154.2,128.8));
#1551 = CARTESIAN_POINT('',(141.8,128.8));
#1552 = ( GEOMETRIC_REPRESENTATION_CONTEXT(2) 
PARAMETRIC_REPRESENTATION_CONTEXT() REPRESENTATION_CONTEXT('2D SPACE',''
  ) );
#1553 = PCURVE('',#1554,#1559);
#1554 = PLANE('',#1555);
#1555 = AXIS2_PLACEMENT_3D('',#1556,#1557,#1558);
#1556 = CARTESIAN_POINT('',(141.8,53.8,27.));
#1557 = DIRECTION('',(0.,1.,0.));
#1558 = DIRECTION('',(0.,0.,1.));
#1559 = DEFINITIONAL_REPRESENTATION('',(#1560),#1563);
#1560 = B_SPLINE_CURVE_WITH_KNOTS('',1,(#1561,#1562),.UNSPECIFIED.,.F.,
  .F.,(2,2),(-83.3,-70.9),.PIECEWISE_BEZIER_KNOTS.);
#1561 = CARTESIAN_POINT('',(5.,12.4));
#1562 = CARTESIAN_POINT('',(5.,0.));
#1563 = ( GEOMETRIC_REPRESENTATION_CONTEXT(2) 
PARAMETRIC_REPRESENTATION_CONTEXT() REPRESENTATION_CONTEXT('2D SPACE',''
  ) );
#1564 = ORIENTED_EDGE('',*,*,#1565,.T.);
#1565 = EDGE_CURVE('',#1540,#1566,#1568,.T.);
#1566 = VERTEX_POINT('',#1567);
#1567 = CARTESIAN_POINT('',(141.8,55.,32.));
#1568 = SURFACE_CURVE('',#1569,(#1573,#1579),.PCURVE_S1.);
#1569 = LINE('',#1570,#1571);
#1570 = CARTESIAN_POINT('',(141.8,-10.6,32.));
#1571 = VECTOR('',#1572,1.);
#1572 = DIRECTION('',(0.,1.,0.));
#1573 = PCURVE('',#262,#1574);
#1574 = DEFINITIONAL_REPRESENTATION('',(#1575),#1578);
#1575 = B_SPLINE_CURVE_WITH_KNOTS('',1,(#1576,#1577),.UNSPECIFIED.,.F.,
  .F.,(2,2),(64.4,65.6),.PIECEWISE_BEZIER_KNOTS.);
#1576 = CARTESIAN_POINT('',(141.8,128.8));
#1577 = CARTESIAN_POINT('',(141.8,130.));
#1578 = ( GEOMETRIC_REPRESENTATION_CONTEXT(2) 
PARAMETRIC_REPRESENTATION_CONTEXT() REPRESENTATION_CONTEXT('2D SPACE',''
  ) );
#1579 = PCURVE('',#1580,#1585);
#1580 = PLANE('',#1581);
#1581 = AXIS2_PLACEMENT_3D('',#1582,#1583,#1584);
#1582 = CARTESIAN_POINT('',(141.8,53.8,27.));
#1583 = DIRECTION('',(1.,0.,0.));
#1584 = DIRECTION('',(0.,0.,1.));
#1585 = DEFINITIONAL_REPRESENTATION('',(#1586),#1589);
#1586 = B_SPLINE_CURVE_WITH_KNOTS('',1,(#1587,#1588),.UNSPECIFIED.,.F.,
  .F.,(2,2),(64.4,65.6),.PIECEWISE_BEZIER_KNOTS.);
#1587 = CARTESIAN_POINT('',(5.,0.));
#1588 = CARTESIAN_POINT('',(5.,-1.2));
#1589 = ( GEOMETRIC_REPRESENTATION_CONTEXT(2) 
PARAMETRIC_REPRESENTATION_CONTEXT() REPRESENTATION_CONTEXT('2D SPACE',''
  ) );
#1590 = ORIENTED_EDGE('',*,*,#1591,.T.);
#1591 = EDGE_CURVE('',#1566,#221,#1592,.T.);
#1592 = SURFACE_CURVE('',#1593,(#1597,#1603),.PCURVE_S1.);
#1593 = LINE('',#1594,#1595);
#1594 = CARTESIAN_POINT('',(-0.5,55.,32.));
#1595 = VECTOR('',#1596,1.);
#1596 = DIRECTION('',(-1.,0.,0.));
#1597 = PCURVE('',#262,#1598);
#1598 = DEFINITIONAL_REPRESENTATION('',(#1599),#1602);
#1599 = B_SPLINE_CURVE_WITH_KNOTS('',1,(#1600,#1601),.UNSPECIFIED.,.F.,
  .F.,(2,2),(-200.5,-0.5),.PIECEWISE_BEZIER_KNOTS.);
#1600 = CARTESIAN_POINT('',(200.,130.));
#1601 = CARTESIAN_POINT('',(0.,130.));
#1602 = ( GEOMETRIC_REPRESENTATION_CONTEXT(2) 
PARAMETRIC_REPRESENTATION_CONTEXT() REPRESENTATION_CONTEXT('2D SPACE',''
  ) );
#1603 = PCURVE('',#235,#1604);
#1604 = DEFINITIONAL_REPRESENTATION('',(#1605),#1608);
#1605 = B_SPLINE_CURVE_WITH_KNOTS('',1,(#1606,#1607),.UNSPECIFIED.,.F.,
  .F.,(2,2),(-200.5,-0.5),.PIECEWISE_BEZIER_KNOTS.);
#1606 = CARTESIAN_POINT('',(1.5,201.));
#1607 = CARTESIAN_POINT('',(1.5,1.));
#1608 = ( GEOMETRIC_REPRESENTATION_CONTEXT(2) 
PARAMETRIC_REPRESENTATION_CONTEXT() REPRESENTATION_CONTEXT('2D SPACE',''
  ) );
#1609 = ADVANCED_FACE('',(#1610),#235,.T.);
#1610 = FACE_BOUND('',#1611,.T.);
#1611 = EDGE_LOOP('',(#1612,#1635,#1636,#1637));
#1612 = ORIENTED_EDGE('',*,*,#1613,.F.);
#1613 = EDGE_CURVE('',#195,#1614,#1616,.T.);
#1614 = VERTEX_POINT('',#1615);
#1615 = CARTESIAN_POINT('',(141.8,55.,30.5));
#1616 = SURFACE_CURVE('',#1617,(#1621,#1628),.PCURVE_S1.);
#1617 = LINE('',#1618,#1619);
#1618 = CARTESIAN_POINT('',(-1.,55.,30.5));
#1619 = VECTOR('',#1620,1.);
#1620 = DIRECTION('',(1.,0.,0.));
#1621 = PCURVE('',#235,#1622);
#1622 = DEFINITIONAL_REPRESENTATION('',(#1623),#1627);
#1623 = LINE('',#1624,#1625);
#1624 = CARTESIAN_POINT('',(0.,0.));
#1625 = VECTOR('',#1626,1.);
#1626 = DIRECTION('',(0.,1.));
#1627 = ( GEOMETRIC_REPRESENTATION_CONTEXT(2) 
PARAMETRIC_REPRESENTATION_CONTEXT() REPRESENTATION_CONTEXT('2D SPACE',''
  ) );
#1628 = PCURVE('',#209,#1629);
#1629 = DEFINITIONAL_REPRESENTATION('',(#1630),#1634);
#1630 = LINE('',#1631,#1632);
#1631 = CARTESIAN_POINT('',(0.,0.));
#1632 = VECTOR('',#1633,1.);
#1633 = DIRECTION('',(1.,0.));
#1634 = ( GEOMETRIC_REPRESENTATION_CONTEXT(2) 
PARAMETRIC_REPRESENTATION_CONTEXT() REPRESENTATION_CONTEXT('2D SPACE',''
  ) );
#1635 = ORIENTED_EDGE('',*,*,#220,.T.);
#1636 = ORIENTED_EDGE('',*,*,#1591,.F.);
#1637 = ORIENTED_EDGE('',*,*,#1638,.T.);
#1638 = EDGE_CURVE('',#1566,#1614,#1639,.T.);
#1639 = SURFACE_CURVE('',#1640,(#1644,#1650),.PCURVE_S1.);
#1640 = LINE('',#1641,#1642);
#1641 = CARTESIAN_POINT('',(141.8,55.,28.75));
#1642 = VECTOR('',#1643,1.);
#1643 = DIRECTION('',(0.,0.,-1.));
#1644 = PCURVE('',#235,#1645);
#1645 = DEFINITIONAL_REPRESENTATION('',(#1646),#1649);
#1646 = B_SPLINE_CURVE_WITH_KNOTS('',1,(#1647,#1648),.UNSPECIFIED.,.F.,
  .F.,(2,2),(-3.25,-1.75),.PIECEWISE_BEZIER_KNOTS.);
#1647 = CARTESIAN_POINT('',(1.5,142.8));
#1648 = CARTESIAN_POINT('',(0.,142.8));
#1649 = ( GEOMETRIC_REPRESENTATION_CONTEXT(2) 
PARAMETRIC_REPRESENTATION_CONTEXT() REPRESENTATION_CONTEXT('2D SPACE',''
  ) );
#1650 = PCURVE('',#1580,#1651);
#1651 = DEFINITIONAL_REPRESENTATION('',(#1652),#1655);
#1652 = B_SPLINE_CURVE_WITH_KNOTS('',1,(#1653,#1654),.UNSPECIFIED.,.F.,
  .F.,(2,2),(-3.25,-1.75),.PIECEWISE_BEZIER_KNOTS.);
#1653 = CARTESIAN_POINT('',(5.,-1.2));
#1654 = CARTESIAN_POINT('',(3.5,-1.2));
#1655 = ( GEOMETRIC_REPRESENTATION_CONTEXT(2) 
PARAMETRIC_REPRESENTATION_CONTEXT() REPRESENTATION_CONTEXT('2D SPACE',''
  ) );
#1656 = ADVANCED_FACE('',(#1657),#209,.T.);
#1657 = FACE_BOUND('',#1658,.T.);
#1658 = EDGE_LOOP('',(#1659,#1682,#1683,#1684,#1705,#1731,#1752,#1775,
    #1796,#1822,#1843,#1866,#1887,#1913,#1934,#1957));
#1659 = ORIENTED_EDGE('',*,*,#1660,.F.);
#1660 = EDGE_CURVE('',#169,#1661,#1663,.T.);
#1661 = VERTEX_POINT('',#1662);
#1662 = CARTESIAN_POINT('',(200.,61.4,30.5));
#1663 = SURFACE_CURVE('',#1664,(#1668,#1675),.PCURVE_S1.);
#1664 = LINE('',#1665,#1666);
#1665 = CARTESIAN_POINT('',(-1.,61.4,30.5));
#1666 = VECTOR('',#1667,1.);
#1667 = DIRECTION('',(1.,0.,0.));
#1668 = PCURVE('',#209,#1669);
#1669 = DEFINITIONAL_REPRESENTATION('',(#1670),#1674);
#1670 = LINE('',#1671,#1672);
#1671 = CARTESIAN_POINT('',(0.,6.4));
#1672 = VECTOR('',#1673,1.);
#1673 = DIRECTION('',(1.,0.));
#1674 = ( GEOMETRIC_REPRESENTATION_CONTEXT(2) 
PARAMETRIC_REPRESENTATION_CONTEXT() REPRESENTATION_CONTEXT('2D SPACE',''
  ) );
#1675 = PCURVE('',#183,#1676);
#1676 = DEFINITIONAL_REPRESENTATION('',(#1677),#1681);
#1677 = LINE('',#1678,#1679);
#1678 = CARTESIAN_POINT('',(0.,0.));
#1679 = VECTOR('',#1680,1.);
#1680 = DIRECTION('',(0.,1.));
#1681 = ( GEOMETRIC_REPRESENTATION_CONTEXT(2) 
PARAMETRIC_REPRESENTATION_CONTEXT() REPRESENTATION_CONTEXT('2D SPACE',''
  ) );
#1682 = ORIENTED_EDGE('',*,*,#194,.T.);
#1683 = ORIENTED_EDGE('',*,*,#1613,.T.);
#1684 = ORIENTED_EDGE('',*,*,#1685,.T.);
#1685 = EDGE_CURVE('',#1614,#1686,#1688,.T.);
#1686 = VERTEX_POINT('',#1687);
#1687 = CARTESIAN_POINT('',(141.8,58.2,30.5));
#1688 = SURFACE_CURVE('',#1689,(#1693,#1699),.PCURVE_S1.);
#1689 = LINE('',#1690,#1691);
#1690 = CARTESIAN_POINT('',(141.8,54.4,30.5));
#1691 = VECTOR('',#1692,1.);
#1692 = DIRECTION('',(0.,1.,0.));
#1693 = PCURVE('',#209,#1694);
#1694 = DEFINITIONAL_REPRESENTATION('',(#1695),#1698);
#1695 = B_SPLINE_CURVE_WITH_KNOTS('',1,(#1696,#1697),.UNSPECIFIED.,.F.,
  .F.,(2,2),(0.6,3.8),.PIECEWISE_BEZIER_KNOTS.);
#1696 = CARTESIAN_POINT('',(142.8,0.));
#1697 = CARTESIAN_POINT('',(142.8,3.2));
#1698 = ( GEOMETRIC_REPRESENTATION_CONTEXT(2) 
PARAMETRIC_REPRESENTATION_CONTEXT() REPRESENTATION_CONTEXT('2D SPACE',''
  ) );
#1699 = PCURVE('',#1580,#1700);
#1700 = DEFINITIONAL_REPRESENTATION('',(#1701),#1704);
#1701 = B_SPLINE_CURVE_WITH_KNOTS('',1,(#1702,#1703),.UNSPECIFIED.,.F.,
  .F.,(2,2),(0.6,3.8),.PIECEWISE_BEZIER_KNOTS.);
#1702 = CARTESIAN_POINT('',(3.5,-1.2));
#1703 = CARTESIAN_POINT('',(3.5,-4.4));
#1704 = ( GEOMETRIC_REPRESENTATION_CONTEXT(2) 
PARAMETRIC_REPRESENTATION_CONTEXT() REPRESENTATION_CONTEXT('2D SPACE',''
  ) );
#1705 = ORIENTED_EDGE('',*,*,#1706,.F.);
#1706 = EDGE_CURVE('',#1707,#1686,#1709,.T.);
#1707 = VERTEX_POINT('',#1708);
#1708 = CARTESIAN_POINT('',(154.2,58.2,30.5));
#1709 = SURFACE_CURVE('',#1710,(#1714,#1720),.PCURVE_S1.);
#1710 = LINE('',#1711,#1712);
#1711 = CARTESIAN_POINT('',(70.4,58.2,30.5));
#1712 = VECTOR('',#1713,1.);
#1713 = DIRECTION('',(-1.,0.,0.));
#1714 = PCURVE('',#209,#1715);
#1715 = DEFINITIONAL_REPRESENTATION('',(#1716),#1719);
#1716 = B_SPLINE_CURVE_WITH_KNOTS('',1,(#1717,#1718),.UNSPECIFIED.,.F.,
  .F.,(2,2),(-83.8,-71.4),.PIECEWISE_BEZIER_KNOTS.);
#1717 = CARTESIAN_POINT('',(155.2,3.2));
#1718 = CARTESIAN_POINT('',(142.8,3.2));
#1719 = ( GEOMETRIC_REPRESENTATION_CONTEXT(2) 
PARAMETRIC_REPRESENTATION_CONTEXT() REPRESENTATION_CONTEXT('2D SPACE',''
  ) );
#1720 = PCURVE('',#1721,#1726);
#1721 = PLANE('',#1722);
#1722 = AXIS2_PLACEMENT_3D('',#1723,#1724,#1725);
#1723 = CARTESIAN_POINT('',(141.8,58.2,27.));
#1724 = DIRECTION('',(0.,1.,0.));
#1725 = DIRECTION('',(0.,0.,1.));
#1726 = DEFINITIONAL_REPRESENTATION('',(#1727),#1730);
#1727 = B_SPLINE_CURVE_WITH_KNOTS('',1,(#1728,#1729),.UNSPECIFIED.,.F.,
  .F.,(2,2),(-83.8,-71.4),.PIECEWISE_BEZIER_KNOTS.);
#1728 = CARTESIAN_POINT('',(3.5,12.4));
#1729 = CARTESIAN_POINT('',(3.5,0.));
#1730 = ( GEOMETRIC_REPRESENTATION_CONTEXT(2) 
PARAMETRIC_REPRESENTATION_CONTEXT() REPRESENTATION_CONTEXT('2D SPACE',''
  ) );
#1731 = ORIENTED_EDGE('',*,*,#1732,.F.);
#1732 = EDGE_CURVE('',#1733,#1707,#1735,.T.);
#1733 = VERTEX_POINT('',#1734);
#1734 = CARTESIAN_POINT('',(154.2,55.,30.5));
#1735 = SURFACE_CURVE('',#1736,(#1740,#1746),.PCURVE_S1.);
#1736 = LINE('',#1737,#1738);
#1737 = CARTESIAN_POINT('',(154.2,54.4,30.5));
#1738 = VECTOR('',#1739,1.);
#1739 = DIRECTION('',(0.,1.,0.));
#1740 = PCURVE('',#209,#1741);
#1741 = DEFINITIONAL_REPRESENTATION('',(#1742),#1745);
#1742 = B_SPLINE_CURVE_WITH_KNOTS('',1,(#1743,#1744),.UNSPECIFIED.,.F.,
  .F.,(2,2),(0.6,3.8),.PIECEWISE_BEZIER_KNOTS.);
#1743 = CARTESIAN_POINT('',(155.2,0.));
#1744 = CARTESIAN_POINT('',(155.2,3.2));
#1745 = ( GEOMETRIC_REPRESENTATION_CONTEXT(2) 
PARAMETRIC_REPRESENTATION_CONTEXT() REPRESENTATION_CONTEXT('2D SPACE',''
  ) );
#1746 = PCURVE('',#1528,#1747);
#1747 = DEFINITIONAL_REPRESENTATION('',(#1748),#1751);
#1748 = B_SPLINE_CURVE_WITH_KNOTS('',1,(#1749,#1750),.UNSPECIFIED.,.F.,
  .F.,(2,2),(0.6,3.8),.PIECEWISE_BEZIER_KNOTS.);
#1749 = CARTESIAN_POINT('',(3.5,-1.2));
#1750 = CARTESIAN_POINT('',(3.5,-4.4));
#1751 = ( GEOMETRIC_REPRESENTATION_CONTEXT(2) 
PARAMETRIC_REPRESENTATION_CONTEXT() REPRESENTATION_CONTEXT('2D SPACE',''
  ) );
#1752 = ORIENTED_EDGE('',*,*,#1753,.T.);
#1753 = EDGE_CURVE('',#1733,#1754,#1756,.T.);
#1754 = VERTEX_POINT('',#1755);
#1755 = CARTESIAN_POINT('',(161.8,55.,30.5));
#1756 = SURFACE_CURVE('',#1757,(#1761,#1768),.PCURVE_S1.);
#1757 = LINE('',#1758,#1759);
#1758 = CARTESIAN_POINT('',(-1.,55.,30.5));
#1759 = VECTOR('',#1760,1.);
#1760 = DIRECTION('',(1.,0.,0.));
#1761 = PCURVE('',#209,#1762);
#1762 = DEFINITIONAL_REPRESENTATION('',(#1763),#1767);
#1763 = LINE('',#1764,#1765);
#1764 = CARTESIAN_POINT('',(0.,0.));
#1765 = VECTOR('',#1766,1.);
#1766 = DIRECTION('',(1.,0.));
#1767 = ( GEOMETRIC_REPRESENTATION_CONTEXT(2) 
PARAMETRIC_REPRESENTATION_CONTEXT() REPRESENTATION_CONTEXT('2D SPACE',''
  ) );
#1768 = PCURVE('',#1502,#1769);
#1769 = DEFINITIONAL_REPRESENTATION('',(#1770),#1774);
#1770 = LINE('',#1771,#1772);
#1771 = CARTESIAN_POINT('',(0.,0.));
#1772 = VECTOR('',#1773,1.);
#1773 = DIRECTION('',(0.,1.));
#1774 = ( GEOMETRIC_REPRESENTATION_CONTEXT(2) 
PARAMETRIC_REPRESENTATION_CONTEXT() REPRESENTATION_CONTEXT('2D SPACE',''
  ) );
#1775 = ORIENTED_EDGE('',*,*,#1776,.T.);
#1776 = EDGE_CURVE('',#1754,#1777,#1779,.T.);
#1777 = VERTEX_POINT('',#1778);
#1778 = CARTESIAN_POINT('',(161.8,58.2,30.5));
#1779 = SURFACE_CURVE('',#1780,(#1784,#1790),.PCURVE_S1.);
#1780 = LINE('',#1781,#1782);
#1781 = CARTESIAN_POINT('',(161.8,54.4,30.5));
#1782 = VECTOR('',#1783,1.);
#1783 = DIRECTION('',(0.,1.,0.));
#1784 = PCURVE('',#209,#1785);
#1785 = DEFINITIONAL_REPRESENTATION('',(#1786),#1789);
#1786 = B_SPLINE_CURVE_WITH_KNOTS('',1,(#1787,#1788),.UNSPECIFIED.,.F.,
  .F.,(2,2),(0.6,3.8),.PIECEWISE_BEZIER_KNOTS.);
#1787 = CARTESIAN_POINT('',(162.8,0.));
#1788 = CARTESIAN_POINT('',(162.8,3.2));
#1789 = ( GEOMETRIC_REPRESENTATION_CONTEXT(2) 
PARAMETRIC_REPRESENTATION_CONTEXT() REPRESENTATION_CONTEXT('2D SPACE',''
  ) );
#1790 = PCURVE('',#1476,#1791);
#1791 = DEFINITIONAL_REPRESENTATION('',(#1792),#1795);
#1792 = B_SPLINE_CURVE_WITH_KNOTS('',1,(#1793,#1794),.UNSPECIFIED.,.F.,
  .F.,(2,2),(0.6,3.8),.PIECEWISE_BEZIER_KNOTS.);
#1793 = CARTESIAN_POINT('',(3.5,-1.2));
#1794 = CARTESIAN_POINT('',(3.5,-4.4));
#1795 = ( GEOMETRIC_REPRESENTATION_CONTEXT(2) 
PARAMETRIC_REPRESENTATION_CONTEXT() REPRESENTATION_CONTEXT('2D SPACE',''
  ) );
#1796 = ORIENTED_EDGE('',*,*,#1797,.F.);
#1797 = EDGE_CURVE('',#1798,#1777,#1800,.T.);
#1798 = VERTEX_POINT('',#1799);
#1799 = CARTESIAN_POINT('',(174.2,58.2,30.5));
#1800 = SURFACE_CURVE('',#1801,(#1805,#1811),.PCURVE_S1.);
#1801 = LINE('',#1802,#1803);
#1802 = CARTESIAN_POINT('',(80.4,58.2,30.5));
#1803 = VECTOR('',#1804,1.);
#1804 = DIRECTION('',(-1.,0.,0.));
#1805 = PCURVE('',#209,#1806);
#1806 = DEFINITIONAL_REPRESENTATION('',(#1807),#1810);
#1807 = B_SPLINE_CURVE_WITH_KNOTS('',1,(#1808,#1809),.UNSPECIFIED.,.F.,
  .F.,(2,2),(-93.8,-81.4),.PIECEWISE_BEZIER_KNOTS.);
#1808 = CARTESIAN_POINT('',(175.2,3.2));
#1809 = CARTESIAN_POINT('',(162.8,3.2));
#1810 = ( GEOMETRIC_REPRESENTATION_CONTEXT(2) 
PARAMETRIC_REPRESENTATION_CONTEXT() REPRESENTATION_CONTEXT('2D SPACE',''
  ) );
#1811 = PCURVE('',#1812,#1817);
#1812 = PLANE('',#1813);
#1813 = AXIS2_PLACEMENT_3D('',#1814,#1815,#1816);
#1814 = CARTESIAN_POINT('',(161.8,58.2,27.));
#1815 = DIRECTION('',(0.,1.,0.));
#1816 = DIRECTION('',(0.,0.,1.));
#1817 = DEFINITIONAL_REPRESENTATION('',(#1818),#1821);
#1818 = B_SPLINE_CURVE_WITH_KNOTS('',1,(#1819,#1820),.UNSPECIFIED.,.F.,
  .F.,(2,2),(-93.8,-81.4),.PIECEWISE_BEZIER_KNOTS.);
#1819 = CARTESIAN_POINT('',(3.5,12.4));
#1820 = CARTESIAN_POINT('',(3.5,0.));
#1821 = ( GEOMETRIC_REPRESENTATION_CONTEXT(2) 
PARAMETRIC_REPRESENTATION_CONTEXT() REPRESENTATION_CONTEXT('2D SPACE',''
  ) );
#1822 = ORIENTED_EDGE('',*,*,#1823,.F.);
#1823 = EDGE_CURVE('',#1824,#1798,#1826,.T.);
#1824 = VERTEX_POINT('',#1825);
#1825 = CARTESIAN_POINT('',(174.2,55.,30.5));
#1826 = SURFACE_CURVE('',#1827,(#1831,#1837),.PCURVE_S1.);
#1827 = LINE('',#1828,#1829);
#1828 = CARTESIAN_POINT('',(174.2,54.4,30.5));
#1829 = VECTOR('',#1830,1.);
#1830 = DIRECTION('',(0.,1.,0.));
#1831 = PCURVE('',#209,#1832);
#1832 = DEFINITIONAL_REPRESENTATION('',(#1833),#1836);
#1833 = B_SPLINE_CURVE_WITH_KNOTS('',1,(#1834,#1835),.UNSPECIFIED.,.F.,
  .F.,(2,2),(0.6,3.8),.PIECEWISE_BEZIER_KNOTS.);
#1834 = CARTESIAN_POINT('',(175.2,0.));
#1835 = CARTESIAN_POINT('',(175.2,3.2));
#1836 = ( GEOMETRIC_REPRESENTATION_CONTEXT(2) 
PARAMETRIC_REPRESENTATION_CONTEXT() REPRESENTATION_CONTEXT('2D SPACE',''
  ) );
#1837 = PCURVE('',#1424,#1838);
#1838 = DEFINITIONAL_REPRESENTATION('',(#1839),#1842);
#1839 = B_SPLINE_CURVE_WITH_KNOTS('',1,(#1840,#1841),.UNSPECIFIED.,.F.,
  .F.,(2,2),(0.6,3.8),.PIECEWISE_BEZIER_KNOTS.);
#1840 = CARTESIAN_POINT('',(3.5,-1.2));
#1841 = CARTESIAN_POINT('',(3.5,-4.4));
#1842 = ( GEOMETRIC_REPRESENTATION_CONTEXT(2) 
PARAMETRIC_REPRESENTATION_CONTEXT() REPRESENTATION_CONTEXT('2D SPACE',''
  ) );
#1843 = ORIENTED_EDGE('',*,*,#1844,.T.);
#1844 = EDGE_CURVE('',#1824,#1845,#1847,.T.);
#1845 = VERTEX_POINT('',#1846);
#1846 = CARTESIAN_POINT('',(181.8,55.,30.5));
#1847 = SURFACE_CURVE('',#1848,(#1852,#1859),.PCURVE_S1.);
#1848 = LINE('',#1849,#1850);
#1849 = CARTESIAN_POINT('',(-1.,55.,30.5));
#1850 = VECTOR('',#1851,1.);
#1851 = DIRECTION('',(1.,0.,0.));
#1852 = PCURVE('',#209,#1853);
#1853 = DEFINITIONAL_REPRESENTATION('',(#1854),#1858);
#1854 = LINE('',#1855,#1856);
#1855 = CARTESIAN_POINT('',(0.,0.));
#1856 = VECTOR('',#1857,1.);
#1857 = DIRECTION('',(1.,0.));
#1858 = ( GEOMETRIC_REPRESENTATION_CONTEXT(2) 
PARAMETRIC_REPRESENTATION_CONTEXT() REPRESENTATION_CONTEXT('2D SPACE',''
  ) );
#1859 = PCURVE('',#1398,#1860);
#1860 = DEFINITIONAL_REPRESENTATION('',(#1861),#1865);
#1861 = LINE('',#1862,#1863);
#1862 = CARTESIAN_POINT('',(0.,0.));
#1863 = VECTOR('',#1864,1.);
#1864 = DIRECTION('',(0.,1.));
#1865 = ( GEOMETRIC_REPRESENTATION_CONTEXT(2) 
PARAMETRIC_REPRESENTATION_CONTEXT() REPRESENTATION_CONTEXT('2D SPACE',''
  ) );
#1866 = ORIENTED_EDGE('',*,*,#1867,.T.);
#1867 = EDGE_CURVE('',#1845,#1868,#1870,.T.);
#1868 = VERTEX_POINT('',#1869);
#1869 = CARTESIAN_POINT('',(181.8,58.2,30.5));
#1870 = SURFACE_CURVE('',#1871,(#1875,#1881),.PCURVE_S1.);
#1871 = LINE('',#1872,#1873);
#1872 = CARTESIAN_POINT('',(181.8,54.4,30.5));
#1873 = VECTOR('',#1874,1.);
#1874 = DIRECTION('',(0.,1.,0.));
#1875 = PCURVE('',#209,#1876);
#1876 = DEFINITIONAL_REPRESENTATION('',(#1877),#1880);
#1877 = B_SPLINE_CURVE_WITH_KNOTS('',1,(#1878,#1879),.UNSPECIFIED.,.F.,
  .F.,(2,2),(0.6,3.8),.PIECEWISE_BEZIER_KNOTS.);
#1878 = CARTESIAN_POINT('',(182.8,0.));
#1879 = CARTESIAN_POINT('',(182.8,3.2));
#1880 = ( GEOMETRIC_REPRESENTATION_CONTEXT(2) 
PARAMETRIC_REPRESENTATION_CONTEXT() REPRESENTATION_CONTEXT('2D SPACE',''
  ) );
#1881 = PCURVE('',#1372,#1882);
#1882 = DEFINITIONAL_REPRESENTATION('',(#1883),#1886);
#1883 = B_SPLINE_CURVE_WITH_KNOTS('',1,(#1884,#1885),.UNSPECIFIED.,.F.,
  .F.,(2,2),(0.6,3.8),.PIECEWISE_BEZIER_KNOTS.);
#1884 = CARTESIAN_POINT('',(3.5,-1.2));
#1885 = CARTESIAN_POINT('',(3.5,-4.4));
#1886 = ( GEOMETRIC_REPRESENTATION_CONTEXT(2) 
PARAMETRIC_REPRESENTATION_CONTEXT() REPRESENTATION_CONTEXT('2D SPACE',''
  ) );
#1887 = ORIENTED_EDGE('',*,*,#1888,.F.);
#1888 = EDGE_CURVE('',#1889,#1868,#1891,.T.);
#1889 = VERTEX_POINT('',#1890);
#1890 = CARTESIAN_POINT('',(194.2,58.2,30.5));
#1891 = SURFACE_CURVE('',#1892,(#1896,#1902),.PCURVE_S1.);
#1892 = LINE('',#1893,#1894);
#1893 = CARTESIAN_POINT('',(90.4,58.2,30.5));
#1894 = VECTOR('',#1895,1.);
#1895 = DIRECTION('',(-1.,0.,0.));
#1896 = PCURVE('',#209,#1897);
#1897 = DEFINITIONAL_REPRESENTATION('',(#1898),#1901);
#1898 = B_SPLINE_CURVE_WITH_KNOTS('',1,(#1899,#1900),.UNSPECIFIED.,.F.,
  .F.,(2,2),(-103.8,-91.4),.PIECEWISE_BEZIER_KNOTS.);
#1899 = CARTESIAN_POINT('',(195.2,3.2));
#1900 = CARTESIAN_POINT('',(182.8,3.2));
#1901 = ( GEOMETRIC_REPRESENTATION_CONTEXT(2) 
PARAMETRIC_REPRESENTATION_CONTEXT() REPRESENTATION_CONTEXT('2D SPACE',''
  ) );
#1902 = PCURVE('',#1903,#1908);
#1903 = PLANE('',#1904);
#1904 = AXIS2_PLACEMENT_3D('',#1905,#1906,#1907);
#1905 = CARTESIAN_POINT('',(181.8,58.2,27.));
#1906 = DIRECTION('',(0.,1.,0.));
#1907 = DIRECTION('',(0.,0.,1.));
#1908 = DEFINITIONAL_REPRESENTATION('',(#1909),#1912);
#1909 = B_SPLINE_CURVE_WITH_KNOTS('',1,(#1910,#1911),.UNSPECIFIED.,.F.,
  .F.,(2,2),(-103.8,-91.4),.PIECEWISE_BEZIER_KNOTS.);
#1910 = CARTESIAN_POINT('',(3.5,12.4));
#1911 = CARTESIAN_POINT('',(3.5,0.));
#1912 = ( GEOMETRIC_REPRESENTATION_CONTEXT(2) 
PARAMETRIC_REPRESENTATION_CONTEXT() REPRESENTATION_CONTEXT('2D SPACE',''
  ) );
#1913 = ORIENTED_EDGE('',*,*,#1914,.F.);
#1914 = EDGE_CURVE('',#1915,#1889,#1917,.T.);
#1915 = VERTEX_POINT('',#1916);
#1916 = CARTESIAN_POINT('',(194.2,55.,30.5));
#1917 = SURFACE_CURVE('',#1918,(#1922,#1928),.PCURVE_S1.);
#1918 = LINE('',#1919,#1920);
#1919 = CARTESIAN_POINT('',(194.2,54.4,30.5));
#1920 = VECTOR('',#1921,1.);
#1921 = DIRECTION('',(0.,1.,0.));
#1922 = PCURVE('',#209,#1923);
#1923 = DEFINITIONAL_REPRESENTATION('',(#1924),#1927);
#1924 = B_SPLINE_CURVE_WITH_KNOTS('',1,(#1925,#1926),.UNSPECIFIED.,.F.,
  .F.,(2,2),(0.6,3.8),.PIECEWISE_BEZIER_KNOTS.);
#1925 = CARTESIAN_POINT('',(195.2,0.));
#1926 = CARTESIAN_POINT('',(195.2,3.2));
#1927 = ( GEOMETRIC_REPRESENTATION_CONTEXT(2) 
PARAMETRIC_REPRESENTATION_CONTEXT() REPRESENTATION_CONTEXT('2D SPACE',''
  ) );
#1928 = PCURVE('',#1320,#1929);
#1929 = DEFINITIONAL_REPRESENTATION('',(#1930),#1933);
#1930 = B_SPLINE_CURVE_WITH_KNOTS('',1,(#1931,#1932),.UNSPECIFIED.,.F.,
  .F.,(2,2),(0.6,3.8),.PIECEWISE_BEZIER_KNOTS.);
#1931 = CARTESIAN_POINT('',(3.5,-1.2));
#1932 = CARTESIAN_POINT('',(3.5,-4.4));
#1933 = ( GEOMETRIC_REPRESENTATION_CONTEXT(2) 
PARAMETRIC_REPRESENTATION_CONTEXT() REPRESENTATION_CONTEXT('2D SPACE',''
  ) );
#1934 = ORIENTED_EDGE('',*,*,#1935,.T.);
#1935 = EDGE_CURVE('',#1915,#1936,#1938,.T.);
#1936 = VERTEX_POINT('',#1937);
#1937 = CARTESIAN_POINT('',(200.,55.,30.5));
#1938 = SURFACE_CURVE('',#1939,(#1943,#1950),.PCURVE_S1.);
#1939 = LINE('',#1940,#1941);
#1940 = CARTESIAN_POINT('',(-1.,55.,30.5));
#1941 = VECTOR('',#1942,1.);
#1942 = DIRECTION('',(1.,0.,0.));
#1943 = PCURVE('',#209,#1944);
#1944 = DEFINITIONAL_REPRESENTATION('',(#1945),#1949);
#1945 = LINE('',#1946,#1947);
#1946 = CARTESIAN_POINT('',(0.,0.));
#1947 = VECTOR('',#1948,1.);
#1948 = DIRECTION('',(1.,0.));
#1949 = ( GEOMETRIC_REPRESENTATION_CONTEXT(2) 
PARAMETRIC_REPRESENTATION_CONTEXT() REPRESENTATION_CONTEXT('2D SPACE',''
  ) );
#1950 = PCURVE('',#1294,#1951);
#1951 = DEFINITIONAL_REPRESENTATION('',(#1952),#1956);
#1952 = LINE('',#1953,#1954);
#1953 = CARTESIAN_POINT('',(0.,0.));
#1954 = VECTOR('',#1955,1.);
#1955 = DIRECTION('',(0.,1.));
#1956 = ( GEOMETRIC_REPRESENTATION_CONTEXT(2) 
PARAMETRIC_REPRESENTATION_CONTEXT() REPRESENTATION_CONTEXT('2D SPACE',''
  ) );
#1957 = ORIENTED_EDGE('',*,*,#1958,.F.);
#1958 = EDGE_CURVE('',#1661,#1936,#1959,.T.);
#1959 = SURFACE_CURVE('',#1960,(#1964,#1970),.PCURVE_S1.);
#1960 = LINE('',#1961,#1962);
#1961 = CARTESIAN_POINT('',(200.,-10.,30.5));
#1962 = VECTOR('',#1963,1.);
#1963 = DIRECTION('',(0.,-1.,0.));
#1964 = PCURVE('',#209,#1965);
#1965 = DEFINITIONAL_REPRESENTATION('',(#1966),#1969);
#1966 = B_SPLINE_CURVE_WITH_KNOTS('',1,(#1967,#1968),.UNSPECIFIED.,.F.,
  .F.,(2,2),(-71.4,-65.),.PIECEWISE_BEZIER_KNOTS.);
#1967 = CARTESIAN_POINT('',(201.,6.4));
#1968 = CARTESIAN_POINT('',(201.,0.));
#1969 = ( GEOMETRIC_REPRESENTATION_CONTEXT(2) 
PARAMETRIC_REPRESENTATION_CONTEXT() REPRESENTATION_CONTEXT('2D SPACE',''
  ) );
#1970 = PCURVE('',#393,#1971);
#1971 = DEFINITIONAL_REPRESENTATION('',(#1972),#1975);
#1972 = B_SPLINE_CURVE_WITH_KNOTS('',1,(#1973,#1974),.UNSPECIFIED.,.F.,
  .F.,(2,2),(-71.4,-65.),.PIECEWISE_BEZIER_KNOTS.);
#1973 = CARTESIAN_POINT('',(30.5,-136.4));
#1974 = CARTESIAN_POINT('',(30.5,-130.));
#1975 = ( GEOMETRIC_REPRESENTATION_CONTEXT(2) 
PARAMETRIC_REPRESENTATION_CONTEXT() REPRESENTATION_CONTEXT('2D SPACE',''
  ) );
#1976 = ADVANCED_FACE('',(#1977),#183,.F.);
#1977 = FACE_BOUND('',#1978,.F.);
#1978 = EDGE_LOOP('',(#1979,#1980,#1981,#2002));
#1979 = ORIENTED_EDGE('',*,*,#1660,.F.);
#1980 = ORIENTED_EDGE('',*,*,#168,.T.);
#1981 = ORIENTED_EDGE('',*,*,#1982,.F.);
#1982 = EDGE_CURVE('',#1983,#141,#1985,.T.);
#1983 = VERTEX_POINT('',#1984);
#1984 = CARTESIAN_POINT('',(200.,61.4,32.));
#1985 = SURFACE_CURVE('',#1986,(#1990,#1996),.PCURVE_S1.);
#1986 = LINE('',#1987,#1988);
#1987 = CARTESIAN_POINT('',(-0.5,61.4,32.));
#1988 = VECTOR('',#1989,1.);
#1989 = DIRECTION('',(-1.,0.,0.));
#1990 = PCURVE('',#183,#1991);
#1991 = DEFINITIONAL_REPRESENTATION('',(#1992),#1995);
#1992 = B_SPLINE_CURVE_WITH_KNOTS('',1,(#1993,#1994),.UNSPECIFIED.,.F.,
  .F.,(2,2),(-200.5,-0.5),.PIECEWISE_BEZIER_KNOTS.);
#1993 = CARTESIAN_POINT('',(1.5,201.));
#1994 = CARTESIAN_POINT('',(1.5,1.));
#1995 = ( GEOMETRIC_REPRESENTATION_CONTEXT(2) 
PARAMETRIC_REPRESENTATION_CONTEXT() REPRESENTATION_CONTEXT('2D SPACE',''
  ) );
#1996 = PCURVE('',#156,#1997);
#1997 = DEFINITIONAL_REPRESENTATION('',(#1998),#2001);
#1998 = B_SPLINE_CURVE_WITH_KNOTS('',1,(#1999,#2000),.UNSPECIFIED.,.F.,
  .F.,(2,2),(-200.5,-0.5),.PIECEWISE_BEZIER_KNOTS.);
#1999 = CARTESIAN_POINT('',(200.,136.4));
#2000 = CARTESIAN_POINT('',(0.,136.4));
#2001 = ( GEOMETRIC_REPRESENTATION_CONTEXT(2) 
PARAMETRIC_REPRESENTATION_CONTEXT() REPRESENTATION_CONTEXT('2D SPACE',''
  ) );
#2002 = ORIENTED_EDGE('',*,*,#2003,.F.);
#2003 = EDGE_CURVE('',#1661,#1983,#2004,.T.);
#2004 = SURFACE_CURVE('',#2005,(#2009,#2015),.PCURVE_S1.);
#2005 = LINE('',#2006,#2007);
#2006 = CARTESIAN_POINT('',(200.,61.4,15.25));
#2007 = VECTOR('',#2008,1.);
#2008 = DIRECTION('',(0.,0.,1.));
#2009 = PCURVE('',#183,#2010);
#2010 = DEFINITIONAL_REPRESENTATION('',(#2011),#2014);
#2011 = B_SPLINE_CURVE_WITH_KNOTS('',1,(#2012,#2013),.UNSPECIFIED.,.F.,
  .F.,(2,2),(15.25,16.75),.PIECEWISE_BEZIER_KNOTS.);
#2012 = CARTESIAN_POINT('',(0.,201.));
#2013 = CARTESIAN_POINT('',(1.5,201.));
#2014 = ( GEOMETRIC_REPRESENTATION_CONTEXT(2) 
PARAMETRIC_REPRESENTATION_CONTEXT() REPRESENTATION_CONTEXT('2D SPACE',''
  ) );
#2015 = PCURVE('',#393,#2016);
#2016 = DEFINITIONAL_REPRESENTATION('',(#2017),#2020);
#2017 = B_SPLINE_CURVE_WITH_KNOTS('',1,(#2018,#2019),.UNSPECIFIED.,.F.,
  .F.,(2,2),(15.25,16.75),.PIECEWISE_BEZIER_KNOTS.);
#2018 = CARTESIAN_POINT('',(30.5,-136.4));
#2019 = CARTESIAN_POINT('',(32.,-136.4));
#2020 = ( GEOMETRIC_REPRESENTATION_CONTEXT(2) 
PARAMETRIC_REPRESENTATION_CONTEXT() REPRESENTATION_CONTEXT('2D SPACE',''
  ) );
#2021 = ADVANCED_FACE('',(#2022),#156,.T.);
#2022 = FACE_BOUND('',#2023,.T.);
#2023 = EDGE_LOOP('',(#2024,#2025,#2026,#2049));
#2024 = ORIENTED_EDGE('',*,*,#140,.F.);
#2025 = ORIENTED_EDGE('',*,*,#1982,.F.);
#2026 = ORIENTED_EDGE('',*,*,#2027,.T.);
#2027 = EDGE_CURVE('',#1983,#2028,#2030,.T.);
#2028 = VERTEX_POINT('',#2029);
#2029 = CARTESIAN_POINT('',(200.,75.,32.));
#2030 = SURFACE_CURVE('',#2031,(#2035,#2042),.PCURVE_S1.);
#2031 = LINE('',#2032,#2033);
#2032 = CARTESIAN_POINT('',(200.,-75.,32.));
#2033 = VECTOR('',#2034,1.);
#2034 = DIRECTION('',(0.,1.,0.));
#2035 = PCURVE('',#156,#2036);
#2036 = DEFINITIONAL_REPRESENTATION('',(#2037),#2041);
#2037 = LINE('',#2038,#2039);
#2038 = CARTESIAN_POINT('',(200.,0.));
#2039 = VECTOR('',#2040,1.);
#2040 = DIRECTION('',(0.,1.));
#2041 = ( GEOMETRIC_REPRESENTATION_CONTEXT(2) 
PARAMETRIC_REPRESENTATION_CONTEXT() REPRESENTATION_CONTEXT('2D SPACE',''
  ) );
#2042 = PCURVE('',#393,#2043);
#2043 = DEFINITIONAL_REPRESENTATION('',(#2044),#2048);
#2044 = LINE('',#2045,#2046);
#2045 = CARTESIAN_POINT('',(32.,0.));
#2046 = VECTOR('',#2047,1.);
#2047 = DIRECTION('',(0.,-1.));
#2048 = ( GEOMETRIC_REPRESENTATION_CONTEXT(2) 
PARAMETRIC_REPRESENTATION_CONTEXT() REPRESENTATION_CONTEXT('2D SPACE',''
  ) );
#2049 = ORIENTED_EDGE('',*,*,#2050,.F.);
#2050 = EDGE_CURVE('',#113,#2028,#2051,.T.);
#2051 = SURFACE_CURVE('',#2052,(#2056,#2063),.PCURVE_S1.);
#2052 = LINE('',#2053,#2054);
#2053 = CARTESIAN_POINT('',(0.,75.,32.));
#2054 = VECTOR('',#2055,1.);
#2055 = DIRECTION('',(1.,0.,0.));
#2056 = PCURVE('',#156,#2057);
#2057 = DEFINITIONAL_REPRESENTATION('',(#2058),#2062);
#2058 = LINE('',#2059,#2060);
#2059 = CARTESIAN_POINT('',(0.,150.));
#2060 = VECTOR('',#2061,1.);
#2061 = DIRECTION('',(1.,0.));
#2062 = ( GEOMETRIC_REPRESENTATION_CONTEXT(2) 
PARAMETRIC_REPRESENTATION_CONTEXT() REPRESENTATION_CONTEXT('2D SPACE',''
  ) );
#2063 = PCURVE('',#128,#2064);
#2064 = DEFINITIONAL_REPRESENTATION('',(#2065),#2069);
#2065 = LINE('',#2066,#2067);
#2066 = CARTESIAN_POINT('',(32.,0.));
#2067 = VECTOR('',#2068,1.);
#2068 = DIRECTION('',(0.,1.));
#2069 = ( GEOMETRIC_REPRESENTATION_CONTEXT(2) 
PARAMETRIC_REPRESENTATION_CONTEXT() REPRESENTATION_CONTEXT('2D SPACE',''
  ) );
#2070 = ADVANCED_FACE('',(#2071),#128,.T.);
#2071 = FACE_BOUND('',#2072,.T.);
#2072 = EDGE_LOOP('',(#2073,#2096,#2097,#2098));
#2073 = ORIENTED_EDGE('',*,*,#2074,.F.);
#2074 = EDGE_CURVE('',#85,#2075,#2077,.T.);
#2075 = VERTEX_POINT('',#2076);
#2076 = CARTESIAN_POINT('',(200.,75.,0.));
#2077 = SURFACE_CURVE('',#2078,(#2082,#2089),.PCURVE_S1.);
#2078 = LINE('',#2079,#2080);
#2079 = CARTESIAN_POINT('',(0.,75.,0.));
#2080 = VECTOR('',#2081,1.);
#2081 = DIRECTION('',(1.,0.,0.));
#2082 = PCURVE('',#128,#2083);
#2083 = DEFINITIONAL_REPRESENTATION('',(#2084),#2088);
#2084 = LINE('',#2085,#2086);
#2085 = CARTESIAN_POINT('',(0.,0.));
#2086 = VECTOR('',#2087,1.);
#2087 = DIRECTION('',(0.,1.));
#2088 = ( GEOMETRIC_REPRESENTATION_CONTEXT(2) 
PARAMETRIC_REPRESENTATION_CONTEXT() REPRESENTATION_CONTEXT('2D SPACE',''
  ) );
#2089 = PCURVE('',#100,#2090);
#2090 = DEFINITIONAL_REPRESENTATION('',(#2091),#2095);
#2091 = LINE('',#2092,#2093);
#2092 = CARTESIAN_POINT('',(0.,150.));
#2093 = VECTOR('',#2094,1.);
#2094 = DIRECTION('',(1.,0.));
#2095 = ( GEOMETRIC_REPRESENTATION_CONTEXT(2) 
PARAMETRIC_REPRESENTATION_CONTEXT() REPRESENTATION_CONTEXT('2D SPACE',''
  ) );
#2096 = ORIENTED_EDGE('',*,*,#112,.T.);
#2097 = ORIENTED_EDGE('',*,*,#2050,.T.);
#2098 = ORIENTED_EDGE('',*,*,#2099,.F.);
#2099 = EDGE_CURVE('',#2075,#2028,#2100,.T.);
#2100 = SURFACE_CURVE('',#2101,(#2105,#2112),.PCURVE_S1.);
#2101 = LINE('',#2102,#2103);
#2102 = CARTESIAN_POINT('',(200.,75.,0.));
#2103 = VECTOR('',#2104,1.);
#2104 = DIRECTION('',(0.,0.,1.));
#2105 = PCURVE('',#128,#2106);
#2106 = DEFINITIONAL_REPRESENTATION('',(#2107),#2111);
#2107 = LINE('',#2108,#2109);
#2108 = CARTESIAN_POINT('',(0.,200.));
#2109 = VECTOR('',#2110,1.);
#2110 = DIRECTION('',(1.,0.));
#2111 = ( GEOMETRIC_REPRESENTATION_CONTEXT(2) 
PARAMETRIC_REPRESENTATION_CONTEXT() REPRESENTATION_CONTEXT('2D SPACE',''
  ) );
#2112 = PCURVE('',#393,#2113);
#2113 = DEFINITIONAL_REPRESENTATION('',(#2114),#2118);
#2114 = LINE('',#2115,#2116);
#2115 = CARTESIAN_POINT('',(0.,-150.));
#2116 = VECTOR('',#2117,1.);
#2117 = DIRECTION('',(1.,0.));
#2118 = ( GEOMETRIC_REPRESENTATION_CONTEXT(2) 
PARAMETRIC_REPRESENTATION_CONTEXT() REPRESENTATION_CONTEXT('2D SPACE',''
  ) );
#2119 = ADVANCED_FACE('',(#2120,#2168,#2278,#2389,#2491),#100,.F.);
#2120 = FACE_BOUND('',#2121,.F.);
#2121 = EDGE_LOOP('',(#2122,#2123,#2146,#2167));
#2122 = ORIENTED_EDGE('',*,*,#84,.F.);
#2123 = ORIENTED_EDGE('',*,*,#2124,.T.);
#2124 = EDGE_CURVE('',#57,#2125,#2127,.T.);
#2125 = VERTEX_POINT('',#2126);
#2126 = CARTESIAN_POINT('',(200.,-75.,0.));
#2127 = SURFACE_CURVE('',#2128,(#2132,#2139),.PCURVE_S1.);
#2128 = LINE('',#2129,#2130);
#2129 = CARTESIAN_POINT('',(0.,-75.,0.));
#2130 = VECTOR('',#2131,1.);
#2131 = DIRECTION('',(1.,0.,0.));
#2132 = PCURVE('',#100,#2133);
#2133 = DEFINITIONAL_REPRESENTATION('',(#2134),#2138);
#2134 = LINE('',#2135,#2136);
#2135 = CARTESIAN_POINT('',(0.,0.));
#2136 = VECTOR('',#2137,1.);
#2137 = DIRECTION('',(1.,0.));
#2138 = ( GEOMETRIC_REPRESENTATION_CONTEXT(2) 
PARAMETRIC_REPRESENTATION_CONTEXT() REPRESENTATION_CONTEXT('2D SPACE',''
  ) );
#2139 = PCURVE('',#72,#2140);
#2140 = DEFINITIONAL_REPRESENTATION('',(#2141),#2145);
#2141 = LINE('',#2142,#2143);
#2142 = CARTESIAN_POINT('',(0.,0.));
#2143 = VECTOR('',#2144,1.);
#2144 = DIRECTION('',(0.,1.));
#2145 = ( GEOMETRIC_REPRESENTATION_CONTEXT(2) 
PARAMETRIC_REPRESENTATION_CONTEXT() REPRESENTATION_CONTEXT('2D SPACE',''
  ) );
#2146 = ORIENTED_EDGE('',*,*,#2147,.T.);
#2147 = EDGE_CURVE('',#2125,#2075,#2148,.T.);
#2148 = SURFACE_CURVE('',#2149,(#2153,#2160),.PCURVE_S1.);
#2149 = LINE('',#2150,#2151);
#2150 = CARTESIAN_POINT('',(200.,-75.,0.));
#2151 = VECTOR('',#2152,1.);
#2152 = DIRECTION('',(0.,1.,0.));
#2153 = PCURVE('',#100,#2154);
#2154 = DEFINITIONAL_REPRESENTATION('',(#2155),#2159);
#2155 = LINE('',#2156,#2157);
#2156 = CARTESIAN_POINT('',(200.,0.));
#2157 = VECTOR('',#2158,1.);
#2158 = DIRECTION('',(0.,1.));
#2159 = ( GEOMETRIC_REPRESENTATION_CONTEXT(2) 
PARAMETRIC_REPRESENTATION_CONTEXT() REPRESENTATION_CONTEXT('2D SPACE',''
  ) );
#2160 = PCURVE('',#393,#2161);
#2161 = DEFINITIONAL_REPRESENTATION('',(#2162),#2166);
#2162 = LINE('',#2163,#2164);
#2163 = CARTESIAN_POINT('',(0.,0.));
#2164 = VECTOR('',#2165,1.);
#2165 = DIRECTION('',(0.,-1.));
#2166 = ( GEOMETRIC_REPRESENTATION_CONTEXT(2) 
PARAMETRIC_REPRESENTATION_CONTEXT() REPRESENTATION_CONTEXT('2D SPACE',''
  ) );
#2167 = ORIENTED_EDGE('',*,*,#2074,.F.);
#2168 = FACE_BOUND('',#2169,.F.);
#2169 = EDGE_LOOP('',(#2170,#2199,#2226,#2253));
#2170 = ORIENTED_EDGE('',*,*,#2171,.T.);
#2171 = EDGE_CURVE('',#2172,#2174,#2176,.T.);
#2172 = VERTEX_POINT('',#2173);
#2173 = CARTESIAN_POINT('',(88.,-72.6,0.));
#2174 = VERTEX_POINT('',#2175);
#2175 = CARTESIAN_POINT('',(2.4,-72.6,0.));
#2176 = SURFACE_CURVE('',#2177,(#2181,#2188),.PCURVE_S1.);
#2177 = LINE('',#2178,#2179);
#2178 = CARTESIAN_POINT('',(1.2,-72.6,0.));
#2179 = VECTOR('',#2180,1.);
#2180 = DIRECTION('',(-1.,0.,0.));
#2181 = PCURVE('',#100,#2182);
#2182 = DEFINITIONAL_REPRESENTATION('',(#2183),#2187);
#2183 = LINE('',#2184,#2185);
#2184 = CARTESIAN_POINT('',(1.2,2.4));
#2185 = VECTOR('',#2186,1.);
#2186 = DIRECTION('',(-1.,0.));
#2187 = ( GEOMETRIC_REPRESENTATION_CONTEXT(2) 
PARAMETRIC_REPRESENTATION_CONTEXT() REPRESENTATION_CONTEXT('2D SPACE',''
  ) );
#2188 = PCURVE('',#2189,#2194);
#2189 = PLANE('',#2190);
#2190 = AXIS2_PLACEMENT_3D('',#2191,#2192,#2193);
#2191 = CARTESIAN_POINT('',(2.4,-72.6,-1.));
#2192 = DIRECTION('',(0.,1.,0.));
#2193 = DIRECTION('',(0.,0.,1.));
#2194 = DEFINITIONAL_REPRESENTATION('',(#2195),#2198);
#2195 = B_SPLINE_CURVE_WITH_KNOTS('',1,(#2196,#2197),.UNSPECIFIED.,.F.,
  .F.,(2,2),(-86.8,-1.2),.PIECEWISE_BEZIER_KNOTS.);
#2196 = CARTESIAN_POINT('',(1.,85.6));
#2197 = CARTESIAN_POINT('',(1.,0.));
#2198 = ( GEOMETRIC_REPRESENTATION_CONTEXT(2) 
PARAMETRIC_REPRESENTATION_CONTEXT() REPRESENTATION_CONTEXT('2D SPACE',''
  ) );
#2199 = ORIENTED_EDGE('',*,*,#2200,.T.);
#2200 = EDGE_CURVE('',#2174,#2201,#2203,.T.);
#2201 = VERTEX_POINT('',#2202);
#2202 = CARTESIAN_POINT('',(2.4,72.6,0.));
#2203 = SURFACE_CURVE('',#2204,(#2208,#2215),.PCURVE_S1.);
#2204 = LINE('',#2205,#2206);
#2205 = CARTESIAN_POINT('',(2.4,-73.8,0.));
#2206 = VECTOR('',#2207,1.);
#2207 = DIRECTION('',(0.,1.,0.));
#2208 = PCURVE('',#100,#2209);
#2209 = DEFINITIONAL_REPRESENTATION('',(#2210),#2214);
#2210 = LINE('',#2211,#2212);
#2211 = CARTESIAN_POINT('',(2.4,1.2));
#2212 = VECTOR('',#2213,1.);
#2213 = DIRECTION('',(0.,1.));
#2214 = ( GEOMETRIC_REPRESENTATION_CONTEXT(2) 
PARAMETRIC_REPRESENTATION_CONTEXT() REPRESENTATION_CONTEXT('2D SPACE',''
  ) );
#2215 = PCURVE('',#2216,#2221);
#2216 = PLANE('',#2217);
#2217 = AXIS2_PLACEMENT_3D('',#2218,#2219,#2220);
#2218 = CARTESIAN_POINT('',(2.4,-72.6,-1.));
#2219 = DIRECTION('',(1.,0.,0.));
#2220 = DIRECTION('',(0.,0.,1.));
#2221 = DEFINITIONAL_REPRESENTATION('',(#2222),#2225);
#2222 = B_SPLINE_CURVE_WITH_KNOTS('',1,(#2223,#2224),.UNSPECIFIED.,.F.,
  .F.,(2,2),(1.2,146.4),.PIECEWISE_BEZIER_KNOTS.);
#2223 = CARTESIAN_POINT('',(1.,0.));
#2224 = CARTESIAN_POINT('',(1.,-145.2));
#2225 = ( GEOMETRIC_REPRESENTATION_CONTEXT(2) 
PARAMETRIC_REPRESENTATION_CONTEXT() REPRESENTATION_CONTEXT('2D SPACE',''
  ) );
#2226 = ORIENTED_EDGE('',*,*,#2227,.F.);
#2227 = EDGE_CURVE('',#2228,#2201,#2230,.T.);
#2228 = VERTEX_POINT('',#2229);
#2229 = CARTESIAN_POINT('',(88.,72.6,0.));
#2230 = SURFACE_CURVE('',#2231,(#2235,#2242),.PCURVE_S1.);
#2231 = LINE('',#2232,#2233);
#2232 = CARTESIAN_POINT('',(1.2,72.6,0.));
#2233 = VECTOR('',#2234,1.);
#2234 = DIRECTION('',(-1.,0.,0.));
#2235 = PCURVE('',#100,#2236);
#2236 = DEFINITIONAL_REPRESENTATION('',(#2237),#2241);
#2237 = LINE('',#2238,#2239);
#2238 = CARTESIAN_POINT('',(1.2,147.6));
#2239 = VECTOR('',#2240,1.);
#2240 = DIRECTION('',(-1.,0.));
#2241 = ( GEOMETRIC_REPRESENTATION_CONTEXT(2) 
PARAMETRIC_REPRESENTATION_CONTEXT() REPRESENTATION_CONTEXT('2D SPACE',''
  ) );
#2242 = PCURVE('',#2243,#2248);
#2243 = PLANE('',#2244);
#2244 = AXIS2_PLACEMENT_3D('',#2245,#2246,#2247);
#2245 = CARTESIAN_POINT('',(2.4,72.6,-1.));
#2246 = DIRECTION('',(0.,1.,0.));
#2247 = DIRECTION('',(0.,0.,1.));
#2248 = DEFINITIONAL_REPRESENTATION('',(#2249),#2252);
#2249 = B_SPLINE_CURVE_WITH_KNOTS('',1,(#2250,#2251),.UNSPECIFIED.,.F.,
  .F.,(2,2),(-86.8,-1.2),.PIECEWISE_BEZIER_KNOTS.);
#2250 = CARTESIAN_POINT('',(1.,85.6));
#2251 = CARTESIAN_POINT('',(1.,0.));
#2252 = ( GEOMETRIC_REPRESENTATION_CONTEXT(2) 
PARAMETRIC_REPRESENTATION_CONTEXT() REPRESENTATION_CONTEXT('2D SPACE',''
  ) );
#2253 = ORIENTED_EDGE('',*,*,#2254,.F.);
#2254 = EDGE_CURVE('',#2172,#2228,#2255,.T.);
#2255 = SURFACE_CURVE('',#2256,(#2260,#2267),.PCURVE_S1.);
#2256 = LINE('',#2257,#2258);
#2257 = CARTESIAN_POINT('',(88.,-73.8,0.));
#2258 = VECTOR('',#2259,1.);
#2259 = DIRECTION('',(0.,1.,0.));
#2260 = PCURVE('',#100,#2261);
#2261 = DEFINITIONAL_REPRESENTATION('',(#2262),#2266);
#2262 = LINE('',#2263,#2264);
#2263 = CARTESIAN_POINT('',(88.,1.2));
#2264 = VECTOR('',#2265,1.);
#2265 = DIRECTION('',(0.,1.));
#2266 = ( GEOMETRIC_REPRESENTATION_CONTEXT(2) 
PARAMETRIC_REPRESENTATION_CONTEXT() REPRESENTATION_CONTEXT('2D SPACE',''
  ) );
#2267 = PCURVE('',#2268,#2273);
#2268 = PLANE('',#2269);
#2269 = AXIS2_PLACEMENT_3D('',#2270,#2271,#2272);
#2270 = CARTESIAN_POINT('',(88.,-72.6,-1.));
#2271 = DIRECTION('',(1.,0.,0.));
#2272 = DIRECTION('',(0.,0.,1.));
#2273 = DEFINITIONAL_REPRESENTATION('',(#2274),#2277);
#2274 = B_SPLINE_CURVE_WITH_KNOTS('',1,(#2275,#2276),.UNSPECIFIED.,.F.,
  .F.,(2,2),(1.2,146.4),.PIECEWISE_BEZIER_KNOTS.);
#2275 = CARTESIAN_POINT('',(1.,0.));
#2276 = CARTESIAN_POINT('',(1.,-145.2));
#2277 = ( GEOMETRIC_REPRESENTATION_CONTEXT(2) 
PARAMETRIC_REPRESENTATION_CONTEXT() REPRESENTATION_CONTEXT('2D SPACE',''
  ) );
#2278 = FACE_BOUND('',#2279,.F.);
#2279 = EDGE_LOOP('',(#2280,#2309,#2336,#2364));
#2280 = ORIENTED_EDGE('',*,*,#2281,.T.);
#2281 = EDGE_CURVE('',#2282,#2284,#2286,.T.);
#2282 = VERTEX_POINT('',#2283);
#2283 = CARTESIAN_POINT('',(197.6,-72.6,0.));
#2284 = VERTEX_POINT('',#2285);
#2285 = CARTESIAN_POINT('',(90.4,-72.6,0.));
#2286 = SURFACE_CURVE('',#2287,(#2291,#2298),.PCURVE_S1.);
#2287 = LINE('',#2288,#2289);
#2288 = CARTESIAN_POINT('',(45.2,-72.6,0.));
#2289 = VECTOR('',#2290,1.);
#2290 = DIRECTION('',(-1.,0.,0.));
#2291 = PCURVE('',#100,#2292);
#2292 = DEFINITIONAL_REPRESENTATION('',(#2293),#2297);
#2293 = LINE('',#2294,#2295);
#2294 = CARTESIAN_POINT('',(45.2,2.4));
#2295 = VECTOR('',#2296,1.);
#2296 = DIRECTION('',(-1.,0.));
#2297 = ( GEOMETRIC_REPRESENTATION_CONTEXT(2) 
PARAMETRIC_REPRESENTATION_CONTEXT() REPRESENTATION_CONTEXT('2D SPACE',''
  ) );
#2298 = PCURVE('',#2299,#2304);
#2299 = PLANE('',#2300);
#2300 = AXIS2_PLACEMENT_3D('',#2301,#2302,#2303);
#2301 = CARTESIAN_POINT('',(90.4,-72.6,-1.));
#2302 = DIRECTION('',(0.,1.,0.));
#2303 = DIRECTION('',(0.,0.,1.));
#2304 = DEFINITIONAL_REPRESENTATION('',(#2305),#2308);
#2305 = B_SPLINE_CURVE_WITH_KNOTS('',1,(#2306,#2307),.UNSPECIFIED.,.F.,
  .F.,(2,2),(-152.4,-45.2),.PIECEWISE_BEZIER_KNOTS.);
#2306 = CARTESIAN_POINT('',(1.,107.2));
#2307 = CARTESIAN_POINT('',(1.,0.));
#2308 = ( GEOMETRIC_REPRESENTATION_CONTEXT(2) 
PARAMETRIC_REPRESENTATION_CONTEXT() REPRESENTATION_CONTEXT('2D SPACE',''
  ) );
#2309 = ORIENTED_EDGE('',*,*,#2310,.T.);
#2310 = EDGE_CURVE('',#2284,#2311,#2313,.T.);
#2311 = VERTEX_POINT('',#2312);
#2312 = CARTESIAN_POINT('',(90.4,-63.2,0.));
#2313 = SURFACE_CURVE('',#2314,(#2318,#2325),.PCURVE_S1.);
#2314 = LINE('',#2315,#2316);
#2315 = CARTESIAN_POINT('',(90.4,-73.8,0.));
#2316 = VECTOR('',#2317,1.);
#2317 = DIRECTION('',(0.,1.,0.));
#2318 = PCURVE('',#100,#2319);
#2319 = DEFINITIONAL_REPRESENTATION('',(#2320),#2324);
#2320 = LINE('',#2321,#2322);
#2321 = CARTESIAN_POINT('',(90.4,1.2));
#2322 = VECTOR('',#2323,1.);
#2323 = DIRECTION('',(0.,1.));
#2324 = ( GEOMETRIC_REPRESENTATION_CONTEXT(2) 
PARAMETRIC_REPRESENTATION_CONTEXT() REPRESENTATION_CONTEXT('2D SPACE',''
  ) );
#2325 = PCURVE('',#2326,#2331);
#2326 = PLANE('',#2327);
#2327 = AXIS2_PLACEMENT_3D('',#2328,#2329,#2330);
#2328 = CARTESIAN_POINT('',(90.4,-72.6,-1.));
#2329 = DIRECTION('',(1.,0.,0.));
#2330 = DIRECTION('',(0.,0.,1.));
#2331 = DEFINITIONAL_REPRESENTATION('',(#2332),#2335);
#2332 = B_SPLINE_CURVE_WITH_KNOTS('',1,(#2333,#2334),.UNSPECIFIED.,.F.,
  .F.,(2,2),(1.2,146.4),.PIECEWISE_BEZIER_KNOTS.);
#2333 = CARTESIAN_POINT('',(1.,0.));
#2334 = CARTESIAN_POINT('',(1.,-145.2));
#2335 = ( GEOMETRIC_REPRESENTATION_CONTEXT(2) 
PARAMETRIC_REPRESENTATION_CONTEXT() REPRESENTATION_CONTEXT('2D SPACE',''
  ) );
#2336 = ORIENTED_EDGE('',*,*,#2337,.T.);
#2337 = EDGE_CURVE('',#2311,#2338,#2340,.T.);
#2338 = VERTEX_POINT('',#2339);
#2339 = CARTESIAN_POINT('',(197.6,-63.2,0.));
#2340 = SURFACE_CURVE('',#2341,(#2345,#2352),.PCURVE_S1.);
#2341 = LINE('',#2342,#2343);
#2342 = CARTESIAN_POINT('',(90.4,-63.2,0.));
#2343 = VECTOR('',#2344,1.);
#2344 = DIRECTION('',(1.,0.,0.));
#2345 = PCURVE('',#100,#2346);
#2346 = DEFINITIONAL_REPRESENTATION('',(#2347),#2351);
#2347 = LINE('',#2348,#2349);
#2348 = CARTESIAN_POINT('',(90.4,11.8));
#2349 = VECTOR('',#2350,1.);
#2350 = DIRECTION('',(1.,0.));
#2351 = ( GEOMETRIC_REPRESENTATION_CONTEXT(2) 
PARAMETRIC_REPRESENTATION_CONTEXT() REPRESENTATION_CONTEXT('2D SPACE',''
  ) );
#2352 = PCURVE('',#2353,#2358);
#2353 = PLANE('',#2354);
#2354 = AXIS2_PLACEMENT_3D('',#2355,#2356,#2357);
#2355 = CARTESIAN_POINT('',(90.4,-63.2,0.));
#2356 = DIRECTION('',(0.,1.,0.));
#2357 = DIRECTION('',(0.,0.,1.));
#2358 = DEFINITIONAL_REPRESENTATION('',(#2359),#2363);
#2359 = LINE('',#2360,#2361);
#2360 = CARTESIAN_POINT('',(0.,0.));
#2361 = VECTOR('',#2362,1.);
#2362 = DIRECTION('',(0.,1.));
#2363 = ( GEOMETRIC_REPRESENTATION_CONTEXT(2) 
PARAMETRIC_REPRESENTATION_CONTEXT() REPRESENTATION_CONTEXT('2D SPACE',''
  ) );
#2364 = ORIENTED_EDGE('',*,*,#2365,.F.);
#2365 = EDGE_CURVE('',#2282,#2338,#2366,.T.);
#2366 = SURFACE_CURVE('',#2367,(#2371,#2378),.PCURVE_S1.);
#2367 = LINE('',#2368,#2369);
#2368 = CARTESIAN_POINT('',(197.6,-73.8,0.));
#2369 = VECTOR('',#2370,1.);
#2370 = DIRECTION('',(0.,1.,0.));
#2371 = PCURVE('',#100,#2372);
#2372 = DEFINITIONAL_REPRESENTATION('',(#2373),#2377);
#2373 = LINE('',#2374,#2375);
#2374 = CARTESIAN_POINT('',(197.6,1.2));
#2375 = VECTOR('',#2376,1.);
#2376 = DIRECTION('',(0.,1.));
#2377 = ( GEOMETRIC_REPRESENTATION_CONTEXT(2) 
PARAMETRIC_REPRESENTATION_CONTEXT() REPRESENTATION_CONTEXT('2D SPACE',''
  ) );
#2378 = PCURVE('',#2379,#2384);
#2379 = PLANE('',#2380);
#2380 = AXIS2_PLACEMENT_3D('',#2381,#2382,#2383);
#2381 = CARTESIAN_POINT('',(197.6,-72.6,-1.));
#2382 = DIRECTION('',(1.,0.,0.));
#2383 = DIRECTION('',(0.,0.,1.));
#2384 = DEFINITIONAL_REPRESENTATION('',(#2385),#2388);
#2385 = B_SPLINE_CURVE_WITH_KNOTS('',1,(#2386,#2387),.UNSPECIFIED.,.F.,
  .F.,(2,2),(1.2,146.4),.PIECEWISE_BEZIER_KNOTS.);
#2386 = CARTESIAN_POINT('',(1.,0.));
#2387 = CARTESIAN_POINT('',(1.,-145.2));
#2388 = ( GEOMETRIC_REPRESENTATION_CONTEXT(2) 
PARAMETRIC_REPRESENTATION_CONTEXT() REPRESENTATION_CONTEXT('2D SPACE',''
  ) );
#2389 = FACE_BOUND('',#2390,.F.);
#2390 = EDGE_LOOP('',(#2391,#2415,#2443,#2465));
#2391 = ORIENTED_EDGE('',*,*,#2392,.F.);
#2392 = EDGE_CURVE('',#2393,#2395,#2397,.T.);
#2393 = VERTEX_POINT('',#2394);
#2394 = CARTESIAN_POINT('',(197.6,-60.8,0.));
#2395 = VERTEX_POINT('',#2396);
#2396 = CARTESIAN_POINT('',(197.6,60.8,0.));
#2397 = SURFACE_CURVE('',#2398,(#2402,#2409),.PCURVE_S1.);
#2398 = LINE('',#2399,#2400);
#2399 = CARTESIAN_POINT('',(197.6,-73.8,0.));
#2400 = VECTOR('',#2401,1.);
#2401 = DIRECTION('',(0.,1.,0.));
#2402 = PCURVE('',#100,#2403);
#2403 = DEFINITIONAL_REPRESENTATION('',(#2404),#2408);
#2404 = LINE('',#2405,#2406);
#2405 = CARTESIAN_POINT('',(197.6,1.2));
#2406 = VECTOR('',#2407,1.);
#2407 = DIRECTION('',(0.,1.));
#2408 = ( GEOMETRIC_REPRESENTATION_CONTEXT(2) 
PARAMETRIC_REPRESENTATION_CONTEXT() REPRESENTATION_CONTEXT('2D SPACE',''
  ) );
#2409 = PCURVE('',#2379,#2410);
#2410 = DEFINITIONAL_REPRESENTATION('',(#2411),#2414);
#2411 = B_SPLINE_CURVE_WITH_KNOTS('',1,(#2412,#2413),.UNSPECIFIED.,.F.,
  .F.,(2,2),(1.2,146.4),.PIECEWISE_BEZIER_KNOTS.);
#2412 = CARTESIAN_POINT('',(1.,0.));
#2413 = CARTESIAN_POINT('',(1.,-145.2));
#2414 = ( GEOMETRIC_REPRESENTATION_CONTEXT(2) 
PARAMETRIC_REPRESENTATION_CONTEXT() REPRESENTATION_CONTEXT('2D SPACE',''
  ) );
#2415 = ORIENTED_EDGE('',*,*,#2416,.F.);
#2416 = EDGE_CURVE('',#2417,#2393,#2419,.T.);
#2417 = VERTEX_POINT('',#2418);
#2418 = CARTESIAN_POINT('',(90.4,-60.8,0.));
#2419 = SURFACE_CURVE('',#2420,(#2424,#2431),.PCURVE_S1.);
#2420 = LINE('',#2421,#2422);
#2421 = CARTESIAN_POINT('',(90.4,-60.8,0.));
#2422 = VECTOR('',#2423,1.);
#2423 = DIRECTION('',(1.,0.,0.));
#2424 = PCURVE('',#100,#2425);
#2425 = DEFINITIONAL_REPRESENTATION('',(#2426),#2430);
#2426 = LINE('',#2427,#2428);
#2427 = CARTESIAN_POINT('',(90.4,14.2));
#2428 = VECTOR('',#2429,1.);
#2429 = DIRECTION('',(1.,0.));
#2430 = ( GEOMETRIC_REPRESENTATION_CONTEXT(2) 
PARAMETRIC_REPRESENTATION_CONTEXT() REPRESENTATION_CONTEXT('2D SPACE',''
  ) );
#2431 = PCURVE('',#2432,#2437);
#2432 = PLANE('',#2433);
#2433 = AXIS2_PLACEMENT_3D('',#2434,#2435,#2436);
#2434 = CARTESIAN_POINT('',(90.4,-60.8,0.));
#2435 = DIRECTION('',(0.,1.,0.));
#2436 = DIRECTION('',(0.,0.,1.));
#2437 = DEFINITIONAL_REPRESENTATION('',(#2438),#2442);
#2438 = LINE('',#2439,#2440);
#2439 = CARTESIAN_POINT('',(0.,0.));
#2440 = VECTOR('',#2441,1.);
#2441 = DIRECTION('',(0.,1.));
#2442 = ( GEOMETRIC_REPRESENTATION_CONTEXT(2) 
PARAMETRIC_REPRESENTATION_CONTEXT() REPRESENTATION_CONTEXT('2D SPACE',''
  ) );
#2443 = ORIENTED_EDGE('',*,*,#2444,.T.);
#2444 = EDGE_CURVE('',#2417,#2445,#2447,.T.);
#2445 = VERTEX_POINT('',#2446);
#2446 = CARTESIAN_POINT('',(90.4,60.8,0.));
#2447 = SURFACE_CURVE('',#2448,(#2452,#2459),.PCURVE_S1.);
#2448 = LINE('',#2449,#2450);
#2449 = CARTESIAN_POINT('',(90.4,-73.8,0.));
#2450 = VECTOR('',#2451,1.);
#2451 = DIRECTION('',(0.,1.,0.));
#2452 = PCURVE('',#100,#2453);
#2453 = DEFINITIONAL_REPRESENTATION('',(#2454),#2458);
#2454 = LINE('',#2455,#2456);
#2455 = CARTESIAN_POINT('',(90.4,1.2));
#2456 = VECTOR('',#2457,1.);
#2457 = DIRECTION('',(0.,1.));
#2458 = ( GEOMETRIC_REPRESENTATION_CONTEXT(2) 
PARAMETRIC_REPRESENTATION_CONTEXT() REPRESENTATION_CONTEXT('2D SPACE',''
  ) );
#2459 = PCURVE('',#2326,#2460);
#2460 = DEFINITIONAL_REPRESENTATION('',(#2461),#2464);
#2461 = B_SPLINE_CURVE_WITH_KNOTS('',1,(#2462,#2463),.UNSPECIFIED.,.F.,
  .F.,(2,2),(1.2,146.4),.PIECEWISE_BEZIER_KNOTS.);
#2462 = CARTESIAN_POINT('',(1.,0.));
#2463 = CARTESIAN_POINT('',(1.,-145.2));
#2464 = ( GEOMETRIC_REPRESENTATION_CONTEXT(2) 
PARAMETRIC_REPRESENTATION_CONTEXT() REPRESENTATION_CONTEXT('2D SPACE',''
  ) );
#2465 = ORIENTED_EDGE('',*,*,#2466,.T.);
#2466 = EDGE_CURVE('',#2445,#2395,#2467,.T.);
#2467 = SURFACE_CURVE('',#2468,(#2472,#2479),.PCURVE_S1.);
#2468 = LINE('',#2469,#2470);
#2469 = CARTESIAN_POINT('',(90.4,60.8,0.));
#2470 = VECTOR('',#2471,1.);
#2471 = DIRECTION('',(1.,0.,0.));
#2472 = PCURVE('',#100,#2473);
#2473 = DEFINITIONAL_REPRESENTATION('',(#2474),#2478);
#2474 = LINE('',#2475,#2476);
#2475 = CARTESIAN_POINT('',(90.4,135.8));
#2476 = VECTOR('',#2477,1.);
#2477 = DIRECTION('',(1.,0.));
#2478 = ( GEOMETRIC_REPRESENTATION_CONTEXT(2) 
PARAMETRIC_REPRESENTATION_CONTEXT() REPRESENTATION_CONTEXT('2D SPACE',''
  ) );
#2479 = PCURVE('',#2480,#2485);
#2480 = PLANE('',#2481);
#2481 = AXIS2_PLACEMENT_3D('',#2482,#2483,#2484);
#2482 = CARTESIAN_POINT('',(90.4,60.8,0.));
#2483 = DIRECTION('',(0.,1.,0.));
#2484 = DIRECTION('',(0.,0.,1.));
#2485 = DEFINITIONAL_REPRESENTATION('',(#2486),#2490);
#2486 = LINE('',#2487,#2488);
#2487 = CARTESIAN_POINT('',(0.,0.));
#2488 = VECTOR('',#2489,1.);
#2489 = DIRECTION('',(0.,1.));
#2490 = ( GEOMETRIC_REPRESENTATION_CONTEXT(2) 
PARAMETRIC_REPRESENTATION_CONTEXT() REPRESENTATION_CONTEXT('2D SPACE',''
  ) );
#2491 = FACE_BOUND('',#2492,.F.);
#2492 = EDGE_LOOP('',(#2493,#2517,#2545,#2567));
#2493 = ORIENTED_EDGE('',*,*,#2494,.F.);
#2494 = EDGE_CURVE('',#2495,#2497,#2499,.T.);
#2495 = VERTEX_POINT('',#2496);
#2496 = CARTESIAN_POINT('',(197.6,63.2,0.));
#2497 = VERTEX_POINT('',#2498);
#2498 = CARTESIAN_POINT('',(197.6,72.6,0.));
#2499 = SURFACE_CURVE('',#2500,(#2504,#2511),.PCURVE_S1.);
#2500 = LINE('',#2501,#2502);
#2501 = CARTESIAN_POINT('',(197.6,-73.8,0.));
#2502 = VECTOR('',#2503,1.);
#2503 = DIRECTION('',(0.,1.,0.));
#2504 = PCURVE('',#100,#2505);
#2505 = DEFINITIONAL_REPRESENTATION('',(#2506),#2510);
#2506 = LINE('',#2507,#2508);
#2507 = CARTESIAN_POINT('',(197.6,1.2));
#2508 = VECTOR('',#2509,1.);
#2509 = DIRECTION('',(0.,1.));
#2510 = ( GEOMETRIC_REPRESENTATION_CONTEXT(2) 
PARAMETRIC_REPRESENTATION_CONTEXT() REPRESENTATION_CONTEXT('2D SPACE',''
  ) );
#2511 = PCURVE('',#2379,#2512);
#2512 = DEFINITIONAL_REPRESENTATION('',(#2513),#2516);
#2513 = B_SPLINE_CURVE_WITH_KNOTS('',1,(#2514,#2515),.UNSPECIFIED.,.F.,
  .F.,(2,2),(1.2,146.4),.PIECEWISE_BEZIER_KNOTS.);
#2514 = CARTESIAN_POINT('',(1.,0.));
#2515 = CARTESIAN_POINT('',(1.,-145.2));
#2516 = ( GEOMETRIC_REPRESENTATION_CONTEXT(2) 
PARAMETRIC_REPRESENTATION_CONTEXT() REPRESENTATION_CONTEXT('2D SPACE',''
  ) );
#2517 = ORIENTED_EDGE('',*,*,#2518,.F.);
#2518 = EDGE_CURVE('',#2519,#2495,#2521,.T.);
#2519 = VERTEX_POINT('',#2520);
#2520 = CARTESIAN_POINT('',(90.4,63.2,0.));
#2521 = SURFACE_CURVE('',#2522,(#2526,#2533),.PCURVE_S1.);
#2522 = LINE('',#2523,#2524);
#2523 = CARTESIAN_POINT('',(90.4,63.2,0.));
#2524 = VECTOR('',#2525,1.);
#2525 = DIRECTION('',(1.,0.,0.));
#2526 = PCURVE('',#100,#2527);
#2527 = DEFINITIONAL_REPRESENTATION('',(#2528),#2532);
#2528 = LINE('',#2529,#2530);
#2529 = CARTESIAN_POINT('',(90.4,138.2));
#2530 = VECTOR('',#2531,1.);
#2531 = DIRECTION('',(1.,0.));
#2532 = ( GEOMETRIC_REPRESENTATION_CONTEXT(2) 
PARAMETRIC_REPRESENTATION_CONTEXT() REPRESENTATION_CONTEXT('2D SPACE',''
  ) );
#2533 = PCURVE('',#2534,#2539);
#2534 = PLANE('',#2535);
#2535 = AXIS2_PLACEMENT_3D('',#2536,#2537,#2538);
#2536 = CARTESIAN_POINT('',(90.4,63.2,0.));
#2537 = DIRECTION('',(0.,1.,0.));
#2538 = DIRECTION('',(0.,0.,1.));
#2539 = DEFINITIONAL_REPRESENTATION('',(#2540),#2544);
#2540 = LINE('',#2541,#2542);
#2541 = CARTESIAN_POINT('',(0.,0.));
#2542 = VECTOR('',#2543,1.);
#2543 = DIRECTION('',(0.,1.));
#2544 = ( GEOMETRIC_REPRESENTATION_CONTEXT(2) 
PARAMETRIC_REPRESENTATION_CONTEXT() REPRESENTATION_CONTEXT('2D SPACE',''
  ) );
#2545 = ORIENTED_EDGE('',*,*,#2546,.T.);
#2546 = EDGE_CURVE('',#2519,#2547,#2549,.T.);
#2547 = VERTEX_POINT('',#2548);
#2548 = CARTESIAN_POINT('',(90.4,72.6,0.));
#2549 = SURFACE_CURVE('',#2550,(#2554,#2561),.PCURVE_S1.);
#2550 = LINE('',#2551,#2552);
#2551 = CARTESIAN_POINT('',(90.4,-73.8,0.));
#2552 = VECTOR('',#2553,1.);
#2553 = DIRECTION('',(0.,1.,0.));
#2554 = PCURVE('',#100,#2555);
#2555 = DEFINITIONAL_REPRESENTATION('',(#2556),#2560);
#2556 = LINE('',#2557,#2558);
#2557 = CARTESIAN_POINT('',(90.4,1.2));
#2558 = VECTOR('',#2559,1.);
#2559 = DIRECTION('',(0.,1.));
#2560 = ( GEOMETRIC_REPRESENTATION_CONTEXT(2) 
PARAMETRIC_REPRESENTATION_CONTEXT() REPRESENTATION_CONTEXT('2D SPACE',''
  ) );
#2561 = PCURVE('',#2326,#2562);
#2562 = DEFINITIONAL_REPRESENTATION('',(#2563),#2566);
#2563 = B_SPLINE_CURVE_WITH_KNOTS('',1,(#2564,#2565),.UNSPECIFIED.,.F.,
  .F.,(2,2),(1.2,146.4),.PIECEWISE_BEZIER_KNOTS.);
#2564 = CARTESIAN_POINT('',(1.,0.));
#2565 = CARTESIAN_POINT('',(1.,-145.2));
#2566 = ( GEOMETRIC_REPRESENTATION_CONTEXT(2) 
PARAMETRIC_REPRESENTATION_CONTEXT() REPRESENTATION_CONTEXT('2D SPACE',''
  ) );
#2567 = ORIENTED_EDGE('',*,*,#2568,.F.);
#2568 = EDGE_CURVE('',#2497,#2547,#2569,.T.);
#2569 = SURFACE_CURVE('',#2570,(#2574,#2581),.PCURVE_S1.);
#2570 = LINE('',#2571,#2572);
#2571 = CARTESIAN_POINT('',(45.2,72.6,0.));
#2572 = VECTOR('',#2573,1.);
#2573 = DIRECTION('',(-1.,0.,0.));
#2574 = PCURVE('',#100,#2575);
#2575 = DEFINITIONAL_REPRESENTATION('',(#2576),#2580);
#2576 = LINE('',#2577,#2578);
#2577 = CARTESIAN_POINT('',(45.2,147.6));
#2578 = VECTOR('',#2579,1.);
#2579 = DIRECTION('',(-1.,0.));
#2580 = ( GEOMETRIC_REPRESENTATION_CONTEXT(2) 
PARAMETRIC_REPRESENTATION_CONTEXT() REPRESENTATION_CONTEXT('2D SPACE',''
  ) );
#2581 = PCURVE('',#2582,#2587);
#2582 = PLANE('',#2583);
#2583 = AXIS2_PLACEMENT_3D('',#2584,#2585,#2586);
#2584 = CARTESIAN_POINT('',(90.4,72.6,-1.));
#2585 = DIRECTION('',(0.,1.,0.));
#2586 = DIRECTION('',(0.,0.,1.));
#2587 = DEFINITIONAL_REPRESENTATION('',(#2588),#2591);
#2588 = B_SPLINE_CURVE_WITH_KNOTS('',1,(#2589,#2590),.UNSPECIFIED.,.F.,
  .F.,(2,2),(-152.4,-45.2),.PIECEWISE_BEZIER_KNOTS.);
#2589 = CARTESIAN_POINT('',(1.,107.2));
#2590 = CARTESIAN_POINT('',(1.,0.));
#2591 = ( GEOMETRIC_REPRESENTATION_CONTEXT(2) 
PARAMETRIC_REPRESENTATION_CONTEXT() REPRESENTATION_CONTEXT('2D SPACE',''
  ) );
#2592 = ADVANCED_FACE('',(#2593,#2619),#72,.F.);
#2593 = FACE_BOUND('',#2594,.F.);
#2594 = EDGE_LOOP('',(#2595,#2596,#2597,#2598));
#2595 = ORIENTED_EDGE('',*,*,#2124,.F.);
#2596 = ORIENTED_EDGE('',*,*,#56,.T.);
#2597 = ORIENTED_EDGE('',*,*,#354,.T.);
#2598 = ORIENTED_EDGE('',*,*,#2599,.F.);
#2599 = EDGE_CURVE('',#2125,#355,#2600,.T.);
#2600 = SURFACE_CURVE('',#2601,(#2605,#2612),.PCURVE_S1.);
#2601 = LINE('',#2602,#2603);
#2602 = CARTESIAN_POINT('',(200.,-75.,0.));
#2603 = VECTOR('',#2604,1.);
#2604 = DIRECTION('',(0.,0.,1.));
#2605 = PCURVE('',#72,#2606);
#2606 = DEFINITIONAL_REPRESENTATION('',(#2607),#2611);
#2607 = LINE('',#2608,#2609);
#2608 = CARTESIAN_POINT('',(0.,200.));
#2609 = VECTOR('',#2610,1.);
#2610 = DIRECTION('',(1.,0.));
#2611 = ( GEOMETRIC_REPRESENTATION_CONTEXT(2) 
PARAMETRIC_REPRESENTATION_CONTEXT() REPRESENTATION_CONTEXT('2D SPACE',''
  ) );
#2612 = PCURVE('',#393,#2613);
#2613 = DEFINITIONAL_REPRESENTATION('',(#2614),#2618);
#2614 = LINE('',#2615,#2616);
#2615 = CARTESIAN_POINT('',(0.,0.));
#2616 = VECTOR('',#2617,1.);
#2617 = DIRECTION('',(1.,0.));
#2618 = ( GEOMETRIC_REPRESENTATION_CONTEXT(2) 
PARAMETRIC_REPRESENTATION_CONTEXT() REPRESENTATION_CONTEXT('2D SPACE',''
  ) );
#2619 = FACE_BOUND('',#2620,.F.);
#2620 = EDGE_LOOP('',(#2621));
#2621 = ORIENTED_EDGE('',*,*,#2622,.T.);
#2622 = EDGE_CURVE('',#2623,#2623,#2625,.T.);
#2623 = VERTEX_POINT('',#2624);
#2624 = CARTESIAN_POINT('',(51.25,-75.,15.));
#2625 = SURFACE_CURVE('',#2626,(#2631,#2642),.PCURVE_S1.);
#2626 = CIRCLE('',#2627,6.25);
#2627 = AXIS2_PLACEMENT_3D('',#2628,#2629,#2630);
#2628 = CARTESIAN_POINT('',(45.,-75.,15.));
#2629 = DIRECTION('',(0.,-1.,0.));
#2630 = DIRECTION('',(1.,0.,0.));
#2631 = PCURVE('',#72,#2632);
#2632 = DEFINITIONAL_REPRESENTATION('',(#2633),#2641);
#2633 = ( BOUNDED_CURVE() B_SPLINE_CURVE(2,(#2634,#2635,#2636,#2637,
#2638,#2639,#2640),.UNSPECIFIED.,.T.,.F.) B_SPLINE_CURVE_WITH_KNOTS((1,2
    ,2,2,2,1),(-2.094395102393,0.,2.094395102393,4.188790204786,
6.28318530718,8.377580409573),.UNSPECIFIED.) CURVE() 
GEOMETRIC_REPRESENTATION_ITEM() RATIONAL_B_SPLINE_CURVE((1.,0.5,1.,0.5,
1.,0.5,1.)) REPRESENTATION_ITEM('') );
#2634 = CARTESIAN_POINT('',(15.,51.25));
#2635 = CARTESIAN_POINT('',(25.825317547305,51.25));
#2636 = CARTESIAN_POINT('',(20.412658773653,41.875));
#2637 = CARTESIAN_POINT('',(15.,32.5));
#2638 = CARTESIAN_POINT('',(9.587341226347,41.875));
#2639 = CARTESIAN_POINT('',(4.174682452695,51.25));
#2640 = CARTESIAN_POINT('',(15.,51.25));
#2641 = ( GEOMETRIC_REPRESENTATION_CONTEXT(2) 
PARAMETRIC_REPRESENTATION_CONTEXT() REPRESENTATION_CONTEXT('2D SPACE',''
  ) );
#2642 = PCURVE('',#2643,#2648);
#2643 = CYLINDRICAL_SURFACE('',#2644,6.25);
#2644 = AXIS2_PLACEMENT_3D('',#2645,#2646,#2647);
#2645 = CARTESIAN_POINT('',(45.,-76.,15.));
#2646 = DIRECTION('',(0.,-1.,0.));
#2647 = DIRECTION('',(1.,0.,0.));
#2648 = DEFINITIONAL_REPRESENTATION('',(#2649),#2653);
#2649 = LINE('',#2650,#2651);
#2650 = CARTESIAN_POINT('',(0.,-1.));
#2651 = VECTOR('',#2652,1.);
#2652 = DIRECTION('',(1.,0.));
#2653 = ( GEOMETRIC_REPRESENTATION_CONTEXT(2) 
PARAMETRIC_REPRESENTATION_CONTEXT() REPRESENTATION_CONTEXT('2D SPACE',''
  ) );
#2654 = ADVANCED_FACE('',(#2655),#393,.T.);
#2655 = FACE_BOUND('',#2656,.T.);
#2656 = EDGE_LOOP('',(#2657,#2658,#2659,#2660,#2661,#2662,#2663,#2664,
    #2683,#2684,#2705,#2728,#2747,#2748,#2767,#2768));
#2657 = ORIENTED_EDGE('',*,*,#377,.F.);
#2658 = ORIENTED_EDGE('',*,*,#2599,.F.);
#2659 = ORIENTED_EDGE('',*,*,#2147,.T.);
#2660 = ORIENTED_EDGE('',*,*,#2099,.T.);
#2661 = ORIENTED_EDGE('',*,*,#2027,.F.);
#2662 = ORIENTED_EDGE('',*,*,#2003,.F.);
#2663 = ORIENTED_EDGE('',*,*,#1958,.T.);
#2664 = ORIENTED_EDGE('',*,*,#2665,.T.);
#2665 = EDGE_CURVE('',#1936,#1257,#2666,.T.);
#2666 = SURFACE_CURVE('',#2667,(#2671,#2677),.PCURVE_S1.);
#2667 = LINE('',#2668,#2669);
#2668 = CARTESIAN_POINT('',(200.,55.,15.25));
#2669 = VECTOR('',#2670,1.);
#2670 = DIRECTION('',(0.,0.,1.));
#2671 = PCURVE('',#393,#2672);
#2672 = DEFINITIONAL_REPRESENTATION('',(#2673),#2676);
#2673 = B_SPLINE_CURVE_WITH_KNOTS('',1,(#2674,#2675),.UNSPECIFIED.,.F.,
  .F.,(2,2),(15.25,16.75),.PIECEWISE_BEZIER_KNOTS.);
#2674 = CARTESIAN_POINT('',(30.5,-130.));
#2675 = CARTESIAN_POINT('',(32.,-130.));
#2676 = ( GEOMETRIC_REPRESENTATION_CONTEXT(2) 
PARAMETRIC_REPRESENTATION_CONTEXT() REPRESENTATION_CONTEXT('2D SPACE',''
  ) );
#2677 = PCURVE('',#1294,#2678);
#2678 = DEFINITIONAL_REPRESENTATION('',(#2679),#2682);
#2679 = B_SPLINE_CURVE_WITH_KNOTS('',1,(#2680,#2681),.UNSPECIFIED.,.F.,
  .F.,(2,2),(15.25,16.75),.PIECEWISE_BEZIER_KNOTS.);
#2680 = CARTESIAN_POINT('',(0.,201.));
#2681 = CARTESIAN_POINT('',(1.5,201.));
#2682 = ( GEOMETRIC_REPRESENTATION_CONTEXT(2) 
PARAMETRIC_REPRESENTATION_CONTEXT() REPRESENTATION_CONTEXT('2D SPACE',''
  ) );
#2683 = ORIENTED_EDGE('',*,*,#1256,.F.);
#2684 = ORIENTED_EDGE('',*,*,#2685,.F.);
#2685 = EDGE_CURVE('',#2686,#1231,#2688,.T.);
#2686 = VERTEX_POINT('',#2687);
#2687 = CARTESIAN_POINT('',(200.,54.,22.));
#2688 = SURFACE_CURVE('',#2689,(#2693,#2699),.PCURVE_S1.);
#2689 = LINE('',#2690,#2691);
#2690 = CARTESIAN_POINT('',(200.,54.,13.880705643399));
#2691 = VECTOR('',#2692,1.);
#2692 = DIRECTION('',(0.,0.,1.));
#2693 = PCURVE('',#393,#2694);
#2694 = DEFINITIONAL_REPRESENTATION('',(#2695),#2698);
#2695 = B_SPLINE_CURVE_WITH_KNOTS('',1,(#2696,#2697),.UNSPECIFIED.,.F.,
  .F.,(2,2),(8.119294356601,18.119294356601),.PIECEWISE_BEZIER_KNOTS.);
#2696 = CARTESIAN_POINT('',(22.,-129.));
#2697 = CARTESIAN_POINT('',(32.,-129.));
#2698 = ( GEOMETRIC_REPRESENTATION_CONTEXT(2) 
PARAMETRIC_REPRESENTATION_CONTEXT() REPRESENTATION_CONTEXT('2D SPACE',''
  ) );
#2699 = PCURVE('',#1245,#2700);
#2700 = DEFINITIONAL_REPRESENTATION('',(#2701),#2704);
#2701 = B_SPLINE_CURVE_WITH_KNOTS('',1,(#2702,#2703),.UNSPECIFIED.,.F.,
  .F.,(2,2),(8.119294356601,18.119294356601),.PIECEWISE_BEZIER_KNOTS.);
#2702 = CARTESIAN_POINT('',(-5.761411286798,-0.157313223736));
#2703 = CARTESIAN_POINT('',(4.238588713202,-0.157313223736));
#2704 = ( GEOMETRIC_REPRESENTATION_CONTEXT(2) 
PARAMETRIC_REPRESENTATION_CONTEXT() REPRESENTATION_CONTEXT('2D SPACE',''
  ) );
#2705 = ORIENTED_EDGE('',*,*,#2706,.F.);
#2706 = EDGE_CURVE('',#2707,#2686,#2709,.T.);
#2707 = VERTEX_POINT('',#2708);
#2708 = CARTESIAN_POINT('',(200.,-54.,22.));
#2709 = SURFACE_CURVE('',#2710,(#2714,#2721),.PCURVE_S1.);
#2710 = LINE('',#2711,#2712);
#2711 = CARTESIAN_POINT('',(200.,-54.,22.));
#2712 = VECTOR('',#2713,1.);
#2713 = DIRECTION('',(-0.,1.,-0.));
#2714 = PCURVE('',#393,#2715);
#2715 = DEFINITIONAL_REPRESENTATION('',(#2716),#2720);
#2716 = LINE('',#2717,#2718);
#2717 = CARTESIAN_POINT('',(22.,-21.));
#2718 = VECTOR('',#2719,1.);
#2719 = DIRECTION('',(0.,-1.));
#2720 = ( GEOMETRIC_REPRESENTATION_CONTEXT(2) 
PARAMETRIC_REPRESENTATION_CONTEXT() REPRESENTATION_CONTEXT('2D SPACE',''
  ) );
#2721 = PCURVE('',#1218,#2722);
#2722 = DEFINITIONAL_REPRESENTATION('',(#2723),#2727);
#2723 = LINE('',#2724,#2725);
#2724 = CARTESIAN_POINT('',(0.,0.));
#2725 = VECTOR('',#2726,1.);
#2726 = DIRECTION('',(0.,-1.));
#2727 = ( GEOMETRIC_REPRESENTATION_CONTEXT(2) 
PARAMETRIC_REPRESENTATION_CONTEXT() REPRESENTATION_CONTEXT('2D SPACE',''
  ) );
#2728 = ORIENTED_EDGE('',*,*,#2729,.T.);
#2729 = EDGE_CURVE('',#2707,#1154,#2730,.T.);
#2730 = SURFACE_CURVE('',#2731,(#2735,#2741),.PCURVE_S1.);
#2731 = LINE('',#2732,#2733);
#2732 = CARTESIAN_POINT('',(200.,-54.,13.880705643399));
#2733 = VECTOR('',#2734,1.);
#2734 = DIRECTION('',(0.,0.,1.));
#2735 = PCURVE('',#393,#2736);
#2736 = DEFINITIONAL_REPRESENTATION('',(#2737),#2740);
#2737 = B_SPLINE_CURVE_WITH_KNOTS('',1,(#2738,#2739),.UNSPECIFIED.,.F.,
  .F.,(2,2),(8.119294356601,18.119294356601),.PIECEWISE_BEZIER_KNOTS.);
#2738 = CARTESIAN_POINT('',(22.,-21.));
#2739 = CARTESIAN_POINT('',(32.,-21.));
#2740 = ( GEOMETRIC_REPRESENTATION_CONTEXT(2) 
PARAMETRIC_REPRESENTATION_CONTEXT() REPRESENTATION_CONTEXT('2D SPACE',''
  ) );
#2741 = PCURVE('',#1191,#2742);
#2742 = DEFINITIONAL_REPRESENTATION('',(#2743),#2746);
#2743 = B_SPLINE_CURVE_WITH_KNOTS('',1,(#2744,#2745),.UNSPECIFIED.,.F.,
  .F.,(2,2),(8.119294356601,18.119294356601),.PIECEWISE_BEZIER_KNOTS.);
#2744 = CARTESIAN_POINT('',(-5.761411286798,-0.157313223736));
#2745 = CARTESIAN_POINT('',(4.238588713202,-0.157313223736));
#2746 = ( GEOMETRIC_REPRESENTATION_CONTEXT(2) 
PARAMETRIC_REPRESENTATION_CONTEXT() REPRESENTATION_CONTEXT('2D SPACE',''
  ) );
#2747 = ORIENTED_EDGE('',*,*,#1153,.F.);
#2748 = ORIENTED_EDGE('',*,*,#2749,.F.);
#2749 = EDGE_CURVE('',#500,#1133,#2750,.T.);
#2750 = SURFACE_CURVE('',#2751,(#2755,#2761),.PCURVE_S1.);
#2751 = LINE('',#2752,#2753);
#2752 = CARTESIAN_POINT('',(200.,-55.,15.25));
#2753 = VECTOR('',#2754,1.);
#2754 = DIRECTION('',(0.,0.,1.));
#2755 = PCURVE('',#393,#2756);
#2756 = DEFINITIONAL_REPRESENTATION('',(#2757),#2760);
#2757 = B_SPLINE_CURVE_WITH_KNOTS('',1,(#2758,#2759),.UNSPECIFIED.,.F.,
  .F.,(2,2),(15.25,16.75),.PIECEWISE_BEZIER_KNOTS.);
#2758 = CARTESIAN_POINT('',(30.5,-20.));
#2759 = CARTESIAN_POINT('',(32.,-20.));
#2760 = ( GEOMETRIC_REPRESENTATION_CONTEXT(2) 
PARAMETRIC_REPRESENTATION_CONTEXT() REPRESENTATION_CONTEXT('2D SPACE',''
  ) );
#2761 = PCURVE('',#536,#2762);
#2762 = DEFINITIONAL_REPRESENTATION('',(#2763),#2766);
#2763 = B_SPLINE_CURVE_WITH_KNOTS('',1,(#2764,#2765),.UNSPECIFIED.,.F.,
  .F.,(2,2),(15.25,16.75),.PIECEWISE_BEZIER_KNOTS.);
#2764 = CARTESIAN_POINT('',(0.,201.));
#2765 = CARTESIAN_POINT('',(1.5,201.));
#2766 = ( GEOMETRIC_REPRESENTATION_CONTEXT(2) 
PARAMETRIC_REPRESENTATION_CONTEXT() REPRESENTATION_CONTEXT('2D SPACE',''
  ) );
#2767 = ORIENTED_EDGE('',*,*,#499,.T.);
#2768 = ORIENTED_EDGE('',*,*,#452,.T.);
#2769 = ADVANCED_FACE('',(#2770),#825,.T.);
#2770 = FACE_BOUND('',#2771,.T.);
#2771 = EDGE_LOOP('',(#2772,#2795,#2821,#2842,#2843,#2844));
#2772 = ORIENTED_EDGE('',*,*,#2773,.F.);
#2773 = EDGE_CURVE('',#2774,#787,#2776,.T.);
#2774 = VERTEX_POINT('',#2775);
#2775 = CARTESIAN_POINT('',(141.8,-58.2,28.));
#2776 = SURFACE_CURVE('',#2777,(#2781,#2788),.PCURVE_S1.);
#2777 = LINE('',#2778,#2779);
#2778 = CARTESIAN_POINT('',(141.8,-58.2,27.));
#2779 = VECTOR('',#2780,1.);
#2780 = DIRECTION('',(0.,0.,1.));
#2781 = PCURVE('',#825,#2782);
#2782 = DEFINITIONAL_REPRESENTATION('',(#2783),#2787);
#2783 = LINE('',#2784,#2785);
#2784 = CARTESIAN_POINT('',(0.,0.));
#2785 = VECTOR('',#2786,1.);
#2786 = DIRECTION('',(1.,0.));
#2787 = ( GEOMETRIC_REPRESENTATION_CONTEXT(2) 
PARAMETRIC_REPRESENTATION_CONTEXT() REPRESENTATION_CONTEXT('2D SPACE',''
  ) );
#2788 = PCURVE('',#801,#2789);
#2789 = DEFINITIONAL_REPRESENTATION('',(#2790),#2794);
#2790 = LINE('',#2791,#2792);
#2791 = CARTESIAN_POINT('',(0.,0.));
#2792 = VECTOR('',#2793,1.);
#2793 = DIRECTION('',(1.,0.));
#2794 = ( GEOMETRIC_REPRESENTATION_CONTEXT(2) 
PARAMETRIC_REPRESENTATION_CONTEXT() REPRESENTATION_CONTEXT('2D SPACE',''
  ) );
#2795 = ORIENTED_EDGE('',*,*,#2796,.T.);
#2796 = EDGE_CURVE('',#2774,#2797,#2799,.T.);
#2797 = VERTEX_POINT('',#2798);
#2798 = CARTESIAN_POINT('',(141.8,-53.8,28.));
#2799 = SURFACE_CURVE('',#2800,(#2804,#2810),.PCURVE_S1.);
#2800 = LINE('',#2801,#2802);
#2801 = CARTESIAN_POINT('',(141.8,-65.4,28.));
#2802 = VECTOR('',#2803,1.);
#2803 = DIRECTION('',(0.,1.,0.));
#2804 = PCURVE('',#825,#2805);
#2805 = DEFINITIONAL_REPRESENTATION('',(#2806),#2809);
#2806 = B_SPLINE_CURVE_WITH_KNOTS('',1,(#2807,#2808),.UNSPECIFIED.,.F.,
  .F.,(2,2),(7.2,11.6),.PIECEWISE_BEZIER_KNOTS.);
#2807 = CARTESIAN_POINT('',(1.,0.));
#2808 = CARTESIAN_POINT('',(1.,-4.4));
#2809 = ( GEOMETRIC_REPRESENTATION_CONTEXT(2) 
PARAMETRIC_REPRESENTATION_CONTEXT() REPRESENTATION_CONTEXT('2D SPACE',''
  ) );
#2810 = PCURVE('',#2811,#2816);
#2811 = PLANE('',#2812);
#2812 = AXIS2_PLACEMENT_3D('',#2813,#2814,#2815);
#2813 = CARTESIAN_POINT('',(90.4,-72.6,28.));
#2814 = DIRECTION('',(0.,0.,1.));
#2815 = DIRECTION('',(1.,0.,0.));
#2816 = DEFINITIONAL_REPRESENTATION('',(#2817),#2820);
#2817 = B_SPLINE_CURVE_WITH_KNOTS('',1,(#2818,#2819),.UNSPECIFIED.,.F.,
  .F.,(2,2),(7.2,11.6),.PIECEWISE_BEZIER_KNOTS.);
#2818 = CARTESIAN_POINT('',(51.4,14.4));
#2819 = CARTESIAN_POINT('',(51.4,18.8));
#2820 = ( GEOMETRIC_REPRESENTATION_CONTEXT(2) 
PARAMETRIC_REPRESENTATION_CONTEXT() REPRESENTATION_CONTEXT('2D SPACE',''
  ) );
#2821 = ORIENTED_EDGE('',*,*,#2822,.T.);
#2822 = EDGE_CURVE('',#2797,#887,#2823,.T.);
#2823 = SURFACE_CURVE('',#2824,(#2828,#2835),.PCURVE_S1.);
#2824 = LINE('',#2825,#2826);
#2825 = CARTESIAN_POINT('',(141.8,-53.8,27.));
#2826 = VECTOR('',#2827,1.);
#2827 = DIRECTION('',(0.,0.,1.));
#2828 = PCURVE('',#825,#2829);
#2829 = DEFINITIONAL_REPRESENTATION('',(#2830),#2834);
#2830 = LINE('',#2831,#2832);
#2831 = CARTESIAN_POINT('',(0.,-4.4));
#2832 = VECTOR('',#2833,1.);
#2833 = DIRECTION('',(1.,0.));
#2834 = ( GEOMETRIC_REPRESENTATION_CONTEXT(2) 
PARAMETRIC_REPRESENTATION_CONTEXT() REPRESENTATION_CONTEXT('2D SPACE',''
  ) );
#2835 = PCURVE('',#922,#2836);
#2836 = DEFINITIONAL_REPRESENTATION('',(#2837),#2841);
#2837 = LINE('',#2838,#2839);
#2838 = CARTESIAN_POINT('',(0.,0.));
#2839 = VECTOR('',#2840,1.);
#2840 = DIRECTION('',(1.,0.));
#2841 = ( GEOMETRIC_REPRESENTATION_CONTEXT(2) 
PARAMETRIC_REPRESENTATION_CONTEXT() REPRESENTATION_CONTEXT('2D SPACE',''
  ) );
#2842 = ORIENTED_EDGE('',*,*,#886,.F.);
#2843 = ORIENTED_EDGE('',*,*,#862,.T.);
#2844 = ORIENTED_EDGE('',*,*,#812,.F.);
#2845 = ADVANCED_FACE('',(#2846),#801,.T.);
#2846 = FACE_BOUND('',#2847,.T.);
#2847 = EDGE_LOOP('',(#2848,#2871,#2890,#2891));
#2848 = ORIENTED_EDGE('',*,*,#2849,.F.);
#2849 = EDGE_CURVE('',#2850,#761,#2852,.T.);
#2850 = VERTEX_POINT('',#2851);
#2851 = CARTESIAN_POINT('',(154.2,-58.2,28.));
#2852 = SURFACE_CURVE('',#2853,(#2857,#2864),.PCURVE_S1.);
#2853 = LINE('',#2854,#2855);
#2854 = CARTESIAN_POINT('',(154.2,-58.2,27.));
#2855 = VECTOR('',#2856,1.);
#2856 = DIRECTION('',(0.,0.,1.));
#2857 = PCURVE('',#801,#2858);
#2858 = DEFINITIONAL_REPRESENTATION('',(#2859),#2863);
#2859 = LINE('',#2860,#2861);
#2860 = CARTESIAN_POINT('',(0.,12.4));
#2861 = VECTOR('',#2862,1.);
#2862 = DIRECTION('',(1.,0.));
#2863 = ( GEOMETRIC_REPRESENTATION_CONTEXT(2) 
PARAMETRIC_REPRESENTATION_CONTEXT() REPRESENTATION_CONTEXT('2D SPACE',''
  ) );
#2864 = PCURVE('',#775,#2865);
#2865 = DEFINITIONAL_REPRESENTATION('',(#2866),#2870);
#2866 = LINE('',#2867,#2868);
#2867 = CARTESIAN_POINT('',(0.,0.));
#2868 = VECTOR('',#2869,1.);
#2869 = DIRECTION('',(1.,0.));
#2870 = ( GEOMETRIC_REPRESENTATION_CONTEXT(2) 
PARAMETRIC_REPRESENTATION_CONTEXT() REPRESENTATION_CONTEXT('2D SPACE',''
  ) );
#2871 = ORIENTED_EDGE('',*,*,#2872,.T.);
#2872 = EDGE_CURVE('',#2850,#2774,#2873,.T.);
#2873 = SURFACE_CURVE('',#2874,(#2878,#2884),.PCURVE_S1.);
#2874 = LINE('',#2875,#2876);
#2875 = CARTESIAN_POINT('',(116.1,-58.2,28.));
#2876 = VECTOR('',#2877,1.);
#2877 = DIRECTION('',(-1.,0.,0.));
#2878 = PCURVE('',#801,#2879);
#2879 = DEFINITIONAL_REPRESENTATION('',(#2880),#2883);
#2880 = B_SPLINE_CURVE_WITH_KNOTS('',1,(#2881,#2882),.UNSPECIFIED.,.F.,
  .F.,(2,2),(-38.1,-25.7),.PIECEWISE_BEZIER_KNOTS.);
#2881 = CARTESIAN_POINT('',(1.,12.4));
#2882 = CARTESIAN_POINT('',(1.,0.));
#2883 = ( GEOMETRIC_REPRESENTATION_CONTEXT(2) 
PARAMETRIC_REPRESENTATION_CONTEXT() REPRESENTATION_CONTEXT('2D SPACE',''
  ) );
#2884 = PCURVE('',#2811,#2885);
#2885 = DEFINITIONAL_REPRESENTATION('',(#2886),#2889);
#2886 = B_SPLINE_CURVE_WITH_KNOTS('',1,(#2887,#2888),.UNSPECIFIED.,.F.,
  .F.,(2,2),(-38.1,-25.7),.PIECEWISE_BEZIER_KNOTS.);
#2887 = CARTESIAN_POINT('',(63.8,14.4));
#2888 = CARTESIAN_POINT('',(51.4,14.4));
#2889 = ( GEOMETRIC_REPRESENTATION_CONTEXT(2) 
PARAMETRIC_REPRESENTATION_CONTEXT() REPRESENTATION_CONTEXT('2D SPACE',''
  ) );
#2890 = ORIENTED_EDGE('',*,*,#2773,.T.);
#2891 = ORIENTED_EDGE('',*,*,#786,.F.);
#2892 = ADVANCED_FACE('',(#2893),#775,.F.);
#2893 = FACE_BOUND('',#2894,.F.);
#2894 = EDGE_LOOP('',(#2895,#2896,#2917,#2938,#2939,#2958));
#2895 = ORIENTED_EDGE('',*,*,#2849,.F.);
#2896 = ORIENTED_EDGE('',*,*,#2897,.T.);
#2897 = EDGE_CURVE('',#2850,#2898,#2900,.T.);
#2898 = VERTEX_POINT('',#2899);
#2899 = CARTESIAN_POINT('',(154.2,-53.8,28.));
#2900 = SURFACE_CURVE('',#2901,(#2905,#2911),.PCURVE_S1.);
#2901 = LINE('',#2902,#2903);
#2902 = CARTESIAN_POINT('',(154.2,-65.4,28.));
#2903 = VECTOR('',#2904,1.);
#2904 = DIRECTION('',(0.,1.,0.));
#2905 = PCURVE('',#775,#2906);
#2906 = DEFINITIONAL_REPRESENTATION('',(#2907),#2910);
#2907 = B_SPLINE_CURVE_WITH_KNOTS('',1,(#2908,#2909),.UNSPECIFIED.,.F.,
  .F.,(2,2),(7.2,11.6),.PIECEWISE_BEZIER_KNOTS.);
#2908 = CARTESIAN_POINT('',(1.,0.));
#2909 = CARTESIAN_POINT('',(1.,-4.4));
#2910 = ( GEOMETRIC_REPRESENTATION_CONTEXT(2) 
PARAMETRIC_REPRESENTATION_CONTEXT() REPRESENTATION_CONTEXT('2D SPACE',''
  ) );
#2911 = PCURVE('',#2811,#2912);
#2912 = DEFINITIONAL_REPRESENTATION('',(#2913),#2916);
#2913 = B_SPLINE_CURVE_WITH_KNOTS('',1,(#2914,#2915),.UNSPECIFIED.,.F.,
  .F.,(2,2),(7.2,11.6),.PIECEWISE_BEZIER_KNOTS.);
#2914 = CARTESIAN_POINT('',(63.8,14.4));
#2915 = CARTESIAN_POINT('',(63.8,18.8));
#2916 = ( GEOMETRIC_REPRESENTATION_CONTEXT(2) 
PARAMETRIC_REPRESENTATION_CONTEXT() REPRESENTATION_CONTEXT('2D SPACE',''
  ) );
#2917 = ORIENTED_EDGE('',*,*,#2918,.T.);
#2918 = EDGE_CURVE('',#2898,#908,#2919,.T.);
#2919 = SURFACE_CURVE('',#2920,(#2924,#2931),.PCURVE_S1.);
#2920 = LINE('',#2921,#2922);
#2921 = CARTESIAN_POINT('',(154.2,-53.8,27.));
#2922 = VECTOR('',#2923,1.);
#2923 = DIRECTION('',(0.,0.,1.));
#2924 = PCURVE('',#775,#2925);
#2925 = DEFINITIONAL_REPRESENTATION('',(#2926),#2930);
#2926 = LINE('',#2927,#2928);
#2927 = CARTESIAN_POINT('',(0.,-4.4));
#2928 = VECTOR('',#2929,1.);
#2929 = DIRECTION('',(1.,0.));
#2930 = ( GEOMETRIC_REPRESENTATION_CONTEXT(2) 
PARAMETRIC_REPRESENTATION_CONTEXT() REPRESENTATION_CONTEXT('2D SPACE',''
  ) );
#2931 = PCURVE('',#922,#2932);
#2932 = DEFINITIONAL_REPRESENTATION('',(#2933),#2937);
#2933 = LINE('',#2934,#2935);
#2934 = CARTESIAN_POINT('',(0.,12.4));
#2935 = VECTOR('',#2936,1.);
#2936 = DIRECTION('',(1.,0.));
#2937 = ( GEOMETRIC_REPRESENTATION_CONTEXT(2) 
PARAMETRIC_REPRESENTATION_CONTEXT() REPRESENTATION_CONTEXT('2D SPACE',''
  ) );
#2938 = ORIENTED_EDGE('',*,*,#933,.F.);
#2939 = ORIENTED_EDGE('',*,*,#2940,.T.);
#2940 = EDGE_CURVE('',#934,#733,#2941,.T.);
#2941 = SURFACE_CURVE('',#2942,(#2946,#2952),.PCURVE_S1.);
#2942 = LINE('',#2943,#2944);
#2943 = CARTESIAN_POINT('',(154.2,-55.,28.75));
#2944 = VECTOR('',#2945,1.);
#2945 = DIRECTION('',(0.,0.,-1.));
#2946 = PCURVE('',#775,#2947);
#2947 = DEFINITIONAL_REPRESENTATION('',(#2948),#2951);
#2948 = B_SPLINE_CURVE_WITH_KNOTS('',1,(#2949,#2950),.UNSPECIFIED.,.F.,
  .F.,(2,2),(-3.25,-1.75),.PIECEWISE_BEZIER_KNOTS.);
#2949 = CARTESIAN_POINT('',(5.,-3.2));
#2950 = CARTESIAN_POINT('',(3.5,-3.2));
#2951 = ( GEOMETRIC_REPRESENTATION_CONTEXT(2) 
PARAMETRIC_REPRESENTATION_CONTEXT() REPRESENTATION_CONTEXT('2D SPACE',''
  ) );
#2952 = PCURVE('',#748,#2953);
#2953 = DEFINITIONAL_REPRESENTATION('',(#2954),#2957);
#2954 = B_SPLINE_CURVE_WITH_KNOTS('',1,(#2955,#2956),.UNSPECIFIED.,.F.,
  .F.,(2,2),(-3.25,-1.75),.PIECEWISE_BEZIER_KNOTS.);
#2955 = CARTESIAN_POINT('',(1.5,155.2));
#2956 = CARTESIAN_POINT('',(0.,155.2));
#2957 = ( GEOMETRIC_REPRESENTATION_CONTEXT(2) 
PARAMETRIC_REPRESENTATION_CONTEXT() REPRESENTATION_CONTEXT('2D SPACE',''
  ) );
#2958 = ORIENTED_EDGE('',*,*,#760,.F.);
#2959 = ADVANCED_FACE('',(#2960),#748,.F.);
#2960 = FACE_BOUND('',#2961,.F.);
#2961 = EDGE_LOOP('',(#2962,#2963,#2964,#2965));
#2962 = ORIENTED_EDGE('',*,*,#732,.F.);
#2963 = ORIENTED_EDGE('',*,*,#2940,.F.);
#2964 = ORIENTED_EDGE('',*,*,#954,.F.);
#2965 = ORIENTED_EDGE('',*,*,#2966,.T.);
#2966 = EDGE_CURVE('',#955,#707,#2967,.T.);
#2967 = SURFACE_CURVE('',#2968,(#2972,#2978),.PCURVE_S1.);
#2968 = LINE('',#2969,#2970);
#2969 = CARTESIAN_POINT('',(161.8,-55.,28.75));
#2970 = VECTOR('',#2971,1.);
#2971 = DIRECTION('',(0.,0.,-1.));
#2972 = PCURVE('',#748,#2973);
#2973 = DEFINITIONAL_REPRESENTATION('',(#2974),#2977);
#2974 = B_SPLINE_CURVE_WITH_KNOTS('',1,(#2975,#2976),.UNSPECIFIED.,.F.,
  .F.,(2,2),(-3.25,-1.75),.PIECEWISE_BEZIER_KNOTS.);
#2975 = CARTESIAN_POINT('',(1.5,162.8));
#2976 = CARTESIAN_POINT('',(0.,162.8));
#2977 = ( GEOMETRIC_REPRESENTATION_CONTEXT(2) 
PARAMETRIC_REPRESENTATION_CONTEXT() REPRESENTATION_CONTEXT('2D SPACE',''
  ) );
#2978 = PCURVE('',#721,#2979);
#2979 = DEFINITIONAL_REPRESENTATION('',(#2980),#2983);
#2980 = B_SPLINE_CURVE_WITH_KNOTS('',1,(#2981,#2982),.UNSPECIFIED.,.F.,
  .F.,(2,2),(-3.25,-1.75),.PIECEWISE_BEZIER_KNOTS.);
#2981 = CARTESIAN_POINT('',(5.,-3.2));
#2982 = CARTESIAN_POINT('',(3.5,-3.2));
#2983 = ( GEOMETRIC_REPRESENTATION_CONTEXT(2) 
PARAMETRIC_REPRESENTATION_CONTEXT() REPRESENTATION_CONTEXT('2D SPACE',''
  ) );
#2984 = ADVANCED_FACE('',(#2985),#721,.T.);
#2985 = FACE_BOUND('',#2986,.T.);
#2986 = EDGE_LOOP('',(#2987,#3010,#3031,#3052,#3053,#3054));
#2987 = ORIENTED_EDGE('',*,*,#2988,.F.);
#2988 = EDGE_CURVE('',#2989,#681,#2991,.T.);
#2989 = VERTEX_POINT('',#2990);
#2990 = CARTESIAN_POINT('',(161.8,-58.2,28.));
#2991 = SURFACE_CURVE('',#2992,(#2996,#3003),.PCURVE_S1.);
#2992 = LINE('',#2993,#2994);
#2993 = CARTESIAN_POINT('',(161.8,-58.2,27.));
#2994 = VECTOR('',#2995,1.);
#2995 = DIRECTION('',(0.,0.,1.));
#2996 = PCURVE('',#721,#2997);
#2997 = DEFINITIONAL_REPRESENTATION('',(#2998),#3002);
#2998 = LINE('',#2999,#3000);
#2999 = CARTESIAN_POINT('',(0.,0.));
#3000 = VECTOR('',#3001,1.);
#3001 = DIRECTION('',(1.,0.));
#3002 = ( GEOMETRIC_REPRESENTATION_CONTEXT(2) 
PARAMETRIC_REPRESENTATION_CONTEXT() REPRESENTATION_CONTEXT('2D SPACE',''
  ) );
#3003 = PCURVE('',#695,#3004);
#3004 = DEFINITIONAL_REPRESENTATION('',(#3005),#3009);
#3005 = LINE('',#3006,#3007);
#3006 = CARTESIAN_POINT('',(0.,0.));
#3007 = VECTOR('',#3008,1.);
#3008 = DIRECTION('',(1.,0.));
#3009 = ( GEOMETRIC_REPRESENTATION_CONTEXT(2) 
PARAMETRIC_REPRESENTATION_CONTEXT() REPRESENTATION_CONTEXT('2D SPACE',''
  ) );
#3010 = ORIENTED_EDGE('',*,*,#3011,.T.);
#3011 = EDGE_CURVE('',#2989,#3012,#3014,.T.);
#3012 = VERTEX_POINT('',#3013);
#3013 = CARTESIAN_POINT('',(161.8,-53.8,28.));
#3014 = SURFACE_CURVE('',#3015,(#3019,#3025),.PCURVE_S1.);
#3015 = LINE('',#3016,#3017);
#3016 = CARTESIAN_POINT('',(161.8,-65.4,28.));
#3017 = VECTOR('',#3018,1.);
#3018 = DIRECTION('',(0.,1.,0.));
#3019 = PCURVE('',#721,#3020);
#3020 = DEFINITIONAL_REPRESENTATION('',(#3021),#3024);
#3021 = B_SPLINE_CURVE_WITH_KNOTS('',1,(#3022,#3023),.UNSPECIFIED.,.F.,
  .F.,(2,2),(7.2,11.6),.PIECEWISE_BEZIER_KNOTS.);
#3022 = CARTESIAN_POINT('',(1.,0.));
#3023 = CARTESIAN_POINT('',(1.,-4.4));
#3024 = ( GEOMETRIC_REPRESENTATION_CONTEXT(2) 
PARAMETRIC_REPRESENTATION_CONTEXT() REPRESENTATION_CONTEXT('2D SPACE',''
  ) );
#3025 = PCURVE('',#2811,#3026);
#3026 = DEFINITIONAL_REPRESENTATION('',(#3027),#3030);
#3027 = B_SPLINE_CURVE_WITH_KNOTS('',1,(#3028,#3029),.UNSPECIFIED.,.F.,
  .F.,(2,2),(7.2,11.6),.PIECEWISE_BEZIER_KNOTS.);
#3028 = CARTESIAN_POINT('',(71.4,14.4));
#3029 = CARTESIAN_POINT('',(71.4,18.8));
#3030 = ( GEOMETRIC_REPRESENTATION_CONTEXT(2) 
PARAMETRIC_REPRESENTATION_CONTEXT() REPRESENTATION_CONTEXT('2D SPACE',''
  ) );
#3031 = ORIENTED_EDGE('',*,*,#3032,.T.);
#3032 = EDGE_CURVE('',#3012,#976,#3033,.T.);
#3033 = SURFACE_CURVE('',#3034,(#3038,#3045),.PCURVE_S1.);
#3034 = LINE('',#3035,#3036);
#3035 = CARTESIAN_POINT('',(161.8,-53.8,27.));
#3036 = VECTOR('',#3037,1.);
#3037 = DIRECTION('',(0.,0.,1.));
#3038 = PCURVE('',#721,#3039);
#3039 = DEFINITIONAL_REPRESENTATION('',(#3040),#3044);
#3040 = LINE('',#3041,#3042);
#3041 = CARTESIAN_POINT('',(0.,-4.4));
#3042 = VECTOR('',#3043,1.);
#3043 = DIRECTION('',(1.,0.));
#3044 = ( GEOMETRIC_REPRESENTATION_CONTEXT(2) 
PARAMETRIC_REPRESENTATION_CONTEXT() REPRESENTATION_CONTEXT('2D SPACE',''
  ) );
#3045 = PCURVE('',#1011,#3046);
#3046 = DEFINITIONAL_REPRESENTATION('',(#3047),#3051);
#3047 = LINE('',#3048,#3049);
#3048 = CARTESIAN_POINT('',(0.,0.));
#3049 = VECTOR('',#3050,1.);
#3050 = DIRECTION('',(1.,0.));
#3051 = ( GEOMETRIC_REPRESENTATION_CONTEXT(2) 
PARAMETRIC_REPRESENTATION_CONTEXT() REPRESENTATION_CONTEXT('2D SPACE',''
  ) );
#3052 = ORIENTED_EDGE('',*,*,#975,.F.);
#3053 = ORIENTED_EDGE('',*,*,#2966,.T.);
#3054 = ORIENTED_EDGE('',*,*,#706,.F.);
#3055 = ADVANCED_FACE('',(#3056),#695,.T.);
#3056 = FACE_BOUND('',#3057,.T.);
#3057 = EDGE_LOOP('',(#3058,#3081,#3100,#3101));
#3058 = ORIENTED_EDGE('',*,*,#3059,.F.);
#3059 = EDGE_CURVE('',#3060,#655,#3062,.T.);
#3060 = VERTEX_POINT('',#3061);
#3061 = CARTESIAN_POINT('',(174.2,-58.2,28.));
#3062 = SURFACE_CURVE('',#3063,(#3067,#3074),.PCURVE_S1.);
#3063 = LINE('',#3064,#3065);
#3064 = CARTESIAN_POINT('',(174.2,-58.2,27.));
#3065 = VECTOR('',#3066,1.);
#3066 = DIRECTION('',(0.,0.,1.));
#3067 = PCURVE('',#695,#3068);
#3068 = DEFINITIONAL_REPRESENTATION('',(#3069),#3073);
#3069 = LINE('',#3070,#3071);
#3070 = CARTESIAN_POINT('',(0.,12.4));
#3071 = VECTOR('',#3072,1.);
#3072 = DIRECTION('',(1.,0.));
#3073 = ( GEOMETRIC_REPRESENTATION_CONTEXT(2) 
PARAMETRIC_REPRESENTATION_CONTEXT() REPRESENTATION_CONTEXT('2D SPACE',''
  ) );
#3074 = PCURVE('',#669,#3075);
#3075 = DEFINITIONAL_REPRESENTATION('',(#3076),#3080);
#3076 = LINE('',#3077,#3078);
#3077 = CARTESIAN_POINT('',(0.,0.));
#3078 = VECTOR('',#3079,1.);
#3079 = DIRECTION('',(1.,0.));
#3080 = ( GEOMETRIC_REPRESENTATION_CONTEXT(2) 
PARAMETRIC_REPRESENTATION_CONTEXT() REPRESENTATION_CONTEXT('2D SPACE',''
  ) );
#3081 = ORIENTED_EDGE('',*,*,#3082,.T.);
#3082 = EDGE_CURVE('',#3060,#2989,#3083,.T.);
#3083 = SURFACE_CURVE('',#3084,(#3088,#3094),.PCURVE_S1.);
#3084 = LINE('',#3085,#3086);
#3085 = CARTESIAN_POINT('',(126.1,-58.2,28.));
#3086 = VECTOR('',#3087,1.);
#3087 = DIRECTION('',(-1.,0.,0.));
#3088 = PCURVE('',#695,#3089);
#3089 = DEFINITIONAL_REPRESENTATION('',(#3090),#3093);
#3090 = B_SPLINE_CURVE_WITH_KNOTS('',1,(#3091,#3092),.UNSPECIFIED.,.F.,
  .F.,(2,2),(-48.1,-35.7),.PIECEWISE_BEZIER_KNOTS.);
#3091 = CARTESIAN_POINT('',(1.,12.4));
#3092 = CARTESIAN_POINT('',(1.,0.));
#3093 = ( GEOMETRIC_REPRESENTATION_CONTEXT(2) 
PARAMETRIC_REPRESENTATION_CONTEXT() REPRESENTATION_CONTEXT('2D SPACE',''
  ) );
#3094 = PCURVE('',#2811,#3095);
#3095 = DEFINITIONAL_REPRESENTATION('',(#3096),#3099);
#3096 = B_SPLINE_CURVE_WITH_KNOTS('',1,(#3097,#3098),.UNSPECIFIED.,.F.,
  .F.,(2,2),(-48.1,-35.7),.PIECEWISE_BEZIER_KNOTS.);
#3097 = CARTESIAN_POINT('',(83.8,14.4));
#3098 = CARTESIAN_POINT('',(71.4,14.4));
#3099 = ( GEOMETRIC_REPRESENTATION_CONTEXT(2) 
PARAMETRIC_REPRESENTATION_CONTEXT() REPRESENTATION_CONTEXT('2D SPACE',''
  ) );
#3100 = ORIENTED_EDGE('',*,*,#2988,.T.);
#3101 = ORIENTED_EDGE('',*,*,#680,.F.);
#3102 = ADVANCED_FACE('',(#3103),#669,.F.);
#3103 = FACE_BOUND('',#3104,.F.);
#3104 = EDGE_LOOP('',(#3105,#3106,#3127,#3148,#3149,#3168));
#3105 = ORIENTED_EDGE('',*,*,#3059,.F.);
#3106 = ORIENTED_EDGE('',*,*,#3107,.T.);
#3107 = EDGE_CURVE('',#3060,#3108,#3110,.T.);
#3108 = VERTEX_POINT('',#3109);
#3109 = CARTESIAN_POINT('',(174.2,-53.8,28.));
#3110 = SURFACE_CURVE('',#3111,(#3115,#3121),.PCURVE_S1.);
#3111 = LINE('',#3112,#3113);
#3112 = CARTESIAN_POINT('',(174.2,-65.4,28.));
#3113 = VECTOR('',#3114,1.);
#3114 = DIRECTION('',(0.,1.,0.));
#3115 = PCURVE('',#669,#3116);
#3116 = DEFINITIONAL_REPRESENTATION('',(#3117),#3120);
#3117 = B_SPLINE_CURVE_WITH_KNOTS('',1,(#3118,#3119),.UNSPECIFIED.,.F.,
  .F.,(2,2),(7.2,11.6),.PIECEWISE_BEZIER_KNOTS.);
#3118 = CARTESIAN_POINT('',(1.,0.));
#3119 = CARTESIAN_POINT('',(1.,-4.4));
#3120 = ( GEOMETRIC_REPRESENTATION_CONTEXT(2) 
PARAMETRIC_REPRESENTATION_CONTEXT() REPRESENTATION_CONTEXT('2D SPACE',''
  ) );
#3121 = PCURVE('',#2811,#3122);
#3122 = DEFINITIONAL_REPRESENTATION('',(#3123),#3126);
#3123 = B_SPLINE_CURVE_WITH_KNOTS('',1,(#3124,#3125),.UNSPECIFIED.,.F.,
  .F.,(2,2),(7.2,11.6),.PIECEWISE_BEZIER_KNOTS.);
#3124 = CARTESIAN_POINT('',(83.8,14.4));
#3125 = CARTESIAN_POINT('',(83.8,18.8));
#3126 = ( GEOMETRIC_REPRESENTATION_CONTEXT(2) 
PARAMETRIC_REPRESENTATION_CONTEXT() REPRESENTATION_CONTEXT('2D SPACE',''
  ) );
#3127 = ORIENTED_EDGE('',*,*,#3128,.T.);
#3128 = EDGE_CURVE('',#3108,#997,#3129,.T.);
#3129 = SURFACE_CURVE('',#3130,(#3134,#3141),.PCURVE_S1.);
#3130 = LINE('',#3131,#3132);
#3131 = CARTESIAN_POINT('',(174.2,-53.8,27.));
#3132 = VECTOR('',#3133,1.);
#3133 = DIRECTION('',(0.,0.,1.));
#3134 = PCURVE('',#669,#3135);
#3135 = DEFINITIONAL_REPRESENTATION('',(#3136),#3140);
#3136 = LINE('',#3137,#3138);
#3137 = CARTESIAN_POINT('',(0.,-4.4));
#3138 = VECTOR('',#3139,1.);
#3139 = DIRECTION('',(1.,0.));
#3140 = ( GEOMETRIC_REPRESENTATION_CONTEXT(2) 
PARAMETRIC_REPRESENTATION_CONTEXT() REPRESENTATION_CONTEXT('2D SPACE',''
  ) );
#3141 = PCURVE('',#1011,#3142);
#3142 = DEFINITIONAL_REPRESENTATION('',(#3143),#3147);
#3143 = LINE('',#3144,#3145);
#3144 = CARTESIAN_POINT('',(0.,12.4));
#3145 = VECTOR('',#3146,1.);
#3146 = DIRECTION('',(1.,0.));
#3147 = ( GEOMETRIC_REPRESENTATION_CONTEXT(2) 
PARAMETRIC_REPRESENTATION_CONTEXT() REPRESENTATION_CONTEXT('2D SPACE',''
  ) );
#3148 = ORIENTED_EDGE('',*,*,#1022,.F.);
#3149 = ORIENTED_EDGE('',*,*,#3150,.T.);
#3150 = EDGE_CURVE('',#1023,#627,#3151,.T.);
#3151 = SURFACE_CURVE('',#3152,(#3156,#3162),.PCURVE_S1.);
#3152 = LINE('',#3153,#3154);
#3153 = CARTESIAN_POINT('',(174.2,-55.,28.75));
#3154 = VECTOR('',#3155,1.);
#3155 = DIRECTION('',(0.,0.,-1.));
#3156 = PCURVE('',#669,#3157);
#3157 = DEFINITIONAL_REPRESENTATION('',(#3158),#3161);
#3158 = B_SPLINE_CURVE_WITH_KNOTS('',1,(#3159,#3160),.UNSPECIFIED.,.F.,
  .F.,(2,2),(-3.25,-1.75),.PIECEWISE_BEZIER_KNOTS.);
#3159 = CARTESIAN_POINT('',(5.,-3.2));
#3160 = CARTESIAN_POINT('',(3.5,-3.2));
#3161 = ( GEOMETRIC_REPRESENTATION_CONTEXT(2) 
PARAMETRIC_REPRESENTATION_CONTEXT() REPRESENTATION_CONTEXT('2D SPACE',''
  ) );
#3162 = PCURVE('',#642,#3163);
#3163 = DEFINITIONAL_REPRESENTATION('',(#3164),#3167);
#3164 = B_SPLINE_CURVE_WITH_KNOTS('',1,(#3165,#3166),.UNSPECIFIED.,.F.,
  .F.,(2,2),(-3.25,-1.75),.PIECEWISE_BEZIER_KNOTS.);
#3165 = CARTESIAN_POINT('',(1.5,175.2));
#3166 = CARTESIAN_POINT('',(0.,175.2));
#3167 = ( GEOMETRIC_REPRESENTATION_CONTEXT(2) 
PARAMETRIC_REPRESENTATION_CONTEXT() REPRESENTATION_CONTEXT('2D SPACE',''
  ) );
#3168 = ORIENTED_EDGE('',*,*,#654,.F.);
#3169 = ADVANCED_FACE('',(#3170),#642,.F.);
#3170 = FACE_BOUND('',#3171,.F.);
#3171 = EDGE_LOOP('',(#3172,#3173,#3174,#3175));
#3172 = ORIENTED_EDGE('',*,*,#626,.F.);
#3173 = ORIENTED_EDGE('',*,*,#3150,.F.);
#3174 = ORIENTED_EDGE('',*,*,#1043,.F.);
#3175 = ORIENTED_EDGE('',*,*,#3176,.T.);
#3176 = EDGE_CURVE('',#1044,#601,#3177,.T.);
#3177 = SURFACE_CURVE('',#3178,(#3182,#3188),.PCURVE_S1.);
#3178 = LINE('',#3179,#3180);
#3179 = CARTESIAN_POINT('',(181.8,-55.,28.75));
#3180 = VECTOR('',#3181,1.);
#3181 = DIRECTION('',(0.,0.,-1.));
#3182 = PCURVE('',#642,#3183);
#3183 = DEFINITIONAL_REPRESENTATION('',(#3184),#3187);
#3184 = B_SPLINE_CURVE_WITH_KNOTS('',1,(#3185,#3186),.UNSPECIFIED.,.F.,
  .F.,(2,2),(-3.25,-1.75),.PIECEWISE_BEZIER_KNOTS.);
#3185 = CARTESIAN_POINT('',(1.5,182.8));
#3186 = CARTESIAN_POINT('',(0.,182.8));
#3187 = ( GEOMETRIC_REPRESENTATION_CONTEXT(2) 
PARAMETRIC_REPRESENTATION_CONTEXT() REPRESENTATION_CONTEXT('2D SPACE',''
  ) );
#3188 = PCURVE('',#615,#3189);
#3189 = DEFINITIONAL_REPRESENTATION('',(#3190),#3193);
#3190 = B_SPLINE_CURVE_WITH_KNOTS('',1,(#3191,#3192),.UNSPECIFIED.,.F.,
  .F.,(2,2),(-3.25,-1.75),.PIECEWISE_BEZIER_KNOTS.);
#3191 = CARTESIAN_POINT('',(5.,-3.2));
#3192 = CARTESIAN_POINT('',(3.5,-3.2));
#3193 = ( GEOMETRIC_REPRESENTATION_CONTEXT(2) 
PARAMETRIC_REPRESENTATION_CONTEXT() REPRESENTATION_CONTEXT('2D SPACE',''
  ) );
#3194 = ADVANCED_FACE('',(#3195),#615,.T.);
#3195 = FACE_BOUND('',#3196,.T.);
#3196 = EDGE_LOOP('',(#3197,#3220,#3241,#3262,#3263,#3264));
#3197 = ORIENTED_EDGE('',*,*,#3198,.F.);
#3198 = EDGE_CURVE('',#3199,#575,#3201,.T.);
#3199 = VERTEX_POINT('',#3200);
#3200 = CARTESIAN_POINT('',(181.8,-58.2,28.));
#3201 = SURFACE_CURVE('',#3202,(#3206,#3213),.PCURVE_S1.);
#3202 = LINE('',#3203,#3204);
#3203 = CARTESIAN_POINT('',(181.8,-58.2,27.));
#3204 = VECTOR('',#3205,1.);
#3205 = DIRECTION('',(0.,0.,1.));
#3206 = PCURVE('',#615,#3207);
#3207 = DEFINITIONAL_REPRESENTATION('',(#3208),#3212);
#3208 = LINE('',#3209,#3210);
#3209 = CARTESIAN_POINT('',(0.,0.));
#3210 = VECTOR('',#3211,1.);
#3211 = DIRECTION('',(1.,0.));
#3212 = ( GEOMETRIC_REPRESENTATION_CONTEXT(2) 
PARAMETRIC_REPRESENTATION_CONTEXT() REPRESENTATION_CONTEXT('2D SPACE',''
  ) );
#3213 = PCURVE('',#589,#3214);
#3214 = DEFINITIONAL_REPRESENTATION('',(#3215),#3219);
#3215 = LINE('',#3216,#3217);
#3216 = CARTESIAN_POINT('',(0.,0.));
#3217 = VECTOR('',#3218,1.);
#3218 = DIRECTION('',(1.,0.));
#3219 = ( GEOMETRIC_REPRESENTATION_CONTEXT(2) 
PARAMETRIC_REPRESENTATION_CONTEXT() REPRESENTATION_CONTEXT('2D SPACE',''
  ) );
#3220 = ORIENTED_EDGE('',*,*,#3221,.T.);
#3221 = EDGE_CURVE('',#3199,#3222,#3224,.T.);
#3222 = VERTEX_POINT('',#3223);
#3223 = CARTESIAN_POINT('',(181.8,-53.8,28.));
#3224 = SURFACE_CURVE('',#3225,(#3229,#3235),.PCURVE_S1.);
#3225 = LINE('',#3226,#3227);
#3226 = CARTESIAN_POINT('',(181.8,-65.4,28.));
#3227 = VECTOR('',#3228,1.);
#3228 = DIRECTION('',(0.,1.,0.));
#3229 = PCURVE('',#615,#3230);
#3230 = DEFINITIONAL_REPRESENTATION('',(#3231),#3234);
#3231 = B_SPLINE_CURVE_WITH_KNOTS('',1,(#3232,#3233),.UNSPECIFIED.,.F.,
  .F.,(2,2),(7.2,11.6),.PIECEWISE_BEZIER_KNOTS.);
#3232 = CARTESIAN_POINT('',(1.,0.));
#3233 = CARTESIAN_POINT('',(1.,-4.4));
#3234 = ( GEOMETRIC_REPRESENTATION_CONTEXT(2) 
PARAMETRIC_REPRESENTATION_CONTEXT() REPRESENTATION_CONTEXT('2D SPACE',''
  ) );
#3235 = PCURVE('',#2811,#3236);
#3236 = DEFINITIONAL_REPRESENTATION('',(#3237),#3240);
#3237 = B_SPLINE_CURVE_WITH_KNOTS('',1,(#3238,#3239),.UNSPECIFIED.,.F.,
  .F.,(2,2),(7.2,11.6),.PIECEWISE_BEZIER_KNOTS.);
#3238 = CARTESIAN_POINT('',(91.4,14.4));
#3239 = CARTESIAN_POINT('',(91.4,18.8));
#3240 = ( GEOMETRIC_REPRESENTATION_CONTEXT(2) 
PARAMETRIC_REPRESENTATION_CONTEXT() REPRESENTATION_CONTEXT('2D SPACE',''
  ) );
#3241 = ORIENTED_EDGE('',*,*,#3242,.T.);
#3242 = EDGE_CURVE('',#3222,#1065,#3243,.T.);
#3243 = SURFACE_CURVE('',#3244,(#3248,#3255),.PCURVE_S1.);
#3244 = LINE('',#3245,#3246);
#3245 = CARTESIAN_POINT('',(181.8,-53.8,27.));
#3246 = VECTOR('',#3247,1.);
#3247 = DIRECTION('',(0.,0.,1.));
#3248 = PCURVE('',#615,#3249);
#3249 = DEFINITIONAL_REPRESENTATION('',(#3250),#3254);
#3250 = LINE('',#3251,#3252);
#3251 = CARTESIAN_POINT('',(0.,-4.4));
#3252 = VECTOR('',#3253,1.);
#3253 = DIRECTION('',(1.,0.));
#3254 = ( GEOMETRIC_REPRESENTATION_CONTEXT(2) 
PARAMETRIC_REPRESENTATION_CONTEXT() REPRESENTATION_CONTEXT('2D SPACE',''
  ) );
#3255 = PCURVE('',#1100,#3256);
#3256 = DEFINITIONAL_REPRESENTATION('',(#3257),#3261);
#3257 = LINE('',#3258,#3259);
#3258 = CARTESIAN_POINT('',(0.,0.));
#3259 = VECTOR('',#3260,1.);
#3260 = DIRECTION('',(1.,0.));
#3261 = ( GEOMETRIC_REPRESENTATION_CONTEXT(2) 
PARAMETRIC_REPRESENTATION_CONTEXT() REPRESENTATION_CONTEXT('2D SPACE',''
  ) );
#3262 = ORIENTED_EDGE('',*,*,#1064,.F.);
#3263 = ORIENTED_EDGE('',*,*,#3176,.T.);
#3264 = ORIENTED_EDGE('',*,*,#600,.F.);
#3265 = ADVANCED_FACE('',(#3266),#589,.T.);
#3266 = FACE_BOUND('',#3267,.T.);
#3267 = EDGE_LOOP('',(#3268,#3291,#3310,#3311));
#3268 = ORIENTED_EDGE('',*,*,#3269,.F.);
#3269 = EDGE_CURVE('',#3270,#549,#3272,.T.);
#3270 = VERTEX_POINT('',#3271);
#3271 = CARTESIAN_POINT('',(194.2,-58.2,28.));
#3272 = SURFACE_CURVE('',#3273,(#3277,#3284),.PCURVE_S1.);
#3273 = LINE('',#3274,#3275);
#3274 = CARTESIAN_POINT('',(194.2,-58.2,27.));
#3275 = VECTOR('',#3276,1.);
#3276 = DIRECTION('',(0.,0.,1.));
#3277 = PCURVE('',#589,#3278);
#3278 = DEFINITIONAL_REPRESENTATION('',(#3279),#3283);
#3279 = LINE('',#3280,#3281);
#3280 = CARTESIAN_POINT('',(0.,12.4));
#3281 = VECTOR('',#3282,1.);
#3282 = DIRECTION('',(1.,0.));
#3283 = ( GEOMETRIC_REPRESENTATION_CONTEXT(2) 
PARAMETRIC_REPRESENTATION_CONTEXT() REPRESENTATION_CONTEXT('2D SPACE',''
  ) );
#3284 = PCURVE('',#563,#3285);
#3285 = DEFINITIONAL_REPRESENTATION('',(#3286),#3290);
#3286 = LINE('',#3287,#3288);
#3287 = CARTESIAN_POINT('',(0.,0.));
#3288 = VECTOR('',#3289,1.);
#3289 = DIRECTION('',(1.,0.));
#3290 = ( GEOMETRIC_REPRESENTATION_CONTEXT(2) 
PARAMETRIC_REPRESENTATION_CONTEXT() REPRESENTATION_CONTEXT('2D SPACE',''
  ) );
#3291 = ORIENTED_EDGE('',*,*,#3292,.T.);
#3292 = EDGE_CURVE('',#3270,#3199,#3293,.T.);
#3293 = SURFACE_CURVE('',#3294,(#3298,#3304),.PCURVE_S1.);
#3294 = LINE('',#3295,#3296);
#3295 = CARTESIAN_POINT('',(136.1,-58.2,28.));
#3296 = VECTOR('',#3297,1.);
#3297 = DIRECTION('',(-1.,0.,0.));
#3298 = PCURVE('',#589,#3299);
#3299 = DEFINITIONAL_REPRESENTATION('',(#3300),#3303);
#3300 = B_SPLINE_CURVE_WITH_KNOTS('',1,(#3301,#3302),.UNSPECIFIED.,.F.,
  .F.,(2,2),(-58.1,-45.7),.PIECEWISE_BEZIER_KNOTS.);
#3301 = CARTESIAN_POINT('',(1.,12.4));
#3302 = CARTESIAN_POINT('',(1.,0.));
#3303 = ( GEOMETRIC_REPRESENTATION_CONTEXT(2) 
PARAMETRIC_REPRESENTATION_CONTEXT() REPRESENTATION_CONTEXT('2D SPACE',''
  ) );
#3304 = PCURVE('',#2811,#3305);
#3305 = DEFINITIONAL_REPRESENTATION('',(#3306),#3309);
#3306 = B_SPLINE_CURVE_WITH_KNOTS('',1,(#3307,#3308),.UNSPECIFIED.,.F.,
  .F.,(2,2),(-58.1,-45.7),.PIECEWISE_BEZIER_KNOTS.);
#3307 = CARTESIAN_POINT('',(103.8,14.4));
#3308 = CARTESIAN_POINT('',(91.4,14.4));
#3309 = ( GEOMETRIC_REPRESENTATION_CONTEXT(2) 
PARAMETRIC_REPRESENTATION_CONTEXT() REPRESENTATION_CONTEXT('2D SPACE',''
  ) );
#3310 = ORIENTED_EDGE('',*,*,#3198,.T.);
#3311 = ORIENTED_EDGE('',*,*,#574,.F.);
#3312 = ADVANCED_FACE('',(#3313),#563,.F.);
#3313 = FACE_BOUND('',#3314,.F.);
#3314 = EDGE_LOOP('',(#3315,#3316,#3337,#3358,#3359,#3378));
#3315 = ORIENTED_EDGE('',*,*,#3269,.F.);
#3316 = ORIENTED_EDGE('',*,*,#3317,.T.);
#3317 = EDGE_CURVE('',#3270,#3318,#3320,.T.);
#3318 = VERTEX_POINT('',#3319);
#3319 = CARTESIAN_POINT('',(194.2,-53.8,28.));
#3320 = SURFACE_CURVE('',#3321,(#3325,#3331),.PCURVE_S1.);
#3321 = LINE('',#3322,#3323);
#3322 = CARTESIAN_POINT('',(194.2,-65.4,28.));
#3323 = VECTOR('',#3324,1.);
#3324 = DIRECTION('',(0.,1.,0.));
#3325 = PCURVE('',#563,#3326);
#3326 = DEFINITIONAL_REPRESENTATION('',(#3327),#3330);
#3327 = B_SPLINE_CURVE_WITH_KNOTS('',1,(#3328,#3329),.UNSPECIFIED.,.F.,
  .F.,(2,2),(7.2,11.6),.PIECEWISE_BEZIER_KNOTS.);
#3328 = CARTESIAN_POINT('',(1.,0.));
#3329 = CARTESIAN_POINT('',(1.,-4.4));
#3330 = ( GEOMETRIC_REPRESENTATION_CONTEXT(2) 
PARAMETRIC_REPRESENTATION_CONTEXT() REPRESENTATION_CONTEXT('2D SPACE',''
  ) );
#3331 = PCURVE('',#2811,#3332);
#3332 = DEFINITIONAL_REPRESENTATION('',(#3333),#3336);
#3333 = B_SPLINE_CURVE_WITH_KNOTS('',1,(#3334,#3335),.UNSPECIFIED.,.F.,
  .F.,(2,2),(7.2,11.6),.PIECEWISE_BEZIER_KNOTS.);
#3334 = CARTESIAN_POINT('',(103.8,14.4));
#3335 = CARTESIAN_POINT('',(103.8,18.8));
#3336 = ( GEOMETRIC_REPRESENTATION_CONTEXT(2) 
PARAMETRIC_REPRESENTATION_CONTEXT() REPRESENTATION_CONTEXT('2D SPACE',''
  ) );
#3337 = ORIENTED_EDGE('',*,*,#3338,.T.);
#3338 = EDGE_CURVE('',#3318,#1086,#3339,.T.);
#3339 = SURFACE_CURVE('',#3340,(#3344,#3351),.PCURVE_S1.);
#3340 = LINE('',#3341,#3342);
#3341 = CARTESIAN_POINT('',(194.2,-53.8,27.));
#3342 = VECTOR('',#3343,1.);
#3343 = DIRECTION('',(0.,0.,1.));
#3344 = PCURVE('',#563,#3345);
#3345 = DEFINITIONAL_REPRESENTATION('',(#3346),#3350);
#3346 = LINE('',#3347,#3348);
#3347 = CARTESIAN_POINT('',(0.,-4.4));
#3348 = VECTOR('',#3349,1.);
#3349 = DIRECTION('',(1.,0.));
#3350 = ( GEOMETRIC_REPRESENTATION_CONTEXT(2) 
PARAMETRIC_REPRESENTATION_CONTEXT() REPRESENTATION_CONTEXT('2D SPACE',''
  ) );
#3351 = PCURVE('',#1100,#3352);
#3352 = DEFINITIONAL_REPRESENTATION('',(#3353),#3357);
#3353 = LINE('',#3354,#3355);
#3354 = CARTESIAN_POINT('',(0.,12.4));
#3355 = VECTOR('',#3356,1.);
#3356 = DIRECTION('',(1.,0.));
#3357 = ( GEOMETRIC_REPRESENTATION_CONTEXT(2) 
PARAMETRIC_REPRESENTATION_CONTEXT() REPRESENTATION_CONTEXT('2D SPACE',''
  ) );
#3358 = ORIENTED_EDGE('',*,*,#1111,.F.);
#3359 = ORIENTED_EDGE('',*,*,#3360,.T.);
#3360 = EDGE_CURVE('',#1112,#521,#3361,.T.);
#3361 = SURFACE_CURVE('',#3362,(#3366,#3372),.PCURVE_S1.);
#3362 = LINE('',#3363,#3364);
#3363 = CARTESIAN_POINT('',(194.2,-55.,28.75));
#3364 = VECTOR('',#3365,1.);
#3365 = DIRECTION('',(0.,0.,-1.));
#3366 = PCURVE('',#563,#3367);
#3367 = DEFINITIONAL_REPRESENTATION('',(#3368),#3371);
#3368 = B_SPLINE_CURVE_WITH_KNOTS('',1,(#3369,#3370),.UNSPECIFIED.,.F.,
  .F.,(2,2),(-3.25,-1.75),.PIECEWISE_BEZIER_KNOTS.);
#3369 = CARTESIAN_POINT('',(5.,-3.2));
#3370 = CARTESIAN_POINT('',(3.5,-3.2));
#3371 = ( GEOMETRIC_REPRESENTATION_CONTEXT(2) 
PARAMETRIC_REPRESENTATION_CONTEXT() REPRESENTATION_CONTEXT('2D SPACE',''
  ) );
#3372 = PCURVE('',#536,#3373);
#3373 = DEFINITIONAL_REPRESENTATION('',(#3374),#3377);
#3374 = B_SPLINE_CURVE_WITH_KNOTS('',1,(#3375,#3376),.UNSPECIFIED.,.F.,
  .F.,(2,2),(-3.25,-1.75),.PIECEWISE_BEZIER_KNOTS.);
#3375 = CARTESIAN_POINT('',(1.5,195.2));
#3376 = CARTESIAN_POINT('',(0.,195.2));
#3377 = ( GEOMETRIC_REPRESENTATION_CONTEXT(2) 
PARAMETRIC_REPRESENTATION_CONTEXT() REPRESENTATION_CONTEXT('2D SPACE',''
  ) );
#3378 = ORIENTED_EDGE('',*,*,#548,.F.);
#3379 = ADVANCED_FACE('',(#3380),#536,.F.);
#3380 = FACE_BOUND('',#3381,.F.);
#3381 = EDGE_LOOP('',(#3382,#3383,#3384,#3385));
#3382 = ORIENTED_EDGE('',*,*,#520,.F.);
#3383 = ORIENTED_EDGE('',*,*,#3360,.F.);
#3384 = ORIENTED_EDGE('',*,*,#1132,.F.);
#3385 = ORIENTED_EDGE('',*,*,#2749,.F.);
#3386 = ADVANCED_FACE('',(#3387),#1580,.T.);
#3387 = FACE_BOUND('',#3388,.T.);
#3388 = EDGE_LOOP('',(#3389,#3412,#3433,#3454,#3455,#3456));
#3389 = ORIENTED_EDGE('',*,*,#3390,.F.);
#3390 = EDGE_CURVE('',#3391,#1540,#3393,.T.);
#3391 = VERTEX_POINT('',#3392);
#3392 = CARTESIAN_POINT('',(141.8,53.8,28.));
#3393 = SURFACE_CURVE('',#3394,(#3398,#3405),.PCURVE_S1.);
#3394 = LINE('',#3395,#3396);
#3395 = CARTESIAN_POINT('',(141.8,53.8,27.));
#3396 = VECTOR('',#3397,1.);
#3397 = DIRECTION('',(0.,0.,1.));
#3398 = PCURVE('',#1580,#3399);
#3399 = DEFINITIONAL_REPRESENTATION('',(#3400),#3404);
#3400 = LINE('',#3401,#3402);
#3401 = CARTESIAN_POINT('',(0.,0.));
#3402 = VECTOR('',#3403,1.);
#3403 = DIRECTION('',(1.,0.));
#3404 = ( GEOMETRIC_REPRESENTATION_CONTEXT(2) 
PARAMETRIC_REPRESENTATION_CONTEXT() REPRESENTATION_CONTEXT('2D SPACE',''
  ) );
#3405 = PCURVE('',#1554,#3406);
#3406 = DEFINITIONAL_REPRESENTATION('',(#3407),#3411);
#3407 = LINE('',#3408,#3409);
#3408 = CARTESIAN_POINT('',(0.,0.));
#3409 = VECTOR('',#3410,1.);
#3410 = DIRECTION('',(1.,0.));
#3411 = ( GEOMETRIC_REPRESENTATION_CONTEXT(2) 
PARAMETRIC_REPRESENTATION_CONTEXT() REPRESENTATION_CONTEXT('2D SPACE',''
  ) );
#3412 = ORIENTED_EDGE('',*,*,#3413,.T.);
#3413 = EDGE_CURVE('',#3391,#3414,#3416,.T.);
#3414 = VERTEX_POINT('',#3415);
#3415 = CARTESIAN_POINT('',(141.8,58.2,28.));
#3416 = SURFACE_CURVE('',#3417,(#3421,#3427),.PCURVE_S1.);
#3417 = LINE('',#3418,#3419);
#3418 = CARTESIAN_POINT('',(141.8,-9.4,28.));
#3419 = VECTOR('',#3420,1.);
#3420 = DIRECTION('',(0.,1.,0.));
#3421 = PCURVE('',#1580,#3422);
#3422 = DEFINITIONAL_REPRESENTATION('',(#3423),#3426);
#3423 = B_SPLINE_CURVE_WITH_KNOTS('',1,(#3424,#3425),.UNSPECIFIED.,.F.,
  .F.,(2,2),(63.2,67.6),.PIECEWISE_BEZIER_KNOTS.);
#3424 = CARTESIAN_POINT('',(1.,0.));
#3425 = CARTESIAN_POINT('',(1.,-4.4));
#3426 = ( GEOMETRIC_REPRESENTATION_CONTEXT(2) 
PARAMETRIC_REPRESENTATION_CONTEXT() REPRESENTATION_CONTEXT('2D SPACE',''
  ) );
#3427 = PCURVE('',#2811,#3428);
#3428 = DEFINITIONAL_REPRESENTATION('',(#3429),#3432);
#3429 = B_SPLINE_CURVE_WITH_KNOTS('',1,(#3430,#3431),.UNSPECIFIED.,.F.,
  .F.,(2,2),(63.2,67.6),.PIECEWISE_BEZIER_KNOTS.);
#3430 = CARTESIAN_POINT('',(51.4,126.4));
#3431 = CARTESIAN_POINT('',(51.4,130.8));
#3432 = ( GEOMETRIC_REPRESENTATION_CONTEXT(2) 
PARAMETRIC_REPRESENTATION_CONTEXT() REPRESENTATION_CONTEXT('2D SPACE',''
  ) );
#3433 = ORIENTED_EDGE('',*,*,#3434,.T.);
#3434 = EDGE_CURVE('',#3414,#1686,#3435,.T.);
#3435 = SURFACE_CURVE('',#3436,(#3440,#3447),.PCURVE_S1.);
#3436 = LINE('',#3437,#3438);
#3437 = CARTESIAN_POINT('',(141.8,58.2,27.));
#3438 = VECTOR('',#3439,1.);
#3439 = DIRECTION('',(0.,0.,1.));
#3440 = PCURVE('',#1580,#3441);
#3441 = DEFINITIONAL_REPRESENTATION('',(#3442),#3446);
#3442 = LINE('',#3443,#3444);
#3443 = CARTESIAN_POINT('',(0.,-4.4));
#3444 = VECTOR('',#3445,1.);
#3445 = DIRECTION('',(1.,0.));
#3446 = ( GEOMETRIC_REPRESENTATION_CONTEXT(2) 
PARAMETRIC_REPRESENTATION_CONTEXT() REPRESENTATION_CONTEXT('2D SPACE',''
  ) );
#3447 = PCURVE('',#1721,#3448);
#3448 = DEFINITIONAL_REPRESENTATION('',(#3449),#3453);
#3449 = LINE('',#3450,#3451);
#3450 = CARTESIAN_POINT('',(0.,0.));
#3451 = VECTOR('',#3452,1.);
#3452 = DIRECTION('',(1.,0.));
#3453 = ( GEOMETRIC_REPRESENTATION_CONTEXT(2) 
PARAMETRIC_REPRESENTATION_CONTEXT() REPRESENTATION_CONTEXT('2D SPACE',''
  ) );
#3454 = ORIENTED_EDGE('',*,*,#1685,.F.);
#3455 = ORIENTED_EDGE('',*,*,#1638,.F.);
#3456 = ORIENTED_EDGE('',*,*,#1565,.F.);
#3457 = ADVANCED_FACE('',(#3458),#1554,.T.);
#3458 = FACE_BOUND('',#3459,.T.);
#3459 = EDGE_LOOP('',(#3460,#3483,#3502,#3503));
#3460 = ORIENTED_EDGE('',*,*,#3461,.F.);
#3461 = EDGE_CURVE('',#3462,#1514,#3464,.T.);
#3462 = VERTEX_POINT('',#3463);
#3463 = CARTESIAN_POINT('',(154.2,53.8,28.));
#3464 = SURFACE_CURVE('',#3465,(#3469,#3476),.PCURVE_S1.);
#3465 = LINE('',#3466,#3467);
#3466 = CARTESIAN_POINT('',(154.2,53.8,27.));
#3467 = VECTOR('',#3468,1.);
#3468 = DIRECTION('',(0.,0.,1.));
#3469 = PCURVE('',#1554,#3470);
#3470 = DEFINITIONAL_REPRESENTATION('',(#3471),#3475);
#3471 = LINE('',#3472,#3473);
#3472 = CARTESIAN_POINT('',(0.,12.4));
#3473 = VECTOR('',#3474,1.);
#3474 = DIRECTION('',(1.,0.));
#3475 = ( GEOMETRIC_REPRESENTATION_CONTEXT(2) 
PARAMETRIC_REPRESENTATION_CONTEXT() REPRESENTATION_CONTEXT('2D SPACE',''
  ) );
#3476 = PCURVE('',#1528,#3477);
#3477 = DEFINITIONAL_REPRESENTATION('',(#3478),#3482);
#3478 = LINE('',#3479,#3480);
#3479 = CARTESIAN_POINT('',(0.,0.));
#3480 = VECTOR('',#3481,1.);
#3481 = DIRECTION('',(1.,0.));
#3482 = ( GEOMETRIC_REPRESENTATION_CONTEXT(2) 
PARAMETRIC_REPRESENTATION_CONTEXT() REPRESENTATION_CONTEXT('2D SPACE',''
  ) );
#3483 = ORIENTED_EDGE('',*,*,#3484,.T.);
#3484 = EDGE_CURVE('',#3462,#3391,#3485,.T.);
#3485 = SURFACE_CURVE('',#3486,(#3490,#3496),.PCURVE_S1.);
#3486 = LINE('',#3487,#3488);
#3487 = CARTESIAN_POINT('',(116.1,53.8,28.));
#3488 = VECTOR('',#3489,1.);
#3489 = DIRECTION('',(-1.,0.,0.));
#3490 = PCURVE('',#1554,#3491);
#3491 = DEFINITIONAL_REPRESENTATION('',(#3492),#3495);
#3492 = B_SPLINE_CURVE_WITH_KNOTS('',1,(#3493,#3494),.UNSPECIFIED.,.F.,
  .F.,(2,2),(-38.1,-25.7),.PIECEWISE_BEZIER_KNOTS.);
#3493 = CARTESIAN_POINT('',(1.,12.4));
#3494 = CARTESIAN_POINT('',(1.,0.));
#3495 = ( GEOMETRIC_REPRESENTATION_CONTEXT(2) 
PARAMETRIC_REPRESENTATION_CONTEXT() REPRESENTATION_CONTEXT('2D SPACE',''
  ) );
#3496 = PCURVE('',#2811,#3497);
#3497 = DEFINITIONAL_REPRESENTATION('',(#3498),#3501);
#3498 = B_SPLINE_CURVE_WITH_KNOTS('',1,(#3499,#3500),.UNSPECIFIED.,.F.,
  .F.,(2,2),(-38.1,-25.7),.PIECEWISE_BEZIER_KNOTS.);
#3499 = CARTESIAN_POINT('',(63.8,126.4));
#3500 = CARTESIAN_POINT('',(51.4,126.4));
#3501 = ( GEOMETRIC_REPRESENTATION_CONTEXT(2) 
PARAMETRIC_REPRESENTATION_CONTEXT() REPRESENTATION_CONTEXT('2D SPACE',''
  ) );
#3502 = ORIENTED_EDGE('',*,*,#3390,.T.);
#3503 = ORIENTED_EDGE('',*,*,#1539,.F.);
#3504 = ADVANCED_FACE('',(#3505),#1528,.F.);
#3505 = FACE_BOUND('',#3506,.F.);
#3506 = EDGE_LOOP('',(#3507,#3508,#3529,#3550,#3551,#3570));
#3507 = ORIENTED_EDGE('',*,*,#3461,.F.);
#3508 = ORIENTED_EDGE('',*,*,#3509,.T.);
#3509 = EDGE_CURVE('',#3462,#3510,#3512,.T.);
#3510 = VERTEX_POINT('',#3511);
#3511 = CARTESIAN_POINT('',(154.2,58.2,28.));
#3512 = SURFACE_CURVE('',#3513,(#3517,#3523),.PCURVE_S1.);
#3513 = LINE('',#3514,#3515);
#3514 = CARTESIAN_POINT('',(154.2,-9.4,28.));
#3515 = VECTOR('',#3516,1.);
#3516 = DIRECTION('',(0.,1.,0.));
#3517 = PCURVE('',#1528,#3518);
#3518 = DEFINITIONAL_REPRESENTATION('',(#3519),#3522);
#3519 = B_SPLINE_CURVE_WITH_KNOTS('',1,(#3520,#3521),.UNSPECIFIED.,.F.,
  .F.,(2,2),(63.2,67.6),.PIECEWISE_BEZIER_KNOTS.);
#3520 = CARTESIAN_POINT('',(1.,0.));
#3521 = CARTESIAN_POINT('',(1.,-4.4));
#3522 = ( GEOMETRIC_REPRESENTATION_CONTEXT(2) 
PARAMETRIC_REPRESENTATION_CONTEXT() REPRESENTATION_CONTEXT('2D SPACE',''
  ) );
#3523 = PCURVE('',#2811,#3524);
#3524 = DEFINITIONAL_REPRESENTATION('',(#3525),#3528);
#3525 = B_SPLINE_CURVE_WITH_KNOTS('',1,(#3526,#3527),.UNSPECIFIED.,.F.,
  .F.,(2,2),(63.2,67.6),.PIECEWISE_BEZIER_KNOTS.);
#3526 = CARTESIAN_POINT('',(63.8,126.4));
#3527 = CARTESIAN_POINT('',(63.8,130.8));
#3528 = ( GEOMETRIC_REPRESENTATION_CONTEXT(2) 
PARAMETRIC_REPRESENTATION_CONTEXT() REPRESENTATION_CONTEXT('2D SPACE',''
  ) );
#3529 = ORIENTED_EDGE('',*,*,#3530,.T.);
#3530 = EDGE_CURVE('',#3510,#1707,#3531,.T.);
#3531 = SURFACE_CURVE('',#3532,(#3536,#3543),.PCURVE_S1.);
#3532 = LINE('',#3533,#3534);
#3533 = CARTESIAN_POINT('',(154.2,58.2,27.));
#3534 = VECTOR('',#3535,1.);
#3535 = DIRECTION('',(0.,0.,1.));
#3536 = PCURVE('',#1528,#3537);
#3537 = DEFINITIONAL_REPRESENTATION('',(#3538),#3542);
#3538 = LINE('',#3539,#3540);
#3539 = CARTESIAN_POINT('',(0.,-4.4));
#3540 = VECTOR('',#3541,1.);
#3541 = DIRECTION('',(1.,0.));
#3542 = ( GEOMETRIC_REPRESENTATION_CONTEXT(2) 
PARAMETRIC_REPRESENTATION_CONTEXT() REPRESENTATION_CONTEXT('2D SPACE',''
  ) );
#3543 = PCURVE('',#1721,#3544);
#3544 = DEFINITIONAL_REPRESENTATION('',(#3545),#3549);
#3545 = LINE('',#3546,#3547);
#3546 = CARTESIAN_POINT('',(0.,12.4));
#3547 = VECTOR('',#3548,1.);
#3548 = DIRECTION('',(1.,0.));
#3549 = ( GEOMETRIC_REPRESENTATION_CONTEXT(2) 
PARAMETRIC_REPRESENTATION_CONTEXT() REPRESENTATION_CONTEXT('2D SPACE',''
  ) );
#3550 = ORIENTED_EDGE('',*,*,#1732,.F.);
#3551 = ORIENTED_EDGE('',*,*,#3552,.F.);
#3552 = EDGE_CURVE('',#1488,#1733,#3553,.T.);
#3553 = SURFACE_CURVE('',#3554,(#3558,#3564),.PCURVE_S1.);
#3554 = LINE('',#3555,#3556);
#3555 = CARTESIAN_POINT('',(154.2,55.,28.75));
#3556 = VECTOR('',#3557,1.);
#3557 = DIRECTION('',(0.,0.,-1.));
#3558 = PCURVE('',#1528,#3559);
#3559 = DEFINITIONAL_REPRESENTATION('',(#3560),#3563);
#3560 = B_SPLINE_CURVE_WITH_KNOTS('',1,(#3561,#3562),.UNSPECIFIED.,.F.,
  .F.,(2,2),(-3.25,-1.75),.PIECEWISE_BEZIER_KNOTS.);
#3561 = CARTESIAN_POINT('',(5.,-1.2));
#3562 = CARTESIAN_POINT('',(3.5,-1.2));
#3563 = ( GEOMETRIC_REPRESENTATION_CONTEXT(2) 
PARAMETRIC_REPRESENTATION_CONTEXT() REPRESENTATION_CONTEXT('2D SPACE',''
  ) );
#3564 = PCURVE('',#1502,#3565);
#3565 = DEFINITIONAL_REPRESENTATION('',(#3566),#3569);
#3566 = B_SPLINE_CURVE_WITH_KNOTS('',1,(#3567,#3568),.UNSPECIFIED.,.F.,
  .F.,(2,2),(-3.25,-1.75),.PIECEWISE_BEZIER_KNOTS.);
#3567 = CARTESIAN_POINT('',(1.5,155.2));
#3568 = CARTESIAN_POINT('',(0.,155.2));
#3569 = ( GEOMETRIC_REPRESENTATION_CONTEXT(2) 
PARAMETRIC_REPRESENTATION_CONTEXT() REPRESENTATION_CONTEXT('2D SPACE',''
  ) );
#3570 = ORIENTED_EDGE('',*,*,#1513,.F.);
#3571 = ADVANCED_FACE('',(#3572),#1502,.T.);
#3572 = FACE_BOUND('',#3573,.T.);
#3573 = EDGE_LOOP('',(#3574,#3575,#3576,#3577));
#3574 = ORIENTED_EDGE('',*,*,#1753,.F.);
#3575 = ORIENTED_EDGE('',*,*,#3552,.F.);
#3576 = ORIENTED_EDGE('',*,*,#1487,.F.);
#3577 = ORIENTED_EDGE('',*,*,#3578,.T.);
#3578 = EDGE_CURVE('',#1462,#1754,#3579,.T.);
#3579 = SURFACE_CURVE('',#3580,(#3584,#3590),.PCURVE_S1.);
#3580 = LINE('',#3581,#3582);
#3581 = CARTESIAN_POINT('',(161.8,55.,28.75));
#3582 = VECTOR('',#3583,1.);
#3583 = DIRECTION('',(0.,0.,-1.));
#3584 = PCURVE('',#1502,#3585);
#3585 = DEFINITIONAL_REPRESENTATION('',(#3586),#3589);
#3586 = B_SPLINE_CURVE_WITH_KNOTS('',1,(#3587,#3588),.UNSPECIFIED.,.F.,
  .F.,(2,2),(-3.25,-1.75),.PIECEWISE_BEZIER_KNOTS.);
#3587 = CARTESIAN_POINT('',(1.5,162.8));
#3588 = CARTESIAN_POINT('',(0.,162.8));
#3589 = ( GEOMETRIC_REPRESENTATION_CONTEXT(2) 
PARAMETRIC_REPRESENTATION_CONTEXT() REPRESENTATION_CONTEXT('2D SPACE',''
  ) );
#3590 = PCURVE('',#1476,#3591);
#3591 = DEFINITIONAL_REPRESENTATION('',(#3592),#3595);
#3592 = B_SPLINE_CURVE_WITH_KNOTS('',1,(#3593,#3594),.UNSPECIFIED.,.F.,
  .F.,(2,2),(-3.25,-1.75),.PIECEWISE_BEZIER_KNOTS.);
#3593 = CARTESIAN_POINT('',(5.,-1.2));
#3594 = CARTESIAN_POINT('',(3.5,-1.2));
#3595 = ( GEOMETRIC_REPRESENTATION_CONTEXT(2) 
PARAMETRIC_REPRESENTATION_CONTEXT() REPRESENTATION_CONTEXT('2D SPACE',''
  ) );
#3596 = ADVANCED_FACE('',(#3597),#1476,.T.);
#3597 = FACE_BOUND('',#3598,.T.);
#3598 = EDGE_LOOP('',(#3599,#3622,#3643,#3664,#3665,#3666));
#3599 = ORIENTED_EDGE('',*,*,#3600,.F.);
#3600 = EDGE_CURVE('',#3601,#1436,#3603,.T.);
#3601 = VERTEX_POINT('',#3602);
#3602 = CARTESIAN_POINT('',(161.8,53.8,28.));
#3603 = SURFACE_CURVE('',#3604,(#3608,#3615),.PCURVE_S1.);
#3604 = LINE('',#3605,#3606);
#3605 = CARTESIAN_POINT('',(161.8,53.8,27.));
#3606 = VECTOR('',#3607,1.);
#3607 = DIRECTION('',(0.,0.,1.));
#3608 = PCURVE('',#1476,#3609);
#3609 = DEFINITIONAL_REPRESENTATION('',(#3610),#3614);
#3610 = LINE('',#3611,#3612);
#3611 = CARTESIAN_POINT('',(0.,0.));
#3612 = VECTOR('',#3613,1.);
#3613 = DIRECTION('',(1.,0.));
#3614 = ( GEOMETRIC_REPRESENTATION_CONTEXT(2) 
PARAMETRIC_REPRESENTATION_CONTEXT() REPRESENTATION_CONTEXT('2D SPACE',''
  ) );
#3615 = PCURVE('',#1450,#3616);
#3616 = DEFINITIONAL_REPRESENTATION('',(#3617),#3621);
#3617 = LINE('',#3618,#3619);
#3618 = CARTESIAN_POINT('',(0.,0.));
#3619 = VECTOR('',#3620,1.);
#3620 = DIRECTION('',(1.,0.));
#3621 = ( GEOMETRIC_REPRESENTATION_CONTEXT(2) 
PARAMETRIC_REPRESENTATION_CONTEXT() REPRESENTATION_CONTEXT('2D SPACE',''
  ) );
#3622 = ORIENTED_EDGE('',*,*,#3623,.T.);
#3623 = EDGE_CURVE('',#3601,#3624,#3626,.T.);
#3624 = VERTEX_POINT('',#3625);
#3625 = CARTESIAN_POINT('',(161.8,58.2,28.));
#3626 = SURFACE_CURVE('',#3627,(#3631,#3637),.PCURVE_S1.);
#3627 = LINE('',#3628,#3629);
#3628 = CARTESIAN_POINT('',(161.8,-9.4,28.));
#3629 = VECTOR('',#3630,1.);
#3630 = DIRECTION('',(0.,1.,0.));
#3631 = PCURVE('',#1476,#3632);
#3632 = DEFINITIONAL_REPRESENTATION('',(#3633),#3636);
#3633 = B_SPLINE_CURVE_WITH_KNOTS('',1,(#3634,#3635),.UNSPECIFIED.,.F.,
  .F.,(2,2),(63.2,67.6),.PIECEWISE_BEZIER_KNOTS.);
#3634 = CARTESIAN_POINT('',(1.,0.));
#3635 = CARTESIAN_POINT('',(1.,-4.4));
#3636 = ( GEOMETRIC_REPRESENTATION_CONTEXT(2) 
PARAMETRIC_REPRESENTATION_CONTEXT() REPRESENTATION_CONTEXT('2D SPACE',''
  ) );
#3637 = PCURVE('',#2811,#3638);
#3638 = DEFINITIONAL_REPRESENTATION('',(#3639),#3642);
#3639 = B_SPLINE_CURVE_WITH_KNOTS('',1,(#3640,#3641),.UNSPECIFIED.,.F.,
  .F.,(2,2),(63.2,67.6),.PIECEWISE_BEZIER_KNOTS.);
#3640 = CARTESIAN_POINT('',(71.4,126.4));
#3641 = CARTESIAN_POINT('',(71.4,130.8));
#3642 = ( GEOMETRIC_REPRESENTATION_CONTEXT(2) 
PARAMETRIC_REPRESENTATION_CONTEXT() REPRESENTATION_CONTEXT('2D SPACE',''
  ) );
#3643 = ORIENTED_EDGE('',*,*,#3644,.T.);
#3644 = EDGE_CURVE('',#3624,#1777,#3645,.T.);
#3645 = SURFACE_CURVE('',#3646,(#3650,#3657),.PCURVE_S1.);
#3646 = LINE('',#3647,#3648);
#3647 = CARTESIAN_POINT('',(161.8,58.2,27.));
#3648 = VECTOR('',#3649,1.);
#3649 = DIRECTION('',(0.,0.,1.));
#3650 = PCURVE('',#1476,#3651);
#3651 = DEFINITIONAL_REPRESENTATION('',(#3652),#3656);
#3652 = LINE('',#3653,#3654);
#3653 = CARTESIAN_POINT('',(0.,-4.4));
#3654 = VECTOR('',#3655,1.);
#3655 = DIRECTION('',(1.,0.));
#3656 = ( GEOMETRIC_REPRESENTATION_CONTEXT(2) 
PARAMETRIC_REPRESENTATION_CONTEXT() REPRESENTATION_CONTEXT('2D SPACE',''
  ) );
#3657 = PCURVE('',#1812,#3658);
#3658 = DEFINITIONAL_REPRESENTATION('',(#3659),#3663);
#3659 = LINE('',#3660,#3661);
#3660 = CARTESIAN_POINT('',(0.,0.));
#3661 = VECTOR('',#3662,1.);
#3662 = DIRECTION('',(1.,0.));
#3663 = ( GEOMETRIC_REPRESENTATION_CONTEXT(2) 
PARAMETRIC_REPRESENTATION_CONTEXT() REPRESENTATION_CONTEXT('2D SPACE',''
  ) );
#3664 = ORIENTED_EDGE('',*,*,#1776,.F.);
#3665 = ORIENTED_EDGE('',*,*,#3578,.F.);
#3666 = ORIENTED_EDGE('',*,*,#1461,.F.);
#3667 = ADVANCED_FACE('',(#3668),#1450,.T.);
#3668 = FACE_BOUND('',#3669,.T.);
#3669 = EDGE_LOOP('',(#3670,#3693,#3712,#3713));
#3670 = ORIENTED_EDGE('',*,*,#3671,.F.);
#3671 = EDGE_CURVE('',#3672,#1410,#3674,.T.);
#3672 = VERTEX_POINT('',#3673);
#3673 = CARTESIAN_POINT('',(174.2,53.8,28.));
#3674 = SURFACE_CURVE('',#3675,(#3679,#3686),.PCURVE_S1.);
#3675 = LINE('',#3676,#3677);
#3676 = CARTESIAN_POINT('',(174.2,53.8,27.));
#3677 = VECTOR('',#3678,1.);
#3678 = DIRECTION('',(0.,0.,1.));
#3679 = PCURVE('',#1450,#3680);
#3680 = DEFINITIONAL_REPRESENTATION('',(#3681),#3685);
#3681 = LINE('',#3682,#3683);
#3682 = CARTESIAN_POINT('',(0.,12.4));
#3683 = VECTOR('',#3684,1.);
#3684 = DIRECTION('',(1.,0.));
#3685 = ( GEOMETRIC_REPRESENTATION_CONTEXT(2) 
PARAMETRIC_REPRESENTATION_CONTEXT() REPRESENTATION_CONTEXT('2D SPACE',''
  ) );
#3686 = PCURVE('',#1424,#3687);
#3687 = DEFINITIONAL_REPRESENTATION('',(#3688),#3692);
#3688 = LINE('',#3689,#3690);
#3689 = CARTESIAN_POINT('',(0.,0.));
#3690 = VECTOR('',#3691,1.);
#3691 = DIRECTION('',(1.,0.));
#3692 = ( GEOMETRIC_REPRESENTATION_CONTEXT(2) 
PARAMETRIC_REPRESENTATION_CONTEXT() REPRESENTATION_CONTEXT('2D SPACE',''
  ) );
#3693 = ORIENTED_EDGE('',*,*,#3694,.T.);
#3694 = EDGE_CURVE('',#3672,#3601,#3695,.T.);
#3695 = SURFACE_CURVE('',#3696,(#3700,#3706),.PCURVE_S1.);
#3696 = LINE('',#3697,#3698);
#3697 = CARTESIAN_POINT('',(126.1,53.8,28.));
#3698 = VECTOR('',#3699,1.);
#3699 = DIRECTION('',(-1.,0.,0.));
#3700 = PCURVE('',#1450,#3701);
#3701 = DEFINITIONAL_REPRESENTATION('',(#3702),#3705);
#3702 = B_SPLINE_CURVE_WITH_KNOTS('',1,(#3703,#3704),.UNSPECIFIED.,.F.,
  .F.,(2,2),(-48.1,-35.7),.PIECEWISE_BEZIER_KNOTS.);
#3703 = CARTESIAN_POINT('',(1.,12.4));
#3704 = CARTESIAN_POINT('',(1.,0.));
#3705 = ( GEOMETRIC_REPRESENTATION_CONTEXT(2) 
PARAMETRIC_REPRESENTATION_CONTEXT() REPRESENTATION_CONTEXT('2D SPACE',''
  ) );
#3706 = PCURVE('',#2811,#3707);
#3707 = DEFINITIONAL_REPRESENTATION('',(#3708),#3711);
#3708 = B_SPLINE_CURVE_WITH_KNOTS('',1,(#3709,#3710),.UNSPECIFIED.,.F.,
  .F.,(2,2),(-48.1,-35.7),.PIECEWISE_BEZIER_KNOTS.);
#3709 = CARTESIAN_POINT('',(83.8,126.4));
#3710 = CARTESIAN_POINT('',(71.4,126.4));
#3711 = ( GEOMETRIC_REPRESENTATION_CONTEXT(2) 
PARAMETRIC_REPRESENTATION_CONTEXT() REPRESENTATION_CONTEXT('2D SPACE',''
  ) );
#3712 = ORIENTED_EDGE('',*,*,#3600,.T.);
#3713 = ORIENTED_EDGE('',*,*,#1435,.F.);
#3714 = ADVANCED_FACE('',(#3715),#1424,.F.);
#3715 = FACE_BOUND('',#3716,.F.);
#3716 = EDGE_LOOP('',(#3717,#3718,#3739,#3760,#3761,#3780));
#3717 = ORIENTED_EDGE('',*,*,#3671,.F.);
#3718 = ORIENTED_EDGE('',*,*,#3719,.T.);
#3719 = EDGE_CURVE('',#3672,#3720,#3722,.T.);
#3720 = VERTEX_POINT('',#3721);
#3721 = CARTESIAN_POINT('',(174.2,58.2,28.));
#3722 = SURFACE_CURVE('',#3723,(#3727,#3733),.PCURVE_S1.);
#3723 = LINE('',#3724,#3725);
#3724 = CARTESIAN_POINT('',(174.2,-9.4,28.));
#3725 = VECTOR('',#3726,1.);
#3726 = DIRECTION('',(0.,1.,0.));
#3727 = PCURVE('',#1424,#3728);
#3728 = DEFINITIONAL_REPRESENTATION('',(#3729),#3732);
#3729 = B_SPLINE_CURVE_WITH_KNOTS('',1,(#3730,#3731),.UNSPECIFIED.,.F.,
  .F.,(2,2),(63.2,67.6),.PIECEWISE_BEZIER_KNOTS.);
#3730 = CARTESIAN_POINT('',(1.,0.));
#3731 = CARTESIAN_POINT('',(1.,-4.4));
#3732 = ( GEOMETRIC_REPRESENTATION_CONTEXT(2) 
PARAMETRIC_REPRESENTATION_CONTEXT() REPRESENTATION_CONTEXT('2D SPACE',''
  ) );
#3733 = PCURVE('',#2811,#3734);
#3734 = DEFINITIONAL_REPRESENTATION('',(#3735),#3738);
#3735 = B_SPLINE_CURVE_WITH_KNOTS('',1,(#3736,#3737),.UNSPECIFIED.,.F.,
  .F.,(2,2),(63.2,67.6),.PIECEWISE_BEZIER_KNOTS.);
#3736 = CARTESIAN_POINT('',(83.8,126.4));
#3737 = CARTESIAN_POINT('',(83.8,130.8));
#3738 = ( GEOMETRIC_REPRESENTATION_CONTEXT(2) 
PARAMETRIC_REPRESENTATION_CONTEXT() REPRESENTATION_CONTEXT('2D SPACE',''
  ) );
#3739 = ORIENTED_EDGE('',*,*,#3740,.T.);
#3740 = EDGE_CURVE('',#3720,#1798,#3741,.T.);
#3741 = SURFACE_CURVE('',#3742,(#3746,#3753),.PCURVE_S1.);
#3742 = LINE('',#3743,#3744);
#3743 = CARTESIAN_POINT('',(174.2,58.2,27.));
#3744 = VECTOR('',#3745,1.);
#3745 = DIRECTION('',(0.,0.,1.));
#3746 = PCURVE('',#1424,#3747);
#3747 = DEFINITIONAL_REPRESENTATION('',(#3748),#3752);
#3748 = LINE('',#3749,#3750);
#3749 = CARTESIAN_POINT('',(0.,-4.4));
#3750 = VECTOR('',#3751,1.);
#3751 = DIRECTION('',(1.,0.));
#3752 = ( GEOMETRIC_REPRESENTATION_CONTEXT(2) 
PARAMETRIC_REPRESENTATION_CONTEXT() REPRESENTATION_CONTEXT('2D SPACE',''
  ) );
#3753 = PCURVE('',#1812,#3754);
#3754 = DEFINITIONAL_REPRESENTATION('',(#3755),#3759);
#3755 = LINE('',#3756,#3757);
#3756 = CARTESIAN_POINT('',(0.,12.4));
#3757 = VECTOR('',#3758,1.);
#3758 = DIRECTION('',(1.,0.));
#3759 = ( GEOMETRIC_REPRESENTATION_CONTEXT(2) 
PARAMETRIC_REPRESENTATION_CONTEXT() REPRESENTATION_CONTEXT('2D SPACE',''
  ) );
#3760 = ORIENTED_EDGE('',*,*,#1823,.F.);
#3761 = ORIENTED_EDGE('',*,*,#3762,.F.);
#3762 = EDGE_CURVE('',#1384,#1824,#3763,.T.);
#3763 = SURFACE_CURVE('',#3764,(#3768,#3774),.PCURVE_S1.);
#3764 = LINE('',#3765,#3766);
#3765 = CARTESIAN_POINT('',(174.2,55.,28.75));
#3766 = VECTOR('',#3767,1.);
#3767 = DIRECTION('',(0.,0.,-1.));
#3768 = PCURVE('',#1424,#3769);
#3769 = DEFINITIONAL_REPRESENTATION('',(#3770),#3773);
#3770 = B_SPLINE_CURVE_WITH_KNOTS('',1,(#3771,#3772),.UNSPECIFIED.,.F.,
  .F.,(2,2),(-3.25,-1.75),.PIECEWISE_BEZIER_KNOTS.);
#3771 = CARTESIAN_POINT('',(5.,-1.2));
#3772 = CARTESIAN_POINT('',(3.5,-1.2));
#3773 = ( GEOMETRIC_REPRESENTATION_CONTEXT(2) 
PARAMETRIC_REPRESENTATION_CONTEXT() REPRESENTATION_CONTEXT('2D SPACE',''
  ) );
#3774 = PCURVE('',#1398,#3775);
#3775 = DEFINITIONAL_REPRESENTATION('',(#3776),#3779);
#3776 = B_SPLINE_CURVE_WITH_KNOTS('',1,(#3777,#3778),.UNSPECIFIED.,.F.,
  .F.,(2,2),(-3.25,-1.75),.PIECEWISE_BEZIER_KNOTS.);
#3777 = CARTESIAN_POINT('',(1.5,175.2));
#3778 = CARTESIAN_POINT('',(0.,175.2));
#3779 = ( GEOMETRIC_REPRESENTATION_CONTEXT(2) 
PARAMETRIC_REPRESENTATION_CONTEXT() REPRESENTATION_CONTEXT('2D SPACE',''
  ) );
#3780 = ORIENTED_EDGE('',*,*,#1409,.F.);
#3781 = ADVANCED_FACE('',(#3782),#1398,.T.);
#3782 = FACE_BOUND('',#3783,.T.);
#3783 = EDGE_LOOP('',(#3784,#3785,#3786,#3787));
#3784 = ORIENTED_EDGE('',*,*,#1844,.F.);
#3785 = ORIENTED_EDGE('',*,*,#3762,.F.);
#3786 = ORIENTED_EDGE('',*,*,#1383,.F.);
#3787 = ORIENTED_EDGE('',*,*,#3788,.T.);
#3788 = EDGE_CURVE('',#1358,#1845,#3789,.T.);
#3789 = SURFACE_CURVE('',#3790,(#3794,#3800),.PCURVE_S1.);
#3790 = LINE('',#3791,#3792);
#3791 = CARTESIAN_POINT('',(181.8,55.,28.75));
#3792 = VECTOR('',#3793,1.);
#3793 = DIRECTION('',(0.,0.,-1.));
#3794 = PCURVE('',#1398,#3795);
#3795 = DEFINITIONAL_REPRESENTATION('',(#3796),#3799);
#3796 = B_SPLINE_CURVE_WITH_KNOTS('',1,(#3797,#3798),.UNSPECIFIED.,.F.,
  .F.,(2,2),(-3.25,-1.75),.PIECEWISE_BEZIER_KNOTS.);
#3797 = CARTESIAN_POINT('',(1.5,182.8));
#3798 = CARTESIAN_POINT('',(0.,182.8));
#3799 = ( GEOMETRIC_REPRESENTATION_CONTEXT(2) 
PARAMETRIC_REPRESENTATION_CONTEXT() REPRESENTATION_CONTEXT('2D SPACE',''
  ) );
#3800 = PCURVE('',#1372,#3801);
#3801 = DEFINITIONAL_REPRESENTATION('',(#3802),#3805);
#3802 = B_SPLINE_CURVE_WITH_KNOTS('',1,(#3803,#3804),.UNSPECIFIED.,.F.,
  .F.,(2,2),(-3.25,-1.75),.PIECEWISE_BEZIER_KNOTS.);
#3803 = CARTESIAN_POINT('',(5.,-1.2));
#3804 = CARTESIAN_POINT('',(3.5,-1.2));
#3805 = ( GEOMETRIC_REPRESENTATION_CONTEXT(2) 
PARAMETRIC_REPRESENTATION_CONTEXT() REPRESENTATION_CONTEXT('2D SPACE',''
  ) );
#3806 = ADVANCED_FACE('',(#3807),#1372,.T.);
#3807 = FACE_BOUND('',#3808,.T.);
#3808 = EDGE_LOOP('',(#3809,#3832,#3853,#3874,#3875,#3876));
#3809 = ORIENTED_EDGE('',*,*,#3810,.F.);
#3810 = EDGE_CURVE('',#3811,#1332,#3813,.T.);
#3811 = VERTEX_POINT('',#3812);
#3812 = CARTESIAN_POINT('',(181.8,53.8,28.));
#3813 = SURFACE_CURVE('',#3814,(#3818,#3825),.PCURVE_S1.);
#3814 = LINE('',#3815,#3816);
#3815 = CARTESIAN_POINT('',(181.8,53.8,27.));
#3816 = VECTOR('',#3817,1.);
#3817 = DIRECTION('',(0.,0.,1.));
#3818 = PCURVE('',#1372,#3819);
#3819 = DEFINITIONAL_REPRESENTATION('',(#3820),#3824);
#3820 = LINE('',#3821,#3822);
#3821 = CARTESIAN_POINT('',(0.,0.));
#3822 = VECTOR('',#3823,1.);
#3823 = DIRECTION('',(1.,0.));
#3824 = ( GEOMETRIC_REPRESENTATION_CONTEXT(2) 
PARAMETRIC_REPRESENTATION_CONTEXT() REPRESENTATION_CONTEXT('2D SPACE',''
  ) );
#3825 = PCURVE('',#1346,#3826);
#3826 = DEFINITIONAL_REPRESENTATION('',(#3827),#3831);
#3827 = LINE('',#3828,#3829);
#3828 = CARTESIAN_POINT('',(0.,0.));
#3829 = VECTOR('',#3830,1.);
#3830 = DIRECTION('',(1.,0.));
#3831 = ( GEOMETRIC_REPRESENTATION_CONTEXT(2) 
PARAMETRIC_REPRESENTATION_CONTEXT() REPRESENTATION_CONTEXT('2D SPACE',''
  ) );
#3832 = ORIENTED_EDGE('',*,*,#3833,.T.);
#3833 = EDGE_CURVE('',#3811,#3834,#3836,.T.);
#3834 = VERTEX_POINT('',#3835);
#3835 = CARTESIAN_POINT('',(181.8,58.2,28.));
#3836 = SURFACE_CURVE('',#3837,(#3841,#3847),.PCURVE_S1.);
#3837 = LINE('',#3838,#3839);
#3838 = CARTESIAN_POINT('',(181.8,-9.4,28.));
#3839 = VECTOR('',#3840,1.);
#3840 = DIRECTION('',(0.,1.,0.));
#3841 = PCURVE('',#1372,#3842);
#3842 = DEFINITIONAL_REPRESENTATION('',(#3843),#3846);
#3843 = B_SPLINE_CURVE_WITH_KNOTS('',1,(#3844,#3845),.UNSPECIFIED.,.F.,
  .F.,(2,2),(63.2,67.6),.PIECEWISE_BEZIER_KNOTS.);
#3844 = CARTESIAN_POINT('',(1.,0.));
#3845 = CARTESIAN_POINT('',(1.,-4.4));
#3846 = ( GEOMETRIC_REPRESENTATION_CONTEXT(2) 
PARAMETRIC_REPRESENTATION_CONTEXT() REPRESENTATION_CONTEXT('2D SPACE',''
  ) );
#3847 = PCURVE('',#2811,#3848);
#3848 = DEFINITIONAL_REPRESENTATION('',(#3849),#3852);
#3849 = B_SPLINE_CURVE_WITH_KNOTS('',1,(#3850,#3851),.UNSPECIFIED.,.F.,
  .F.,(2,2),(63.2,67.6),.PIECEWISE_BEZIER_KNOTS.);
#3850 = CARTESIAN_POINT('',(91.4,126.4));
#3851 = CARTESIAN_POINT('',(91.4,130.8));
#3852 = ( GEOMETRIC_REPRESENTATION_CONTEXT(2) 
PARAMETRIC_REPRESENTATION_CONTEXT() REPRESENTATION_CONTEXT('2D SPACE',''
  ) );
#3853 = ORIENTED_EDGE('',*,*,#3854,.T.);
#3854 = EDGE_CURVE('',#3834,#1868,#3855,.T.);
#3855 = SURFACE_CURVE('',#3856,(#3860,#3867),.PCURVE_S1.);
#3856 = LINE('',#3857,#3858);
#3857 = CARTESIAN_POINT('',(181.8,58.2,27.));
#3858 = VECTOR('',#3859,1.);
#3859 = DIRECTION('',(0.,0.,1.));
#3860 = PCURVE('',#1372,#3861);
#3861 = DEFINITIONAL_REPRESENTATION('',(#3862),#3866);
#3862 = LINE('',#3863,#3864);
#3863 = CARTESIAN_POINT('',(0.,-4.4));
#3864 = VECTOR('',#3865,1.);
#3865 = DIRECTION('',(1.,0.));
#3866 = ( GEOMETRIC_REPRESENTATION_CONTEXT(2) 
PARAMETRIC_REPRESENTATION_CONTEXT() REPRESENTATION_CONTEXT('2D SPACE',''
  ) );
#3867 = PCURVE('',#1903,#3868);
#3868 = DEFINITIONAL_REPRESENTATION('',(#3869),#3873);
#3869 = LINE('',#3870,#3871);
#3870 = CARTESIAN_POINT('',(0.,0.));
#3871 = VECTOR('',#3872,1.);
#3872 = DIRECTION('',(1.,0.));
#3873 = ( GEOMETRIC_REPRESENTATION_CONTEXT(2) 
PARAMETRIC_REPRESENTATION_CONTEXT() REPRESENTATION_CONTEXT('2D SPACE',''
  ) );
#3874 = ORIENTED_EDGE('',*,*,#1867,.F.);
#3875 = ORIENTED_EDGE('',*,*,#3788,.F.);
#3876 = ORIENTED_EDGE('',*,*,#1357,.F.);
#3877 = ADVANCED_FACE('',(#3878),#1346,.T.);
#3878 = FACE_BOUND('',#3879,.T.);
#3879 = EDGE_LOOP('',(#3880,#3903,#3922,#3923));
#3880 = ORIENTED_EDGE('',*,*,#3881,.F.);
#3881 = EDGE_CURVE('',#3882,#1306,#3884,.T.);
#3882 = VERTEX_POINT('',#3883);
#3883 = CARTESIAN_POINT('',(194.2,53.8,28.));
#3884 = SURFACE_CURVE('',#3885,(#3889,#3896),.PCURVE_S1.);
#3885 = LINE('',#3886,#3887);
#3886 = CARTESIAN_POINT('',(194.2,53.8,27.));
#3887 = VECTOR('',#3888,1.);
#3888 = DIRECTION('',(0.,0.,1.));
#3889 = PCURVE('',#1346,#3890);
#3890 = DEFINITIONAL_REPRESENTATION('',(#3891),#3895);
#3891 = LINE('',#3892,#3893);
#3892 = CARTESIAN_POINT('',(0.,12.4));
#3893 = VECTOR('',#3894,1.);
#3894 = DIRECTION('',(1.,0.));
#3895 = ( GEOMETRIC_REPRESENTATION_CONTEXT(2) 
PARAMETRIC_REPRESENTATION_CONTEXT() REPRESENTATION_CONTEXT('2D SPACE',''
  ) );
#3896 = PCURVE('',#1320,#3897);
#3897 = DEFINITIONAL_REPRESENTATION('',(#3898),#3902);
#3898 = LINE('',#3899,#3900);
#3899 = CARTESIAN_POINT('',(0.,0.));
#3900 = VECTOR('',#3901,1.);
#3901 = DIRECTION('',(1.,0.));
#3902 = ( GEOMETRIC_REPRESENTATION_CONTEXT(2) 
PARAMETRIC_REPRESENTATION_CONTEXT() REPRESENTATION_CONTEXT('2D SPACE',''
  ) );
#3903 = ORIENTED_EDGE('',*,*,#3904,.T.);
#3904 = EDGE_CURVE('',#3882,#3811,#3905,.T.);
#3905 = SURFACE_CURVE('',#3906,(#3910,#3916),.PCURVE_S1.);
#3906 = LINE('',#3907,#3908);
#3907 = CARTESIAN_POINT('',(136.1,53.8,28.));
#3908 = VECTOR('',#3909,1.);
#3909 = DIRECTION('',(-1.,0.,0.));
#3910 = PCURVE('',#1346,#3911);
#3911 = DEFINITIONAL_REPRESENTATION('',(#3912),#3915);
#3912 = B_SPLINE_CURVE_WITH_KNOTS('',1,(#3913,#3914),.UNSPECIFIED.,.F.,
  .F.,(2,2),(-58.1,-45.7),.PIECEWISE_BEZIER_KNOTS.);
#3913 = CARTESIAN_POINT('',(1.,12.4));
#3914 = CARTESIAN_POINT('',(1.,0.));
#3915 = ( GEOMETRIC_REPRESENTATION_CONTEXT(2) 
PARAMETRIC_REPRESENTATION_CONTEXT() REPRESENTATION_CONTEXT('2D SPACE',''
  ) );
#3916 = PCURVE('',#2811,#3917);
#3917 = DEFINITIONAL_REPRESENTATION('',(#3918),#3921);
#3918 = B_SPLINE_CURVE_WITH_KNOTS('',1,(#3919,#3920),.UNSPECIFIED.,.F.,
  .F.,(2,2),(-58.1,-45.7),.PIECEWISE_BEZIER_KNOTS.);
#3919 = CARTESIAN_POINT('',(103.8,126.4));
#3920 = CARTESIAN_POINT('',(91.4,126.4));
#3921 = ( GEOMETRIC_REPRESENTATION_CONTEXT(2) 
PARAMETRIC_REPRESENTATION_CONTEXT() REPRESENTATION_CONTEXT('2D SPACE',''
  ) );
#3922 = ORIENTED_EDGE('',*,*,#3810,.T.);
#3923 = ORIENTED_EDGE('',*,*,#1331,.F.);
#3924 = ADVANCED_FACE('',(#3925),#1320,.F.);
#3925 = FACE_BOUND('',#3926,.F.);
#3926 = EDGE_LOOP('',(#3927,#3928,#3949,#3970,#3971,#3990));
#3927 = ORIENTED_EDGE('',*,*,#3881,.F.);
#3928 = ORIENTED_EDGE('',*,*,#3929,.T.);
#3929 = EDGE_CURVE('',#3882,#3930,#3932,.T.);
#3930 = VERTEX_POINT('',#3931);
#3931 = CARTESIAN_POINT('',(194.2,58.2,28.));
#3932 = SURFACE_CURVE('',#3933,(#3937,#3943),.PCURVE_S1.);
#3933 = LINE('',#3934,#3935);
#3934 = CARTESIAN_POINT('',(194.2,-9.4,28.));
#3935 = VECTOR('',#3936,1.);
#3936 = DIRECTION('',(0.,1.,0.));
#3937 = PCURVE('',#1320,#3938);
#3938 = DEFINITIONAL_REPRESENTATION('',(#3939),#3942);
#3939 = B_SPLINE_CURVE_WITH_KNOTS('',1,(#3940,#3941),.UNSPECIFIED.,.F.,
  .F.,(2,2),(63.2,67.6),.PIECEWISE_BEZIER_KNOTS.);
#3940 = CARTESIAN_POINT('',(1.,0.));
#3941 = CARTESIAN_POINT('',(1.,-4.4));
#3942 = ( GEOMETRIC_REPRESENTATION_CONTEXT(2) 
PARAMETRIC_REPRESENTATION_CONTEXT() REPRESENTATION_CONTEXT('2D SPACE',''
  ) );
#3943 = PCURVE('',#2811,#3944);
#3944 = DEFINITIONAL_REPRESENTATION('',(#3945),#3948);
#3945 = B_SPLINE_CURVE_WITH_KNOTS('',1,(#3946,#3947),.UNSPECIFIED.,.F.,
  .F.,(2,2),(63.2,67.6),.PIECEWISE_BEZIER_KNOTS.);
#3946 = CARTESIAN_POINT('',(103.8,126.4));
#3947 = CARTESIAN_POINT('',(103.8,130.8));
#3948 = ( GEOMETRIC_REPRESENTATION_CONTEXT(2) 
PARAMETRIC_REPRESENTATION_CONTEXT() REPRESENTATION_CONTEXT('2D SPACE',''
  ) );
#3949 = ORIENTED_EDGE('',*,*,#3950,.T.);
#3950 = EDGE_CURVE('',#3930,#1889,#3951,.T.);
#3951 = SURFACE_CURVE('',#3952,(#3956,#3963),.PCURVE_S1.);
#3952 = LINE('',#3953,#3954);
#3953 = CARTESIAN_POINT('',(194.2,58.2,27.));
#3954 = VECTOR('',#3955,1.);
#3955 = DIRECTION('',(0.,0.,1.));
#3956 = PCURVE('',#1320,#3957);
#3957 = DEFINITIONAL_REPRESENTATION('',(#3958),#3962);
#3958 = LINE('',#3959,#3960);
#3959 = CARTESIAN_POINT('',(0.,-4.4));
#3960 = VECTOR('',#3961,1.);
#3961 = DIRECTION('',(1.,0.));
#3962 = ( GEOMETRIC_REPRESENTATION_CONTEXT(2) 
PARAMETRIC_REPRESENTATION_CONTEXT() REPRESENTATION_CONTEXT('2D SPACE',''
  ) );
#3963 = PCURVE('',#1903,#3964);
#3964 = DEFINITIONAL_REPRESENTATION('',(#3965),#3969);
#3965 = LINE('',#3966,#3967);
#3966 = CARTESIAN_POINT('',(0.,12.4));
#3967 = VECTOR('',#3968,1.);
#3968 = DIRECTION('',(1.,0.));
#3969 = ( GEOMETRIC_REPRESENTATION_CONTEXT(2) 
PARAMETRIC_REPRESENTATION_CONTEXT() REPRESENTATION_CONTEXT('2D SPACE',''
  ) );
#3970 = ORIENTED_EDGE('',*,*,#1914,.F.);
#3971 = ORIENTED_EDGE('',*,*,#3972,.F.);
#3972 = EDGE_CURVE('',#1280,#1915,#3973,.T.);
#3973 = SURFACE_CURVE('',#3974,(#3978,#3984),.PCURVE_S1.);
#3974 = LINE('',#3975,#3976);
#3975 = CARTESIAN_POINT('',(194.2,55.,28.75));
#3976 = VECTOR('',#3977,1.);
#3977 = DIRECTION('',(0.,0.,-1.));
#3978 = PCURVE('',#1320,#3979);
#3979 = DEFINITIONAL_REPRESENTATION('',(#3980),#3983);
#3980 = B_SPLINE_CURVE_WITH_KNOTS('',1,(#3981,#3982),.UNSPECIFIED.,.F.,
  .F.,(2,2),(-3.25,-1.75),.PIECEWISE_BEZIER_KNOTS.);
#3981 = CARTESIAN_POINT('',(5.,-1.2));
#3982 = CARTESIAN_POINT('',(3.5,-1.2));
#3983 = ( GEOMETRIC_REPRESENTATION_CONTEXT(2) 
PARAMETRIC_REPRESENTATION_CONTEXT() REPRESENTATION_CONTEXT('2D SPACE',''
  ) );
#3984 = PCURVE('',#1294,#3985);
#3985 = DEFINITIONAL_REPRESENTATION('',(#3986),#3989);
#3986 = B_SPLINE_CURVE_WITH_KNOTS('',1,(#3987,#3988),.UNSPECIFIED.,.F.,
  .F.,(2,2),(-3.25,-1.75),.PIECEWISE_BEZIER_KNOTS.);
#3987 = CARTESIAN_POINT('',(1.5,195.2));
#3988 = CARTESIAN_POINT('',(0.,195.2));
#3989 = ( GEOMETRIC_REPRESENTATION_CONTEXT(2) 
PARAMETRIC_REPRESENTATION_CONTEXT() REPRESENTATION_CONTEXT('2D SPACE',''
  ) );
#3990 = ORIENTED_EDGE('',*,*,#1305,.F.);
#3991 = ADVANCED_FACE('',(#3992),#1294,.T.);
#3992 = FACE_BOUND('',#3993,.T.);
#3993 = EDGE_LOOP('',(#3994,#3995,#3996,#3997));
#3994 = ORIENTED_EDGE('',*,*,#1935,.F.);
#3995 = ORIENTED_EDGE('',*,*,#3972,.F.);
#3996 = ORIENTED_EDGE('',*,*,#1279,.F.);
#3997 = ORIENTED_EDGE('',*,*,#2665,.F.);
#3998 = ADVANCED_FACE('',(#3999),#1245,.F.);
#3999 = FACE_BOUND('',#4000,.F.);
#4000 = EDGE_LOOP('',(#4001,#4002,#4023));
#4001 = ORIENTED_EDGE('',*,*,#2685,.F.);
#4002 = ORIENTED_EDGE('',*,*,#4003,.T.);
#4003 = EDGE_CURVE('',#2686,#1203,#4004,.T.);
#4004 = SURFACE_CURVE('',#4005,(#4009,#4016),.PCURVE_S1.);
#4005 = LINE('',#4006,#4007);
#4006 = CARTESIAN_POINT('',(200.,54.,22.));
#4007 = VECTOR('',#4008,1.);
#4008 = DIRECTION('',(-0.119947326077,0.,0.99278025714));
#4009 = PCURVE('',#1245,#4010);
#4010 = DEFINITIONAL_REPRESENTATION('',(#4011),#4015);
#4011 = LINE('',#4012,#4013);
#4012 = CARTESIAN_POINT('',(-5.761411286798,-0.157313223736));
#4013 = VECTOR('',#4014,1.);
#4014 = DIRECTION('',(0.99278025714,-0.119947326077));
#4015 = ( GEOMETRIC_REPRESENTATION_CONTEXT(2) 
PARAMETRIC_REPRESENTATION_CONTEXT() REPRESENTATION_CONTEXT('2D SPACE',''
  ) );
#4016 = PCURVE('',#1218,#4017);
#4017 = DEFINITIONAL_REPRESENTATION('',(#4018),#4022);
#4018 = LINE('',#4019,#4020);
#4019 = CARTESIAN_POINT('',(0.,-108.));
#4020 = VECTOR('',#4021,1.);
#4021 = DIRECTION('',(1.,0.));
#4022 = ( GEOMETRIC_REPRESENTATION_CONTEXT(2) 
PARAMETRIC_REPRESENTATION_CONTEXT() REPRESENTATION_CONTEXT('2D SPACE',''
  ) );
#4023 = ORIENTED_EDGE('',*,*,#1230,.F.);
#4024 = ADVANCED_FACE('',(#4025),#1218,.T.);
#4025 = FACE_BOUND('',#4026,.T.);
#4026 = EDGE_LOOP('',(#4027,#4028,#4029,#4030));
#4027 = ORIENTED_EDGE('',*,*,#2706,.T.);
#4028 = ORIENTED_EDGE('',*,*,#4003,.T.);
#4029 = ORIENTED_EDGE('',*,*,#1202,.F.);
#4030 = ORIENTED_EDGE('',*,*,#4031,.F.);
#4031 = EDGE_CURVE('',#2707,#1177,#4032,.T.);
#4032 = SURFACE_CURVE('',#4033,(#4037,#4044),.PCURVE_S1.);
#4033 = LINE('',#4034,#4035);
#4034 = CARTESIAN_POINT('',(200.,-54.,22.));
#4035 = VECTOR('',#4036,1.);
#4036 = DIRECTION('',(-0.119947326077,0.,0.99278025714));
#4037 = PCURVE('',#1218,#4038);
#4038 = DEFINITIONAL_REPRESENTATION('',(#4039),#4043);
#4039 = LINE('',#4040,#4041);
#4040 = CARTESIAN_POINT('',(0.,0.));
#4041 = VECTOR('',#4042,1.);
#4042 = DIRECTION('',(1.,0.));
#4043 = ( GEOMETRIC_REPRESENTATION_CONTEXT(2) 
PARAMETRIC_REPRESENTATION_CONTEXT() REPRESENTATION_CONTEXT('2D SPACE',''
  ) );
#4044 = PCURVE('',#1191,#4045);
#4045 = DEFINITIONAL_REPRESENTATION('',(#4046),#4050);
#4046 = LINE('',#4047,#4048);
#4047 = CARTESIAN_POINT('',(-5.761411286798,-0.157313223736));
#4048 = VECTOR('',#4049,1.);
#4049 = DIRECTION('',(0.99278025714,-0.119947326077));
#4050 = ( GEOMETRIC_REPRESENTATION_CONTEXT(2) 
PARAMETRIC_REPRESENTATION_CONTEXT() REPRESENTATION_CONTEXT('2D SPACE',''
  ) );
#4051 = ADVANCED_FACE('',(#4052),#1191,.T.);
#4052 = FACE_BOUND('',#4053,.T.);
#4053 = EDGE_LOOP('',(#4054,#4055,#4056));
#4054 = ORIENTED_EDGE('',*,*,#2729,.F.);
#4055 = ORIENTED_EDGE('',*,*,#4031,.T.);
#4056 = ORIENTED_EDGE('',*,*,#1176,.F.);
#4057 = ADVANCED_FACE('',(#4058),#1100,.F.);
#4058 = FACE_BOUND('',#4059,.F.);
#4059 = EDGE_LOOP('',(#4060,#4061,#4080,#4081));
#4060 = ORIENTED_EDGE('',*,*,#3338,.F.);
#4061 = ORIENTED_EDGE('',*,*,#4062,.T.);
#4062 = EDGE_CURVE('',#3318,#3222,#4063,.T.);
#4063 = SURFACE_CURVE('',#4064,(#4068,#4074),.PCURVE_S1.);
#4064 = LINE('',#4065,#4066);
#4065 = CARTESIAN_POINT('',(136.1,-53.8,28.));
#4066 = VECTOR('',#4067,1.);
#4067 = DIRECTION('',(-1.,0.,0.));
#4068 = PCURVE('',#1100,#4069);
#4069 = DEFINITIONAL_REPRESENTATION('',(#4070),#4073);
#4070 = B_SPLINE_CURVE_WITH_KNOTS('',1,(#4071,#4072),.UNSPECIFIED.,.F.,
  .F.,(2,2),(-58.1,-45.7),.PIECEWISE_BEZIER_KNOTS.);
#4071 = CARTESIAN_POINT('',(1.,12.4));
#4072 = CARTESIAN_POINT('',(1.,0.));
#4073 = ( GEOMETRIC_REPRESENTATION_CONTEXT(2) 
PARAMETRIC_REPRESENTATION_CONTEXT() REPRESENTATION_CONTEXT('2D SPACE',''
  ) );
#4074 = PCURVE('',#2811,#4075);
#4075 = DEFINITIONAL_REPRESENTATION('',(#4076),#4079);
#4076 = B_SPLINE_CURVE_WITH_KNOTS('',1,(#4077,#4078),.UNSPECIFIED.,.F.,
  .F.,(2,2),(-58.1,-45.7),.PIECEWISE_BEZIER_KNOTS.);
#4077 = CARTESIAN_POINT('',(103.8,18.8));
#4078 = CARTESIAN_POINT('',(91.4,18.8));
#4079 = ( GEOMETRIC_REPRESENTATION_CONTEXT(2) 
PARAMETRIC_REPRESENTATION_CONTEXT() REPRESENTATION_CONTEXT('2D SPACE',''
  ) );
#4080 = ORIENTED_EDGE('',*,*,#3242,.T.);
#4081 = ORIENTED_EDGE('',*,*,#1085,.F.);
#4082 = ADVANCED_FACE('',(#4083),#1011,.F.);
#4083 = FACE_BOUND('',#4084,.F.);
#4084 = EDGE_LOOP('',(#4085,#4086,#4105,#4106));
#4085 = ORIENTED_EDGE('',*,*,#3128,.F.);
#4086 = ORIENTED_EDGE('',*,*,#4087,.T.);
#4087 = EDGE_CURVE('',#3108,#3012,#4088,.T.);
#4088 = SURFACE_CURVE('',#4089,(#4093,#4099),.PCURVE_S1.);
#4089 = LINE('',#4090,#4091);
#4090 = CARTESIAN_POINT('',(126.1,-53.8,28.));
#4091 = VECTOR('',#4092,1.);
#4092 = DIRECTION('',(-1.,0.,0.));
#4093 = PCURVE('',#1011,#4094);
#4094 = DEFINITIONAL_REPRESENTATION('',(#4095),#4098);
#4095 = B_SPLINE_CURVE_WITH_KNOTS('',1,(#4096,#4097),.UNSPECIFIED.,.F.,
  .F.,(2,2),(-48.1,-35.7),.PIECEWISE_BEZIER_KNOTS.);
#4096 = CARTESIAN_POINT('',(1.,12.4));
#4097 = CARTESIAN_POINT('',(1.,0.));
#4098 = ( GEOMETRIC_REPRESENTATION_CONTEXT(2) 
PARAMETRIC_REPRESENTATION_CONTEXT() REPRESENTATION_CONTEXT('2D SPACE',''
  ) );
#4099 = PCURVE('',#2811,#4100);
#4100 = DEFINITIONAL_REPRESENTATION('',(#4101),#4104);
#4101 = B_SPLINE_CURVE_WITH_KNOTS('',1,(#4102,#4103),.UNSPECIFIED.,.F.,
  .F.,(2,2),(-48.1,-35.7),.PIECEWISE_BEZIER_KNOTS.);
#4102 = CARTESIAN_POINT('',(83.8,18.8));
#4103 = CARTESIAN_POINT('',(71.4,18.8));
#4104 = ( GEOMETRIC_REPRESENTATION_CONTEXT(2) 
PARAMETRIC_REPRESENTATION_CONTEXT() REPRESENTATION_CONTEXT('2D SPACE',''
  ) );
#4105 = ORIENTED_EDGE('',*,*,#3032,.T.);
#4106 = ORIENTED_EDGE('',*,*,#996,.F.);
#4107 = ADVANCED_FACE('',(#4108),#922,.F.);
#4108 = FACE_BOUND('',#4109,.F.);
#4109 = EDGE_LOOP('',(#4110,#4111,#4130,#4131));
#4110 = ORIENTED_EDGE('',*,*,#2918,.F.);
#4111 = ORIENTED_EDGE('',*,*,#4112,.T.);
#4112 = EDGE_CURVE('',#2898,#2797,#4113,.T.);
#4113 = SURFACE_CURVE('',#4114,(#4118,#4124),.PCURVE_S1.);
#4114 = LINE('',#4115,#4116);
#4115 = CARTESIAN_POINT('',(116.1,-53.8,28.));
#4116 = VECTOR('',#4117,1.);
#4117 = DIRECTION('',(-1.,0.,0.));
#4118 = PCURVE('',#922,#4119);
#4119 = DEFINITIONAL_REPRESENTATION('',(#4120),#4123);
#4120 = B_SPLINE_CURVE_WITH_KNOTS('',1,(#4121,#4122),.UNSPECIFIED.,.F.,
  .F.,(2,2),(-38.1,-25.7),.PIECEWISE_BEZIER_KNOTS.);
#4121 = CARTESIAN_POINT('',(1.,12.4));
#4122 = CARTESIAN_POINT('',(1.,0.));
#4123 = ( GEOMETRIC_REPRESENTATION_CONTEXT(2) 
PARAMETRIC_REPRESENTATION_CONTEXT() REPRESENTATION_CONTEXT('2D SPACE',''
  ) );
#4124 = PCURVE('',#2811,#4125);
#4125 = DEFINITIONAL_REPRESENTATION('',(#4126),#4129);
#4126 = B_SPLINE_CURVE_WITH_KNOTS('',1,(#4127,#4128),.UNSPECIFIED.,.F.,
  .F.,(2,2),(-38.1,-25.7),.PIECEWISE_BEZIER_KNOTS.);
#4127 = CARTESIAN_POINT('',(63.8,18.8));
#4128 = CARTESIAN_POINT('',(51.4,18.8));
#4129 = ( GEOMETRIC_REPRESENTATION_CONTEXT(2) 
PARAMETRIC_REPRESENTATION_CONTEXT() REPRESENTATION_CONTEXT('2D SPACE',''
  ) );
#4130 = ORIENTED_EDGE('',*,*,#2822,.T.);
#4131 = ORIENTED_EDGE('',*,*,#907,.F.);
#4132 = ADVANCED_FACE('',(#4133),#1903,.F.);
#4133 = FACE_BOUND('',#4134,.F.);
#4134 = EDGE_LOOP('',(#4135,#4136,#4155,#4156));
#4135 = ORIENTED_EDGE('',*,*,#3950,.F.);
#4136 = ORIENTED_EDGE('',*,*,#4137,.T.);
#4137 = EDGE_CURVE('',#3930,#3834,#4138,.T.);
#4138 = SURFACE_CURVE('',#4139,(#4143,#4149),.PCURVE_S1.);
#4139 = LINE('',#4140,#4141);
#4140 = CARTESIAN_POINT('',(136.1,58.2,28.));
#4141 = VECTOR('',#4142,1.);
#4142 = DIRECTION('',(-1.,0.,0.));
#4143 = PCURVE('',#1903,#4144);
#4144 = DEFINITIONAL_REPRESENTATION('',(#4145),#4148);
#4145 = B_SPLINE_CURVE_WITH_KNOTS('',1,(#4146,#4147),.UNSPECIFIED.,.F.,
  .F.,(2,2),(-58.1,-45.7),.PIECEWISE_BEZIER_KNOTS.);
#4146 = CARTESIAN_POINT('',(1.,12.4));
#4147 = CARTESIAN_POINT('',(1.,0.));
#4148 = ( GEOMETRIC_REPRESENTATION_CONTEXT(2) 
PARAMETRIC_REPRESENTATION_CONTEXT() REPRESENTATION_CONTEXT('2D SPACE',''
  ) );
#4149 = PCURVE('',#2811,#4150);
#4150 = DEFINITIONAL_REPRESENTATION('',(#4151),#4154);
#4151 = B_SPLINE_CURVE_WITH_KNOTS('',1,(#4152,#4153),.UNSPECIFIED.,.F.,
  .F.,(2,2),(-58.1,-45.7),.PIECEWISE_BEZIER_KNOTS.);
#4152 = CARTESIAN_POINT('',(103.8,130.8));
#4153 = CARTESIAN_POINT('',(91.4,130.8));
#4154 = ( GEOMETRIC_REPRESENTATION_CONTEXT(2) 
PARAMETRIC_REPRESENTATION_CONTEXT() REPRESENTATION_CONTEXT('2D SPACE',''
  ) );
#4155 = ORIENTED_EDGE('',*,*,#3854,.T.);
#4156 = ORIENTED_EDGE('',*,*,#1888,.F.);
#4157 = ADVANCED_FACE('',(#4158),#1812,.F.);
#4158 = FACE_BOUND('',#4159,.F.);
#4159 = EDGE_LOOP('',(#4160,#4161,#4180,#4181));
#4160 = ORIENTED_EDGE('',*,*,#3740,.F.);
#4161 = ORIENTED_EDGE('',*,*,#4162,.T.);
#4162 = EDGE_CURVE('',#3720,#3624,#4163,.T.);
#4163 = SURFACE_CURVE('',#4164,(#4168,#4174),.PCURVE_S1.);
#4164 = LINE('',#4165,#4166);
#4165 = CARTESIAN_POINT('',(126.1,58.2,28.));
#4166 = VECTOR('',#4167,1.);
#4167 = DIRECTION('',(-1.,0.,0.));
#4168 = PCURVE('',#1812,#4169);
#4169 = DEFINITIONAL_REPRESENTATION('',(#4170),#4173);
#4170 = B_SPLINE_CURVE_WITH_KNOTS('',1,(#4171,#4172),.UNSPECIFIED.,.F.,
  .F.,(2,2),(-48.1,-35.7),.PIECEWISE_BEZIER_KNOTS.);
#4171 = CARTESIAN_POINT('',(1.,12.4));
#4172 = CARTESIAN_POINT('',(1.,0.));
#4173 = ( GEOMETRIC_REPRESENTATION_CONTEXT(2) 
PARAMETRIC_REPRESENTATION_CONTEXT() REPRESENTATION_CONTEXT('2D SPACE',''
  ) );
#4174 = PCURVE('',#2811,#4175);
#4175 = DEFINITIONAL_REPRESENTATION('',(#4176),#4179);
#4176 = B_SPLINE_CURVE_WITH_KNOTS('',1,(#4177,#4178),.UNSPECIFIED.,.F.,
  .F.,(2,2),(-48.1,-35.7),.PIECEWISE_BEZIER_KNOTS.);
#4177 = CARTESIAN_POINT('',(83.8,130.8));
#4178 = CARTESIAN_POINT('',(71.4,130.8));
#4179 = ( GEOMETRIC_REPRESENTATION_CONTEXT(2) 
PARAMETRIC_REPRESENTATION_CONTEXT() REPRESENTATION_CONTEXT('2D SPACE',''
  ) );
#4180 = ORIENTED_EDGE('',*,*,#3644,.T.);
#4181 = ORIENTED_EDGE('',*,*,#1797,.F.);
#4182 = ADVANCED_FACE('',(#4183),#1721,.F.);
#4183 = FACE_BOUND('',#4184,.F.);
#4184 = EDGE_LOOP('',(#4185,#4186,#4205,#4206));
#4185 = ORIENTED_EDGE('',*,*,#3530,.F.);
#4186 = ORIENTED_EDGE('',*,*,#4187,.T.);
#4187 = EDGE_CURVE('',#3510,#3414,#4188,.T.);
#4188 = SURFACE_CURVE('',#4189,(#4193,#4199),.PCURVE_S1.);
#4189 = LINE('',#4190,#4191);
#4190 = CARTESIAN_POINT('',(116.1,58.2,28.));
#4191 = VECTOR('',#4192,1.);
#4192 = DIRECTION('',(-1.,0.,0.));
#4193 = PCURVE('',#1721,#4194);
#4194 = DEFINITIONAL_REPRESENTATION('',(#4195),#4198);
#4195 = B_SPLINE_CURVE_WITH_KNOTS('',1,(#4196,#4197),.UNSPECIFIED.,.F.,
  .F.,(2,2),(-38.1,-25.7),.PIECEWISE_BEZIER_KNOTS.);
#4196 = CARTESIAN_POINT('',(1.,12.4));
#4197 = CARTESIAN_POINT('',(1.,0.));
#4198 = ( GEOMETRIC_REPRESENTATION_CONTEXT(2) 
PARAMETRIC_REPRESENTATION_CONTEXT() REPRESENTATION_CONTEXT('2D SPACE',''
  ) );
#4199 = PCURVE('',#2811,#4200);
#4200 = DEFINITIONAL_REPRESENTATION('',(#4201),#4204);
#4201 = B_SPLINE_CURVE_WITH_KNOTS('',1,(#4202,#4203),.UNSPECIFIED.,.F.,
  .F.,(2,2),(-38.1,-25.7),.PIECEWISE_BEZIER_KNOTS.);
#4202 = CARTESIAN_POINT('',(63.8,130.8));
#4203 = CARTESIAN_POINT('',(51.4,130.8));
#4204 = ( GEOMETRIC_REPRESENTATION_CONTEXT(2) 
PARAMETRIC_REPRESENTATION_CONTEXT() REPRESENTATION_CONTEXT('2D SPACE',''
  ) );
#4205 = ORIENTED_EDGE('',*,*,#3434,.T.);
#4206 = ORIENTED_EDGE('',*,*,#1706,.F.);
#4207 = ADVANCED_FACE('',(#4208),#2189,.T.);
#4208 = FACE_BOUND('',#4209,.T.);
#4209 = EDGE_LOOP('',(#4210,#4233,#4234,#4257));
#4210 = ORIENTED_EDGE('',*,*,#4211,.F.);
#4211 = EDGE_CURVE('',#2172,#4212,#4214,.T.);
#4212 = VERTEX_POINT('',#4213);
#4213 = CARTESIAN_POINT('',(88.,-72.6,3.));
#4214 = SURFACE_CURVE('',#4215,(#4219,#4226),.PCURVE_S1.);
#4215 = LINE('',#4216,#4217);
#4216 = CARTESIAN_POINT('',(88.,-72.6,-1.));
#4217 = VECTOR('',#4218,1.);
#4218 = DIRECTION('',(0.,0.,1.));
#4219 = PCURVE('',#2189,#4220);
#4220 = DEFINITIONAL_REPRESENTATION('',(#4221),#4225);
#4221 = LINE('',#4222,#4223);
#4222 = CARTESIAN_POINT('',(0.,85.6));
#4223 = VECTOR('',#4224,1.);
#4224 = DIRECTION('',(1.,0.));
#4225 = ( GEOMETRIC_REPRESENTATION_CONTEXT(2) 
PARAMETRIC_REPRESENTATION_CONTEXT() REPRESENTATION_CONTEXT('2D SPACE',''
  ) );
#4226 = PCURVE('',#2268,#4227);
#4227 = DEFINITIONAL_REPRESENTATION('',(#4228),#4232);
#4228 = LINE('',#4229,#4230);
#4229 = CARTESIAN_POINT('',(0.,0.));
#4230 = VECTOR('',#4231,1.);
#4231 = DIRECTION('',(1.,0.));
#4232 = ( GEOMETRIC_REPRESENTATION_CONTEXT(2) 
PARAMETRIC_REPRESENTATION_CONTEXT() REPRESENTATION_CONTEXT('2D SPACE',''
  ) );
#4233 = ORIENTED_EDGE('',*,*,#2171,.T.);
#4234 = ORIENTED_EDGE('',*,*,#4235,.T.);
#4235 = EDGE_CURVE('',#2174,#4236,#4238,.T.);
#4236 = VERTEX_POINT('',#4237);
#4237 = CARTESIAN_POINT('',(2.4,-72.6,3.));
#4238 = SURFACE_CURVE('',#4239,(#4243,#4250),.PCURVE_S1.);
#4239 = LINE('',#4240,#4241);
#4240 = CARTESIAN_POINT('',(2.4,-72.6,-1.));
#4241 = VECTOR('',#4242,1.);
#4242 = DIRECTION('',(0.,0.,1.));
#4243 = PCURVE('',#2189,#4244);
#4244 = DEFINITIONAL_REPRESENTATION('',(#4245),#4249);
#4245 = LINE('',#4246,#4247);
#4246 = CARTESIAN_POINT('',(0.,0.));
#4247 = VECTOR('',#4248,1.);
#4248 = DIRECTION('',(1.,0.));
#4249 = ( GEOMETRIC_REPRESENTATION_CONTEXT(2) 
PARAMETRIC_REPRESENTATION_CONTEXT() REPRESENTATION_CONTEXT('2D SPACE',''
  ) );
#4250 = PCURVE('',#2216,#4251);
#4251 = DEFINITIONAL_REPRESENTATION('',(#4252),#4256);
#4252 = LINE('',#4253,#4254);
#4253 = CARTESIAN_POINT('',(0.,0.));
#4254 = VECTOR('',#4255,1.);
#4255 = DIRECTION('',(1.,0.));
#4256 = ( GEOMETRIC_REPRESENTATION_CONTEXT(2) 
PARAMETRIC_REPRESENTATION_CONTEXT() REPRESENTATION_CONTEXT('2D SPACE',''
  ) );
#4257 = ORIENTED_EDGE('',*,*,#4258,.T.);
#4258 = EDGE_CURVE('',#4236,#4212,#4259,.T.);
#4259 = SURFACE_CURVE('',#4260,(#4264,#4271),.PCURVE_S1.);
#4260 = LINE('',#4261,#4262);
#4261 = CARTESIAN_POINT('',(2.4,-72.6,3.));
#4262 = VECTOR('',#4263,1.);
#4263 = DIRECTION('',(1.,0.,0.));
#4264 = PCURVE('',#2189,#4265);
#4265 = DEFINITIONAL_REPRESENTATION('',(#4266),#4270);
#4266 = LINE('',#4267,#4268);
#4267 = CARTESIAN_POINT('',(4.,4.440892098501E-16));
#4268 = VECTOR('',#4269,1.);
#4269 = DIRECTION('',(0.,1.));
#4270 = ( GEOMETRIC_REPRESENTATION_CONTEXT(2) 
PARAMETRIC_REPRESENTATION_CONTEXT() REPRESENTATION_CONTEXT('2D SPACE',''
  ) );
#4271 = PCURVE('',#4272,#4277);
#4272 = PLANE('',#4273);
#4273 = AXIS2_PLACEMENT_3D('',#4274,#4275,#4276);
#4274 = CARTESIAN_POINT('',(2.4,-72.6,3.));
#4275 = DIRECTION('',(0.,0.,1.));
#4276 = DIRECTION('',(1.,0.,0.));
#4277 = DEFINITIONAL_REPRESENTATION('',(#4278),#4282);
#4278 = LINE('',#4279,#4280);
#4279 = CARTESIAN_POINT('',(4.440892098501E-16,0.));
#4280 = VECTOR('',#4281,1.);
#4281 = DIRECTION('',(1.,0.));
#4282 = ( GEOMETRIC_REPRESENTATION_CONTEXT(2) 
PARAMETRIC_REPRESENTATION_CONTEXT() REPRESENTATION_CONTEXT('2D SPACE',''
  ) );
#4283 = ADVANCED_FACE('',(#4284),#2216,.T.);
#4284 = FACE_BOUND('',#4285,.T.);
#4285 = EDGE_LOOP('',(#4286,#4287,#4288,#4311));
#4286 = ORIENTED_EDGE('',*,*,#4235,.F.);
#4287 = ORIENTED_EDGE('',*,*,#2200,.T.);
#4288 = ORIENTED_EDGE('',*,*,#4289,.T.);
#4289 = EDGE_CURVE('',#2201,#4290,#4292,.T.);
#4290 = VERTEX_POINT('',#4291);
#4291 = CARTESIAN_POINT('',(2.4,72.6,3.));
#4292 = SURFACE_CURVE('',#4293,(#4297,#4304),.PCURVE_S1.);
#4293 = LINE('',#4294,#4295);
#4294 = CARTESIAN_POINT('',(2.4,72.6,-1.));
#4295 = VECTOR('',#4296,1.);
#4296 = DIRECTION('',(0.,0.,1.));
#4297 = PCURVE('',#2216,#4298);
#4298 = DEFINITIONAL_REPRESENTATION('',(#4299),#4303);
#4299 = LINE('',#4300,#4301);
#4300 = CARTESIAN_POINT('',(0.,-145.2));
#4301 = VECTOR('',#4302,1.);
#4302 = DIRECTION('',(1.,0.));
#4303 = ( GEOMETRIC_REPRESENTATION_CONTEXT(2) 
PARAMETRIC_REPRESENTATION_CONTEXT() REPRESENTATION_CONTEXT('2D SPACE',''
  ) );
#4304 = PCURVE('',#2243,#4305);
#4305 = DEFINITIONAL_REPRESENTATION('',(#4306),#4310);
#4306 = LINE('',#4307,#4308);
#4307 = CARTESIAN_POINT('',(0.,0.));
#4308 = VECTOR('',#4309,1.);
#4309 = DIRECTION('',(1.,0.));
#4310 = ( GEOMETRIC_REPRESENTATION_CONTEXT(2) 
PARAMETRIC_REPRESENTATION_CONTEXT() REPRESENTATION_CONTEXT('2D SPACE',''
  ) );
#4311 = ORIENTED_EDGE('',*,*,#4312,.T.);
#4312 = EDGE_CURVE('',#4290,#4236,#4313,.T.);
#4313 = SURFACE_CURVE('',#4314,(#4318,#4325),.PCURVE_S1.);
#4314 = LINE('',#4315,#4316);
#4315 = CARTESIAN_POINT('',(2.4,72.6,3.));
#4316 = VECTOR('',#4317,1.);
#4317 = DIRECTION('',(0.,-1.,0.));
#4318 = PCURVE('',#2216,#4319);
#4319 = DEFINITIONAL_REPRESENTATION('',(#4320),#4324);
#4320 = LINE('',#4321,#4322);
#4321 = CARTESIAN_POINT('',(4.,-145.2));
#4322 = VECTOR('',#4323,1.);
#4323 = DIRECTION('',(0.,1.));
#4324 = ( GEOMETRIC_REPRESENTATION_CONTEXT(2) 
PARAMETRIC_REPRESENTATION_CONTEXT() REPRESENTATION_CONTEXT('2D SPACE',''
  ) );
#4325 = PCURVE('',#4272,#4326);
#4326 = DEFINITIONAL_REPRESENTATION('',(#4327),#4331);
#4327 = LINE('',#4328,#4329);
#4328 = CARTESIAN_POINT('',(4.440892098501E-16,145.2));
#4329 = VECTOR('',#4330,1.);
#4330 = DIRECTION('',(0.,-1.));
#4331 = ( GEOMETRIC_REPRESENTATION_CONTEXT(2) 
PARAMETRIC_REPRESENTATION_CONTEXT() REPRESENTATION_CONTEXT('2D SPACE',''
  ) );
#4332 = ADVANCED_FACE('',(#4333),#2243,.F.);
#4333 = FACE_BOUND('',#4334,.F.);
#4334 = EDGE_LOOP('',(#4335,#4358,#4359,#4360));
#4335 = ORIENTED_EDGE('',*,*,#4336,.F.);
#4336 = EDGE_CURVE('',#2228,#4337,#4339,.T.);
#4337 = VERTEX_POINT('',#4338);
#4338 = CARTESIAN_POINT('',(88.,72.6,3.));
#4339 = SURFACE_CURVE('',#4340,(#4344,#4351),.PCURVE_S1.);
#4340 = LINE('',#4341,#4342);
#4341 = CARTESIAN_POINT('',(88.,72.6,-1.));
#4342 = VECTOR('',#4343,1.);
#4343 = DIRECTION('',(0.,0.,1.));
#4344 = PCURVE('',#2243,#4345);
#4345 = DEFINITIONAL_REPRESENTATION('',(#4346),#4350);
#4346 = LINE('',#4347,#4348);
#4347 = CARTESIAN_POINT('',(0.,85.6));
#4348 = VECTOR('',#4349,1.);
#4349 = DIRECTION('',(1.,0.));
#4350 = ( GEOMETRIC_REPRESENTATION_CONTEXT(2) 
PARAMETRIC_REPRESENTATION_CONTEXT() REPRESENTATION_CONTEXT('2D SPACE',''
  ) );
#4351 = PCURVE('',#2268,#4352);
#4352 = DEFINITIONAL_REPRESENTATION('',(#4353),#4357);
#4353 = LINE('',#4354,#4355);
#4354 = CARTESIAN_POINT('',(0.,-145.2));
#4355 = VECTOR('',#4356,1.);
#4356 = DIRECTION('',(1.,0.));
#4357 = ( GEOMETRIC_REPRESENTATION_CONTEXT(2) 
PARAMETRIC_REPRESENTATION_CONTEXT() REPRESENTATION_CONTEXT('2D SPACE',''
  ) );
#4358 = ORIENTED_EDGE('',*,*,#2227,.T.);
#4359 = ORIENTED_EDGE('',*,*,#4289,.T.);
#4360 = ORIENTED_EDGE('',*,*,#4361,.F.);
#4361 = EDGE_CURVE('',#4337,#4290,#4362,.T.);
#4362 = SURFACE_CURVE('',#4363,(#4367,#4374),.PCURVE_S1.);
#4363 = LINE('',#4364,#4365);
#4364 = CARTESIAN_POINT('',(88.,72.6,3.));
#4365 = VECTOR('',#4366,1.);
#4366 = DIRECTION('',(-1.,0.,0.));
#4367 = PCURVE('',#2243,#4368);
#4368 = DEFINITIONAL_REPRESENTATION('',(#4369),#4373);
#4369 = LINE('',#4370,#4371);
#4370 = CARTESIAN_POINT('',(4.,85.6));
#4371 = VECTOR('',#4372,1.);
#4372 = DIRECTION('',(0.,-1.));
#4373 = ( GEOMETRIC_REPRESENTATION_CONTEXT(2) 
PARAMETRIC_REPRESENTATION_CONTEXT() REPRESENTATION_CONTEXT('2D SPACE',''
  ) );
#4374 = PCURVE('',#4272,#4375);
#4375 = DEFINITIONAL_REPRESENTATION('',(#4376),#4380);
#4376 = LINE('',#4377,#4378);
#4377 = CARTESIAN_POINT('',(85.6,145.2));
#4378 = VECTOR('',#4379,1.);
#4379 = DIRECTION('',(-1.,0.));
#4380 = ( GEOMETRIC_REPRESENTATION_CONTEXT(2) 
PARAMETRIC_REPRESENTATION_CONTEXT() REPRESENTATION_CONTEXT('2D SPACE',''
  ) );
#4381 = ADVANCED_FACE('',(#4382),#2268,.F.);
#4382 = FACE_BOUND('',#4383,.F.);
#4383 = EDGE_LOOP('',(#4384,#4385,#4386,#4387));
#4384 = ORIENTED_EDGE('',*,*,#4211,.F.);
#4385 = ORIENTED_EDGE('',*,*,#2254,.T.);
#4386 = ORIENTED_EDGE('',*,*,#4336,.T.);
#4387 = ORIENTED_EDGE('',*,*,#4388,.F.);
#4388 = EDGE_CURVE('',#4212,#4337,#4389,.T.);
#4389 = SURFACE_CURVE('',#4390,(#4394,#4401),.PCURVE_S1.);
#4390 = LINE('',#4391,#4392);
#4391 = CARTESIAN_POINT('',(88.,-72.6,3.));
#4392 = VECTOR('',#4393,1.);
#4393 = DIRECTION('',(0.,1.,0.));
#4394 = PCURVE('',#2268,#4395);
#4395 = DEFINITIONAL_REPRESENTATION('',(#4396),#4400);
#4396 = LINE('',#4397,#4398);
#4397 = CARTESIAN_POINT('',(4.,0.));
#4398 = VECTOR('',#4399,1.);
#4399 = DIRECTION('',(0.,-1.));
#4400 = ( GEOMETRIC_REPRESENTATION_CONTEXT(2) 
PARAMETRIC_REPRESENTATION_CONTEXT() REPRESENTATION_CONTEXT('2D SPACE',''
  ) );
#4401 = PCURVE('',#4272,#4402);
#4402 = DEFINITIONAL_REPRESENTATION('',(#4403),#4407);
#4403 = LINE('',#4404,#4405);
#4404 = CARTESIAN_POINT('',(85.6,0.));
#4405 = VECTOR('',#4406,1.);
#4406 = DIRECTION('',(0.,1.));
#4407 = ( GEOMETRIC_REPRESENTATION_CONTEXT(2) 
PARAMETRIC_REPRESENTATION_CONTEXT() REPRESENTATION_CONTEXT('2D SPACE',''
  ) );
#4408 = ADVANCED_FACE('',(#4409),#2299,.T.);
#4409 = FACE_BOUND('',#4410,.T.);
#4410 = EDGE_LOOP('',(#4411,#4434,#4435,#4458,#4481,#4507,#4533,#4559));
#4411 = ORIENTED_EDGE('',*,*,#4412,.F.);
#4412 = EDGE_CURVE('',#2282,#4413,#4415,.T.);
#4413 = VERTEX_POINT('',#4414);
#4414 = CARTESIAN_POINT('',(197.6,-72.6,28.));
#4415 = SURFACE_CURVE('',#4416,(#4420,#4427),.PCURVE_S1.);
#4416 = LINE('',#4417,#4418);
#4417 = CARTESIAN_POINT('',(197.6,-72.6,-1.));
#4418 = VECTOR('',#4419,1.);
#4419 = DIRECTION('',(0.,0.,1.));
#4420 = PCURVE('',#2299,#4421);
#4421 = DEFINITIONAL_REPRESENTATION('',(#4422),#4426);
#4422 = LINE('',#4423,#4424);
#4423 = CARTESIAN_POINT('',(0.,107.2));
#4424 = VECTOR('',#4425,1.);
#4425 = DIRECTION('',(1.,0.));
#4426 = ( GEOMETRIC_REPRESENTATION_CONTEXT(2) 
PARAMETRIC_REPRESENTATION_CONTEXT() REPRESENTATION_CONTEXT('2D SPACE',''
  ) );
#4427 = PCURVE('',#2379,#4428);
#4428 = DEFINITIONAL_REPRESENTATION('',(#4429),#4433);
#4429 = LINE('',#4430,#4431);
#4430 = CARTESIAN_POINT('',(0.,0.));
#4431 = VECTOR('',#4432,1.);
#4432 = DIRECTION('',(1.,0.));
#4433 = ( GEOMETRIC_REPRESENTATION_CONTEXT(2) 
PARAMETRIC_REPRESENTATION_CONTEXT() REPRESENTATION_CONTEXT('2D SPACE',''
  ) );
#4434 = ORIENTED_EDGE('',*,*,#2281,.T.);
#4435 = ORIENTED_EDGE('',*,*,#4436,.T.);
#4436 = EDGE_CURVE('',#2284,#4437,#4439,.T.);
#4437 = VERTEX_POINT('',#4438);
#4438 = CARTESIAN_POINT('',(90.4,-72.6,28.));
#4439 = SURFACE_CURVE('',#4440,(#4444,#4451),.PCURVE_S1.);
#4440 = LINE('',#4441,#4442);
#4441 = CARTESIAN_POINT('',(90.4,-72.6,-1.));
#4442 = VECTOR('',#4443,1.);
#4443 = DIRECTION('',(0.,0.,1.));
#4444 = PCURVE('',#2299,#4445);
#4445 = DEFINITIONAL_REPRESENTATION('',(#4446),#4450);
#4446 = LINE('',#4447,#4448);
#4447 = CARTESIAN_POINT('',(0.,0.));
#4448 = VECTOR('',#4449,1.);
#4449 = DIRECTION('',(1.,0.));
#4450 = ( GEOMETRIC_REPRESENTATION_CONTEXT(2) 
PARAMETRIC_REPRESENTATION_CONTEXT() REPRESENTATION_CONTEXT('2D SPACE',''
  ) );
#4451 = PCURVE('',#2326,#4452);
#4452 = DEFINITIONAL_REPRESENTATION('',(#4453),#4457);
#4453 = LINE('',#4454,#4455);
#4454 = CARTESIAN_POINT('',(0.,0.));
#4455 = VECTOR('',#4456,1.);
#4456 = DIRECTION('',(1.,0.));
#4457 = ( GEOMETRIC_REPRESENTATION_CONTEXT(2) 
PARAMETRIC_REPRESENTATION_CONTEXT() REPRESENTATION_CONTEXT('2D SPACE',''
  ) );
#4458 = ORIENTED_EDGE('',*,*,#4459,.T.);
#4459 = EDGE_CURVE('',#4437,#4460,#4462,.T.);
#4460 = VERTEX_POINT('',#4461);
#4461 = CARTESIAN_POINT('',(96.,-72.6,28.));
#4462 = SURFACE_CURVE('',#4463,(#4467,#4474),.PCURVE_S1.);
#4463 = LINE('',#4464,#4465);
#4464 = CARTESIAN_POINT('',(90.4,-72.6,28.));
#4465 = VECTOR('',#4466,1.);
#4466 = DIRECTION('',(1.,0.,0.));
#4467 = PCURVE('',#2299,#4468);
#4468 = DEFINITIONAL_REPRESENTATION('',(#4469),#4473);
#4469 = LINE('',#4470,#4471);
#4470 = CARTESIAN_POINT('',(29.,0.));
#4471 = VECTOR('',#4472,1.);
#4472 = DIRECTION('',(0.,1.));
#4473 = ( GEOMETRIC_REPRESENTATION_CONTEXT(2) 
PARAMETRIC_REPRESENTATION_CONTEXT() REPRESENTATION_CONTEXT('2D SPACE',''
  ) );
#4474 = PCURVE('',#2811,#4475);
#4475 = DEFINITIONAL_REPRESENTATION('',(#4476),#4480);
#4476 = LINE('',#4477,#4478);
#4477 = CARTESIAN_POINT('',(0.,0.));
#4478 = VECTOR('',#4479,1.);
#4479 = DIRECTION('',(1.,0.));
#4480 = ( GEOMETRIC_REPRESENTATION_CONTEXT(2) 
PARAMETRIC_REPRESENTATION_CONTEXT() REPRESENTATION_CONTEXT('2D SPACE',''
  ) );
#4481 = ORIENTED_EDGE('',*,*,#4482,.T.);
#4482 = EDGE_CURVE('',#4460,#4483,#4485,.T.);
#4483 = VERTEX_POINT('',#4484);
#4484 = CARTESIAN_POINT('',(96.,-72.6,20.));
#4485 = SURFACE_CURVE('',#4486,(#4490,#4496),.PCURVE_S1.);
#4486 = LINE('',#4487,#4488);
#4487 = CARTESIAN_POINT('',(96.,-72.6,9.5));
#4488 = VECTOR('',#4489,1.);
#4489 = DIRECTION('',(0.,0.,-1.));
#4490 = PCURVE('',#2299,#4491);
#4491 = DEFINITIONAL_REPRESENTATION('',(#4492),#4495);
#4492 = B_SPLINE_CURVE_WITH_KNOTS('',1,(#4493,#4494),.UNSPECIFIED.,.F.,
  .F.,(2,2),(-18.5,-10.5),.PIECEWISE_BEZIER_KNOTS.);
#4493 = CARTESIAN_POINT('',(29.,5.6));
#4494 = CARTESIAN_POINT('',(21.,5.6));
#4495 = ( GEOMETRIC_REPRESENTATION_CONTEXT(2) 
PARAMETRIC_REPRESENTATION_CONTEXT() REPRESENTATION_CONTEXT('2D SPACE',''
  ) );
#4496 = PCURVE('',#4497,#4502);
#4497 = PLANE('',#4498);
#4498 = AXIS2_PLACEMENT_3D('',#4499,#4500,#4501);
#4499 = CARTESIAN_POINT('',(96.,-73.,20.));
#4500 = DIRECTION('',(1.,0.,0.));
#4501 = DIRECTION('',(0.,0.,1.));
#4502 = DEFINITIONAL_REPRESENTATION('',(#4503),#4506);
#4503 = B_SPLINE_CURVE_WITH_KNOTS('',1,(#4504,#4505),.UNSPECIFIED.,.F.,
  .F.,(2,2),(-18.5,-10.5),.PIECEWISE_BEZIER_KNOTS.);
#4504 = CARTESIAN_POINT('',(8.,-0.4));
#4505 = CARTESIAN_POINT('',(0.,-0.4));
#4506 = ( GEOMETRIC_REPRESENTATION_CONTEXT(2) 
PARAMETRIC_REPRESENTATION_CONTEXT() REPRESENTATION_CONTEXT('2D SPACE',''
  ) );
#4507 = ORIENTED_EDGE('',*,*,#4508,.T.);
#4508 = EDGE_CURVE('',#4483,#4509,#4511,.T.);
#4509 = VERTEX_POINT('',#4510);
#4510 = CARTESIAN_POINT('',(136.,-72.6,20.));
#4511 = SURFACE_CURVE('',#4512,(#4516,#4522),.PCURVE_S1.);
#4512 = LINE('',#4513,#4514);
#4513 = CARTESIAN_POINT('',(93.2,-72.6,20.));
#4514 = VECTOR('',#4515,1.);
#4515 = DIRECTION('',(1.,0.,0.));
#4516 = PCURVE('',#2299,#4517);
#4517 = DEFINITIONAL_REPRESENTATION('',(#4518),#4521);
#4518 = B_SPLINE_CURVE_WITH_KNOTS('',1,(#4519,#4520),.UNSPECIFIED.,.F.,
  .F.,(2,2),(2.8,42.8),.PIECEWISE_BEZIER_KNOTS.);
#4519 = CARTESIAN_POINT('',(21.,5.6));
#4520 = CARTESIAN_POINT('',(21.,45.6));
#4521 = ( GEOMETRIC_REPRESENTATION_CONTEXT(2) 
PARAMETRIC_REPRESENTATION_CONTEXT() REPRESENTATION_CONTEXT('2D SPACE',''
  ) );
#4522 = PCURVE('',#4523,#4528);
#4523 = PLANE('',#4524);
#4524 = AXIS2_PLACEMENT_3D('',#4525,#4526,#4527);
#4525 = CARTESIAN_POINT('',(96.,-73.,20.));
#4526 = DIRECTION('',(0.,0.,1.));
#4527 = DIRECTION('',(1.,0.,0.));
#4528 = DEFINITIONAL_REPRESENTATION('',(#4529),#4532);
#4529 = B_SPLINE_CURVE_WITH_KNOTS('',1,(#4530,#4531),.UNSPECIFIED.,.F.,
  .F.,(2,2),(2.8,42.8),.PIECEWISE_BEZIER_KNOTS.);
#4530 = CARTESIAN_POINT('',(0.,0.4));
#4531 = CARTESIAN_POINT('',(40.,0.4));
#4532 = ( GEOMETRIC_REPRESENTATION_CONTEXT(2) 
PARAMETRIC_REPRESENTATION_CONTEXT() REPRESENTATION_CONTEXT('2D SPACE',''
  ) );
#4533 = ORIENTED_EDGE('',*,*,#4534,.F.);
#4534 = EDGE_CURVE('',#4535,#4509,#4537,.T.);
#4535 = VERTEX_POINT('',#4536);
#4536 = CARTESIAN_POINT('',(136.,-72.6,28.));
#4537 = SURFACE_CURVE('',#4538,(#4542,#4548),.PCURVE_S1.);
#4538 = LINE('',#4539,#4540);
#4539 = CARTESIAN_POINT('',(136.,-72.6,9.5));
#4540 = VECTOR('',#4541,1.);
#4541 = DIRECTION('',(0.,0.,-1.));
#4542 = PCURVE('',#2299,#4543);
#4543 = DEFINITIONAL_REPRESENTATION('',(#4544),#4547);
#4544 = B_SPLINE_CURVE_WITH_KNOTS('',1,(#4545,#4546),.UNSPECIFIED.,.F.,
  .F.,(2,2),(-18.5,-10.5),.PIECEWISE_BEZIER_KNOTS.);
#4545 = CARTESIAN_POINT('',(29.,45.6));
#4546 = CARTESIAN_POINT('',(21.,45.6));
#4547 = ( GEOMETRIC_REPRESENTATION_CONTEXT(2) 
PARAMETRIC_REPRESENTATION_CONTEXT() REPRESENTATION_CONTEXT('2D SPACE',''
  ) );
#4548 = PCURVE('',#4549,#4554);
#4549 = PLANE('',#4550);
#4550 = AXIS2_PLACEMENT_3D('',#4551,#4552,#4553);
#4551 = CARTESIAN_POINT('',(136.,-73.,20.));
#4552 = DIRECTION('',(1.,0.,0.));
#4553 = DIRECTION('',(0.,0.,1.));
#4554 = DEFINITIONAL_REPRESENTATION('',(#4555),#4558);
#4555 = B_SPLINE_CURVE_WITH_KNOTS('',1,(#4556,#4557),.UNSPECIFIED.,.F.,
  .F.,(2,2),(-18.5,-10.5),.PIECEWISE_BEZIER_KNOTS.);
#4556 = CARTESIAN_POINT('',(8.,-0.4));
#4557 = CARTESIAN_POINT('',(0.,-0.4));
#4558 = ( GEOMETRIC_REPRESENTATION_CONTEXT(2) 
PARAMETRIC_REPRESENTATION_CONTEXT() REPRESENTATION_CONTEXT('2D SPACE',''
  ) );
#4559 = ORIENTED_EDGE('',*,*,#4560,.T.);
#4560 = EDGE_CURVE('',#4535,#4413,#4561,.T.);
#4561 = SURFACE_CURVE('',#4562,(#4566,#4573),.PCURVE_S1.);
#4562 = LINE('',#4563,#4564);
#4563 = CARTESIAN_POINT('',(90.4,-72.6,28.));
#4564 = VECTOR('',#4565,1.);
#4565 = DIRECTION('',(1.,0.,0.));
#4566 = PCURVE('',#2299,#4567);
#4567 = DEFINITIONAL_REPRESENTATION('',(#4568),#4572);
#4568 = LINE('',#4569,#4570);
#4569 = CARTESIAN_POINT('',(29.,0.));
#4570 = VECTOR('',#4571,1.);
#4571 = DIRECTION('',(0.,1.));
#4572 = ( GEOMETRIC_REPRESENTATION_CONTEXT(2) 
PARAMETRIC_REPRESENTATION_CONTEXT() REPRESENTATION_CONTEXT('2D SPACE',''
  ) );
#4573 = PCURVE('',#2811,#4574);
#4574 = DEFINITIONAL_REPRESENTATION('',(#4575),#4579);
#4575 = LINE('',#4576,#4577);
#4576 = CARTESIAN_POINT('',(0.,0.));
#4577 = VECTOR('',#4578,1.);
#4578 = DIRECTION('',(1.,0.));
#4579 = ( GEOMETRIC_REPRESENTATION_CONTEXT(2) 
PARAMETRIC_REPRESENTATION_CONTEXT() REPRESENTATION_CONTEXT('2D SPACE',''
  ) );
#4580 = ADVANCED_FACE('',(#4581,#4775),#2326,.T.);
#4581 = FACE_BOUND('',#4582,.T.);
#4582 = EDGE_LOOP('',(#4583,#4584,#4585,#4608,#4636,#4657,#4658,#4681,
    #4709,#4730,#4731,#4754));
#4583 = ORIENTED_EDGE('',*,*,#4436,.F.);
#4584 = ORIENTED_EDGE('',*,*,#2310,.T.);
#4585 = ORIENTED_EDGE('',*,*,#4586,.T.);
#4586 = EDGE_CURVE('',#2311,#4587,#4589,.T.);
#4587 = VERTEX_POINT('',#4588);
#4588 = CARTESIAN_POINT('',(90.4,-63.2,20.));
#4589 = SURFACE_CURVE('',#4590,(#4594,#4601),.PCURVE_S1.);
#4590 = LINE('',#4591,#4592);
#4591 = CARTESIAN_POINT('',(90.4,-63.2,0.));
#4592 = VECTOR('',#4593,1.);
#4593 = DIRECTION('',(0.,0.,1.));
#4594 = PCURVE('',#2326,#4595);
#4595 = DEFINITIONAL_REPRESENTATION('',(#4596),#4600);
#4596 = LINE('',#4597,#4598);
#4597 = CARTESIAN_POINT('',(1.,-9.4));
#4598 = VECTOR('',#4599,1.);
#4599 = DIRECTION('',(1.,0.));
#4600 = ( GEOMETRIC_REPRESENTATION_CONTEXT(2) 
PARAMETRIC_REPRESENTATION_CONTEXT() REPRESENTATION_CONTEXT('2D SPACE',''
  ) );
#4601 = PCURVE('',#2353,#4602);
#4602 = DEFINITIONAL_REPRESENTATION('',(#4603),#4607);
#4603 = LINE('',#4604,#4605);
#4604 = CARTESIAN_POINT('',(0.,0.));
#4605 = VECTOR('',#4606,1.);
#4606 = DIRECTION('',(1.,0.));
#4607 = ( GEOMETRIC_REPRESENTATION_CONTEXT(2) 
PARAMETRIC_REPRESENTATION_CONTEXT() REPRESENTATION_CONTEXT('2D SPACE',''
  ) );
#4608 = ORIENTED_EDGE('',*,*,#4609,.T.);
#4609 = EDGE_CURVE('',#4587,#4610,#4612,.T.);
#4610 = VERTEX_POINT('',#4611);
#4611 = CARTESIAN_POINT('',(90.4,-60.8,20.));
#4612 = SURFACE_CURVE('',#4613,(#4617,#4624),.PCURVE_S1.);
#4613 = LINE('',#4614,#4615);
#4614 = CARTESIAN_POINT('',(90.4,-63.2,20.));
#4615 = VECTOR('',#4616,1.);
#4616 = DIRECTION('',(0.,1.,0.));
#4617 = PCURVE('',#2326,#4618);
#4618 = DEFINITIONAL_REPRESENTATION('',(#4619),#4623);
#4619 = LINE('',#4620,#4621);
#4620 = CARTESIAN_POINT('',(21.,-9.4));
#4621 = VECTOR('',#4622,1.);
#4622 = DIRECTION('',(0.,-1.));
#4623 = ( GEOMETRIC_REPRESENTATION_CONTEXT(2) 
PARAMETRIC_REPRESENTATION_CONTEXT() REPRESENTATION_CONTEXT('2D SPACE',''
  ) );
#4624 = PCURVE('',#4625,#4630);
#4625 = PLANE('',#4626);
#4626 = AXIS2_PLACEMENT_3D('',#4627,#4628,#4629);
#4627 = CARTESIAN_POINT('',(90.4,-63.2,20.));
#4628 = DIRECTION('',(0.,0.,1.));
#4629 = DIRECTION('',(1.,0.,0.));
#4630 = DEFINITIONAL_REPRESENTATION('',(#4631),#4635);
#4631 = LINE('',#4632,#4633);
#4632 = CARTESIAN_POINT('',(0.,0.));
#4633 = VECTOR('',#4634,1.);
#4634 = DIRECTION('',(0.,1.));
#4635 = ( GEOMETRIC_REPRESENTATION_CONTEXT(2) 
PARAMETRIC_REPRESENTATION_CONTEXT() REPRESENTATION_CONTEXT('2D SPACE',''
  ) );
#4636 = ORIENTED_EDGE('',*,*,#4637,.F.);
#4637 = EDGE_CURVE('',#2417,#4610,#4638,.T.);
#4638 = SURFACE_CURVE('',#4639,(#4643,#4650),.PCURVE_S1.);
#4639 = LINE('',#4640,#4641);
#4640 = CARTESIAN_POINT('',(90.4,-60.8,0.));
#4641 = VECTOR('',#4642,1.);
#4642 = DIRECTION('',(0.,0.,1.));
#4643 = PCURVE('',#2326,#4644);
#4644 = DEFINITIONAL_REPRESENTATION('',(#4645),#4649);
#4645 = LINE('',#4646,#4647);
#4646 = CARTESIAN_POINT('',(1.,-11.8));
#4647 = VECTOR('',#4648,1.);
#4648 = DIRECTION('',(1.,0.));
#4649 = ( GEOMETRIC_REPRESENTATION_CONTEXT(2) 
PARAMETRIC_REPRESENTATION_CONTEXT() REPRESENTATION_CONTEXT('2D SPACE',''
  ) );
#4650 = PCURVE('',#2432,#4651);
#4651 = DEFINITIONAL_REPRESENTATION('',(#4652),#4656);
#4652 = LINE('',#4653,#4654);
#4653 = CARTESIAN_POINT('',(0.,0.));
#4654 = VECTOR('',#4655,1.);
#4655 = DIRECTION('',(1.,0.));
#4656 = ( GEOMETRIC_REPRESENTATION_CONTEXT(2) 
PARAMETRIC_REPRESENTATION_CONTEXT() REPRESENTATION_CONTEXT('2D SPACE',''
  ) );
#4657 = ORIENTED_EDGE('',*,*,#2444,.T.);
#4658 = ORIENTED_EDGE('',*,*,#4659,.T.);
#4659 = EDGE_CURVE('',#2445,#4660,#4662,.T.);
#4660 = VERTEX_POINT('',#4661);
#4661 = CARTESIAN_POINT('',(90.4,60.8,20.));
#4662 = SURFACE_CURVE('',#4663,(#4667,#4674),.PCURVE_S1.);
#4663 = LINE('',#4664,#4665);
#4664 = CARTESIAN_POINT('',(90.4,60.8,0.));
#4665 = VECTOR('',#4666,1.);
#4666 = DIRECTION('',(0.,0.,1.));
#4667 = PCURVE('',#2326,#4668);
#4668 = DEFINITIONAL_REPRESENTATION('',(#4669),#4673);
#4669 = LINE('',#4670,#4671);
#4670 = CARTESIAN_POINT('',(1.,-133.4));
#4671 = VECTOR('',#4672,1.);
#4672 = DIRECTION('',(1.,0.));
#4673 = ( GEOMETRIC_REPRESENTATION_CONTEXT(2) 
PARAMETRIC_REPRESENTATION_CONTEXT() REPRESENTATION_CONTEXT('2D SPACE',''
  ) );
#4674 = PCURVE('',#2480,#4675);
#4675 = DEFINITIONAL_REPRESENTATION('',(#4676),#4680);
#4676 = LINE('',#4677,#4678);
#4677 = CARTESIAN_POINT('',(0.,0.));
#4678 = VECTOR('',#4679,1.);
#4679 = DIRECTION('',(1.,0.));
#4680 = ( GEOMETRIC_REPRESENTATION_CONTEXT(2) 
PARAMETRIC_REPRESENTATION_CONTEXT() REPRESENTATION_CONTEXT('2D SPACE',''
  ) );
#4681 = ORIENTED_EDGE('',*,*,#4682,.T.);
#4682 = EDGE_CURVE('',#4660,#4683,#4685,.T.);
#4683 = VERTEX_POINT('',#4684);
#4684 = CARTESIAN_POINT('',(90.4,63.2,20.));
#4685 = SURFACE_CURVE('',#4686,(#4690,#4697),.PCURVE_S1.);
#4686 = LINE('',#4687,#4688);
#4687 = CARTESIAN_POINT('',(90.4,60.8,20.));
#4688 = VECTOR('',#4689,1.);
#4689 = DIRECTION('',(0.,1.,0.));
#4690 = PCURVE('',#2326,#4691);
#4691 = DEFINITIONAL_REPRESENTATION('',(#4692),#4696);
#4692 = LINE('',#4693,#4694);
#4693 = CARTESIAN_POINT('',(21.,-133.4));
#4694 = VECTOR('',#4695,1.);
#4695 = DIRECTION('',(0.,-1.));
#4696 = ( GEOMETRIC_REPRESENTATION_CONTEXT(2) 
PARAMETRIC_REPRESENTATION_CONTEXT() REPRESENTATION_CONTEXT('2D SPACE',''
  ) );
#4697 = PCURVE('',#4698,#4703);
#4698 = PLANE('',#4699);
#4699 = AXIS2_PLACEMENT_3D('',#4700,#4701,#4702);
#4700 = CARTESIAN_POINT('',(90.4,60.8,20.));
#4701 = DIRECTION('',(0.,0.,1.));
#4702 = DIRECTION('',(1.,0.,0.));
#4703 = DEFINITIONAL_REPRESENTATION('',(#4704),#4708);
#4704 = LINE('',#4705,#4706);
#4705 = CARTESIAN_POINT('',(0.,0.));
#4706 = VECTOR('',#4707,1.);
#4707 = DIRECTION('',(0.,1.));
#4708 = ( GEOMETRIC_REPRESENTATION_CONTEXT(2) 
PARAMETRIC_REPRESENTATION_CONTEXT() REPRESENTATION_CONTEXT('2D SPACE',''
  ) );
#4709 = ORIENTED_EDGE('',*,*,#4710,.F.);
#4710 = EDGE_CURVE('',#2519,#4683,#4711,.T.);
#4711 = SURFACE_CURVE('',#4712,(#4716,#4723),.PCURVE_S1.);
#4712 = LINE('',#4713,#4714);
#4713 = CARTESIAN_POINT('',(90.4,63.2,0.));
#4714 = VECTOR('',#4715,1.);
#4715 = DIRECTION('',(0.,0.,1.));
#4716 = PCURVE('',#2326,#4717);
#4717 = DEFINITIONAL_REPRESENTATION('',(#4718),#4722);
#4718 = LINE('',#4719,#4720);
#4719 = CARTESIAN_POINT('',(1.,-135.8));
#4720 = VECTOR('',#4721,1.);
#4721 = DIRECTION('',(1.,0.));
#4722 = ( GEOMETRIC_REPRESENTATION_CONTEXT(2) 
PARAMETRIC_REPRESENTATION_CONTEXT() REPRESENTATION_CONTEXT('2D SPACE',''
  ) );
#4723 = PCURVE('',#2534,#4724);
#4724 = DEFINITIONAL_REPRESENTATION('',(#4725),#4729);
#4725 = LINE('',#4726,#4727);
#4726 = CARTESIAN_POINT('',(0.,0.));
#4727 = VECTOR('',#4728,1.);
#4728 = DIRECTION('',(1.,0.));
#4729 = ( GEOMETRIC_REPRESENTATION_CONTEXT(2) 
PARAMETRIC_REPRESENTATION_CONTEXT() REPRESENTATION_CONTEXT('2D SPACE',''
  ) );
#4730 = ORIENTED_EDGE('',*,*,#2546,.T.);
#4731 = ORIENTED_EDGE('',*,*,#4732,.T.);
#4732 = EDGE_CURVE('',#2547,#4733,#4735,.T.);
#4733 = VERTEX_POINT('',#4734);
#4734 = CARTESIAN_POINT('',(90.4,72.6,28.));
#4735 = SURFACE_CURVE('',#4736,(#4740,#4747),.PCURVE_S1.);
#4736 = LINE('',#4737,#4738);
#4737 = CARTESIAN_POINT('',(90.4,72.6,-1.));
#4738 = VECTOR('',#4739,1.);
#4739 = DIRECTION('',(0.,0.,1.));
#4740 = PCURVE('',#2326,#4741);
#4741 = DEFINITIONAL_REPRESENTATION('',(#4742),#4746);
#4742 = LINE('',#4743,#4744);
#4743 = CARTESIAN_POINT('',(0.,-145.2));
#4744 = VECTOR('',#4745,1.);
#4745 = DIRECTION('',(1.,0.));
#4746 = ( GEOMETRIC_REPRESENTATION_CONTEXT(2) 
PARAMETRIC_REPRESENTATION_CONTEXT() REPRESENTATION_CONTEXT('2D SPACE',''
  ) );
#4747 = PCURVE('',#2582,#4748);
#4748 = DEFINITIONAL_REPRESENTATION('',(#4749),#4753);
#4749 = LINE('',#4750,#4751);
#4750 = CARTESIAN_POINT('',(0.,0.));
#4751 = VECTOR('',#4752,1.);
#4752 = DIRECTION('',(1.,0.));
#4753 = ( GEOMETRIC_REPRESENTATION_CONTEXT(2) 
PARAMETRIC_REPRESENTATION_CONTEXT() REPRESENTATION_CONTEXT('2D SPACE',''
  ) );
#4754 = ORIENTED_EDGE('',*,*,#4755,.F.);
#4755 = EDGE_CURVE('',#4437,#4733,#4756,.T.);
#4756 = SURFACE_CURVE('',#4757,(#4761,#4768),.PCURVE_S1.);
#4757 = LINE('',#4758,#4759);
#4758 = CARTESIAN_POINT('',(90.4,-72.6,28.));
#4759 = VECTOR('',#4760,1.);
#4760 = DIRECTION('',(0.,1.,0.));
#4761 = PCURVE('',#2326,#4762);
#4762 = DEFINITIONAL_REPRESENTATION('',(#4763),#4767);
#4763 = LINE('',#4764,#4765);
#4764 = CARTESIAN_POINT('',(29.,0.));
#4765 = VECTOR('',#4766,1.);
#4766 = DIRECTION('',(0.,-1.));
#4767 = ( GEOMETRIC_REPRESENTATION_CONTEXT(2) 
PARAMETRIC_REPRESENTATION_CONTEXT() REPRESENTATION_CONTEXT('2D SPACE',''
  ) );
#4768 = PCURVE('',#2811,#4769);
#4769 = DEFINITIONAL_REPRESENTATION('',(#4770),#4774);
#4770 = LINE('',#4771,#4772);
#4771 = CARTESIAN_POINT('',(0.,0.));
#4772 = VECTOR('',#4773,1.);
#4773 = DIRECTION('',(0.,1.));
#4774 = ( GEOMETRIC_REPRESENTATION_CONTEXT(2) 
PARAMETRIC_REPRESENTATION_CONTEXT() REPRESENTATION_CONTEXT('2D SPACE',''
  ) );
#4775 = FACE_BOUND('',#4776,.T.);
#4776 = EDGE_LOOP('',(#4777));
#4777 = ORIENTED_EDGE('',*,*,#4778,.T.);
#4778 = EDGE_CURVE('',#4779,#4779,#4781,.T.);
#4779 = VERTEX_POINT('',#4780);
#4780 = CARTESIAN_POINT('',(90.4,-65.,23.));
#4781 = SURFACE_CURVE('',#4782,(#4787,#4798),.PCURVE_S1.);
#4782 = CIRCLE('',#4783,3.);
#4783 = AXIS2_PLACEMENT_3D('',#4784,#4785,#4786);
#4784 = CARTESIAN_POINT('',(90.4,-68.,23.));
#4785 = DIRECTION('',(-1.,0.,0.));
#4786 = DIRECTION('',(0.,1.,0.));
#4787 = PCURVE('',#2326,#4788);
#4788 = DEFINITIONAL_REPRESENTATION('',(#4789),#4797);
#4789 = ( BOUNDED_CURVE() B_SPLINE_CURVE(2,(#4790,#4791,#4792,#4793,
#4794,#4795,#4796),.UNSPECIFIED.,.T.,.F.) B_SPLINE_CURVE_WITH_KNOTS((1,2
    ,2,2,2,1),(-2.094395102393,0.,2.094395102393,4.188790204786,
6.28318530718,8.377580409573),.UNSPECIFIED.) CURVE() 
GEOMETRIC_REPRESENTATION_ITEM() RATIONAL_B_SPLINE_CURVE((1.,0.5,1.,0.5,
1.,0.5,1.)) REPRESENTATION_ITEM('') );
#4790 = CARTESIAN_POINT('',(24.,-7.6));
#4791 = CARTESIAN_POINT('',(18.803847577293,-7.6));
#4792 = CARTESIAN_POINT('',(21.401923788647,-3.1));
#4793 = CARTESIAN_POINT('',(24.,1.4));
#4794 = CARTESIAN_POINT('',(26.598076211353,-3.1));
#4795 = CARTESIAN_POINT('',(29.196152422707,-7.6));
#4796 = CARTESIAN_POINT('',(24.,-7.6));
#4797 = ( GEOMETRIC_REPRESENTATION_CONTEXT(2) 
PARAMETRIC_REPRESENTATION_CONTEXT() REPRESENTATION_CONTEXT('2D SPACE',''
  ) );
#4798 = PCURVE('',#4799,#4804);
#4799 = CYLINDRICAL_SURFACE('',#4800,3.);
#4800 = AXIS2_PLACEMENT_3D('',#4801,#4802,#4803);
#4801 = CARTESIAN_POINT('',(87.,-68.,23.));
#4802 = DIRECTION('',(-1.,-0.,-0.));
#4803 = DIRECTION('',(0.,1.,0.));
#4804 = DEFINITIONAL_REPRESENTATION('',(#4805),#4809);
#4805 = LINE('',#4806,#4807);
#4806 = CARTESIAN_POINT('',(-6.28318530718,-3.4));
#4807 = VECTOR('',#4808,1.);
#4808 = DIRECTION('',(1.,-0.));
#4809 = ( GEOMETRIC_REPRESENTATION_CONTEXT(2) 
PARAMETRIC_REPRESENTATION_CONTEXT() REPRESENTATION_CONTEXT('2D SPACE',''
  ) );
#4810 = ADVANCED_FACE('',(#4811),#2353,.F.);
#4811 = FACE_BOUND('',#4812,.F.);
#4812 = EDGE_LOOP('',(#4813,#4814,#4815,#4838));
#4813 = ORIENTED_EDGE('',*,*,#2337,.F.);
#4814 = ORIENTED_EDGE('',*,*,#4586,.T.);
#4815 = ORIENTED_EDGE('',*,*,#4816,.F.);
#4816 = EDGE_CURVE('',#4817,#4587,#4819,.T.);
#4817 = VERTEX_POINT('',#4818);
#4818 = CARTESIAN_POINT('',(197.6,-63.2,20.));
#4819 = SURFACE_CURVE('',#4820,(#4824,#4831),.PCURVE_S1.);
#4820 = LINE('',#4821,#4822);
#4821 = CARTESIAN_POINT('',(197.6,-63.2,20.));
#4822 = VECTOR('',#4823,1.);
#4823 = DIRECTION('',(-1.,0.,0.));
#4824 = PCURVE('',#2353,#4825);
#4825 = DEFINITIONAL_REPRESENTATION('',(#4826),#4830);
#4826 = LINE('',#4827,#4828);
#4827 = CARTESIAN_POINT('',(20.,107.2));
#4828 = VECTOR('',#4829,1.);
#4829 = DIRECTION('',(0.,-1.));
#4830 = ( GEOMETRIC_REPRESENTATION_CONTEXT(2) 
PARAMETRIC_REPRESENTATION_CONTEXT() REPRESENTATION_CONTEXT('2D SPACE',''
  ) );
#4831 = PCURVE('',#4625,#4832);
#4832 = DEFINITIONAL_REPRESENTATION('',(#4833),#4837);
#4833 = LINE('',#4834,#4835);
#4834 = CARTESIAN_POINT('',(107.2,0.));
#4835 = VECTOR('',#4836,1.);
#4836 = DIRECTION('',(-1.,0.));
#4837 = ( GEOMETRIC_REPRESENTATION_CONTEXT(2) 
PARAMETRIC_REPRESENTATION_CONTEXT() REPRESENTATION_CONTEXT('2D SPACE',''
  ) );
#4838 = ORIENTED_EDGE('',*,*,#4839,.F.);
#4839 = EDGE_CURVE('',#2338,#4817,#4840,.T.);
#4840 = SURFACE_CURVE('',#4841,(#4845,#4852),.PCURVE_S1.);
#4841 = LINE('',#4842,#4843);
#4842 = CARTESIAN_POINT('',(197.6,-63.2,0.));
#4843 = VECTOR('',#4844,1.);
#4844 = DIRECTION('',(0.,0.,1.));
#4845 = PCURVE('',#2353,#4846);
#4846 = DEFINITIONAL_REPRESENTATION('',(#4847),#4851);
#4847 = LINE('',#4848,#4849);
#4848 = CARTESIAN_POINT('',(0.,107.2));
#4849 = VECTOR('',#4850,1.);
#4850 = DIRECTION('',(1.,0.));
#4851 = ( GEOMETRIC_REPRESENTATION_CONTEXT(2) 
PARAMETRIC_REPRESENTATION_CONTEXT() REPRESENTATION_CONTEXT('2D SPACE',''
  ) );
#4852 = PCURVE('',#2379,#4853);
#4853 = DEFINITIONAL_REPRESENTATION('',(#4854),#4858);
#4854 = LINE('',#4855,#4856);
#4855 = CARTESIAN_POINT('',(1.,-9.4));
#4856 = VECTOR('',#4857,1.);
#4857 = DIRECTION('',(1.,0.));
#4858 = ( GEOMETRIC_REPRESENTATION_CONTEXT(2) 
PARAMETRIC_REPRESENTATION_CONTEXT() REPRESENTATION_CONTEXT('2D SPACE',''
  ) );
#4859 = ADVANCED_FACE('',(#4860),#2379,.F.);
#4860 = FACE_BOUND('',#4861,.F.);
#4861 = EDGE_LOOP('',(#4862,#4863,#4864,#4865,#4888,#4909,#4910,#4933,
    #4956,#4977,#4978,#5001,#5024,#5050,#5076,#5102,#5128,#5154,#5180,
    #5206,#5232,#5258,#5284,#5310));
#4862 = ORIENTED_EDGE('',*,*,#4412,.F.);
#4863 = ORIENTED_EDGE('',*,*,#2365,.T.);
#4864 = ORIENTED_EDGE('',*,*,#4839,.T.);
#4865 = ORIENTED_EDGE('',*,*,#4866,.T.);
#4866 = EDGE_CURVE('',#4817,#4867,#4869,.T.);
#4867 = VERTEX_POINT('',#4868);
#4868 = CARTESIAN_POINT('',(197.6,-60.8,20.));
#4869 = SURFACE_CURVE('',#4870,(#4874,#4881),.PCURVE_S1.);
#4870 = LINE('',#4871,#4872);
#4871 = CARTESIAN_POINT('',(197.6,-63.2,20.));
#4872 = VECTOR('',#4873,1.);
#4873 = DIRECTION('',(0.,1.,0.));
#4874 = PCURVE('',#2379,#4875);
#4875 = DEFINITIONAL_REPRESENTATION('',(#4876),#4880);
#4876 = LINE('',#4877,#4878);
#4877 = CARTESIAN_POINT('',(21.,-9.4));
#4878 = VECTOR('',#4879,1.);
#4879 = DIRECTION('',(0.,-1.));
#4880 = ( GEOMETRIC_REPRESENTATION_CONTEXT(2) 
PARAMETRIC_REPRESENTATION_CONTEXT() REPRESENTATION_CONTEXT('2D SPACE',''
  ) );
#4881 = PCURVE('',#4625,#4882);
#4882 = DEFINITIONAL_REPRESENTATION('',(#4883),#4887);
#4883 = LINE('',#4884,#4885);
#4884 = CARTESIAN_POINT('',(107.2,0.));
#4885 = VECTOR('',#4886,1.);
#4886 = DIRECTION('',(0.,1.));
#4887 = ( GEOMETRIC_REPRESENTATION_CONTEXT(2) 
PARAMETRIC_REPRESENTATION_CONTEXT() REPRESENTATION_CONTEXT('2D SPACE',''
  ) );
#4888 = ORIENTED_EDGE('',*,*,#4889,.F.);
#4889 = EDGE_CURVE('',#2393,#4867,#4890,.T.);
#4890 = SURFACE_CURVE('',#4891,(#4895,#4902),.PCURVE_S1.);
#4891 = LINE('',#4892,#4893);
#4892 = CARTESIAN_POINT('',(197.6,-60.8,0.));
#4893 = VECTOR('',#4894,1.);
#4894 = DIRECTION('',(0.,0.,1.));
#4895 = PCURVE('',#2379,#4896);
#4896 = DEFINITIONAL_REPRESENTATION('',(#4897),#4901);
#4897 = LINE('',#4898,#4899);
#4898 = CARTESIAN_POINT('',(1.,-11.8));
#4899 = VECTOR('',#4900,1.);
#4900 = DIRECTION('',(1.,0.));
#4901 = ( GEOMETRIC_REPRESENTATION_CONTEXT(2) 
PARAMETRIC_REPRESENTATION_CONTEXT() REPRESENTATION_CONTEXT('2D SPACE',''
  ) );
#4902 = PCURVE('',#2432,#4903);
#4903 = DEFINITIONAL_REPRESENTATION('',(#4904),#4908);
#4904 = LINE('',#4905,#4906);
#4905 = CARTESIAN_POINT('',(0.,107.2));
#4906 = VECTOR('',#4907,1.);
#4907 = DIRECTION('',(1.,0.));
#4908 = ( GEOMETRIC_REPRESENTATION_CONTEXT(2) 
PARAMETRIC_REPRESENTATION_CONTEXT() REPRESENTATION_CONTEXT('2D SPACE',''
  ) );
#4909 = ORIENTED_EDGE('',*,*,#2392,.T.);
#4910 = ORIENTED_EDGE('',*,*,#4911,.T.);
#4911 = EDGE_CURVE('',#2395,#4912,#4914,.T.);
#4912 = VERTEX_POINT('',#4913);
#4913 = CARTESIAN_POINT('',(197.6,60.8,20.));
#4914 = SURFACE_CURVE('',#4915,(#4919,#4926),.PCURVE_S1.);
#4915 = LINE('',#4916,#4917);
#4916 = CARTESIAN_POINT('',(197.6,60.8,0.));
#4917 = VECTOR('',#4918,1.);
#4918 = DIRECTION('',(0.,0.,1.));
#4919 = PCURVE('',#2379,#4920);
#4920 = DEFINITIONAL_REPRESENTATION('',(#4921),#4925);
#4921 = LINE('',#4922,#4923);
#4922 = CARTESIAN_POINT('',(1.,-133.4));
#4923 = VECTOR('',#4924,1.);
#4924 = DIRECTION('',(1.,0.));
#4925 = ( GEOMETRIC_REPRESENTATION_CONTEXT(2) 
PARAMETRIC_REPRESENTATION_CONTEXT() REPRESENTATION_CONTEXT('2D SPACE',''
  ) );
#4926 = PCURVE('',#2480,#4927);
#4927 = DEFINITIONAL_REPRESENTATION('',(#4928),#4932);
#4928 = LINE('',#4929,#4930);
#4929 = CARTESIAN_POINT('',(0.,107.2));
#4930 = VECTOR('',#4931,1.);
#4931 = DIRECTION('',(1.,0.));
#4932 = ( GEOMETRIC_REPRESENTATION_CONTEXT(2) 
PARAMETRIC_REPRESENTATION_CONTEXT() REPRESENTATION_CONTEXT('2D SPACE',''
  ) );
#4933 = ORIENTED_EDGE('',*,*,#4934,.T.);
#4934 = EDGE_CURVE('',#4912,#4935,#4937,.T.);
#4935 = VERTEX_POINT('',#4936);
#4936 = CARTESIAN_POINT('',(197.6,63.2,20.));
#4937 = SURFACE_CURVE('',#4938,(#4942,#4949),.PCURVE_S1.);
#4938 = LINE('',#4939,#4940);
#4939 = CARTESIAN_POINT('',(197.6,60.8,20.));
#4940 = VECTOR('',#4941,1.);
#4941 = DIRECTION('',(0.,1.,0.));
#4942 = PCURVE('',#2379,#4943);
#4943 = DEFINITIONAL_REPRESENTATION('',(#4944),#4948);
#4944 = LINE('',#4945,#4946);
#4945 = CARTESIAN_POINT('',(21.,-133.4));
#4946 = VECTOR('',#4947,1.);
#4947 = DIRECTION('',(0.,-1.));
#4948 = ( GEOMETRIC_REPRESENTATION_CONTEXT(2) 
PARAMETRIC_REPRESENTATION_CONTEXT() REPRESENTATION_CONTEXT('2D SPACE',''
  ) );
#4949 = PCURVE('',#4698,#4950);
#4950 = DEFINITIONAL_REPRESENTATION('',(#4951),#4955);
#4951 = LINE('',#4952,#4953);
#4952 = CARTESIAN_POINT('',(107.2,0.));
#4953 = VECTOR('',#4954,1.);
#4954 = DIRECTION('',(0.,1.));
#4955 = ( GEOMETRIC_REPRESENTATION_CONTEXT(2) 
PARAMETRIC_REPRESENTATION_CONTEXT() REPRESENTATION_CONTEXT('2D SPACE',''
  ) );
#4956 = ORIENTED_EDGE('',*,*,#4957,.F.);
#4957 = EDGE_CURVE('',#2495,#4935,#4958,.T.);
#4958 = SURFACE_CURVE('',#4959,(#4963,#4970),.PCURVE_S1.);
#4959 = LINE('',#4960,#4961);
#4960 = CARTESIAN_POINT('',(197.6,63.2,0.));
#4961 = VECTOR('',#4962,1.);
#4962 = DIRECTION('',(0.,0.,1.));
#4963 = PCURVE('',#2379,#4964);
#4964 = DEFINITIONAL_REPRESENTATION('',(#4965),#4969);
#4965 = LINE('',#4966,#4967);
#4966 = CARTESIAN_POINT('',(1.,-135.8));
#4967 = VECTOR('',#4968,1.);
#4968 = DIRECTION('',(1.,0.));
#4969 = ( GEOMETRIC_REPRESENTATION_CONTEXT(2) 
PARAMETRIC_REPRESENTATION_CONTEXT() REPRESENTATION_CONTEXT('2D SPACE',''
  ) );
#4970 = PCURVE('',#2534,#4971);
#4971 = DEFINITIONAL_REPRESENTATION('',(#4972),#4976);
#4972 = LINE('',#4973,#4974);
#4973 = CARTESIAN_POINT('',(0.,107.2));
#4974 = VECTOR('',#4975,1.);
#4975 = DIRECTION('',(1.,0.));
#4976 = ( GEOMETRIC_REPRESENTATION_CONTEXT(2) 
PARAMETRIC_REPRESENTATION_CONTEXT() REPRESENTATION_CONTEXT('2D SPACE',''
  ) );
#4977 = ORIENTED_EDGE('',*,*,#2494,.T.);
#4978 = ORIENTED_EDGE('',*,*,#4979,.T.);
#4979 = EDGE_CURVE('',#2497,#4980,#4982,.T.);
#4980 = VERTEX_POINT('',#4981);
#4981 = CARTESIAN_POINT('',(197.6,72.6,28.));
#4982 = SURFACE_CURVE('',#4983,(#4987,#4994),.PCURVE_S1.);
#4983 = LINE('',#4984,#4985);
#4984 = CARTESIAN_POINT('',(197.6,72.6,-1.));
#4985 = VECTOR('',#4986,1.);
#4986 = DIRECTION('',(0.,0.,1.));
#4987 = PCURVE('',#2379,#4988);
#4988 = DEFINITIONAL_REPRESENTATION('',(#4989),#4993);
#4989 = LINE('',#4990,#4991);
#4990 = CARTESIAN_POINT('',(0.,-145.2));
#4991 = VECTOR('',#4992,1.);
#4992 = DIRECTION('',(1.,0.));
#4993 = ( GEOMETRIC_REPRESENTATION_CONTEXT(2) 
PARAMETRIC_REPRESENTATION_CONTEXT() REPRESENTATION_CONTEXT('2D SPACE',''
  ) );
#4994 = PCURVE('',#2582,#4995);
#4995 = DEFINITIONAL_REPRESENTATION('',(#4996),#5000);
#4996 = LINE('',#4997,#4998);
#4997 = CARTESIAN_POINT('',(0.,107.2));
#4998 = VECTOR('',#4999,1.);
#4999 = DIRECTION('',(1.,0.));
#5000 = ( GEOMETRIC_REPRESENTATION_CONTEXT(2) 
PARAMETRIC_REPRESENTATION_CONTEXT() REPRESENTATION_CONTEXT('2D SPACE',''
  ) );
#5001 = ORIENTED_EDGE('',*,*,#5002,.F.);
#5002 = EDGE_CURVE('',#5003,#4980,#5005,.T.);
#5003 = VERTEX_POINT('',#5004);
#5004 = CARTESIAN_POINT('',(197.6,53.1,28.));
#5005 = SURFACE_CURVE('',#5006,(#5010,#5017),.PCURVE_S1.);
#5006 = LINE('',#5007,#5008);
#5007 = CARTESIAN_POINT('',(197.6,-72.6,28.));
#5008 = VECTOR('',#5009,1.);
#5009 = DIRECTION('',(0.,1.,0.));
#5010 = PCURVE('',#2379,#5011);
#5011 = DEFINITIONAL_REPRESENTATION('',(#5012),#5016);
#5012 = LINE('',#5013,#5014);
#5013 = CARTESIAN_POINT('',(29.,0.));
#5014 = VECTOR('',#5015,1.);
#5015 = DIRECTION('',(0.,-1.));
#5016 = ( GEOMETRIC_REPRESENTATION_CONTEXT(2) 
PARAMETRIC_REPRESENTATION_CONTEXT() REPRESENTATION_CONTEXT('2D SPACE',''
  ) );
#5017 = PCURVE('',#2811,#5018);
#5018 = DEFINITIONAL_REPRESENTATION('',(#5019),#5023);
#5019 = LINE('',#5020,#5021);
#5020 = CARTESIAN_POINT('',(107.2,0.));
#5021 = VECTOR('',#5022,1.);
#5022 = DIRECTION('',(0.,1.));
#5023 = ( GEOMETRIC_REPRESENTATION_CONTEXT(2) 
PARAMETRIC_REPRESENTATION_CONTEXT() REPRESENTATION_CONTEXT('2D SPACE',''
  ) );
#5024 = ORIENTED_EDGE('',*,*,#5025,.F.);
#5025 = EDGE_CURVE('',#5026,#5003,#5028,.T.);
#5026 = VERTEX_POINT('',#5027);
#5027 = CARTESIAN_POINT('',(197.6,53.1,22.));
#5028 = SURFACE_CURVE('',#5029,(#5033,#5039),.PCURVE_S1.);
#5029 = LINE('',#5030,#5031);
#5030 = CARTESIAN_POINT('',(197.6,53.1,10.5));
#5031 = VECTOR('',#5032,1.);
#5032 = DIRECTION('',(0.,0.,1.));
#5033 = PCURVE('',#2379,#5034);
#5034 = DEFINITIONAL_REPRESENTATION('',(#5035),#5038);
#5035 = B_SPLINE_CURVE_WITH_KNOTS('',1,(#5036,#5037),.UNSPECIFIED.,.F.,
  .F.,(2,2),(11.5,17.5),.PIECEWISE_BEZIER_KNOTS.);
#5036 = CARTESIAN_POINT('',(23.,-125.7));
#5037 = CARTESIAN_POINT('',(29.,-125.7));
#5038 = ( GEOMETRIC_REPRESENTATION_CONTEXT(2) 
PARAMETRIC_REPRESENTATION_CONTEXT() REPRESENTATION_CONTEXT('2D SPACE',''
  ) );
#5039 = PCURVE('',#5040,#5045);
#5040 = PLANE('',#5041);
#5041 = AXIS2_PLACEMENT_3D('',#5042,#5043,#5044);
#5042 = CARTESIAN_POINT('',(91.9,53.1,22.));
#5043 = DIRECTION('',(0.,1.,0.));
#5044 = DIRECTION('',(0.,0.,1.));
#5045 = DEFINITIONAL_REPRESENTATION('',(#5046),#5049);
#5046 = B_SPLINE_CURVE_WITH_KNOTS('',1,(#5047,#5048),.UNSPECIFIED.,.F.,
  .F.,(2,2),(11.5,17.5),.PIECEWISE_BEZIER_KNOTS.);
#5047 = CARTESIAN_POINT('',(0.,105.7));
#5048 = CARTESIAN_POINT('',(6.,105.7));
#5049 = ( GEOMETRIC_REPRESENTATION_CONTEXT(2) 
PARAMETRIC_REPRESENTATION_CONTEXT() REPRESENTATION_CONTEXT('2D SPACE',''
  ) );
#5050 = ORIENTED_EDGE('',*,*,#5051,.T.);
#5051 = EDGE_CURVE('',#5026,#5052,#5054,.T.);
#5052 = VERTEX_POINT('',#5053);
#5053 = CARTESIAN_POINT('',(197.6,10.,22.));
#5054 = SURFACE_CURVE('',#5055,(#5059,#5065),.PCURVE_S1.);
#5055 = LINE('',#5056,#5057);
#5056 = CARTESIAN_POINT('',(197.6,-62.85,22.));
#5057 = VECTOR('',#5058,1.);
#5058 = DIRECTION('',(0.,-1.,0.));
#5059 = PCURVE('',#2379,#5060);
#5060 = DEFINITIONAL_REPRESENTATION('',(#5061),#5064);
#5061 = B_SPLINE_CURVE_WITH_KNOTS('',1,(#5062,#5063),.UNSPECIFIED.,.F.,
  .F.,(2,2),(-115.95,-9.75),.PIECEWISE_BEZIER_KNOTS.);
#5062 = CARTESIAN_POINT('',(23.,-125.7));
#5063 = CARTESIAN_POINT('',(23.,-19.5));
#5064 = ( GEOMETRIC_REPRESENTATION_CONTEXT(2) 
PARAMETRIC_REPRESENTATION_CONTEXT() REPRESENTATION_CONTEXT('2D SPACE',''
  ) );
#5065 = PCURVE('',#5066,#5071);
#5066 = PLANE('',#5067);
#5067 = AXIS2_PLACEMENT_3D('',#5068,#5069,#5070);
#5068 = CARTESIAN_POINT('',(91.9,-53.1,22.));
#5069 = DIRECTION('',(0.,0.,1.));
#5070 = DIRECTION('',(1.,0.,0.));
#5071 = DEFINITIONAL_REPRESENTATION('',(#5072),#5075);
#5072 = B_SPLINE_CURVE_WITH_KNOTS('',1,(#5073,#5074),.UNSPECIFIED.,.F.,
  .F.,(2,2),(-115.95,-9.75),.PIECEWISE_BEZIER_KNOTS.);
#5073 = CARTESIAN_POINT('',(105.7,106.2));
#5074 = CARTESIAN_POINT('',(105.7,0.));
#5075 = ( GEOMETRIC_REPRESENTATION_CONTEXT(2) 
PARAMETRIC_REPRESENTATION_CONTEXT() REPRESENTATION_CONTEXT('2D SPACE',''
  ) );
#5076 = ORIENTED_EDGE('',*,*,#5077,.F.);
#5077 = EDGE_CURVE('',#5078,#5052,#5080,.T.);
#5078 = VERTEX_POINT('',#5079);
#5079 = CARTESIAN_POINT('',(197.6,10.,21.));
#5080 = SURFACE_CURVE('',#5081,(#5085,#5091),.PCURVE_S1.);
#5081 = LINE('',#5082,#5083);
#5082 = CARTESIAN_POINT('',(197.6,10.,10.));
#5083 = VECTOR('',#5084,1.);
#5084 = DIRECTION('',(0.,0.,1.));
#5085 = PCURVE('',#2379,#5086);
#5086 = DEFINITIONAL_REPRESENTATION('',(#5087),#5090);
#5087 = B_SPLINE_CURVE_WITH_KNOTS('',1,(#5088,#5089),.UNSPECIFIED.,.F.,
  .F.,(2,2),(11.,17.),.PIECEWISE_BEZIER_KNOTS.);
#5088 = CARTESIAN_POINT('',(22.,-82.6));
#5089 = CARTESIAN_POINT('',(28.,-82.6));
#5090 = ( GEOMETRIC_REPRESENTATION_CONTEXT(2) 
PARAMETRIC_REPRESENTATION_CONTEXT() REPRESENTATION_CONTEXT('2D SPACE',''
  ) );
#5091 = PCURVE('',#5092,#5097);
#5092 = PLANE('',#5093);
#5093 = AXIS2_PLACEMENT_3D('',#5094,#5095,#5096);
#5094 = CARTESIAN_POINT('',(195.6,10.,21.));
#5095 = DIRECTION('',(0.,1.,0.));
#5096 = DIRECTION('',(0.,0.,1.));
#5097 = DEFINITIONAL_REPRESENTATION('',(#5098),#5101);
#5098 = B_SPLINE_CURVE_WITH_KNOTS('',1,(#5099,#5100),.UNSPECIFIED.,.F.,
  .F.,(2,2),(11.,17.),.PIECEWISE_BEZIER_KNOTS.);
#5099 = CARTESIAN_POINT('',(0.,2.));
#5100 = CARTESIAN_POINT('',(6.,2.));
#5101 = ( GEOMETRIC_REPRESENTATION_CONTEXT(2) 
PARAMETRIC_REPRESENTATION_CONTEXT() REPRESENTATION_CONTEXT('2D SPACE',''
  ) );
#5102 = ORIENTED_EDGE('',*,*,#5103,.T.);
#5103 = EDGE_CURVE('',#5078,#5104,#5106,.T.);
#5104 = VERTEX_POINT('',#5105);
#5105 = CARTESIAN_POINT('',(197.6,9.,21.));
#5106 = SURFACE_CURVE('',#5107,(#5111,#5117),.PCURVE_S1.);
#5107 = LINE('',#5108,#5109);
#5108 = CARTESIAN_POINT('',(197.6,-31.8,21.));
#5109 = VECTOR('',#5110,1.);
#5110 = DIRECTION('',(0.,-1.,0.));
#5111 = PCURVE('',#2379,#5112);
#5112 = DEFINITIONAL_REPRESENTATION('',(#5113),#5116);
#5113 = B_SPLINE_CURVE_WITH_KNOTS('',1,(#5114,#5115),.UNSPECIFIED.,.F.,
  .F.,(2,2),(-41.8,-40.8),.PIECEWISE_BEZIER_KNOTS.);
#5114 = CARTESIAN_POINT('',(22.,-82.6));
#5115 = CARTESIAN_POINT('',(22.,-81.6));
#5116 = ( GEOMETRIC_REPRESENTATION_CONTEXT(2) 
PARAMETRIC_REPRESENTATION_CONTEXT() REPRESENTATION_CONTEXT('2D SPACE',''
  ) );
#5117 = PCURVE('',#5118,#5123);
#5118 = PLANE('',#5119);
#5119 = AXIS2_PLACEMENT_3D('',#5120,#5121,#5122);
#5120 = CARTESIAN_POINT('',(195.6,9.,21.));
#5121 = DIRECTION('',(0.,0.,1.));
#5122 = DIRECTION('',(1.,0.,0.));
#5123 = DEFINITIONAL_REPRESENTATION('',(#5124),#5127);
#5124 = B_SPLINE_CURVE_WITH_KNOTS('',1,(#5125,#5126),.UNSPECIFIED.,.F.,
  .F.,(2,2),(-41.8,-40.8),.PIECEWISE_BEZIER_KNOTS.);
#5125 = CARTESIAN_POINT('',(2.,1.));
#5126 = CARTESIAN_POINT('',(2.,0.));
#5127 = ( GEOMETRIC_REPRESENTATION_CONTEXT(2) 
PARAMETRIC_REPRESENTATION_CONTEXT() REPRESENTATION_CONTEXT('2D SPACE',''
  ) );
#5128 = ORIENTED_EDGE('',*,*,#5129,.T.);
#5129 = EDGE_CURVE('',#5104,#5130,#5132,.T.);
#5130 = VERTEX_POINT('',#5131);
#5131 = CARTESIAN_POINT('',(197.6,9.,22.));
#5132 = SURFACE_CURVE('',#5133,(#5137,#5143),.PCURVE_S1.);
#5133 = LINE('',#5134,#5135);
#5134 = CARTESIAN_POINT('',(197.6,9.,10.));
#5135 = VECTOR('',#5136,1.);
#5136 = DIRECTION('',(0.,0.,1.));
#5137 = PCURVE('',#2379,#5138);
#5138 = DEFINITIONAL_REPRESENTATION('',(#5139),#5142);
#5139 = B_SPLINE_CURVE_WITH_KNOTS('',1,(#5140,#5141),.UNSPECIFIED.,.F.,
  .F.,(2,2),(11.,17.),.PIECEWISE_BEZIER_KNOTS.);
#5140 = CARTESIAN_POINT('',(22.,-81.6));
#5141 = CARTESIAN_POINT('',(28.,-81.6));
#5142 = ( GEOMETRIC_REPRESENTATION_CONTEXT(2) 
PARAMETRIC_REPRESENTATION_CONTEXT() REPRESENTATION_CONTEXT('2D SPACE',''
  ) );
#5143 = PCURVE('',#5144,#5149);
#5144 = PLANE('',#5145);
#5145 = AXIS2_PLACEMENT_3D('',#5146,#5147,#5148);
#5146 = CARTESIAN_POINT('',(195.6,9.,21.));
#5147 = DIRECTION('',(0.,1.,0.));
#5148 = DIRECTION('',(0.,0.,1.));
#5149 = DEFINITIONAL_REPRESENTATION('',(#5150),#5153);
#5150 = B_SPLINE_CURVE_WITH_KNOTS('',1,(#5151,#5152),.UNSPECIFIED.,.F.,
  .F.,(2,2),(11.,17.),.PIECEWISE_BEZIER_KNOTS.);
#5151 = CARTESIAN_POINT('',(0.,2.));
#5152 = CARTESIAN_POINT('',(6.,2.));
#5153 = ( GEOMETRIC_REPRESENTATION_CONTEXT(2) 
PARAMETRIC_REPRESENTATION_CONTEXT() REPRESENTATION_CONTEXT('2D SPACE',''
  ) );
#5154 = ORIENTED_EDGE('',*,*,#5155,.T.);
#5155 = EDGE_CURVE('',#5130,#5156,#5158,.T.);
#5156 = VERTEX_POINT('',#5157);
#5157 = CARTESIAN_POINT('',(197.6,-9.,22.));
#5158 = SURFACE_CURVE('',#5159,(#5163,#5169),.PCURVE_S1.);
#5159 = LINE('',#5160,#5161);
#5160 = CARTESIAN_POINT('',(197.6,-62.85,22.));
#5161 = VECTOR('',#5162,1.);
#5162 = DIRECTION('',(0.,-1.,0.));
#5163 = PCURVE('',#2379,#5164);
#5164 = DEFINITIONAL_REPRESENTATION('',(#5165),#5168);
#5165 = B_SPLINE_CURVE_WITH_KNOTS('',1,(#5166,#5167),.UNSPECIFIED.,.F.,
  .F.,(2,2),(-115.95,-9.75),.PIECEWISE_BEZIER_KNOTS.);
#5166 = CARTESIAN_POINT('',(23.,-125.7));
#5167 = CARTESIAN_POINT('',(23.,-19.5));
#5168 = ( GEOMETRIC_REPRESENTATION_CONTEXT(2) 
PARAMETRIC_REPRESENTATION_CONTEXT() REPRESENTATION_CONTEXT('2D SPACE',''
  ) );
#5169 = PCURVE('',#5170,#5175);
#5170 = PLANE('',#5171);
#5171 = AXIS2_PLACEMENT_3D('',#5172,#5173,#5174);
#5172 = CARTESIAN_POINT('',(91.9,-53.1,22.));
#5173 = DIRECTION('',(0.,0.,1.));
#5174 = DIRECTION('',(1.,0.,0.));
#5175 = DEFINITIONAL_REPRESENTATION('',(#5176),#5179);
#5176 = B_SPLINE_CURVE_WITH_KNOTS('',1,(#5177,#5178),.UNSPECIFIED.,.F.,
  .F.,(2,2),(-115.95,-9.75),.PIECEWISE_BEZIER_KNOTS.);
#5177 = CARTESIAN_POINT('',(105.7,106.2));
#5178 = CARTESIAN_POINT('',(105.7,0.));
#5179 = ( GEOMETRIC_REPRESENTATION_CONTEXT(2) 
PARAMETRIC_REPRESENTATION_CONTEXT() REPRESENTATION_CONTEXT('2D SPACE',''
  ) );
#5180 = ORIENTED_EDGE('',*,*,#5181,.F.);
#5181 = EDGE_CURVE('',#5182,#5156,#5184,.T.);
#5182 = VERTEX_POINT('',#5183);
#5183 = CARTESIAN_POINT('',(197.6,-9.,21.));
#5184 = SURFACE_CURVE('',#5185,(#5189,#5195),.PCURVE_S1.);
#5185 = LINE('',#5186,#5187);
#5186 = CARTESIAN_POINT('',(197.6,-9.,10.));
#5187 = VECTOR('',#5188,1.);
#5188 = DIRECTION('',(0.,0.,1.));
#5189 = PCURVE('',#2379,#5190);
#5190 = DEFINITIONAL_REPRESENTATION('',(#5191),#5194);
#5191 = B_SPLINE_CURVE_WITH_KNOTS('',1,(#5192,#5193),.UNSPECIFIED.,.F.,
  .F.,(2,2),(11.,17.),.PIECEWISE_BEZIER_KNOTS.);
#5192 = CARTESIAN_POINT('',(22.,-63.6));
#5193 = CARTESIAN_POINT('',(28.,-63.6));
#5194 = ( GEOMETRIC_REPRESENTATION_CONTEXT(2) 
PARAMETRIC_REPRESENTATION_CONTEXT() REPRESENTATION_CONTEXT('2D SPACE',''
  ) );
#5195 = PCURVE('',#5196,#5201);
#5196 = PLANE('',#5197);
#5197 = AXIS2_PLACEMENT_3D('',#5198,#5199,#5200);
#5198 = CARTESIAN_POINT('',(195.6,-9.,21.));
#5199 = DIRECTION('',(0.,1.,0.));
#5200 = DIRECTION('',(0.,0.,1.));
#5201 = DEFINITIONAL_REPRESENTATION('',(#5202),#5205);
#5202 = B_SPLINE_CURVE_WITH_KNOTS('',1,(#5203,#5204),.UNSPECIFIED.,.F.,
  .F.,(2,2),(11.,17.),.PIECEWISE_BEZIER_KNOTS.);
#5203 = CARTESIAN_POINT('',(0.,2.));
#5204 = CARTESIAN_POINT('',(6.,2.));
#5205 = ( GEOMETRIC_REPRESENTATION_CONTEXT(2) 
PARAMETRIC_REPRESENTATION_CONTEXT() REPRESENTATION_CONTEXT('2D SPACE',''
  ) );
#5206 = ORIENTED_EDGE('',*,*,#5207,.T.);
#5207 = EDGE_CURVE('',#5182,#5208,#5210,.T.);
#5208 = VERTEX_POINT('',#5209);
#5209 = CARTESIAN_POINT('',(197.6,-10.,21.));
#5210 = SURFACE_CURVE('',#5211,(#5215,#5221),.PCURVE_S1.);
#5211 = LINE('',#5212,#5213);
#5212 = CARTESIAN_POINT('',(197.6,-41.3,21.));
#5213 = VECTOR('',#5214,1.);
#5214 = DIRECTION('',(0.,-1.,0.));
#5215 = PCURVE('',#2379,#5216);
#5216 = DEFINITIONAL_REPRESENTATION('',(#5217),#5220);
#5217 = B_SPLINE_CURVE_WITH_KNOTS('',1,(#5218,#5219),.UNSPECIFIED.,.F.,
  .F.,(2,2),(-32.3,-31.3),.PIECEWISE_BEZIER_KNOTS.);
#5218 = CARTESIAN_POINT('',(22.,-63.6));
#5219 = CARTESIAN_POINT('',(22.,-62.6));
#5220 = ( GEOMETRIC_REPRESENTATION_CONTEXT(2) 
PARAMETRIC_REPRESENTATION_CONTEXT() REPRESENTATION_CONTEXT('2D SPACE',''
  ) );
#5221 = PCURVE('',#5222,#5227);
#5222 = PLANE('',#5223);
#5223 = AXIS2_PLACEMENT_3D('',#5224,#5225,#5226);
#5224 = CARTESIAN_POINT('',(195.6,-10.,21.));
#5225 = DIRECTION('',(0.,0.,1.));
#5226 = DIRECTION('',(1.,0.,0.));
#5227 = DEFINITIONAL_REPRESENTATION('',(#5228),#5231);
#5228 = B_SPLINE_CURVE_WITH_KNOTS('',1,(#5229,#5230),.UNSPECIFIED.,.F.,
  .F.,(2,2),(-32.3,-31.3),.PIECEWISE_BEZIER_KNOTS.);
#5229 = CARTESIAN_POINT('',(2.,1.));
#5230 = CARTESIAN_POINT('',(2.,0.));
#5231 = ( GEOMETRIC_REPRESENTATION_CONTEXT(2) 
PARAMETRIC_REPRESENTATION_CONTEXT() REPRESENTATION_CONTEXT('2D SPACE',''
  ) );
#5232 = ORIENTED_EDGE('',*,*,#5233,.T.);
#5233 = EDGE_CURVE('',#5208,#5234,#5236,.T.);
#5234 = VERTEX_POINT('',#5235);
#5235 = CARTESIAN_POINT('',(197.6,-10.,22.));
#5236 = SURFACE_CURVE('',#5237,(#5241,#5247),.PCURVE_S1.);
#5237 = LINE('',#5238,#5239);
#5238 = CARTESIAN_POINT('',(197.6,-10.,10.));
#5239 = VECTOR('',#5240,1.);
#5240 = DIRECTION('',(0.,0.,1.));
#5241 = PCURVE('',#2379,#5242);
#5242 = DEFINITIONAL_REPRESENTATION('',(#5243),#5246);
#5243 = B_SPLINE_CURVE_WITH_KNOTS('',1,(#5244,#5245),.UNSPECIFIED.,.F.,
  .F.,(2,2),(11.,17.),.PIECEWISE_BEZIER_KNOTS.);
#5244 = CARTESIAN_POINT('',(22.,-62.6));
#5245 = CARTESIAN_POINT('',(28.,-62.6));
#5246 = ( GEOMETRIC_REPRESENTATION_CONTEXT(2) 
PARAMETRIC_REPRESENTATION_CONTEXT() REPRESENTATION_CONTEXT('2D SPACE',''
  ) );
#5247 = PCURVE('',#5248,#5253);
#5248 = PLANE('',#5249);
#5249 = AXIS2_PLACEMENT_3D('',#5250,#5251,#5252);
#5250 = CARTESIAN_POINT('',(195.6,-10.,21.));
#5251 = DIRECTION('',(0.,1.,0.));
#5252 = DIRECTION('',(0.,0.,1.));
#5253 = DEFINITIONAL_REPRESENTATION('',(#5254),#5257);
#5254 = B_SPLINE_CURVE_WITH_KNOTS('',1,(#5255,#5256),.UNSPECIFIED.,.F.,
  .F.,(2,2),(11.,17.),.PIECEWISE_BEZIER_KNOTS.);
#5255 = CARTESIAN_POINT('',(0.,2.));
#5256 = CARTESIAN_POINT('',(6.,2.));
#5257 = ( GEOMETRIC_REPRESENTATION_CONTEXT(2) 
PARAMETRIC_REPRESENTATION_CONTEXT() REPRESENTATION_CONTEXT('2D SPACE',''
  ) );
#5258 = ORIENTED_EDGE('',*,*,#5259,.T.);
#5259 = EDGE_CURVE('',#5234,#5260,#5262,.T.);
#5260 = VERTEX_POINT('',#5261);
#5261 = CARTESIAN_POINT('',(197.6,-53.1,22.));
#5262 = SURFACE_CURVE('',#5263,(#5267,#5273),.PCURVE_S1.);
#5263 = LINE('',#5264,#5265);
#5264 = CARTESIAN_POINT('',(197.6,-62.85,22.));
#5265 = VECTOR('',#5266,1.);
#5266 = DIRECTION('',(0.,-1.,0.));
#5267 = PCURVE('',#2379,#5268);
#5268 = DEFINITIONAL_REPRESENTATION('',(#5269),#5272);
#5269 = B_SPLINE_CURVE_WITH_KNOTS('',1,(#5270,#5271),.UNSPECIFIED.,.F.,
  .F.,(2,2),(-115.95,-9.75),.PIECEWISE_BEZIER_KNOTS.);
#5270 = CARTESIAN_POINT('',(23.,-125.7));
#5271 = CARTESIAN_POINT('',(23.,-19.5));
#5272 = ( GEOMETRIC_REPRESENTATION_CONTEXT(2) 
PARAMETRIC_REPRESENTATION_CONTEXT() REPRESENTATION_CONTEXT('2D SPACE',''
  ) );
#5273 = PCURVE('',#5274,#5279);
#5274 = PLANE('',#5275);
#5275 = AXIS2_PLACEMENT_3D('',#5276,#5277,#5278);
#5276 = CARTESIAN_POINT('',(91.9,-53.1,22.));
#5277 = DIRECTION('',(0.,0.,1.));
#5278 = DIRECTION('',(1.,0.,0.));
#5279 = DEFINITIONAL_REPRESENTATION('',(#5280),#5283);
#5280 = B_SPLINE_CURVE_WITH_KNOTS('',1,(#5281,#5282),.UNSPECIFIED.,.F.,
  .F.,(2,2),(-115.95,-9.75),.PIECEWISE_BEZIER_KNOTS.);
#5281 = CARTESIAN_POINT('',(105.7,106.2));
#5282 = CARTESIAN_POINT('',(105.7,0.));
#5283 = ( GEOMETRIC_REPRESENTATION_CONTEXT(2) 
PARAMETRIC_REPRESENTATION_CONTEXT() REPRESENTATION_CONTEXT('2D SPACE',''
  ) );
#5284 = ORIENTED_EDGE('',*,*,#5285,.T.);
#5285 = EDGE_CURVE('',#5260,#5286,#5288,.T.);
#5286 = VERTEX_POINT('',#5287);
#5287 = CARTESIAN_POINT('',(197.6,-53.1,28.));
#5288 = SURFACE_CURVE('',#5289,(#5293,#5299),.PCURVE_S1.);
#5289 = LINE('',#5290,#5291);
#5290 = CARTESIAN_POINT('',(197.6,-53.1,10.5));
#5291 = VECTOR('',#5292,1.);
#5292 = DIRECTION('',(0.,0.,1.));
#5293 = PCURVE('',#2379,#5294);
#5294 = DEFINITIONAL_REPRESENTATION('',(#5295),#5298);
#5295 = B_SPLINE_CURVE_WITH_KNOTS('',1,(#5296,#5297),.UNSPECIFIED.,.F.,
  .F.,(2,2),(11.5,17.5),.PIECEWISE_BEZIER_KNOTS.);
#5296 = CARTESIAN_POINT('',(23.,-19.5));
#5297 = CARTESIAN_POINT('',(29.,-19.5));
#5298 = ( GEOMETRIC_REPRESENTATION_CONTEXT(2) 
PARAMETRIC_REPRESENTATION_CONTEXT() REPRESENTATION_CONTEXT('2D SPACE',''
  ) );
#5299 = PCURVE('',#5300,#5305);
#5300 = PLANE('',#5301);
#5301 = AXIS2_PLACEMENT_3D('',#5302,#5303,#5304);
#5302 = CARTESIAN_POINT('',(91.9,-53.1,22.));
#5303 = DIRECTION('',(0.,1.,0.));
#5304 = DIRECTION('',(0.,0.,1.));
#5305 = DEFINITIONAL_REPRESENTATION('',(#5306),#5309);
#5306 = B_SPLINE_CURVE_WITH_KNOTS('',1,(#5307,#5308),.UNSPECIFIED.,.F.,
  .F.,(2,2),(11.5,17.5),.PIECEWISE_BEZIER_KNOTS.);
#5307 = CARTESIAN_POINT('',(0.,105.7));
#5308 = CARTESIAN_POINT('',(6.,105.7));
#5309 = ( GEOMETRIC_REPRESENTATION_CONTEXT(2) 
PARAMETRIC_REPRESENTATION_CONTEXT() REPRESENTATION_CONTEXT('2D SPACE',''
  ) );
#5310 = ORIENTED_EDGE('',*,*,#5311,.F.);
#5311 = EDGE_CURVE('',#4413,#5286,#5312,.T.);
#5312 = SURFACE_CURVE('',#5313,(#5317,#5324),.PCURVE_S1.);
#5313 = LINE('',#5314,#5315);
#5314 = CARTESIAN_POINT('',(197.6,-72.6,28.));
#5315 = VECTOR('',#5316,1.);
#5316 = DIRECTION('',(0.,1.,0.));
#5317 = PCURVE('',#2379,#5318);
#5318 = DEFINITIONAL_REPRESENTATION('',(#5319),#5323);
#5319 = LINE('',#5320,#5321);
#5320 = CARTESIAN_POINT('',(29.,0.));
#5321 = VECTOR('',#5322,1.);
#5322 = DIRECTION('',(0.,-1.));
#5323 = ( GEOMETRIC_REPRESENTATION_CONTEXT(2) 
PARAMETRIC_REPRESENTATION_CONTEXT() REPRESENTATION_CONTEXT('2D SPACE',''
  ) );
#5324 = PCURVE('',#2811,#5325);
#5325 = DEFINITIONAL_REPRESENTATION('',(#5326),#5330);
#5326 = LINE('',#5327,#5328);
#5327 = CARTESIAN_POINT('',(107.2,0.));
#5328 = VECTOR('',#5329,1.);
#5329 = DIRECTION('',(0.,1.));
#5330 = ( GEOMETRIC_REPRESENTATION_CONTEXT(2) 
PARAMETRIC_REPRESENTATION_CONTEXT() REPRESENTATION_CONTEXT('2D SPACE',''
  ) );
#5331 = ADVANCED_FACE('',(#5332),#2432,.T.);
#5332 = FACE_BOUND('',#5333,.T.);
#5333 = EDGE_LOOP('',(#5334,#5335,#5336,#5357));
#5334 = ORIENTED_EDGE('',*,*,#2416,.F.);
#5335 = ORIENTED_EDGE('',*,*,#4637,.T.);
#5336 = ORIENTED_EDGE('',*,*,#5337,.T.);
#5337 = EDGE_CURVE('',#4610,#4867,#5338,.T.);
#5338 = SURFACE_CURVE('',#5339,(#5343,#5350),.PCURVE_S1.);
#5339 = LINE('',#5340,#5341);
#5340 = CARTESIAN_POINT('',(90.4,-60.8,20.));
#5341 = VECTOR('',#5342,1.);
#5342 = DIRECTION('',(1.,0.,0.));
#5343 = PCURVE('',#2432,#5344);
#5344 = DEFINITIONAL_REPRESENTATION('',(#5345),#5349);
#5345 = LINE('',#5346,#5347);
#5346 = CARTESIAN_POINT('',(20.,0.));
#5347 = VECTOR('',#5348,1.);
#5348 = DIRECTION('',(0.,1.));
#5349 = ( GEOMETRIC_REPRESENTATION_CONTEXT(2) 
PARAMETRIC_REPRESENTATION_CONTEXT() REPRESENTATION_CONTEXT('2D SPACE',''
  ) );
#5350 = PCURVE('',#4625,#5351);
#5351 = DEFINITIONAL_REPRESENTATION('',(#5352),#5356);
#5352 = LINE('',#5353,#5354);
#5353 = CARTESIAN_POINT('',(0.,2.4));
#5354 = VECTOR('',#5355,1.);
#5355 = DIRECTION('',(1.,0.));
#5356 = ( GEOMETRIC_REPRESENTATION_CONTEXT(2) 
PARAMETRIC_REPRESENTATION_CONTEXT() REPRESENTATION_CONTEXT('2D SPACE',''
  ) );
#5357 = ORIENTED_EDGE('',*,*,#4889,.F.);
#5358 = ADVANCED_FACE('',(#5359),#2480,.F.);
#5359 = FACE_BOUND('',#5360,.F.);
#5360 = EDGE_LOOP('',(#5361,#5362,#5363,#5384));
#5361 = ORIENTED_EDGE('',*,*,#2466,.F.);
#5362 = ORIENTED_EDGE('',*,*,#4659,.T.);
#5363 = ORIENTED_EDGE('',*,*,#5364,.T.);
#5364 = EDGE_CURVE('',#4660,#4912,#5365,.T.);
#5365 = SURFACE_CURVE('',#5366,(#5370,#5377),.PCURVE_S1.);
#5366 = LINE('',#5367,#5368);
#5367 = CARTESIAN_POINT('',(90.4,60.8,20.));
#5368 = VECTOR('',#5369,1.);
#5369 = DIRECTION('',(1.,0.,0.));
#5370 = PCURVE('',#2480,#5371);
#5371 = DEFINITIONAL_REPRESENTATION('',(#5372),#5376);
#5372 = LINE('',#5373,#5374);
#5373 = CARTESIAN_POINT('',(20.,0.));
#5374 = VECTOR('',#5375,1.);
#5375 = DIRECTION('',(0.,1.));
#5376 = ( GEOMETRIC_REPRESENTATION_CONTEXT(2) 
PARAMETRIC_REPRESENTATION_CONTEXT() REPRESENTATION_CONTEXT('2D SPACE',''
  ) );
#5377 = PCURVE('',#4698,#5378);
#5378 = DEFINITIONAL_REPRESENTATION('',(#5379),#5383);
#5379 = LINE('',#5380,#5381);
#5380 = CARTESIAN_POINT('',(0.,0.));
#5381 = VECTOR('',#5382,1.);
#5382 = DIRECTION('',(1.,0.));
#5383 = ( GEOMETRIC_REPRESENTATION_CONTEXT(2) 
PARAMETRIC_REPRESENTATION_CONTEXT() REPRESENTATION_CONTEXT('2D SPACE',''
  ) );
#5384 = ORIENTED_EDGE('',*,*,#4911,.F.);
#5385 = ADVANCED_FACE('',(#5386),#2534,.T.);
#5386 = FACE_BOUND('',#5387,.T.);
#5387 = EDGE_LOOP('',(#5388,#5389,#5390,#5411));
#5388 = ORIENTED_EDGE('',*,*,#2518,.F.);
#5389 = ORIENTED_EDGE('',*,*,#4710,.T.);
#5390 = ORIENTED_EDGE('',*,*,#5391,.T.);
#5391 = EDGE_CURVE('',#4683,#4935,#5392,.T.);
#5392 = SURFACE_CURVE('',#5393,(#5397,#5404),.PCURVE_S1.);
#5393 = LINE('',#5394,#5395);
#5394 = CARTESIAN_POINT('',(90.4,63.2,20.));
#5395 = VECTOR('',#5396,1.);
#5396 = DIRECTION('',(1.,0.,0.));
#5397 = PCURVE('',#2534,#5398);
#5398 = DEFINITIONAL_REPRESENTATION('',(#5399),#5403);
#5399 = LINE('',#5400,#5401);
#5400 = CARTESIAN_POINT('',(20.,0.));
#5401 = VECTOR('',#5402,1.);
#5402 = DIRECTION('',(0.,1.));
#5403 = ( GEOMETRIC_REPRESENTATION_CONTEXT(2) 
PARAMETRIC_REPRESENTATION_CONTEXT() REPRESENTATION_CONTEXT('2D SPACE',''
  ) );
#5404 = PCURVE('',#4698,#5405);
#5405 = DEFINITIONAL_REPRESENTATION('',(#5406),#5410);
#5406 = LINE('',#5407,#5408);
#5407 = CARTESIAN_POINT('',(0.,2.4));
#5408 = VECTOR('',#5409,1.);
#5409 = DIRECTION('',(1.,0.));
#5410 = ( GEOMETRIC_REPRESENTATION_CONTEXT(2) 
PARAMETRIC_REPRESENTATION_CONTEXT() REPRESENTATION_CONTEXT('2D SPACE',''
  ) );
#5411 = ORIENTED_EDGE('',*,*,#4957,.F.);
#5412 = ADVANCED_FACE('',(#5413),#2582,.F.);
#5413 = FACE_BOUND('',#5414,.F.);
#5414 = EDGE_LOOP('',(#5415,#5416,#5417,#5418));
#5415 = ORIENTED_EDGE('',*,*,#4979,.F.);
#5416 = ORIENTED_EDGE('',*,*,#2568,.T.);
#5417 = ORIENTED_EDGE('',*,*,#4732,.T.);
#5418 = ORIENTED_EDGE('',*,*,#5419,.T.);
#5419 = EDGE_CURVE('',#4733,#4980,#5420,.T.);
#5420 = SURFACE_CURVE('',#5421,(#5425,#5432),.PCURVE_S1.);
#5421 = LINE('',#5422,#5423);
#5422 = CARTESIAN_POINT('',(90.4,72.6,28.));
#5423 = VECTOR('',#5424,1.);
#5424 = DIRECTION('',(1.,0.,0.));
#5425 = PCURVE('',#2582,#5426);
#5426 = DEFINITIONAL_REPRESENTATION('',(#5427),#5431);
#5427 = LINE('',#5428,#5429);
#5428 = CARTESIAN_POINT('',(29.,0.));
#5429 = VECTOR('',#5430,1.);
#5430 = DIRECTION('',(0.,1.));
#5431 = ( GEOMETRIC_REPRESENTATION_CONTEXT(2) 
PARAMETRIC_REPRESENTATION_CONTEXT() REPRESENTATION_CONTEXT('2D SPACE',''
  ) );
#5432 = PCURVE('',#2811,#5433);
#5433 = DEFINITIONAL_REPRESENTATION('',(#5434),#5438);
#5434 = LINE('',#5435,#5436);
#5435 = CARTESIAN_POINT('',(0.,145.2));
#5436 = VECTOR('',#5437,1.);
#5437 = DIRECTION('',(1.,0.));
#5438 = ( GEOMETRIC_REPRESENTATION_CONTEXT(2) 
PARAMETRIC_REPRESENTATION_CONTEXT() REPRESENTATION_CONTEXT('2D SPACE',''
  ) );
#5439 = ADVANCED_FACE('',(#5440),#2643,.F.);
#5440 = FACE_BOUND('',#5441,.F.);
#5441 = EDGE_LOOP('',(#5442,#5443,#5466,#5497));
#5442 = ORIENTED_EDGE('',*,*,#2622,.F.);
#5443 = ORIENTED_EDGE('',*,*,#5444,.T.);
#5444 = EDGE_CURVE('',#2623,#5445,#5447,.T.);
#5445 = VERTEX_POINT('',#5446);
#5446 = CARTESIAN_POINT('',(51.25,-72.6,15.));
#5447 = SEAM_CURVE('',#5448,(#5452,#5459),.PCURVE_S1.);
#5448 = LINE('',#5449,#5450);
#5449 = CARTESIAN_POINT('',(51.25,-76.,15.));
#5450 = VECTOR('',#5451,1.);
#5451 = DIRECTION('',(-0.,1.,-0.));
#5452 = PCURVE('',#2643,#5453);
#5453 = DEFINITIONAL_REPRESENTATION('',(#5454),#5458);
#5454 = LINE('',#5455,#5456);
#5455 = CARTESIAN_POINT('',(6.28318530718,0.));
#5456 = VECTOR('',#5457,1.);
#5457 = DIRECTION('',(0.,-1.));
#5458 = ( GEOMETRIC_REPRESENTATION_CONTEXT(2) 
PARAMETRIC_REPRESENTATION_CONTEXT() REPRESENTATION_CONTEXT('2D SPACE',''
  ) );
#5459 = PCURVE('',#2643,#5460);
#5460 = DEFINITIONAL_REPRESENTATION('',(#5461),#5465);
#5461 = LINE('',#5462,#5463);
#5462 = CARTESIAN_POINT('',(0.,0.));
#5463 = VECTOR('',#5464,1.);
#5464 = DIRECTION('',(0.,-1.));
#5465 = ( GEOMETRIC_REPRESENTATION_CONTEXT(2) 
PARAMETRIC_REPRESENTATION_CONTEXT() REPRESENTATION_CONTEXT('2D SPACE',''
  ) );
#5466 = ORIENTED_EDGE('',*,*,#5467,.T.);
#5467 = EDGE_CURVE('',#5445,#5445,#5468,.T.);
#5468 = SURFACE_CURVE('',#5469,(#5474,#5481),.PCURVE_S1.);
#5469 = CIRCLE('',#5470,6.25);
#5470 = AXIS2_PLACEMENT_3D('',#5471,#5472,#5473);
#5471 = CARTESIAN_POINT('',(45.,-72.6,15.));
#5472 = DIRECTION('',(0.,-1.,0.));
#5473 = DIRECTION('',(1.,0.,0.));
#5474 = PCURVE('',#2643,#5475);
#5475 = DEFINITIONAL_REPRESENTATION('',(#5476),#5480);
#5476 = LINE('',#5477,#5478);
#5477 = CARTESIAN_POINT('',(0.,-3.4));
#5478 = VECTOR('',#5479,1.);
#5479 = DIRECTION('',(1.,0.));
#5480 = ( GEOMETRIC_REPRESENTATION_CONTEXT(2) 
PARAMETRIC_REPRESENTATION_CONTEXT() REPRESENTATION_CONTEXT('2D SPACE',''
  ) );
#5481 = PCURVE('',#5482,#5487);
#5482 = PLANE('',#5483);
#5483 = AXIS2_PLACEMENT_3D('',#5484,#5485,#5486);
#5484 = CARTESIAN_POINT('',(2.4,-72.6,-1.));
#5485 = DIRECTION('',(0.,1.,0.));
#5486 = DIRECTION('',(0.,0.,1.));
#5487 = DEFINITIONAL_REPRESENTATION('',(#5488),#5496);
#5488 = ( BOUNDED_CURVE() B_SPLINE_CURVE(2,(#5489,#5490,#5491,#5492,
#5493,#5494,#5495),.UNSPECIFIED.,.T.,.F.) B_SPLINE_CURVE_WITH_KNOTS((1,2
    ,2,2,2,1),(-2.094395102393,0.,2.094395102393,4.188790204786,
6.28318530718,8.377580409573),.UNSPECIFIED.) CURVE() 
GEOMETRIC_REPRESENTATION_ITEM() RATIONAL_B_SPLINE_CURVE((1.,0.5,1.,0.5,
1.,0.5,1.)) REPRESENTATION_ITEM('') );
#5489 = CARTESIAN_POINT('',(16.,48.85));
#5490 = CARTESIAN_POINT('',(26.825317547305,48.85));
#5491 = CARTESIAN_POINT('',(21.412658773653,39.475));
#5492 = CARTESIAN_POINT('',(16.,30.1));
#5493 = CARTESIAN_POINT('',(10.587341226347,39.475));
#5494 = CARTESIAN_POINT('',(5.174682452695,48.85));
#5495 = CARTESIAN_POINT('',(16.,48.85));
#5496 = ( GEOMETRIC_REPRESENTATION_CONTEXT(2) 
PARAMETRIC_REPRESENTATION_CONTEXT() REPRESENTATION_CONTEXT('2D SPACE',''
  ) );
#5497 = ORIENTED_EDGE('',*,*,#5444,.F.);
#5498 = ADVANCED_FACE('',(#5499,#5870,#5876,#5882,#5888,#5894,#5900),
  #2811,.F.);
#5499 = FACE_BOUND('',#5500,.F.);
#5500 = EDGE_LOOP('',(#5501,#5524,#5552,#5579,#5606,#5633,#5660,#5687,
    #5715,#5743,#5771,#5792,#5793,#5794,#5795,#5796,#5819,#5847,#5868,
    #5869));
#5501 = ORIENTED_EDGE('',*,*,#5502,.F.);
#5502 = EDGE_CURVE('',#5503,#5286,#5505,.T.);
#5503 = VERTEX_POINT('',#5504);
#5504 = CARTESIAN_POINT('',(136.,-53.1,28.));
#5505 = SURFACE_CURVE('',#5506,(#5510,#5517),.PCURVE_S1.);
#5506 = LINE('',#5507,#5508);
#5507 = CARTESIAN_POINT('',(91.9,-53.1,28.));
#5508 = VECTOR('',#5509,1.);
#5509 = DIRECTION('',(1.,0.,0.));
#5510 = PCURVE('',#2811,#5511);
#5511 = DEFINITIONAL_REPRESENTATION('',(#5512),#5516);
#5512 = LINE('',#5513,#5514);
#5513 = CARTESIAN_POINT('',(1.5,19.5));
#5514 = VECTOR('',#5515,1.);
#5515 = DIRECTION('',(1.,0.));
#5516 = ( GEOMETRIC_REPRESENTATION_CONTEXT(2) 
PARAMETRIC_REPRESENTATION_CONTEXT() REPRESENTATION_CONTEXT('2D SPACE',''
  ) );
#5517 = PCURVE('',#5300,#5518);
#5518 = DEFINITIONAL_REPRESENTATION('',(#5519),#5523);
#5519 = LINE('',#5520,#5521);
#5520 = CARTESIAN_POINT('',(6.,0.));
#5521 = VECTOR('',#5522,1.);
#5522 = DIRECTION('',(0.,1.));
#5523 = ( GEOMETRIC_REPRESENTATION_CONTEXT(2) 
PARAMETRIC_REPRESENTATION_CONTEXT() REPRESENTATION_CONTEXT('2D SPACE',''
  ) );
#5524 = ORIENTED_EDGE('',*,*,#5525,.T.);
#5525 = EDGE_CURVE('',#5503,#5526,#5528,.T.);
#5526 = VERTEX_POINT('',#5527);
#5527 = CARTESIAN_POINT('',(136.,-50.7,28.));
#5528 = SURFACE_CURVE('',#5529,(#5533,#5540),.PCURVE_S1.);
#5529 = LINE('',#5530,#5531);
#5530 = CARTESIAN_POINT('',(136.,-73.,28.));
#5531 = VECTOR('',#5532,1.);
#5532 = DIRECTION('',(0.,1.,0.));
#5533 = PCURVE('',#2811,#5534);
#5534 = DEFINITIONAL_REPRESENTATION('',(#5535),#5539);
#5535 = LINE('',#5536,#5537);
#5536 = CARTESIAN_POINT('',(45.6,-0.4));
#5537 = VECTOR('',#5538,1.);
#5538 = DIRECTION('',(0.,1.));
#5539 = ( GEOMETRIC_REPRESENTATION_CONTEXT(2) 
PARAMETRIC_REPRESENTATION_CONTEXT() REPRESENTATION_CONTEXT('2D SPACE',''
  ) );
#5540 = PCURVE('',#5541,#5546);
#5541 = PLANE('',#5542);
#5542 = AXIS2_PLACEMENT_3D('',#5543,#5544,#5545);
#5543 = CARTESIAN_POINT('',(136.,-73.,20.));
#5544 = DIRECTION('',(1.,0.,0.));
#5545 = DIRECTION('',(0.,0.,1.));
#5546 = DEFINITIONAL_REPRESENTATION('',(#5547),#5551);
#5547 = LINE('',#5548,#5549);
#5548 = CARTESIAN_POINT('',(8.,0.));
#5549 = VECTOR('',#5550,1.);
#5550 = DIRECTION('',(0.,-1.));
#5551 = ( GEOMETRIC_REPRESENTATION_CONTEXT(2) 
PARAMETRIC_REPRESENTATION_CONTEXT() REPRESENTATION_CONTEXT('2D SPACE',''
  ) );
#5552 = ORIENTED_EDGE('',*,*,#5553,.F.);
#5553 = EDGE_CURVE('',#5554,#5526,#5556,.T.);
#5554 = VERTEX_POINT('',#5555);
#5555 = CARTESIAN_POINT('',(195.7,-50.7,28.));
#5556 = SURFACE_CURVE('',#5557,(#5561,#5568),.PCURVE_S1.);
#5557 = LINE('',#5558,#5559);
#5558 = CARTESIAN_POINT('',(93.1,-50.7,28.));
#5559 = VECTOR('',#5560,1.);
#5560 = DIRECTION('',(-1.,0.,0.));
#5561 = PCURVE('',#2811,#5562);
#5562 = DEFINITIONAL_REPRESENTATION('',(#5563),#5567);
#5563 = LINE('',#5564,#5565);
#5564 = CARTESIAN_POINT('',(2.7,21.9));
#5565 = VECTOR('',#5566,1.);
#5566 = DIRECTION('',(-1.,0.));
#5567 = ( GEOMETRIC_REPRESENTATION_CONTEXT(2) 
PARAMETRIC_REPRESENTATION_CONTEXT() REPRESENTATION_CONTEXT('2D SPACE',''
  ) );
#5568 = PCURVE('',#5569,#5574);
#5569 = PLANE('',#5570);
#5570 = AXIS2_PLACEMENT_3D('',#5571,#5572,#5573);
#5571 = CARTESIAN_POINT('',(94.3,-50.7,21.));
#5572 = DIRECTION('',(0.,1.,0.));
#5573 = DIRECTION('',(0.,0.,1.));
#5574 = DEFINITIONAL_REPRESENTATION('',(#5575),#5578);
#5575 = B_SPLINE_CURVE_WITH_KNOTS('',1,(#5576,#5577),.UNSPECIFIED.,.F.,
  .F.,(2,2),(-102.6,-1.2),.PIECEWISE_BEZIER_KNOTS.);
#5576 = CARTESIAN_POINT('',(7.,101.4));
#5577 = CARTESIAN_POINT('',(7.,0.));
#5578 = ( GEOMETRIC_REPRESENTATION_CONTEXT(2) 
PARAMETRIC_REPRESENTATION_CONTEXT() REPRESENTATION_CONTEXT('2D SPACE',''
  ) );
#5579 = ORIENTED_EDGE('',*,*,#5580,.T.);
#5580 = EDGE_CURVE('',#5554,#5581,#5583,.T.);
#5581 = VERTEX_POINT('',#5582);
#5582 = CARTESIAN_POINT('',(195.7,50.7,28.));
#5583 = SURFACE_CURVE('',#5584,(#5588,#5595),.PCURVE_S1.);
#5584 = LINE('',#5585,#5586);
#5585 = CARTESIAN_POINT('',(195.7,-51.9,28.));
#5586 = VECTOR('',#5587,1.);
#5587 = DIRECTION('',(0.,1.,0.));
#5588 = PCURVE('',#2811,#5589);
#5589 = DEFINITIONAL_REPRESENTATION('',(#5590),#5594);
#5590 = LINE('',#5591,#5592);
#5591 = CARTESIAN_POINT('',(105.3,20.7));
#5592 = VECTOR('',#5593,1.);
#5593 = DIRECTION('',(0.,1.));
#5594 = ( GEOMETRIC_REPRESENTATION_CONTEXT(2) 
PARAMETRIC_REPRESENTATION_CONTEXT() REPRESENTATION_CONTEXT('2D SPACE',''
  ) );
#5595 = PCURVE('',#5596,#5601);
#5596 = PLANE('',#5597);
#5597 = AXIS2_PLACEMENT_3D('',#5598,#5599,#5600);
#5598 = CARTESIAN_POINT('',(195.7,-50.7,21.));
#5599 = DIRECTION('',(1.,0.,0.));
#5600 = DIRECTION('',(0.,0.,1.));
#5601 = DEFINITIONAL_REPRESENTATION('',(#5602),#5605);
#5602 = B_SPLINE_CURVE_WITH_KNOTS('',1,(#5603,#5604),.UNSPECIFIED.,.F.,
  .F.,(2,2),(1.2,102.6),.PIECEWISE_BEZIER_KNOTS.);
#5603 = CARTESIAN_POINT('',(7.,0.));
#5604 = CARTESIAN_POINT('',(7.,-101.4));
#5605 = ( GEOMETRIC_REPRESENTATION_CONTEXT(2) 
PARAMETRIC_REPRESENTATION_CONTEXT() REPRESENTATION_CONTEXT('2D SPACE',''
  ) );
#5606 = ORIENTED_EDGE('',*,*,#5607,.T.);
#5607 = EDGE_CURVE('',#5581,#5608,#5610,.T.);
#5608 = VERTEX_POINT('',#5609);
#5609 = CARTESIAN_POINT('',(94.3,50.7,28.));
#5610 = SURFACE_CURVE('',#5611,(#5615,#5622),.PCURVE_S1.);
#5611 = LINE('',#5612,#5613);
#5612 = CARTESIAN_POINT('',(93.1,50.7,28.));
#5613 = VECTOR('',#5614,1.);
#5614 = DIRECTION('',(-1.,0.,0.));
#5615 = PCURVE('',#2811,#5616);
#5616 = DEFINITIONAL_REPRESENTATION('',(#5617),#5621);
#5617 = LINE('',#5618,#5619);
#5618 = CARTESIAN_POINT('',(2.7,123.3));
#5619 = VECTOR('',#5620,1.);
#5620 = DIRECTION('',(-1.,0.));
#5621 = ( GEOMETRIC_REPRESENTATION_CONTEXT(2) 
PARAMETRIC_REPRESENTATION_CONTEXT() REPRESENTATION_CONTEXT('2D SPACE',''
  ) );
#5622 = PCURVE('',#5623,#5628);
#5623 = PLANE('',#5624);
#5624 = AXIS2_PLACEMENT_3D('',#5625,#5626,#5627);
#5625 = CARTESIAN_POINT('',(94.3,50.7,21.));
#5626 = DIRECTION('',(0.,1.,0.));
#5627 = DIRECTION('',(0.,0.,1.));
#5628 = DEFINITIONAL_REPRESENTATION('',(#5629),#5632);
#5629 = B_SPLINE_CURVE_WITH_KNOTS('',1,(#5630,#5631),.UNSPECIFIED.,.F.,
  .F.,(2,2),(-102.6,-1.2),.PIECEWISE_BEZIER_KNOTS.);
#5630 = CARTESIAN_POINT('',(7.,101.4));
#5631 = CARTESIAN_POINT('',(7.,0.));
#5632 = ( GEOMETRIC_REPRESENTATION_CONTEXT(2) 
PARAMETRIC_REPRESENTATION_CONTEXT() REPRESENTATION_CONTEXT('2D SPACE',''
  ) );
#5633 = ORIENTED_EDGE('',*,*,#5634,.F.);
#5634 = EDGE_CURVE('',#5635,#5608,#5637,.T.);
#5635 = VERTEX_POINT('',#5636);
#5636 = CARTESIAN_POINT('',(94.3,-50.7,28.));
#5637 = SURFACE_CURVE('',#5638,(#5642,#5649),.PCURVE_S1.);
#5638 = LINE('',#5639,#5640);
#5639 = CARTESIAN_POINT('',(94.3,-51.9,28.));
#5640 = VECTOR('',#5641,1.);
#5641 = DIRECTION('',(0.,1.,0.));
#5642 = PCURVE('',#2811,#5643);
#5643 = DEFINITIONAL_REPRESENTATION('',(#5644),#5648);
#5644 = LINE('',#5645,#5646);
#5645 = CARTESIAN_POINT('',(3.9,20.7));
#5646 = VECTOR('',#5647,1.);
#5647 = DIRECTION('',(0.,1.));
#5648 = ( GEOMETRIC_REPRESENTATION_CONTEXT(2) 
PARAMETRIC_REPRESENTATION_CONTEXT() REPRESENTATION_CONTEXT('2D SPACE',''
  ) );
#5649 = PCURVE('',#5650,#5655);
#5650 = PLANE('',#5651);
#5651 = AXIS2_PLACEMENT_3D('',#5652,#5653,#5654);
#5652 = CARTESIAN_POINT('',(94.3,-50.7,21.));
#5653 = DIRECTION('',(1.,0.,0.));
#5654 = DIRECTION('',(0.,0.,1.));
#5655 = DEFINITIONAL_REPRESENTATION('',(#5656),#5659);
#5656 = B_SPLINE_CURVE_WITH_KNOTS('',1,(#5657,#5658),.UNSPECIFIED.,.F.,
  .F.,(2,2),(1.2,102.6),.PIECEWISE_BEZIER_KNOTS.);
#5657 = CARTESIAN_POINT('',(7.,0.));
#5658 = CARTESIAN_POINT('',(7.,-101.4));
#5659 = ( GEOMETRIC_REPRESENTATION_CONTEXT(2) 
PARAMETRIC_REPRESENTATION_CONTEXT() REPRESENTATION_CONTEXT('2D SPACE',''
  ) );
#5660 = ORIENTED_EDGE('',*,*,#5661,.F.);
#5661 = EDGE_CURVE('',#5662,#5635,#5664,.T.);
#5662 = VERTEX_POINT('',#5663);
#5663 = CARTESIAN_POINT('',(96.,-50.7,28.));
#5664 = SURFACE_CURVE('',#5665,(#5669,#5676),.PCURVE_S1.);
#5665 = LINE('',#5666,#5667);
#5666 = CARTESIAN_POINT('',(93.1,-50.7,28.));
#5667 = VECTOR('',#5668,1.);
#5668 = DIRECTION('',(-1.,0.,0.));
#5669 = PCURVE('',#2811,#5670);
#5670 = DEFINITIONAL_REPRESENTATION('',(#5671),#5675);
#5671 = LINE('',#5672,#5673);
#5672 = CARTESIAN_POINT('',(2.7,21.9));
#5673 = VECTOR('',#5674,1.);
#5674 = DIRECTION('',(-1.,0.));
#5675 = ( GEOMETRIC_REPRESENTATION_CONTEXT(2) 
PARAMETRIC_REPRESENTATION_CONTEXT() REPRESENTATION_CONTEXT('2D SPACE',''
  ) );
#5676 = PCURVE('',#5677,#5682);
#5677 = PLANE('',#5678);
#5678 = AXIS2_PLACEMENT_3D('',#5679,#5680,#5681);
#5679 = CARTESIAN_POINT('',(94.3,-50.7,21.));
#5680 = DIRECTION('',(0.,1.,0.));
#5681 = DIRECTION('',(0.,0.,1.));
#5682 = DEFINITIONAL_REPRESENTATION('',(#5683),#5686);
#5683 = B_SPLINE_CURVE_WITH_KNOTS('',1,(#5684,#5685),.UNSPECIFIED.,.F.,
  .F.,(2,2),(-102.6,-1.2),.PIECEWISE_BEZIER_KNOTS.);
#5684 = CARTESIAN_POINT('',(7.,101.4));
#5685 = CARTESIAN_POINT('',(7.,0.));
#5686 = ( GEOMETRIC_REPRESENTATION_CONTEXT(2) 
PARAMETRIC_REPRESENTATION_CONTEXT() REPRESENTATION_CONTEXT('2D SPACE',''
  ) );
#5687 = ORIENTED_EDGE('',*,*,#5688,.F.);
#5688 = EDGE_CURVE('',#5689,#5662,#5691,.T.);
#5689 = VERTEX_POINT('',#5690);
#5690 = CARTESIAN_POINT('',(96.,-53.1,28.));
#5691 = SURFACE_CURVE('',#5692,(#5696,#5703),.PCURVE_S1.);
#5692 = LINE('',#5693,#5694);
#5693 = CARTESIAN_POINT('',(96.,-73.,28.));
#5694 = VECTOR('',#5695,1.);
#5695 = DIRECTION('',(0.,1.,0.));
#5696 = PCURVE('',#2811,#5697);
#5697 = DEFINITIONAL_REPRESENTATION('',(#5698),#5702);
#5698 = LINE('',#5699,#5700);
#5699 = CARTESIAN_POINT('',(5.6,-0.4));
#5700 = VECTOR('',#5701,1.);
#5701 = DIRECTION('',(0.,1.));
#5702 = ( GEOMETRIC_REPRESENTATION_CONTEXT(2) 
PARAMETRIC_REPRESENTATION_CONTEXT() REPRESENTATION_CONTEXT('2D SPACE',''
  ) );
#5703 = PCURVE('',#5704,#5709);
#5704 = PLANE('',#5705);
#5705 = AXIS2_PLACEMENT_3D('',#5706,#5707,#5708);
#5706 = CARTESIAN_POINT('',(96.,-73.,20.));
#5707 = DIRECTION('',(1.,0.,0.));
#5708 = DIRECTION('',(0.,0.,1.));
#5709 = DEFINITIONAL_REPRESENTATION('',(#5710),#5714);
#5710 = LINE('',#5711,#5712);
#5711 = CARTESIAN_POINT('',(8.,0.));
#5712 = VECTOR('',#5713,1.);
#5713 = DIRECTION('',(0.,-1.));
#5714 = ( GEOMETRIC_REPRESENTATION_CONTEXT(2) 
PARAMETRIC_REPRESENTATION_CONTEXT() REPRESENTATION_CONTEXT('2D SPACE',''
  ) );
#5715 = ORIENTED_EDGE('',*,*,#5716,.F.);
#5716 = EDGE_CURVE('',#5717,#5689,#5719,.T.);
#5717 = VERTEX_POINT('',#5718);
#5718 = CARTESIAN_POINT('',(91.9,-53.1,28.));
#5719 = SURFACE_CURVE('',#5720,(#5724,#5731),.PCURVE_S1.);
#5720 = LINE('',#5721,#5722);
#5721 = CARTESIAN_POINT('',(91.9,-53.1,28.));
#5722 = VECTOR('',#5723,1.);
#5723 = DIRECTION('',(1.,0.,0.));
#5724 = PCURVE('',#2811,#5725);
#5725 = DEFINITIONAL_REPRESENTATION('',(#5726),#5730);
#5726 = LINE('',#5727,#5728);
#5727 = CARTESIAN_POINT('',(1.5,19.5));
#5728 = VECTOR('',#5729,1.);
#5729 = DIRECTION('',(1.,0.));
#5730 = ( GEOMETRIC_REPRESENTATION_CONTEXT(2) 
PARAMETRIC_REPRESENTATION_CONTEXT() REPRESENTATION_CONTEXT('2D SPACE',''
  ) );
#5731 = PCURVE('',#5732,#5737);
#5732 = PLANE('',#5733);
#5733 = AXIS2_PLACEMENT_3D('',#5734,#5735,#5736);
#5734 = CARTESIAN_POINT('',(91.9,-53.1,22.));
#5735 = DIRECTION('',(0.,1.,0.));
#5736 = DIRECTION('',(0.,0.,1.));
#5737 = DEFINITIONAL_REPRESENTATION('',(#5738),#5742);
#5738 = LINE('',#5739,#5740);
#5739 = CARTESIAN_POINT('',(6.,0.));
#5740 = VECTOR('',#5741,1.);
#5741 = DIRECTION('',(0.,1.));
#5742 = ( GEOMETRIC_REPRESENTATION_CONTEXT(2) 
PARAMETRIC_REPRESENTATION_CONTEXT() REPRESENTATION_CONTEXT('2D SPACE',''
  ) );
#5743 = ORIENTED_EDGE('',*,*,#5744,.T.);
#5744 = EDGE_CURVE('',#5717,#5745,#5747,.T.);
#5745 = VERTEX_POINT('',#5746);
#5746 = CARTESIAN_POINT('',(91.9,53.1,28.));
#5747 = SURFACE_CURVE('',#5748,(#5752,#5759),.PCURVE_S1.);
#5748 = LINE('',#5749,#5750);
#5749 = CARTESIAN_POINT('',(91.9,-53.1,28.));
#5750 = VECTOR('',#5751,1.);
#5751 = DIRECTION('',(0.,1.,0.));
#5752 = PCURVE('',#2811,#5753);
#5753 = DEFINITIONAL_REPRESENTATION('',(#5754),#5758);
#5754 = LINE('',#5755,#5756);
#5755 = CARTESIAN_POINT('',(1.5,19.5));
#5756 = VECTOR('',#5757,1.);
#5757 = DIRECTION('',(0.,1.));
#5758 = ( GEOMETRIC_REPRESENTATION_CONTEXT(2) 
PARAMETRIC_REPRESENTATION_CONTEXT() REPRESENTATION_CONTEXT('2D SPACE',''
  ) );
#5759 = PCURVE('',#5760,#5765);
#5760 = PLANE('',#5761);
#5761 = AXIS2_PLACEMENT_3D('',#5762,#5763,#5764);
#5762 = CARTESIAN_POINT('',(91.9,-53.1,22.));
#5763 = DIRECTION('',(1.,0.,0.));
#5764 = DIRECTION('',(0.,0.,1.));
#5765 = DEFINITIONAL_REPRESENTATION('',(#5766),#5770);
#5766 = LINE('',#5767,#5768);
#5767 = CARTESIAN_POINT('',(6.,0.));
#5768 = VECTOR('',#5769,1.);
#5769 = DIRECTION('',(0.,-1.));
#5770 = ( GEOMETRIC_REPRESENTATION_CONTEXT(2) 
PARAMETRIC_REPRESENTATION_CONTEXT() REPRESENTATION_CONTEXT('2D SPACE',''
  ) );
#5771 = ORIENTED_EDGE('',*,*,#5772,.T.);
#5772 = EDGE_CURVE('',#5745,#5003,#5773,.T.);
#5773 = SURFACE_CURVE('',#5774,(#5778,#5785),.PCURVE_S1.);
#5774 = LINE('',#5775,#5776);
#5775 = CARTESIAN_POINT('',(91.9,53.1,28.));
#5776 = VECTOR('',#5777,1.);
#5777 = DIRECTION('',(1.,0.,0.));
#5778 = PCURVE('',#2811,#5779);
#5779 = DEFINITIONAL_REPRESENTATION('',(#5780),#5784);
#5780 = LINE('',#5781,#5782);
#5781 = CARTESIAN_POINT('',(1.5,125.7));
#5782 = VECTOR('',#5783,1.);
#5783 = DIRECTION('',(1.,0.));
#5784 = ( GEOMETRIC_REPRESENTATION_CONTEXT(2) 
PARAMETRIC_REPRESENTATION_CONTEXT() REPRESENTATION_CONTEXT('2D SPACE',''
  ) );
#5785 = PCURVE('',#5040,#5786);
#5786 = DEFINITIONAL_REPRESENTATION('',(#5787),#5791);
#5787 = LINE('',#5788,#5789);
#5788 = CARTESIAN_POINT('',(6.,0.));
#5789 = VECTOR('',#5790,1.);
#5790 = DIRECTION('',(0.,1.));
#5791 = ( GEOMETRIC_REPRESENTATION_CONTEXT(2) 
PARAMETRIC_REPRESENTATION_CONTEXT() REPRESENTATION_CONTEXT('2D SPACE',''
  ) );
#5792 = ORIENTED_EDGE('',*,*,#5002,.T.);
#5793 = ORIENTED_EDGE('',*,*,#5419,.F.);
#5794 = ORIENTED_EDGE('',*,*,#4755,.F.);
#5795 = ORIENTED_EDGE('',*,*,#4459,.T.);
#5796 = ORIENTED_EDGE('',*,*,#5797,.F.);
#5797 = EDGE_CURVE('',#5798,#4460,#5800,.T.);
#5798 = VERTEX_POINT('',#5799);
#5799 = CARTESIAN_POINT('',(96.,-73.,28.));
#5800 = SURFACE_CURVE('',#5801,(#5805,#5812),.PCURVE_S1.);
#5801 = LINE('',#5802,#5803);
#5802 = CARTESIAN_POINT('',(96.,-73.,28.));
#5803 = VECTOR('',#5804,1.);
#5804 = DIRECTION('',(0.,1.,0.));
#5805 = PCURVE('',#2811,#5806);
#5806 = DEFINITIONAL_REPRESENTATION('',(#5807),#5811);
#5807 = LINE('',#5808,#5809);
#5808 = CARTESIAN_POINT('',(5.6,-0.4));
#5809 = VECTOR('',#5810,1.);
#5810 = DIRECTION('',(0.,1.));
#5811 = ( GEOMETRIC_REPRESENTATION_CONTEXT(2) 
PARAMETRIC_REPRESENTATION_CONTEXT() REPRESENTATION_CONTEXT('2D SPACE',''
  ) );
#5812 = PCURVE('',#4497,#5813);
#5813 = DEFINITIONAL_REPRESENTATION('',(#5814),#5818);
#5814 = LINE('',#5815,#5816);
#5815 = CARTESIAN_POINT('',(8.,0.));
#5816 = VECTOR('',#5817,1.);
#5817 = DIRECTION('',(0.,-1.));
#5818 = ( GEOMETRIC_REPRESENTATION_CONTEXT(2) 
PARAMETRIC_REPRESENTATION_CONTEXT() REPRESENTATION_CONTEXT('2D SPACE',''
  ) );
#5819 = ORIENTED_EDGE('',*,*,#5820,.T.);
#5820 = EDGE_CURVE('',#5798,#5821,#5823,.T.);
#5821 = VERTEX_POINT('',#5822);
#5822 = CARTESIAN_POINT('',(136.,-73.,28.));
#5823 = SURFACE_CURVE('',#5824,(#5828,#5835),.PCURVE_S1.);
#5824 = LINE('',#5825,#5826);
#5825 = CARTESIAN_POINT('',(96.,-73.,28.));
#5826 = VECTOR('',#5827,1.);
#5827 = DIRECTION('',(1.,0.,0.));
#5828 = PCURVE('',#2811,#5829);
#5829 = DEFINITIONAL_REPRESENTATION('',(#5830),#5834);
#5830 = LINE('',#5831,#5832);
#5831 = CARTESIAN_POINT('',(5.6,-0.4));
#5832 = VECTOR('',#5833,1.);
#5833 = DIRECTION('',(1.,0.));
#5834 = ( GEOMETRIC_REPRESENTATION_CONTEXT(2) 
PARAMETRIC_REPRESENTATION_CONTEXT() REPRESENTATION_CONTEXT('2D SPACE',''
  ) );
#5835 = PCURVE('',#5836,#5841);
#5836 = PLANE('',#5837);
#5837 = AXIS2_PLACEMENT_3D('',#5838,#5839,#5840);
#5838 = CARTESIAN_POINT('',(96.,-73.,20.));
#5839 = DIRECTION('',(0.,1.,0.));
#5840 = DIRECTION('',(0.,0.,1.));
#5841 = DEFINITIONAL_REPRESENTATION('',(#5842),#5846);
#5842 = LINE('',#5843,#5844);
#5843 = CARTESIAN_POINT('',(8.,0.));
#5844 = VECTOR('',#5845,1.);
#5845 = DIRECTION('',(0.,1.));
#5846 = ( GEOMETRIC_REPRESENTATION_CONTEXT(2) 
PARAMETRIC_REPRESENTATION_CONTEXT() REPRESENTATION_CONTEXT('2D SPACE',''
  ) );
#5847 = ORIENTED_EDGE('',*,*,#5848,.T.);
#5848 = EDGE_CURVE('',#5821,#4535,#5849,.T.);
#5849 = SURFACE_CURVE('',#5850,(#5854,#5861),.PCURVE_S1.);
#5850 = LINE('',#5851,#5852);
#5851 = CARTESIAN_POINT('',(136.,-73.,28.));
#5852 = VECTOR('',#5853,1.);
#5853 = DIRECTION('',(0.,1.,0.));
#5854 = PCURVE('',#2811,#5855);
#5855 = DEFINITIONAL_REPRESENTATION('',(#5856),#5860);
#5856 = LINE('',#5857,#5858);
#5857 = CARTESIAN_POINT('',(45.6,-0.4));
#5858 = VECTOR('',#5859,1.);
#5859 = DIRECTION('',(0.,1.));
#5860 = ( GEOMETRIC_REPRESENTATION_CONTEXT(2) 
PARAMETRIC_REPRESENTATION_CONTEXT() REPRESENTATION_CONTEXT('2D SPACE',''
  ) );
#5861 = PCURVE('',#4549,#5862);
#5862 = DEFINITIONAL_REPRESENTATION('',(#5863),#5867);
#5863 = LINE('',#5864,#5865);
#5864 = CARTESIAN_POINT('',(8.,0.));
#5865 = VECTOR('',#5866,1.);
#5866 = DIRECTION('',(0.,-1.));
#5867 = ( GEOMETRIC_REPRESENTATION_CONTEXT(2) 
PARAMETRIC_REPRESENTATION_CONTEXT() REPRESENTATION_CONTEXT('2D SPACE',''
  ) );
#5868 = ORIENTED_EDGE('',*,*,#4560,.T.);
#5869 = ORIENTED_EDGE('',*,*,#5311,.T.);
#5870 = FACE_BOUND('',#5871,.F.);
#5871 = EDGE_LOOP('',(#5872,#5873,#5874,#5875));
#5872 = ORIENTED_EDGE('',*,*,#2872,.T.);
#5873 = ORIENTED_EDGE('',*,*,#2796,.T.);
#5874 = ORIENTED_EDGE('',*,*,#4112,.F.);
#5875 = ORIENTED_EDGE('',*,*,#2897,.F.);
#5876 = FACE_BOUND('',#5877,.F.);
#5877 = EDGE_LOOP('',(#5878,#5879,#5880,#5881));
#5878 = ORIENTED_EDGE('',*,*,#3082,.T.);
#5879 = ORIENTED_EDGE('',*,*,#3011,.T.);
#5880 = ORIENTED_EDGE('',*,*,#4087,.F.);
#5881 = ORIENTED_EDGE('',*,*,#3107,.F.);
#5882 = FACE_BOUND('',#5883,.F.);
#5883 = EDGE_LOOP('',(#5884,#5885,#5886,#5887));
#5884 = ORIENTED_EDGE('',*,*,#3292,.T.);
#5885 = ORIENTED_EDGE('',*,*,#3221,.T.);
#5886 = ORIENTED_EDGE('',*,*,#4062,.F.);
#5887 = ORIENTED_EDGE('',*,*,#3317,.F.);
#5888 = FACE_BOUND('',#5889,.F.);
#5889 = EDGE_LOOP('',(#5890,#5891,#5892,#5893));
#5890 = ORIENTED_EDGE('',*,*,#3484,.T.);
#5891 = ORIENTED_EDGE('',*,*,#3413,.T.);
#5892 = ORIENTED_EDGE('',*,*,#4187,.F.);
#5893 = ORIENTED_EDGE('',*,*,#3509,.F.);
#5894 = FACE_BOUND('',#5895,.F.);
#5895 = EDGE_LOOP('',(#5896,#5897,#5898,#5899));
#5896 = ORIENTED_EDGE('',*,*,#3694,.T.);
#5897 = ORIENTED_EDGE('',*,*,#3623,.T.);
#5898 = ORIENTED_EDGE('',*,*,#4162,.F.);
#5899 = ORIENTED_EDGE('',*,*,#3719,.F.);
#5900 = FACE_BOUND('',#5901,.F.);
#5901 = EDGE_LOOP('',(#5902,#5903,#5904,#5905));
#5902 = ORIENTED_EDGE('',*,*,#3904,.T.);
#5903 = ORIENTED_EDGE('',*,*,#3833,.T.);
#5904 = ORIENTED_EDGE('',*,*,#4137,.F.);
#5905 = ORIENTED_EDGE('',*,*,#3929,.F.);
#5906 = ADVANCED_FACE('',(#5907,#5913,#5948,#5983,#6018,#6352),#4272,.F.
  );
#5907 = FACE_BOUND('',#5908,.F.);
#5908 = EDGE_LOOP('',(#5909,#5910,#5911,#5912));
#5909 = ORIENTED_EDGE('',*,*,#4312,.T.);
#5910 = ORIENTED_EDGE('',*,*,#4258,.T.);
#5911 = ORIENTED_EDGE('',*,*,#4388,.T.);
#5912 = ORIENTED_EDGE('',*,*,#4361,.T.);
#5913 = FACE_BOUND('',#5914,.F.);
#5914 = EDGE_LOOP('',(#5915));
#5915 = ORIENTED_EDGE('',*,*,#5916,.T.);
#5916 = EDGE_CURVE('',#5917,#5917,#5919,.T.);
#5917 = VERTEX_POINT('',#5918);
#5918 = CARTESIAN_POINT('',(7.8,-68.6,3.));
#5919 = SURFACE_CURVE('',#5920,(#5925,#5936),.PCURVE_S1.);
#5920 = CIRCLE('',#5921,1.4);
#5921 = AXIS2_PLACEMENT_3D('',#5922,#5923,#5924);
#5922 = CARTESIAN_POINT('',(6.4,-68.6,3.));
#5923 = DIRECTION('',(0.,0.,-1.));
#5924 = DIRECTION('',(1.,0.,0.));
#5925 = PCURVE('',#4272,#5926);
#5926 = DEFINITIONAL_REPRESENTATION('',(#5927),#5935);
#5927 = ( BOUNDED_CURVE() B_SPLINE_CURVE(2,(#5928,#5929,#5930,#5931,
#5932,#5933,#5934),.UNSPECIFIED.,.T.,.F.) B_SPLINE_CURVE_WITH_KNOTS((1,2
    ,2,2,2,1),(-2.094395102393,0.,2.094395102393,4.188790204786,
6.28318530718,8.377580409573),.UNSPECIFIED.) CURVE() 
GEOMETRIC_REPRESENTATION_ITEM() RATIONAL_B_SPLINE_CURVE((1.,0.5,1.,0.5,
1.,0.5,1.)) REPRESENTATION_ITEM('') );
#5928 = CARTESIAN_POINT('',(5.4,4.));
#5929 = CARTESIAN_POINT('',(5.4,1.575128869404));
#5930 = CARTESIAN_POINT('',(3.3,2.787564434702));
#5931 = CARTESIAN_POINT('',(1.2,4.));
#5932 = CARTESIAN_POINT('',(3.3,5.212435565298));
#5933 = CARTESIAN_POINT('',(5.4,6.424871130596));
#5934 = CARTESIAN_POINT('',(5.4,4.));
#5935 = ( GEOMETRIC_REPRESENTATION_CONTEXT(2) 
PARAMETRIC_REPRESENTATION_CONTEXT() REPRESENTATION_CONTEXT('2D SPACE',''
  ) );
#5936 = PCURVE('',#5937,#5942);
#5937 = CYLINDRICAL_SURFACE('',#5938,1.4);
#5938 = AXIS2_PLACEMENT_3D('',#5939,#5940,#5941);
#5939 = CARTESIAN_POINT('',(6.4,-68.6,2.));
#5940 = DIRECTION('',(-0.,-0.,-1.));
#5941 = DIRECTION('',(1.,0.,0.));
#5942 = DEFINITIONAL_REPRESENTATION('',(#5943),#5947);
#5943 = LINE('',#5944,#5945);
#5944 = CARTESIAN_POINT('',(-6.28318530718,-1.));
#5945 = VECTOR('',#5946,1.);
#5946 = DIRECTION('',(1.,-0.));
#5947 = ( GEOMETRIC_REPRESENTATION_CONTEXT(2) 
PARAMETRIC_REPRESENTATION_CONTEXT() REPRESENTATION_CONTEXT('2D SPACE',''
  ) );
#5948 = FACE_BOUND('',#5949,.F.);
#5949 = EDGE_LOOP('',(#5950));
#5950 = ORIENTED_EDGE('',*,*,#5951,.T.);
#5951 = EDGE_CURVE('',#5952,#5952,#5954,.T.);
#5952 = VERTEX_POINT('',#5953);
#5953 = CARTESIAN_POINT('',(85.4,-68.6,3.));
#5954 = SURFACE_CURVE('',#5955,(#5960,#5971),.PCURVE_S1.);
#5955 = CIRCLE('',#5956,1.4);
#5956 = AXIS2_PLACEMENT_3D('',#5957,#5958,#5959);
#5957 = CARTESIAN_POINT('',(84.,-68.6,3.));
#5958 = DIRECTION('',(0.,0.,-1.));
#5959 = DIRECTION('',(1.,0.,0.));
#5960 = PCURVE('',#4272,#5961);
#5961 = DEFINITIONAL_REPRESENTATION('',(#5962),#5970);
#5962 = ( BOUNDED_CURVE() B_SPLINE_CURVE(2,(#5963,#5964,#5965,#5966,
#5967,#5968,#5969),.UNSPECIFIED.,.T.,.F.) B_SPLINE_CURVE_WITH_KNOTS((1,2
    ,2,2,2,1),(-2.094395102393,0.,2.094395102393,4.188790204786,
6.28318530718,8.377580409573),.UNSPECIFIED.) CURVE() 
GEOMETRIC_REPRESENTATION_ITEM() RATIONAL_B_SPLINE_CURVE((1.,0.5,1.,0.5,
1.,0.5,1.)) REPRESENTATION_ITEM('') );
#5963 = CARTESIAN_POINT('',(83.,4.));
#5964 = CARTESIAN_POINT('',(83.,1.575128869404));
#5965 = CARTESIAN_POINT('',(80.9,2.787564434702));
#5966 = CARTESIAN_POINT('',(78.8,4.));
#5967 = CARTESIAN_POINT('',(80.9,5.212435565298));
#5968 = CARTESIAN_POINT('',(83.,6.424871130596));
#5969 = CARTESIAN_POINT('',(83.,4.));
#5970 = ( GEOMETRIC_REPRESENTATION_CONTEXT(2) 
PARAMETRIC_REPRESENTATION_CONTEXT() REPRESENTATION_CONTEXT('2D SPACE',''
  ) );
#5971 = PCURVE('',#5972,#5977);
#5972 = CYLINDRICAL_SURFACE('',#5973,1.4);
#5973 = AXIS2_PLACEMENT_3D('',#5974,#5975,#5976);
#5974 = CARTESIAN_POINT('',(84.,-68.6,2.));
#5975 = DIRECTION('',(-0.,-0.,-1.));
#5976 = DIRECTION('',(1.,0.,0.));
#5977 = DEFINITIONAL_REPRESENTATION('',(#5978),#5982);
#5978 = LINE('',#5979,#5980);
#5979 = CARTESIAN_POINT('',(-6.28318530718,-1.));
#5980 = VECTOR('',#5981,1.);
#5981 = DIRECTION('',(1.,-0.));
#5982 = ( GEOMETRIC_REPRESENTATION_CONTEXT(2) 
PARAMETRIC_REPRESENTATION_CONTEXT() REPRESENTATION_CONTEXT('2D SPACE',''
  ) );
#5983 = FACE_BOUND('',#5984,.F.);
#5984 = EDGE_LOOP('',(#5985));
#5985 = ORIENTED_EDGE('',*,*,#5986,.T.);
#5986 = EDGE_CURVE('',#5987,#5987,#5989,.T.);
#5987 = VERTEX_POINT('',#5988);
#5988 = CARTESIAN_POINT('',(7.8,68.6,3.));
#5989 = SURFACE_CURVE('',#5990,(#5995,#6006),.PCURVE_S1.);
#5990 = CIRCLE('',#5991,1.4);
#5991 = AXIS2_PLACEMENT_3D('',#5992,#5993,#5994);
#5992 = CARTESIAN_POINT('',(6.4,68.6,3.));
#5993 = DIRECTION('',(0.,0.,-1.));
#5994 = DIRECTION('',(1.,0.,0.));
#5995 = PCURVE('',#4272,#5996);
#5996 = DEFINITIONAL_REPRESENTATION('',(#5997),#6005);
#5997 = ( BOUNDED_CURVE() B_SPLINE_CURVE(2,(#5998,#5999,#6000,#6001,
#6002,#6003,#6004),.UNSPECIFIED.,.T.,.F.) B_SPLINE_CURVE_WITH_KNOTS((1,2
    ,2,2,2,1),(-2.094395102393,0.,2.094395102393,4.188790204786,
6.28318530718,8.377580409573),.UNSPECIFIED.) CURVE() 
GEOMETRIC_REPRESENTATION_ITEM() RATIONAL_B_SPLINE_CURVE((1.,0.5,1.,0.5,
1.,0.5,1.)) REPRESENTATION_ITEM('') );
#5998 = CARTESIAN_POINT('',(5.4,141.2));
#5999 = CARTESIAN_POINT('',(5.4,138.7751288694));
#6000 = CARTESIAN_POINT('',(3.3,139.9875644347));
#6001 = CARTESIAN_POINT('',(1.2,141.2));
#6002 = CARTESIAN_POINT('',(3.3,142.41243556529));
#6003 = CARTESIAN_POINT('',(5.4,143.62487113059));
#6004 = CARTESIAN_POINT('',(5.4,141.2));
#6005 = ( GEOMETRIC_REPRESENTATION_CONTEXT(2) 
PARAMETRIC_REPRESENTATION_CONTEXT() REPRESENTATION_CONTEXT('2D SPACE',''
  ) );
#6006 = PCURVE('',#6007,#6012);
#6007 = CYLINDRICAL_SURFACE('',#6008,1.4);
#6008 = AXIS2_PLACEMENT_3D('',#6009,#6010,#6011);
#6009 = CARTESIAN_POINT('',(6.4,68.6,2.));
#6010 = DIRECTION('',(-0.,-0.,-1.));
#6011 = DIRECTION('',(1.,0.,0.));
#6012 = DEFINITIONAL_REPRESENTATION('',(#6013),#6017);
#6013 = LINE('',#6014,#6015);
#6014 = CARTESIAN_POINT('',(-6.28318530718,-1.));
#6015 = VECTOR('',#6016,1.);
#6016 = DIRECTION('',(1.,-0.));
#6017 = ( GEOMETRIC_REPRESENTATION_CONTEXT(2) 
PARAMETRIC_REPRESENTATION_CONTEXT() REPRESENTATION_CONTEXT('2D SPACE',''
  ) );
#6018 = FACE_BOUND('',#6019,.F.);
#6019 = EDGE_LOOP('',(#6020,#6049,#6077,#6105,#6132,#6160,#6188,#6215,
    #6243,#6271,#6298,#6326));
#6020 = ORIENTED_EDGE('',*,*,#6021,.F.);
#6021 = EDGE_CURVE('',#6022,#6024,#6026,.T.);
#6022 = VERTEX_POINT('',#6023);
#6023 = CARTESIAN_POINT('',(80.,70.1,3.));
#6024 = VERTEX_POINT('',#6025);
#6025 = CARTESIAN_POINT('',(10.4,70.1,3.));
#6026 = SURFACE_CURVE('',#6027,(#6031,#6038),.PCURVE_S1.);
#6027 = LINE('',#6028,#6029);
#6028 = CARTESIAN_POINT('',(3.65,70.1,3.));
#6029 = VECTOR('',#6030,1.);
#6030 = DIRECTION('',(-1.,0.,0.));
#6031 = PCURVE('',#4272,#6032);
#6032 = DEFINITIONAL_REPRESENTATION('',(#6033),#6037);
#6033 = LINE('',#6034,#6035);
#6034 = CARTESIAN_POINT('',(1.25,142.7));
#6035 = VECTOR('',#6036,1.);
#6036 = DIRECTION('',(-1.,0.));
#6037 = ( GEOMETRIC_REPRESENTATION_CONTEXT(2) 
PARAMETRIC_REPRESENTATION_CONTEXT() REPRESENTATION_CONTEXT('2D SPACE',''
  ) );
#6038 = PCURVE('',#6039,#6044);
#6039 = PLANE('',#6040);
#6040 = AXIS2_PLACEMENT_3D('',#6041,#6042,#6043);
#6041 = CARTESIAN_POINT('',(4.9,70.1,2.));
#6042 = DIRECTION('',(0.,1.,0.));
#6043 = DIRECTION('',(0.,0.,1.));
#6044 = DEFINITIONAL_REPRESENTATION('',(#6045),#6048);
#6045 = B_SPLINE_CURVE_WITH_KNOTS('',1,(#6046,#6047),.UNSPECIFIED.,.F.,
  .F.,(2,2),(-81.85,-1.25),.PIECEWISE_BEZIER_KNOTS.);
#6046 = CARTESIAN_POINT('',(1.,80.6));
#6047 = CARTESIAN_POINT('',(1.,0.));
#6048 = ( GEOMETRIC_REPRESENTATION_CONTEXT(2) 
PARAMETRIC_REPRESENTATION_CONTEXT() REPRESENTATION_CONTEXT('2D SPACE',''
  ) );
#6049 = ORIENTED_EDGE('',*,*,#6050,.F.);
#6050 = EDGE_CURVE('',#6051,#6022,#6053,.T.);
#6051 = VERTEX_POINT('',#6052);
#6052 = CARTESIAN_POINT('',(80.,64.6,3.));
#6053 = SURFACE_CURVE('',#6054,(#6058,#6065),.PCURVE_S1.);
#6054 = LINE('',#6055,#6056);
#6055 = CARTESIAN_POINT('',(80.,64.6,3.));
#6056 = VECTOR('',#6057,1.);
#6057 = DIRECTION('',(0.,1.,0.));
#6058 = PCURVE('',#4272,#6059);
#6059 = DEFINITIONAL_REPRESENTATION('',(#6060),#6064);
#6060 = LINE('',#6061,#6062);
#6061 = CARTESIAN_POINT('',(77.6,137.2));
#6062 = VECTOR('',#6063,1.);
#6063 = DIRECTION('',(0.,1.));
#6064 = ( GEOMETRIC_REPRESENTATION_CONTEXT(2) 
PARAMETRIC_REPRESENTATION_CONTEXT() REPRESENTATION_CONTEXT('2D SPACE',''
  ) );
#6065 = PCURVE('',#6066,#6071);
#6066 = PLANE('',#6067);
#6067 = AXIS2_PLACEMENT_3D('',#6068,#6069,#6070);
#6068 = CARTESIAN_POINT('',(80.,64.6,3.));
#6069 = DIRECTION('',(1.,0.,0.));
#6070 = DIRECTION('',(0.,0.,1.));
#6071 = DEFINITIONAL_REPRESENTATION('',(#6072),#6076);
#6072 = LINE('',#6073,#6074);
#6073 = CARTESIAN_POINT('',(0.,0.));
#6074 = VECTOR('',#6075,1.);
#6075 = DIRECTION('',(0.,-1.));
#6076 = ( GEOMETRIC_REPRESENTATION_CONTEXT(2) 
PARAMETRIC_REPRESENTATION_CONTEXT() REPRESENTATION_CONTEXT('2D SPACE',''
  ) );
#6077 = ORIENTED_EDGE('',*,*,#6078,.T.);
#6078 = EDGE_CURVE('',#6051,#6079,#6081,.T.);
#6079 = VERTEX_POINT('',#6080);
#6080 = CARTESIAN_POINT('',(85.5,64.6,3.));
#6081 = SURFACE_CURVE('',#6082,(#6086,#6093),.PCURVE_S1.);
#6082 = LINE('',#6083,#6084);
#6083 = CARTESIAN_POINT('',(80.,64.6,3.));
#6084 = VECTOR('',#6085,1.);
#6085 = DIRECTION('',(1.,0.,0.));
#6086 = PCURVE('',#4272,#6087);
#6087 = DEFINITIONAL_REPRESENTATION('',(#6088),#6092);
#6088 = LINE('',#6089,#6090);
#6089 = CARTESIAN_POINT('',(77.6,137.2));
#6090 = VECTOR('',#6091,1.);
#6091 = DIRECTION('',(1.,0.));
#6092 = ( GEOMETRIC_REPRESENTATION_CONTEXT(2) 
PARAMETRIC_REPRESENTATION_CONTEXT() REPRESENTATION_CONTEXT('2D SPACE',''
  ) );
#6093 = PCURVE('',#6094,#6099);
#6094 = PLANE('',#6095);
#6095 = AXIS2_PLACEMENT_3D('',#6096,#6097,#6098);
#6096 = CARTESIAN_POINT('',(80.,64.6,3.));
#6097 = DIRECTION('',(0.,1.,0.));
#6098 = DIRECTION('',(0.,0.,1.));
#6099 = DEFINITIONAL_REPRESENTATION('',(#6100),#6104);
#6100 = LINE('',#6101,#6102);
#6101 = CARTESIAN_POINT('',(0.,0.));
#6102 = VECTOR('',#6103,1.);
#6103 = DIRECTION('',(0.,1.));
#6104 = ( GEOMETRIC_REPRESENTATION_CONTEXT(2) 
PARAMETRIC_REPRESENTATION_CONTEXT() REPRESENTATION_CONTEXT('2D SPACE',''
  ) );
#6105 = ORIENTED_EDGE('',*,*,#6106,.F.);
#6106 = EDGE_CURVE('',#6107,#6079,#6109,.T.);
#6107 = VERTEX_POINT('',#6108);
#6108 = CARTESIAN_POINT('',(85.5,-64.6,3.));
#6109 = SURFACE_CURVE('',#6110,(#6114,#6121),.PCURVE_S1.);
#6110 = LINE('',#6111,#6112);
#6111 = CARTESIAN_POINT('',(85.5,-71.35,3.));
#6112 = VECTOR('',#6113,1.);
#6113 = DIRECTION('',(0.,1.,0.));
#6114 = PCURVE('',#4272,#6115);
#6115 = DEFINITIONAL_REPRESENTATION('',(#6116),#6120);
#6116 = LINE('',#6117,#6118);
#6117 = CARTESIAN_POINT('',(83.1,1.25));
#6118 = VECTOR('',#6119,1.);
#6119 = DIRECTION('',(0.,1.));
#6120 = ( GEOMETRIC_REPRESENTATION_CONTEXT(2) 
PARAMETRIC_REPRESENTATION_CONTEXT() REPRESENTATION_CONTEXT('2D SPACE',''
  ) );
#6121 = PCURVE('',#6122,#6127);
#6122 = PLANE('',#6123);
#6123 = AXIS2_PLACEMENT_3D('',#6124,#6125,#6126);
#6124 = CARTESIAN_POINT('',(85.5,-70.1,2.));
#6125 = DIRECTION('',(1.,0.,0.));
#6126 = DIRECTION('',(0.,0.,1.));
#6127 = DEFINITIONAL_REPRESENTATION('',(#6128),#6131);
#6128 = B_SPLINE_CURVE_WITH_KNOTS('',1,(#6129,#6130),.UNSPECIFIED.,.F.,
  .F.,(2,2),(1.25,141.45),.PIECEWISE_BEZIER_KNOTS.);
#6129 = CARTESIAN_POINT('',(1.,0.));
#6130 = CARTESIAN_POINT('',(1.,-140.2));
#6131 = ( GEOMETRIC_REPRESENTATION_CONTEXT(2) 
PARAMETRIC_REPRESENTATION_CONTEXT() REPRESENTATION_CONTEXT('2D SPACE',''
  ) );
#6132 = ORIENTED_EDGE('',*,*,#6133,.F.);
#6133 = EDGE_CURVE('',#6134,#6107,#6136,.T.);
#6134 = VERTEX_POINT('',#6135);
#6135 = CARTESIAN_POINT('',(80.,-64.6,3.));
#6136 = SURFACE_CURVE('',#6137,(#6141,#6148),.PCURVE_S1.);
#6137 = LINE('',#6138,#6139);
#6138 = CARTESIAN_POINT('',(80.,-64.6,3.));
#6139 = VECTOR('',#6140,1.);
#6140 = DIRECTION('',(1.,0.,0.));
#6141 = PCURVE('',#4272,#6142);
#6142 = DEFINITIONAL_REPRESENTATION('',(#6143),#6147);
#6143 = LINE('',#6144,#6145);
#6144 = CARTESIAN_POINT('',(77.6,8.));
#6145 = VECTOR('',#6146,1.);
#6146 = DIRECTION('',(1.,0.));
#6147 = ( GEOMETRIC_REPRESENTATION_CONTEXT(2) 
PARAMETRIC_REPRESENTATION_CONTEXT() REPRESENTATION_CONTEXT('2D SPACE',''
  ) );
#6148 = PCURVE('',#6149,#6154);
#6149 = PLANE('',#6150);
#6150 = AXIS2_PLACEMENT_3D('',#6151,#6152,#6153);
#6151 = CARTESIAN_POINT('',(80.,-64.6,3.));
#6152 = DIRECTION('',(0.,1.,0.));
#6153 = DIRECTION('',(0.,0.,1.));
#6154 = DEFINITIONAL_REPRESENTATION('',(#6155),#6159);
#6155 = LINE('',#6156,#6157);
#6156 = CARTESIAN_POINT('',(0.,0.));
#6157 = VECTOR('',#6158,1.);
#6158 = DIRECTION('',(0.,1.));
#6159 = ( GEOMETRIC_REPRESENTATION_CONTEXT(2) 
PARAMETRIC_REPRESENTATION_CONTEXT() REPRESENTATION_CONTEXT('2D SPACE',''
  ) );
#6160 = ORIENTED_EDGE('',*,*,#6161,.F.);
#6161 = EDGE_CURVE('',#6162,#6134,#6164,.T.);
#6162 = VERTEX_POINT('',#6163);
#6163 = CARTESIAN_POINT('',(80.,-70.1,3.));
#6164 = SURFACE_CURVE('',#6165,(#6169,#6176),.PCURVE_S1.);
#6165 = LINE('',#6166,#6167);
#6166 = CARTESIAN_POINT('',(80.,-72.6,3.));
#6167 = VECTOR('',#6168,1.);
#6168 = DIRECTION('',(0.,1.,0.));
#6169 = PCURVE('',#4272,#6170);
#6170 = DEFINITIONAL_REPRESENTATION('',(#6171),#6175);
#6171 = LINE('',#6172,#6173);
#6172 = CARTESIAN_POINT('',(77.6,0.));
#6173 = VECTOR('',#6174,1.);
#6174 = DIRECTION('',(0.,1.));
#6175 = ( GEOMETRIC_REPRESENTATION_CONTEXT(2) 
PARAMETRIC_REPRESENTATION_CONTEXT() REPRESENTATION_CONTEXT('2D SPACE',''
  ) );
#6176 = PCURVE('',#6177,#6182);
#6177 = PLANE('',#6178);
#6178 = AXIS2_PLACEMENT_3D('',#6179,#6180,#6181);
#6179 = CARTESIAN_POINT('',(80.,-72.6,3.));
#6180 = DIRECTION('',(1.,0.,0.));
#6181 = DIRECTION('',(0.,0.,1.));
#6182 = DEFINITIONAL_REPRESENTATION('',(#6183),#6187);
#6183 = LINE('',#6184,#6185);
#6184 = CARTESIAN_POINT('',(0.,0.));
#6185 = VECTOR('',#6186,1.);
#6186 = DIRECTION('',(0.,-1.));
#6187 = ( GEOMETRIC_REPRESENTATION_CONTEXT(2) 
PARAMETRIC_REPRESENTATION_CONTEXT() REPRESENTATION_CONTEXT('2D SPACE',''
  ) );
#6188 = ORIENTED_EDGE('',*,*,#6189,.T.);
#6189 = EDGE_CURVE('',#6162,#6190,#6192,.T.);
#6190 = VERTEX_POINT('',#6191);
#6191 = CARTESIAN_POINT('',(10.4,-70.1,3.));
#6192 = SURFACE_CURVE('',#6193,(#6197,#6204),.PCURVE_S1.);
#6193 = LINE('',#6194,#6195);
#6194 = CARTESIAN_POINT('',(3.65,-70.1,3.));
#6195 = VECTOR('',#6196,1.);
#6196 = DIRECTION('',(-1.,0.,0.));
#6197 = PCURVE('',#4272,#6198);
#6198 = DEFINITIONAL_REPRESENTATION('',(#6199),#6203);
#6199 = LINE('',#6200,#6201);
#6200 = CARTESIAN_POINT('',(1.25,2.5));
#6201 = VECTOR('',#6202,1.);
#6202 = DIRECTION('',(-1.,0.));
#6203 = ( GEOMETRIC_REPRESENTATION_CONTEXT(2) 
PARAMETRIC_REPRESENTATION_CONTEXT() REPRESENTATION_CONTEXT('2D SPACE',''
  ) );
#6204 = PCURVE('',#6205,#6210);
#6205 = PLANE('',#6206);
#6206 = AXIS2_PLACEMENT_3D('',#6207,#6208,#6209);
#6207 = CARTESIAN_POINT('',(4.9,-70.1,2.));
#6208 = DIRECTION('',(0.,1.,0.));
#6209 = DIRECTION('',(0.,0.,1.));
#6210 = DEFINITIONAL_REPRESENTATION('',(#6211),#6214);
#6211 = B_SPLINE_CURVE_WITH_KNOTS('',1,(#6212,#6213),.UNSPECIFIED.,.F.,
  .F.,(2,2),(-81.85,-1.25),.PIECEWISE_BEZIER_KNOTS.);
#6212 = CARTESIAN_POINT('',(1.,80.6));
#6213 = CARTESIAN_POINT('',(1.,0.));
#6214 = ( GEOMETRIC_REPRESENTATION_CONTEXT(2) 
PARAMETRIC_REPRESENTATION_CONTEXT() REPRESENTATION_CONTEXT('2D SPACE',''
  ) );
#6215 = ORIENTED_EDGE('',*,*,#6216,.T.);
#6216 = EDGE_CURVE('',#6190,#6217,#6219,.T.);
#6217 = VERTEX_POINT('',#6218);
#6218 = CARTESIAN_POINT('',(10.4,-64.6,3.));
#6219 = SURFACE_CURVE('',#6220,(#6224,#6231),.PCURVE_S1.);
#6220 = LINE('',#6221,#6222);
#6221 = CARTESIAN_POINT('',(10.4,-72.6,3.));
#6222 = VECTOR('',#6223,1.);
#6223 = DIRECTION('',(0.,1.,0.));
#6224 = PCURVE('',#4272,#6225);
#6225 = DEFINITIONAL_REPRESENTATION('',(#6226),#6230);
#6226 = LINE('',#6227,#6228);
#6227 = CARTESIAN_POINT('',(8.,0.));
#6228 = VECTOR('',#6229,1.);
#6229 = DIRECTION('',(0.,1.));
#6230 = ( GEOMETRIC_REPRESENTATION_CONTEXT(2) 
PARAMETRIC_REPRESENTATION_CONTEXT() REPRESENTATION_CONTEXT('2D SPACE',''
  ) );
#6231 = PCURVE('',#6232,#6237);
#6232 = PLANE('',#6233);
#6233 = AXIS2_PLACEMENT_3D('',#6234,#6235,#6236);
#6234 = CARTESIAN_POINT('',(10.4,-72.6,3.));
#6235 = DIRECTION('',(1.,0.,0.));
#6236 = DIRECTION('',(0.,0.,1.));
#6237 = DEFINITIONAL_REPRESENTATION('',(#6238),#6242);
#6238 = LINE('',#6239,#6240);
#6239 = CARTESIAN_POINT('',(0.,0.));
#6240 = VECTOR('',#6241,1.);
#6241 = DIRECTION('',(0.,-1.));
#6242 = ( GEOMETRIC_REPRESENTATION_CONTEXT(2) 
PARAMETRIC_REPRESENTATION_CONTEXT() REPRESENTATION_CONTEXT('2D SPACE',''
  ) );
#6243 = ORIENTED_EDGE('',*,*,#6244,.F.);
#6244 = EDGE_CURVE('',#6245,#6217,#6247,.T.);
#6245 = VERTEX_POINT('',#6246);
#6246 = CARTESIAN_POINT('',(4.9,-64.6,3.));
#6247 = SURFACE_CURVE('',#6248,(#6252,#6259),.PCURVE_S1.);
#6248 = LINE('',#6249,#6250);
#6249 = CARTESIAN_POINT('',(2.4,-64.6,3.));
#6250 = VECTOR('',#6251,1.);
#6251 = DIRECTION('',(1.,0.,0.));
#6252 = PCURVE('',#4272,#6253);
#6253 = DEFINITIONAL_REPRESENTATION('',(#6254),#6258);
#6254 = LINE('',#6255,#6256);
#6255 = CARTESIAN_POINT('',(4.440892098501E-16,8.));
#6256 = VECTOR('',#6257,1.);
#6257 = DIRECTION('',(1.,0.));
#6258 = ( GEOMETRIC_REPRESENTATION_CONTEXT(2) 
PARAMETRIC_REPRESENTATION_CONTEXT() REPRESENTATION_CONTEXT('2D SPACE',''
  ) );
#6259 = PCURVE('',#6260,#6265);
#6260 = PLANE('',#6261);
#6261 = AXIS2_PLACEMENT_3D('',#6262,#6263,#6264);
#6262 = CARTESIAN_POINT('',(2.4,-64.6,3.));
#6263 = DIRECTION('',(0.,1.,0.));
#6264 = DIRECTION('',(0.,0.,1.));
#6265 = DEFINITIONAL_REPRESENTATION('',(#6266),#6270);
#6266 = LINE('',#6267,#6268);
#6267 = CARTESIAN_POINT('',(0.,0.));
#6268 = VECTOR('',#6269,1.);
#6269 = DIRECTION('',(0.,1.));
#6270 = ( GEOMETRIC_REPRESENTATION_CONTEXT(2) 
PARAMETRIC_REPRESENTATION_CONTEXT() REPRESENTATION_CONTEXT('2D SPACE',''
  ) );
#6271 = ORIENTED_EDGE('',*,*,#6272,.T.);
#6272 = EDGE_CURVE('',#6245,#6273,#6275,.T.);
#6273 = VERTEX_POINT('',#6274);
#6274 = CARTESIAN_POINT('',(4.9,64.6,3.));
#6275 = SURFACE_CURVE('',#6276,(#6280,#6287),.PCURVE_S1.);
#6276 = LINE('',#6277,#6278);
#6277 = CARTESIAN_POINT('',(4.9,-71.35,3.));
#6278 = VECTOR('',#6279,1.);
#6279 = DIRECTION('',(0.,1.,0.));
#6280 = PCURVE('',#4272,#6281);
#6281 = DEFINITIONAL_REPRESENTATION('',(#6282),#6286);
#6282 = LINE('',#6283,#6284);
#6283 = CARTESIAN_POINT('',(2.5,1.25));
#6284 = VECTOR('',#6285,1.);
#6285 = DIRECTION('',(0.,1.));
#6286 = ( GEOMETRIC_REPRESENTATION_CONTEXT(2) 
PARAMETRIC_REPRESENTATION_CONTEXT() REPRESENTATION_CONTEXT('2D SPACE',''
  ) );
#6287 = PCURVE('',#6288,#6293);
#6288 = PLANE('',#6289);
#6289 = AXIS2_PLACEMENT_3D('',#6290,#6291,#6292);
#6290 = CARTESIAN_POINT('',(4.9,-70.1,2.));
#6291 = DIRECTION('',(1.,0.,0.));
#6292 = DIRECTION('',(0.,0.,1.));
#6293 = DEFINITIONAL_REPRESENTATION('',(#6294),#6297);
#6294 = B_SPLINE_CURVE_WITH_KNOTS('',1,(#6295,#6296),.UNSPECIFIED.,.F.,
  .F.,(2,2),(1.25,141.45),.PIECEWISE_BEZIER_KNOTS.);
#6295 = CARTESIAN_POINT('',(1.,0.));
#6296 = CARTESIAN_POINT('',(1.,-140.2));
#6297 = ( GEOMETRIC_REPRESENTATION_CONTEXT(2) 
PARAMETRIC_REPRESENTATION_CONTEXT() REPRESENTATION_CONTEXT('2D SPACE',''
  ) );
#6298 = ORIENTED_EDGE('',*,*,#6299,.T.);
#6299 = EDGE_CURVE('',#6273,#6300,#6302,.T.);
#6300 = VERTEX_POINT('',#6301);
#6301 = CARTESIAN_POINT('',(10.4,64.6,3.));
#6302 = SURFACE_CURVE('',#6303,(#6307,#6314),.PCURVE_S1.);
#6303 = LINE('',#6304,#6305);
#6304 = CARTESIAN_POINT('',(2.4,64.6,3.));
#6305 = VECTOR('',#6306,1.);
#6306 = DIRECTION('',(1.,0.,0.));
#6307 = PCURVE('',#4272,#6308);
#6308 = DEFINITIONAL_REPRESENTATION('',(#6309),#6313);
#6309 = LINE('',#6310,#6311);
#6310 = CARTESIAN_POINT('',(4.440892098501E-16,137.2));
#6311 = VECTOR('',#6312,1.);
#6312 = DIRECTION('',(1.,0.));
#6313 = ( GEOMETRIC_REPRESENTATION_CONTEXT(2) 
PARAMETRIC_REPRESENTATION_CONTEXT() REPRESENTATION_CONTEXT('2D SPACE',''
  ) );
#6314 = PCURVE('',#6315,#6320);
#6315 = PLANE('',#6316);
#6316 = AXIS2_PLACEMENT_3D('',#6317,#6318,#6319);
#6317 = CARTESIAN_POINT('',(2.4,64.6,3.));
#6318 = DIRECTION('',(0.,1.,0.));
#6319 = DIRECTION('',(0.,0.,1.));
#6320 = DEFINITIONAL_REPRESENTATION('',(#6321),#6325);
#6321 = LINE('',#6322,#6323);
#6322 = CARTESIAN_POINT('',(0.,0.));
#6323 = VECTOR('',#6324,1.);
#6324 = DIRECTION('',(0.,1.));
#6325 = ( GEOMETRIC_REPRESENTATION_CONTEXT(2) 
PARAMETRIC_REPRESENTATION_CONTEXT() REPRESENTATION_CONTEXT('2D SPACE',''
  ) );
#6326 = ORIENTED_EDGE('',*,*,#6327,.T.);
#6327 = EDGE_CURVE('',#6300,#6024,#6328,.T.);
#6328 = SURFACE_CURVE('',#6329,(#6333,#6340),.PCURVE_S1.);
#6329 = LINE('',#6330,#6331);
#6330 = CARTESIAN_POINT('',(10.4,64.6,3.));
#6331 = VECTOR('',#6332,1.);
#6332 = DIRECTION('',(0.,1.,0.));
#6333 = PCURVE('',#4272,#6334);
#6334 = DEFINITIONAL_REPRESENTATION('',(#6335),#6339);
#6335 = LINE('',#6336,#6337);
#6336 = CARTESIAN_POINT('',(8.,137.2));
#6337 = VECTOR('',#6338,1.);
#6338 = DIRECTION('',(0.,1.));
#6339 = ( GEOMETRIC_REPRESENTATION_CONTEXT(2) 
PARAMETRIC_REPRESENTATION_CONTEXT() REPRESENTATION_CONTEXT('2D SPACE',''
  ) );
#6340 = PCURVE('',#6341,#6346);
#6341 = PLANE('',#6342);
#6342 = AXIS2_PLACEMENT_3D('',#6343,#6344,#6345);
#6343 = CARTESIAN_POINT('',(10.4,64.6,3.));
#6344 = DIRECTION('',(1.,0.,0.));
#6345 = DIRECTION('',(0.,0.,1.));
#6346 = DEFINITIONAL_REPRESENTATION('',(#6347),#6351);
#6347 = LINE('',#6348,#6349);
#6348 = CARTESIAN_POINT('',(0.,0.));
#6349 = VECTOR('',#6350,1.);
#6350 = DIRECTION('',(0.,-1.));
#6351 = ( GEOMETRIC_REPRESENTATION_CONTEXT(2) 
PARAMETRIC_REPRESENTATION_CONTEXT() REPRESENTATION_CONTEXT('2D SPACE',''
  ) );
#6352 = FACE_BOUND('',#6353,.F.);
#6353 = EDGE_LOOP('',(#6354));
#6354 = ORIENTED_EDGE('',*,*,#6355,.T.);
#6355 = EDGE_CURVE('',#6356,#6356,#6358,.T.);
#6356 = VERTEX_POINT('',#6357);
#6357 = CARTESIAN_POINT('',(85.4,68.6,3.));
#6358 = SURFACE_CURVE('',#6359,(#6364,#6375),.PCURVE_S1.);
#6359 = CIRCLE('',#6360,1.4);
#6360 = AXIS2_PLACEMENT_3D('',#6361,#6362,#6363);
#6361 = CARTESIAN_POINT('',(84.,68.6,3.));
#6362 = DIRECTION('',(0.,0.,-1.));
#6363 = DIRECTION('',(1.,0.,0.));
#6364 = PCURVE('',#4272,#6365);
#6365 = DEFINITIONAL_REPRESENTATION('',(#6366),#6374);
#6366 = ( BOUNDED_CURVE() B_SPLINE_CURVE(2,(#6367,#6368,#6369,#6370,
#6371,#6372,#6373),.UNSPECIFIED.,.T.,.F.) B_SPLINE_CURVE_WITH_KNOTS((1,2
    ,2,2,2,1),(-2.094395102393,0.,2.094395102393,4.188790204786,
6.28318530718,8.377580409573),.UNSPECIFIED.) CURVE() 
GEOMETRIC_REPRESENTATION_ITEM() RATIONAL_B_SPLINE_CURVE((1.,0.5,1.,0.5,
1.,0.5,1.)) REPRESENTATION_ITEM('') );
#6367 = CARTESIAN_POINT('',(83.,141.2));
#6368 = CARTESIAN_POINT('',(83.,138.7751288694));
#6369 = CARTESIAN_POINT('',(80.9,139.9875644347));
#6370 = CARTESIAN_POINT('',(78.8,141.2));
#6371 = CARTESIAN_POINT('',(80.9,142.41243556529));
#6372 = CARTESIAN_POINT('',(83.,143.62487113059));
#6373 = CARTESIAN_POINT('',(83.,141.2));
#6374 = ( GEOMETRIC_REPRESENTATION_CONTEXT(2) 
PARAMETRIC_REPRESENTATION_CONTEXT() REPRESENTATION_CONTEXT('2D SPACE',''
  ) );
#6375 = PCURVE('',#6376,#6381);
#6376 = CYLINDRICAL_SURFACE('',#6377,1.4);
#6377 = AXIS2_PLACEMENT_3D('',#6378,#6379,#6380);
#6378 = CARTESIAN_POINT('',(84.,68.6,2.));
#6379 = DIRECTION('',(-0.,-0.,-1.));
#6380 = DIRECTION('',(1.,0.,0.));
#6381 = DEFINITIONAL_REPRESENTATION('',(#6382),#6386);
#6382 = LINE('',#6383,#6384);
#6383 = CARTESIAN_POINT('',(-6.28318530718,-1.));
#6384 = VECTOR('',#6385,1.);
#6385 = DIRECTION('',(1.,-0.));
#6386 = ( GEOMETRIC_REPRESENTATION_CONTEXT(2) 
PARAMETRIC_REPRESENTATION_CONTEXT() REPRESENTATION_CONTEXT('2D SPACE',''
  ) );
#6387 = ADVANCED_FACE('',(#6388),#4549,.F.);
#6388 = FACE_BOUND('',#6389,.F.);
#6389 = EDGE_LOOP('',(#6390,#6391,#6414,#6435));
#6390 = ORIENTED_EDGE('',*,*,#5848,.F.);
#6391 = ORIENTED_EDGE('',*,*,#6392,.F.);
#6392 = EDGE_CURVE('',#6393,#5821,#6395,.T.);
#6393 = VERTEX_POINT('',#6394);
#6394 = CARTESIAN_POINT('',(136.,-73.,20.));
#6395 = SURFACE_CURVE('',#6396,(#6400,#6407),.PCURVE_S1.);
#6396 = LINE('',#6397,#6398);
#6397 = CARTESIAN_POINT('',(136.,-73.,20.));
#6398 = VECTOR('',#6399,1.);
#6399 = DIRECTION('',(0.,0.,1.));
#6400 = PCURVE('',#4549,#6401);
#6401 = DEFINITIONAL_REPRESENTATION('',(#6402),#6406);
#6402 = LINE('',#6403,#6404);
#6403 = CARTESIAN_POINT('',(0.,0.));
#6404 = VECTOR('',#6405,1.);
#6405 = DIRECTION('',(1.,0.));
#6406 = ( GEOMETRIC_REPRESENTATION_CONTEXT(2) 
PARAMETRIC_REPRESENTATION_CONTEXT() REPRESENTATION_CONTEXT('2D SPACE',''
  ) );
#6407 = PCURVE('',#5836,#6408);
#6408 = DEFINITIONAL_REPRESENTATION('',(#6409),#6413);
#6409 = LINE('',#6410,#6411);
#6410 = CARTESIAN_POINT('',(0.,40.));
#6411 = VECTOR('',#6412,1.);
#6412 = DIRECTION('',(1.,0.));
#6413 = ( GEOMETRIC_REPRESENTATION_CONTEXT(2) 
PARAMETRIC_REPRESENTATION_CONTEXT() REPRESENTATION_CONTEXT('2D SPACE',''
  ) );
#6414 = ORIENTED_EDGE('',*,*,#6415,.T.);
#6415 = EDGE_CURVE('',#6393,#4509,#6416,.T.);
#6416 = SURFACE_CURVE('',#6417,(#6421,#6428),.PCURVE_S1.);
#6417 = LINE('',#6418,#6419);
#6418 = CARTESIAN_POINT('',(136.,-73.,20.));
#6419 = VECTOR('',#6420,1.);
#6420 = DIRECTION('',(0.,1.,0.));
#6421 = PCURVE('',#4549,#6422);
#6422 = DEFINITIONAL_REPRESENTATION('',(#6423),#6427);
#6423 = LINE('',#6424,#6425);
#6424 = CARTESIAN_POINT('',(0.,0.));
#6425 = VECTOR('',#6426,1.);
#6426 = DIRECTION('',(0.,-1.));
#6427 = ( GEOMETRIC_REPRESENTATION_CONTEXT(2) 
PARAMETRIC_REPRESENTATION_CONTEXT() REPRESENTATION_CONTEXT('2D SPACE',''
  ) );
#6428 = PCURVE('',#4523,#6429);
#6429 = DEFINITIONAL_REPRESENTATION('',(#6430),#6434);
#6430 = LINE('',#6431,#6432);
#6431 = CARTESIAN_POINT('',(40.,0.));
#6432 = VECTOR('',#6433,1.);
#6433 = DIRECTION('',(0.,1.));
#6434 = ( GEOMETRIC_REPRESENTATION_CONTEXT(2) 
PARAMETRIC_REPRESENTATION_CONTEXT() REPRESENTATION_CONTEXT('2D SPACE',''
  ) );
#6435 = ORIENTED_EDGE('',*,*,#4534,.F.);
#6436 = ADVANCED_FACE('',(#6437),#4523,.T.);
#6437 = FACE_BOUND('',#6438,.T.);
#6438 = EDGE_LOOP('',(#6439,#6440,#6463,#6484));
#6439 = ORIENTED_EDGE('',*,*,#4508,.F.);
#6440 = ORIENTED_EDGE('',*,*,#6441,.F.);
#6441 = EDGE_CURVE('',#6442,#4483,#6444,.T.);
#6442 = VERTEX_POINT('',#6443);
#6443 = CARTESIAN_POINT('',(96.,-73.,20.));
#6444 = SURFACE_CURVE('',#6445,(#6449,#6456),.PCURVE_S1.);
#6445 = LINE('',#6446,#6447);
#6446 = CARTESIAN_POINT('',(96.,-73.,20.));
#6447 = VECTOR('',#6448,1.);
#6448 = DIRECTION('',(0.,1.,0.));
#6449 = PCURVE('',#4523,#6450);
#6450 = DEFINITIONAL_REPRESENTATION('',(#6451),#6455);
#6451 = LINE('',#6452,#6453);
#6452 = CARTESIAN_POINT('',(0.,0.));
#6453 = VECTOR('',#6454,1.);
#6454 = DIRECTION('',(0.,1.));
#6455 = ( GEOMETRIC_REPRESENTATION_CONTEXT(2) 
PARAMETRIC_REPRESENTATION_CONTEXT() REPRESENTATION_CONTEXT('2D SPACE',''
  ) );
#6456 = PCURVE('',#4497,#6457);
#6457 = DEFINITIONAL_REPRESENTATION('',(#6458),#6462);
#6458 = LINE('',#6459,#6460);
#6459 = CARTESIAN_POINT('',(0.,0.));
#6460 = VECTOR('',#6461,1.);
#6461 = DIRECTION('',(0.,-1.));
#6462 = ( GEOMETRIC_REPRESENTATION_CONTEXT(2) 
PARAMETRIC_REPRESENTATION_CONTEXT() REPRESENTATION_CONTEXT('2D SPACE',''
  ) );
#6463 = ORIENTED_EDGE('',*,*,#6464,.T.);
#6464 = EDGE_CURVE('',#6442,#6393,#6465,.T.);
#6465 = SURFACE_CURVE('',#6466,(#6470,#6477),.PCURVE_S1.);
#6466 = LINE('',#6467,#6468);
#6467 = CARTESIAN_POINT('',(96.,-73.,20.));
#6468 = VECTOR('',#6469,1.);
#6469 = DIRECTION('',(1.,0.,0.));
#6470 = PCURVE('',#4523,#6471);
#6471 = DEFINITIONAL_REPRESENTATION('',(#6472),#6476);
#6472 = LINE('',#6473,#6474);
#6473 = CARTESIAN_POINT('',(0.,0.));
#6474 = VECTOR('',#6475,1.);
#6475 = DIRECTION('',(1.,0.));
#6476 = ( GEOMETRIC_REPRESENTATION_CONTEXT(2) 
PARAMETRIC_REPRESENTATION_CONTEXT() REPRESENTATION_CONTEXT('2D SPACE',''
  ) );
#6477 = PCURVE('',#5836,#6478);
#6478 = DEFINITIONAL_REPRESENTATION('',(#6479),#6483);
#6479 = LINE('',#6480,#6481);
#6480 = CARTESIAN_POINT('',(0.,0.));
#6481 = VECTOR('',#6482,1.);
#6482 = DIRECTION('',(0.,1.));
#6483 = ( GEOMETRIC_REPRESENTATION_CONTEXT(2) 
PARAMETRIC_REPRESENTATION_CONTEXT() REPRESENTATION_CONTEXT('2D SPACE',''
  ) );
#6484 = ORIENTED_EDGE('',*,*,#6415,.T.);
#6485 = ADVANCED_FACE('',(#6486),#4497,.T.);
#6486 = FACE_BOUND('',#6487,.T.);
#6487 = EDGE_LOOP('',(#6488,#6489,#6510,#6511));
#6488 = ORIENTED_EDGE('',*,*,#5797,.F.);
#6489 = ORIENTED_EDGE('',*,*,#6490,.F.);
#6490 = EDGE_CURVE('',#6442,#5798,#6491,.T.);
#6491 = SURFACE_CURVE('',#6492,(#6496,#6503),.PCURVE_S1.);
#6492 = LINE('',#6493,#6494);
#6493 = CARTESIAN_POINT('',(96.,-73.,20.));
#6494 = VECTOR('',#6495,1.);
#6495 = DIRECTION('',(0.,0.,1.));
#6496 = PCURVE('',#4497,#6497);
#6497 = DEFINITIONAL_REPRESENTATION('',(#6498),#6502);
#6498 = LINE('',#6499,#6500);
#6499 = CARTESIAN_POINT('',(0.,0.));
#6500 = VECTOR('',#6501,1.);
#6501 = DIRECTION('',(1.,0.));
#6502 = ( GEOMETRIC_REPRESENTATION_CONTEXT(2) 
PARAMETRIC_REPRESENTATION_CONTEXT() REPRESENTATION_CONTEXT('2D SPACE',''
  ) );
#6503 = PCURVE('',#5836,#6504);
#6504 = DEFINITIONAL_REPRESENTATION('',(#6505),#6509);
#6505 = LINE('',#6506,#6507);
#6506 = CARTESIAN_POINT('',(0.,0.));
#6507 = VECTOR('',#6508,1.);
#6508 = DIRECTION('',(1.,0.));
#6509 = ( GEOMETRIC_REPRESENTATION_CONTEXT(2) 
PARAMETRIC_REPRESENTATION_CONTEXT() REPRESENTATION_CONTEXT('2D SPACE',''
  ) );
#6510 = ORIENTED_EDGE('',*,*,#6441,.T.);
#6511 = ORIENTED_EDGE('',*,*,#4482,.F.);
#6512 = ADVANCED_FACE('',(#6513),#4625,.T.);
#6513 = FACE_BOUND('',#6514,.T.);
#6514 = EDGE_LOOP('',(#6515,#6516,#6517,#6518));
#6515 = ORIENTED_EDGE('',*,*,#5337,.F.);
#6516 = ORIENTED_EDGE('',*,*,#4609,.F.);
#6517 = ORIENTED_EDGE('',*,*,#4816,.F.);
#6518 = ORIENTED_EDGE('',*,*,#4866,.T.);
#6519 = ADVANCED_FACE('',(#6520),#4698,.T.);
#6520 = FACE_BOUND('',#6521,.T.);
#6521 = EDGE_LOOP('',(#6522,#6523,#6524,#6525));
#6522 = ORIENTED_EDGE('',*,*,#4682,.F.);
#6523 = ORIENTED_EDGE('',*,*,#5364,.T.);
#6524 = ORIENTED_EDGE('',*,*,#4934,.T.);
#6525 = ORIENTED_EDGE('',*,*,#5391,.F.);
#6526 = ADVANCED_FACE('',(#6527),#4799,.F.);
#6527 = FACE_BOUND('',#6528,.T.);
#6528 = EDGE_LOOP('',(#6529,#6558,#6579,#6580));
#6529 = ORIENTED_EDGE('',*,*,#6530,.F.);
#6530 = EDGE_CURVE('',#6531,#6531,#6533,.T.);
#6531 = VERTEX_POINT('',#6532);
#6532 = CARTESIAN_POINT('',(87.,-65.,23.));
#6533 = SURFACE_CURVE('',#6534,(#6539,#6546),.PCURVE_S1.);
#6534 = CIRCLE('',#6535,3.);
#6535 = AXIS2_PLACEMENT_3D('',#6536,#6537,#6538);
#6536 = CARTESIAN_POINT('',(87.,-68.,23.));
#6537 = DIRECTION('',(1.,0.,0.));
#6538 = DIRECTION('',(0.,1.,0.));
#6539 = PCURVE('',#4799,#6540);
#6540 = DEFINITIONAL_REPRESENTATION('',(#6541),#6545);
#6541 = LINE('',#6542,#6543);
#6542 = CARTESIAN_POINT('',(-0.,0.));
#6543 = VECTOR('',#6544,1.);
#6544 = DIRECTION('',(-1.,0.));
#6545 = ( GEOMETRIC_REPRESENTATION_CONTEXT(2) 
PARAMETRIC_REPRESENTATION_CONTEXT() REPRESENTATION_CONTEXT('2D SPACE',''
  ) );
#6546 = PCURVE('',#6547,#6552);
#6547 = PLANE('',#6548);
#6548 = AXIS2_PLACEMENT_3D('',#6549,#6550,#6551);
#6549 = CARTESIAN_POINT('',(87.,-68.,23.));
#6550 = DIRECTION('',(1.,0.,0.));
#6551 = DIRECTION('',(-0.,0.,1.));
#6552 = DEFINITIONAL_REPRESENTATION('',(#6553),#6557);
#6553 = CIRCLE('',#6554,3.);
#6554 = AXIS2_PLACEMENT_2D('',#6555,#6556);
#6555 = CARTESIAN_POINT('',(0.,0.));
#6556 = DIRECTION('',(0.,-1.));
#6557 = ( GEOMETRIC_REPRESENTATION_CONTEXT(2) 
PARAMETRIC_REPRESENTATION_CONTEXT() REPRESENTATION_CONTEXT('2D SPACE',''
  ) );
#6558 = ORIENTED_EDGE('',*,*,#6559,.T.);
#6559 = EDGE_CURVE('',#6531,#4779,#6560,.T.);
#6560 = SEAM_CURVE('',#6561,(#6565,#6572),.PCURVE_S1.);
#6561 = LINE('',#6562,#6563);
#6562 = CARTESIAN_POINT('',(87.,-65.,23.));
#6563 = VECTOR('',#6564,1.);
#6564 = DIRECTION('',(1.,0.,0.));
#6565 = PCURVE('',#4799,#6566);
#6566 = DEFINITIONAL_REPRESENTATION('',(#6567),#6571);
#6567 = LINE('',#6568,#6569);
#6568 = CARTESIAN_POINT('',(-6.28318530718,0.));
#6569 = VECTOR('',#6570,1.);
#6570 = DIRECTION('',(-0.,-1.));
#6571 = ( GEOMETRIC_REPRESENTATION_CONTEXT(2) 
PARAMETRIC_REPRESENTATION_CONTEXT() REPRESENTATION_CONTEXT('2D SPACE',''
  ) );
#6572 = PCURVE('',#4799,#6573);
#6573 = DEFINITIONAL_REPRESENTATION('',(#6574),#6578);
#6574 = LINE('',#6575,#6576);
#6575 = CARTESIAN_POINT('',(-0.,0.));
#6576 = VECTOR('',#6577,1.);
#6577 = DIRECTION('',(-0.,-1.));
#6578 = ( GEOMETRIC_REPRESENTATION_CONTEXT(2) 
PARAMETRIC_REPRESENTATION_CONTEXT() REPRESENTATION_CONTEXT('2D SPACE',''
  ) );
#6579 = ORIENTED_EDGE('',*,*,#4778,.F.);
#6580 = ORIENTED_EDGE('',*,*,#6559,.F.);
#6581 = ADVANCED_FACE('',(#6582),#5300,.F.);
#6582 = FACE_BOUND('',#6583,.F.);
#6583 = EDGE_LOOP('',(#6584,#6614,#6633,#6634,#6635,#6658,#6684,#6710,
    #6736,#6764,#6790,#6816));
#6584 = ORIENTED_EDGE('',*,*,#6585,.F.);
#6585 = EDGE_CURVE('',#6586,#6588,#6590,.T.);
#6586 = VERTEX_POINT('',#6587);
#6587 = CARTESIAN_POINT('',(136.,-53.1,22.));
#6588 = VERTEX_POINT('',#6589);
#6589 = CARTESIAN_POINT('',(165.,-53.1,22.));
#6590 = SURFACE_CURVE('',#6591,(#6595,#6602),.PCURVE_S1.);
#6591 = LINE('',#6592,#6593);
#6592 = CARTESIAN_POINT('',(91.9,-53.1,22.));
#6593 = VECTOR('',#6594,1.);
#6594 = DIRECTION('',(1.,0.,0.));
#6595 = PCURVE('',#5300,#6596);
#6596 = DEFINITIONAL_REPRESENTATION('',(#6597),#6601);
#6597 = LINE('',#6598,#6599);
#6598 = CARTESIAN_POINT('',(0.,0.));
#6599 = VECTOR('',#6600,1.);
#6600 = DIRECTION('',(0.,1.));
#6601 = ( GEOMETRIC_REPRESENTATION_CONTEXT(2) 
PARAMETRIC_REPRESENTATION_CONTEXT() REPRESENTATION_CONTEXT('2D SPACE',''
  ) );
#6602 = PCURVE('',#6603,#6608);
#6603 = PLANE('',#6604);
#6604 = AXIS2_PLACEMENT_3D('',#6605,#6606,#6607);
#6605 = CARTESIAN_POINT('',(91.9,-53.1,22.));
#6606 = DIRECTION('',(0.,0.,1.));
#6607 = DIRECTION('',(1.,0.,0.));
#6608 = DEFINITIONAL_REPRESENTATION('',(#6609),#6613);
#6609 = LINE('',#6610,#6611);
#6610 = CARTESIAN_POINT('',(0.,0.));
#6611 = VECTOR('',#6612,1.);
#6612 = DIRECTION('',(1.,0.));
#6613 = ( GEOMETRIC_REPRESENTATION_CONTEXT(2) 
PARAMETRIC_REPRESENTATION_CONTEXT() REPRESENTATION_CONTEXT('2D SPACE',''
  ) );
#6614 = ORIENTED_EDGE('',*,*,#6615,.F.);
#6615 = EDGE_CURVE('',#5503,#6586,#6616,.T.);
#6616 = SURFACE_CURVE('',#6617,(#6621,#6627),.PCURVE_S1.);
#6617 = LINE('',#6618,#6619);
#6618 = CARTESIAN_POINT('',(136.,-53.1,21.));
#6619 = VECTOR('',#6620,1.);
#6620 = DIRECTION('',(0.,0.,-1.));
#6621 = PCURVE('',#5300,#6622);
#6622 = DEFINITIONAL_REPRESENTATION('',(#6623),#6626);
#6623 = B_SPLINE_CURVE_WITH_KNOTS('',1,(#6624,#6625),.UNSPECIFIED.,.F.,
  .F.,(2,2),(-7.,-1.),.PIECEWISE_BEZIER_KNOTS.);
#6624 = CARTESIAN_POINT('',(6.,44.1));
#6625 = CARTESIAN_POINT('',(0.,44.1));
#6626 = ( GEOMETRIC_REPRESENTATION_CONTEXT(2) 
PARAMETRIC_REPRESENTATION_CONTEXT() REPRESENTATION_CONTEXT('2D SPACE',''
  ) );
#6627 = PCURVE('',#5541,#6628);
#6628 = DEFINITIONAL_REPRESENTATION('',(#6629),#6632);
#6629 = B_SPLINE_CURVE_WITH_KNOTS('',1,(#6630,#6631),.UNSPECIFIED.,.F.,
  .F.,(2,2),(-7.,-1.),.PIECEWISE_BEZIER_KNOTS.);
#6630 = CARTESIAN_POINT('',(8.,-19.9));
#6631 = CARTESIAN_POINT('',(2.,-19.9));
#6632 = ( GEOMETRIC_REPRESENTATION_CONTEXT(2) 
PARAMETRIC_REPRESENTATION_CONTEXT() REPRESENTATION_CONTEXT('2D SPACE',''
  ) );
#6633 = ORIENTED_EDGE('',*,*,#5502,.T.);
#6634 = ORIENTED_EDGE('',*,*,#5285,.F.);
#6635 = ORIENTED_EDGE('',*,*,#6636,.F.);
#6636 = EDGE_CURVE('',#6637,#5260,#6639,.T.);
#6637 = VERTEX_POINT('',#6638);
#6638 = CARTESIAN_POINT('',(185.,-53.1,22.));
#6639 = SURFACE_CURVE('',#6640,(#6644,#6651),.PCURVE_S1.);
#6640 = LINE('',#6641,#6642);
#6641 = CARTESIAN_POINT('',(91.9,-53.1,22.));
#6642 = VECTOR('',#6643,1.);
#6643 = DIRECTION('',(1.,0.,0.));
#6644 = PCURVE('',#5300,#6645);
#6645 = DEFINITIONAL_REPRESENTATION('',(#6646),#6650);
#6646 = LINE('',#6647,#6648);
#6647 = CARTESIAN_POINT('',(0.,0.));
#6648 = VECTOR('',#6649,1.);
#6649 = DIRECTION('',(0.,1.));
#6650 = ( GEOMETRIC_REPRESENTATION_CONTEXT(2) 
PARAMETRIC_REPRESENTATION_CONTEXT() REPRESENTATION_CONTEXT('2D SPACE',''
  ) );
#6651 = PCURVE('',#5274,#6652);
#6652 = DEFINITIONAL_REPRESENTATION('',(#6653),#6657);
#6653 = LINE('',#6654,#6655);
#6654 = CARTESIAN_POINT('',(0.,0.));
#6655 = VECTOR('',#6656,1.);
#6656 = DIRECTION('',(1.,0.));
#6657 = ( GEOMETRIC_REPRESENTATION_CONTEXT(2) 
PARAMETRIC_REPRESENTATION_CONTEXT() REPRESENTATION_CONTEXT('2D SPACE',''
  ) );
#6658 = ORIENTED_EDGE('',*,*,#6659,.F.);
#6659 = EDGE_CURVE('',#6660,#6637,#6662,.T.);
#6660 = VERTEX_POINT('',#6661);
#6661 = CARTESIAN_POINT('',(185.,-53.1,27.));
#6662 = SURFACE_CURVE('',#6663,(#6667,#6673),.PCURVE_S1.);
#6663 = LINE('',#6664,#6665);
#6664 = CARTESIAN_POINT('',(185.,-53.1,21.5));
#6665 = VECTOR('',#6666,1.);
#6666 = DIRECTION('',(0.,0.,-1.));
#6667 = PCURVE('',#5300,#6668);
#6668 = DEFINITIONAL_REPRESENTATION('',(#6669),#6672);
#6669 = B_SPLINE_CURVE_WITH_KNOTS('',1,(#6670,#6671),.UNSPECIFIED.,.F.,
  .F.,(2,2),(-5.5,-0.5),.PIECEWISE_BEZIER_KNOTS.);
#6670 = CARTESIAN_POINT('',(5.,93.1));
#6671 = CARTESIAN_POINT('',(0.,93.1));
#6672 = ( GEOMETRIC_REPRESENTATION_CONTEXT(2) 
PARAMETRIC_REPRESENTATION_CONTEXT() REPRESENTATION_CONTEXT('2D SPACE',''
  ) );
#6673 = PCURVE('',#6674,#6679);
#6674 = PLANE('',#6675);
#6675 = AXIS2_PLACEMENT_3D('',#6676,#6677,#6678);
#6676 = CARTESIAN_POINT('',(185.,-53.2,21.));
#6677 = DIRECTION('',(1.,0.,0.));
#6678 = DIRECTION('',(0.,0.,1.));
#6679 = DEFINITIONAL_REPRESENTATION('',(#6680),#6683);
#6680 = B_SPLINE_CURVE_WITH_KNOTS('',1,(#6681,#6682),.UNSPECIFIED.,.F.,
  .F.,(2,2),(-5.5,-0.5),.PIECEWISE_BEZIER_KNOTS.);
#6681 = CARTESIAN_POINT('',(6.,-0.1));
#6682 = CARTESIAN_POINT('',(1.,-0.1));
#6683 = ( GEOMETRIC_REPRESENTATION_CONTEXT(2) 
PARAMETRIC_REPRESENTATION_CONTEXT() REPRESENTATION_CONTEXT('2D SPACE',''
  ) );
#6684 = ORIENTED_EDGE('',*,*,#6685,.F.);
#6685 = EDGE_CURVE('',#6686,#6660,#6688,.T.);
#6686 = VERTEX_POINT('',#6687);
#6687 = CARTESIAN_POINT('',(184.,-53.1,27.));
#6688 = SURFACE_CURVE('',#6689,(#6693,#6699),.PCURVE_S1.);
#6689 = LINE('',#6690,#6691);
#6690 = CARTESIAN_POINT('',(137.95,-53.1,27.));
#6691 = VECTOR('',#6692,1.);
#6692 = DIRECTION('',(1.,0.,0.));
#6693 = PCURVE('',#5300,#6694);
#6694 = DEFINITIONAL_REPRESENTATION('',(#6695),#6698);
#6695 = B_SPLINE_CURVE_WITH_KNOTS('',1,(#6696,#6697),.UNSPECIFIED.,.F.,
  .F.,(2,2),(46.05,47.05),.PIECEWISE_BEZIER_KNOTS.);
#6696 = CARTESIAN_POINT('',(5.,92.1));
#6697 = CARTESIAN_POINT('',(5.,93.1));
#6698 = ( GEOMETRIC_REPRESENTATION_CONTEXT(2) 
PARAMETRIC_REPRESENTATION_CONTEXT() REPRESENTATION_CONTEXT('2D SPACE',''
  ) );
#6699 = PCURVE('',#6700,#6705);
#6700 = PLANE('',#6701);
#6701 = AXIS2_PLACEMENT_3D('',#6702,#6703,#6704);
#6702 = CARTESIAN_POINT('',(184.,-53.2,27.));
#6703 = DIRECTION('',(0.,0.,1.));
#6704 = DIRECTION('',(1.,0.,0.));
#6705 = DEFINITIONAL_REPRESENTATION('',(#6706),#6709);
#6706 = B_SPLINE_CURVE_WITH_KNOTS('',1,(#6707,#6708),.UNSPECIFIED.,.F.,
  .F.,(2,2),(46.05,47.05),.PIECEWISE_BEZIER_KNOTS.);
#6707 = CARTESIAN_POINT('',(0.,0.1));
#6708 = CARTESIAN_POINT('',(1.,0.1));
#6709 = ( GEOMETRIC_REPRESENTATION_CONTEXT(2) 
PARAMETRIC_REPRESENTATION_CONTEXT() REPRESENTATION_CONTEXT('2D SPACE',''
  ) );
#6710 = ORIENTED_EDGE('',*,*,#6711,.T.);
#6711 = EDGE_CURVE('',#6686,#6712,#6714,.T.);
#6712 = VERTEX_POINT('',#6713);
#6713 = CARTESIAN_POINT('',(184.,-53.1,22.));
#6714 = SURFACE_CURVE('',#6715,(#6719,#6725),.PCURVE_S1.);
#6715 = LINE('',#6716,#6717);
#6716 = CARTESIAN_POINT('',(184.,-53.1,21.5));
#6717 = VECTOR('',#6718,1.);
#6718 = DIRECTION('',(0.,0.,-1.));
#6719 = PCURVE('',#5300,#6720);
#6720 = DEFINITIONAL_REPRESENTATION('',(#6721),#6724);
#6721 = B_SPLINE_CURVE_WITH_KNOTS('',1,(#6722,#6723),.UNSPECIFIED.,.F.,
  .F.,(2,2),(-5.5,-0.5),.PIECEWISE_BEZIER_KNOTS.);
#6722 = CARTESIAN_POINT('',(5.,92.1));
#6723 = CARTESIAN_POINT('',(0.,92.1));
#6724 = ( GEOMETRIC_REPRESENTATION_CONTEXT(2) 
PARAMETRIC_REPRESENTATION_CONTEXT() REPRESENTATION_CONTEXT('2D SPACE',''
  ) );
#6725 = PCURVE('',#6726,#6731);
#6726 = PLANE('',#6727);
#6727 = AXIS2_PLACEMENT_3D('',#6728,#6729,#6730);
#6728 = CARTESIAN_POINT('',(184.,-53.2,21.));
#6729 = DIRECTION('',(1.,0.,0.));
#6730 = DIRECTION('',(0.,0.,1.));
#6731 = DEFINITIONAL_REPRESENTATION('',(#6732),#6735);
#6732 = B_SPLINE_CURVE_WITH_KNOTS('',1,(#6733,#6734),.UNSPECIFIED.,.F.,
  .F.,(2,2),(-5.5,-0.5),.PIECEWISE_BEZIER_KNOTS.);
#6733 = CARTESIAN_POINT('',(6.,-0.1));
#6734 = CARTESIAN_POINT('',(1.,-0.1));
#6735 = ( GEOMETRIC_REPRESENTATION_CONTEXT(2) 
PARAMETRIC_REPRESENTATION_CONTEXT() REPRESENTATION_CONTEXT('2D SPACE',''
  ) );
#6736 = ORIENTED_EDGE('',*,*,#6737,.F.);
#6737 = EDGE_CURVE('',#6738,#6712,#6740,.T.);
#6738 = VERTEX_POINT('',#6739);
#6739 = CARTESIAN_POINT('',(166.,-53.1,22.));
#6740 = SURFACE_CURVE('',#6741,(#6745,#6752),.PCURVE_S1.);
#6741 = LINE('',#6742,#6743);
#6742 = CARTESIAN_POINT('',(91.9,-53.1,22.));
#6743 = VECTOR('',#6744,1.);
#6744 = DIRECTION('',(1.,0.,0.));
#6745 = PCURVE('',#5300,#6746);
#6746 = DEFINITIONAL_REPRESENTATION('',(#6747),#6751);
#6747 = LINE('',#6748,#6749);
#6748 = CARTESIAN_POINT('',(0.,0.));
#6749 = VECTOR('',#6750,1.);
#6750 = DIRECTION('',(0.,1.));
#6751 = ( GEOMETRIC_REPRESENTATION_CONTEXT(2) 
PARAMETRIC_REPRESENTATION_CONTEXT() REPRESENTATION_CONTEXT('2D SPACE',''
  ) );
#6752 = PCURVE('',#6753,#6758);
#6753 = PLANE('',#6754);
#6754 = AXIS2_PLACEMENT_3D('',#6755,#6756,#6757);
#6755 = CARTESIAN_POINT('',(91.9,-53.1,22.));
#6756 = DIRECTION('',(0.,0.,1.));
#6757 = DIRECTION('',(1.,0.,0.));
#6758 = DEFINITIONAL_REPRESENTATION('',(#6759),#6763);
#6759 = LINE('',#6760,#6761);
#6760 = CARTESIAN_POINT('',(0.,0.));
#6761 = VECTOR('',#6762,1.);
#6762 = DIRECTION('',(1.,0.));
#6763 = ( GEOMETRIC_REPRESENTATION_CONTEXT(2) 
PARAMETRIC_REPRESENTATION_CONTEXT() REPRESENTATION_CONTEXT('2D SPACE',''
  ) );
#6764 = ORIENTED_EDGE('',*,*,#6765,.F.);
#6765 = EDGE_CURVE('',#6766,#6738,#6768,.T.);
#6766 = VERTEX_POINT('',#6767);
#6767 = CARTESIAN_POINT('',(166.,-53.1,27.));
#6768 = SURFACE_CURVE('',#6769,(#6773,#6779),.PCURVE_S1.);
#6769 = LINE('',#6770,#6771);
#6770 = CARTESIAN_POINT('',(166.,-53.1,21.5));
#6771 = VECTOR('',#6772,1.);
#6772 = DIRECTION('',(0.,0.,-1.));
#6773 = PCURVE('',#5300,#6774);
#6774 = DEFINITIONAL_REPRESENTATION('',(#6775),#6778);
#6775 = B_SPLINE_CURVE_WITH_KNOTS('',1,(#6776,#6777),.UNSPECIFIED.,.F.,
  .F.,(2,2),(-5.5,-0.5),.PIECEWISE_BEZIER_KNOTS.);
#6776 = CARTESIAN_POINT('',(5.,74.1));
#6777 = CARTESIAN_POINT('',(0.,74.1));
#6778 = ( GEOMETRIC_REPRESENTATION_CONTEXT(2) 
PARAMETRIC_REPRESENTATION_CONTEXT() REPRESENTATION_CONTEXT('2D SPACE',''
  ) );
#6779 = PCURVE('',#6780,#6785);
#6780 = PLANE('',#6781);
#6781 = AXIS2_PLACEMENT_3D('',#6782,#6783,#6784);
#6782 = CARTESIAN_POINT('',(166.,-53.2,21.));
#6783 = DIRECTION('',(1.,0.,0.));
#6784 = DIRECTION('',(0.,0.,1.));
#6785 = DEFINITIONAL_REPRESENTATION('',(#6786),#6789);
#6786 = B_SPLINE_CURVE_WITH_KNOTS('',1,(#6787,#6788),.UNSPECIFIED.,.F.,
  .F.,(2,2),(-5.5,-0.5),.PIECEWISE_BEZIER_KNOTS.);
#6787 = CARTESIAN_POINT('',(6.,-0.1));
#6788 = CARTESIAN_POINT('',(1.,-0.1));
#6789 = ( GEOMETRIC_REPRESENTATION_CONTEXT(2) 
PARAMETRIC_REPRESENTATION_CONTEXT() REPRESENTATION_CONTEXT('2D SPACE',''
  ) );
#6790 = ORIENTED_EDGE('',*,*,#6791,.F.);
#6791 = EDGE_CURVE('',#6792,#6766,#6794,.T.);
#6792 = VERTEX_POINT('',#6793);
#6793 = CARTESIAN_POINT('',(165.,-53.1,27.));
#6794 = SURFACE_CURVE('',#6795,(#6799,#6805),.PCURVE_S1.);
#6795 = LINE('',#6796,#6797);
#6796 = CARTESIAN_POINT('',(128.45,-53.1,27.));
#6797 = VECTOR('',#6798,1.);
#6798 = DIRECTION('',(1.,0.,0.));
#6799 = PCURVE('',#5300,#6800);
#6800 = DEFINITIONAL_REPRESENTATION('',(#6801),#6804);
#6801 = B_SPLINE_CURVE_WITH_KNOTS('',1,(#6802,#6803),.UNSPECIFIED.,.F.,
  .F.,(2,2),(36.55,37.55),.PIECEWISE_BEZIER_KNOTS.);
#6802 = CARTESIAN_POINT('',(5.,73.1));
#6803 = CARTESIAN_POINT('',(5.,74.1));
#6804 = ( GEOMETRIC_REPRESENTATION_CONTEXT(2) 
PARAMETRIC_REPRESENTATION_CONTEXT() REPRESENTATION_CONTEXT('2D SPACE',''
  ) );
#6805 = PCURVE('',#6806,#6811);
#6806 = PLANE('',#6807);
#6807 = AXIS2_PLACEMENT_3D('',#6808,#6809,#6810);
#6808 = CARTESIAN_POINT('',(165.,-53.2,27.));
#6809 = DIRECTION('',(0.,0.,1.));
#6810 = DIRECTION('',(1.,0.,0.));
#6811 = DEFINITIONAL_REPRESENTATION('',(#6812),#6815);
#6812 = B_SPLINE_CURVE_WITH_KNOTS('',1,(#6813,#6814),.UNSPECIFIED.,.F.,
  .F.,(2,2),(36.55,37.55),.PIECEWISE_BEZIER_KNOTS.);
#6813 = CARTESIAN_POINT('',(0.,0.1));
#6814 = CARTESIAN_POINT('',(1.,0.1));
#6815 = ( GEOMETRIC_REPRESENTATION_CONTEXT(2) 
PARAMETRIC_REPRESENTATION_CONTEXT() REPRESENTATION_CONTEXT('2D SPACE',''
  ) );
#6816 = ORIENTED_EDGE('',*,*,#6817,.T.);
#6817 = EDGE_CURVE('',#6792,#6588,#6818,.T.);
#6818 = SURFACE_CURVE('',#6819,(#6823,#6829),.PCURVE_S1.);
#6819 = LINE('',#6820,#6821);
#6820 = CARTESIAN_POINT('',(165.,-53.1,21.5));
#6821 = VECTOR('',#6822,1.);
#6822 = DIRECTION('',(0.,0.,-1.));
#6823 = PCURVE('',#5300,#6824);
#6824 = DEFINITIONAL_REPRESENTATION('',(#6825),#6828);
#6825 = B_SPLINE_CURVE_WITH_KNOTS('',1,(#6826,#6827),.UNSPECIFIED.,.F.,
  .F.,(2,2),(-5.5,-0.5),.PIECEWISE_BEZIER_KNOTS.);
#6826 = CARTESIAN_POINT('',(5.,73.1));
#6827 = CARTESIAN_POINT('',(0.,73.1));
#6828 = ( GEOMETRIC_REPRESENTATION_CONTEXT(2) 
PARAMETRIC_REPRESENTATION_CONTEXT() REPRESENTATION_CONTEXT('2D SPACE',''
  ) );
#6829 = PCURVE('',#6830,#6835);
#6830 = PLANE('',#6831);
#6831 = AXIS2_PLACEMENT_3D('',#6832,#6833,#6834);
#6832 = CARTESIAN_POINT('',(165.,-53.2,21.));
#6833 = DIRECTION('',(1.,0.,0.));
#6834 = DIRECTION('',(0.,0.,1.));
#6835 = DEFINITIONAL_REPRESENTATION('',(#6836),#6839);
#6836 = B_SPLINE_CURVE_WITH_KNOTS('',1,(#6837,#6838),.UNSPECIFIED.,.F.,
  .F.,(2,2),(-5.5,-0.5),.PIECEWISE_BEZIER_KNOTS.);
#6837 = CARTESIAN_POINT('',(6.,-0.1));
#6838 = CARTESIAN_POINT('',(1.,-0.1));
#6839 = ( GEOMETRIC_REPRESENTATION_CONTEXT(2) 
PARAMETRIC_REPRESENTATION_CONTEXT() REPRESENTATION_CONTEXT('2D SPACE',''
  ) );
#6840 = ADVANCED_FACE('',(#6841),#5274,.F.);
#6841 = FACE_BOUND('',#6842,.F.);
#6842 = EDGE_LOOP('',(#6843,#6866,#6887,#6906,#6907,#6908));
#6843 = ORIENTED_EDGE('',*,*,#6844,.F.);
#6844 = EDGE_CURVE('',#6845,#6847,#6849,.T.);
#6845 = VERTEX_POINT('',#6846);
#6846 = CARTESIAN_POINT('',(195.7,-50.7,22.));
#6847 = VERTEX_POINT('',#6848);
#6848 = CARTESIAN_POINT('',(195.7,-10.,22.));
#6849 = SURFACE_CURVE('',#6850,(#6854,#6860),.PCURVE_S1.);
#6850 = LINE('',#6851,#6852);
#6851 = CARTESIAN_POINT('',(195.7,-51.9,22.));
#6852 = VECTOR('',#6853,1.);
#6853 = DIRECTION('',(0.,1.,0.));
#6854 = PCURVE('',#5274,#6855);
#6855 = DEFINITIONAL_REPRESENTATION('',(#6856),#6859);
#6856 = B_SPLINE_CURVE_WITH_KNOTS('',1,(#6857,#6858),.UNSPECIFIED.,.F.,
  .F.,(2,2),(1.2,102.6),.PIECEWISE_BEZIER_KNOTS.);
#6857 = CARTESIAN_POINT('',(103.8,2.4));
#6858 = CARTESIAN_POINT('',(103.8,103.8));
#6859 = ( GEOMETRIC_REPRESENTATION_CONTEXT(2) 
PARAMETRIC_REPRESENTATION_CONTEXT() REPRESENTATION_CONTEXT('2D SPACE',''
  ) );
#6860 = PCURVE('',#5596,#6861);
#6861 = DEFINITIONAL_REPRESENTATION('',(#6862),#6865);
#6862 = B_SPLINE_CURVE_WITH_KNOTS('',1,(#6863,#6864),.UNSPECIFIED.,.F.,
  .F.,(2,2),(1.2,102.6),.PIECEWISE_BEZIER_KNOTS.);
#6863 = CARTESIAN_POINT('',(1.,0.));
#6864 = CARTESIAN_POINT('',(1.,-101.4));
#6865 = ( GEOMETRIC_REPRESENTATION_CONTEXT(2) 
PARAMETRIC_REPRESENTATION_CONTEXT() REPRESENTATION_CONTEXT('2D SPACE',''
  ) );
#6866 = ORIENTED_EDGE('',*,*,#6867,.T.);
#6867 = EDGE_CURVE('',#6845,#6868,#6870,.T.);
#6868 = VERTEX_POINT('',#6869);
#6869 = CARTESIAN_POINT('',(185.,-50.7,22.));
#6870 = SURFACE_CURVE('',#6871,(#6875,#6881),.PCURVE_S1.);
#6871 = LINE('',#6872,#6873);
#6872 = CARTESIAN_POINT('',(93.1,-50.7,22.));
#6873 = VECTOR('',#6874,1.);
#6874 = DIRECTION('',(-1.,0.,0.));
#6875 = PCURVE('',#5274,#6876);
#6876 = DEFINITIONAL_REPRESENTATION('',(#6877),#6880);
#6877 = B_SPLINE_CURVE_WITH_KNOTS('',1,(#6878,#6879),.UNSPECIFIED.,.F.,
  .F.,(2,2),(-102.6,-1.2),.PIECEWISE_BEZIER_KNOTS.);
#6878 = CARTESIAN_POINT('',(103.8,2.4));
#6879 = CARTESIAN_POINT('',(2.4,2.4));
#6880 = ( GEOMETRIC_REPRESENTATION_CONTEXT(2) 
PARAMETRIC_REPRESENTATION_CONTEXT() REPRESENTATION_CONTEXT('2D SPACE',''
  ) );
#6881 = PCURVE('',#5569,#6882);
#6882 = DEFINITIONAL_REPRESENTATION('',(#6883),#6886);
#6883 = B_SPLINE_CURVE_WITH_KNOTS('',1,(#6884,#6885),.UNSPECIFIED.,.F.,
  .F.,(2,2),(-102.6,-1.2),.PIECEWISE_BEZIER_KNOTS.);
#6884 = CARTESIAN_POINT('',(1.,101.4));
#6885 = CARTESIAN_POINT('',(1.,0.));
#6886 = ( GEOMETRIC_REPRESENTATION_CONTEXT(2) 
PARAMETRIC_REPRESENTATION_CONTEXT() REPRESENTATION_CONTEXT('2D SPACE',''
  ) );
#6887 = ORIENTED_EDGE('',*,*,#6888,.F.);
#6888 = EDGE_CURVE('',#6637,#6868,#6889,.T.);
#6889 = SURFACE_CURVE('',#6890,(#6894,#6900),.PCURVE_S1.);
#6890 = LINE('',#6891,#6892);
#6891 = CARTESIAN_POINT('',(185.,-53.15,22.));
#6892 = VECTOR('',#6893,1.);
#6893 = DIRECTION('',(0.,1.,0.));
#6894 = PCURVE('',#5274,#6895);
#6895 = DEFINITIONAL_REPRESENTATION('',(#6896),#6899);
#6896 = B_SPLINE_CURVE_WITH_KNOTS('',1,(#6897,#6898),.UNSPECIFIED.,.F.,
  .F.,(2,2),(5.E-02,2.55),.PIECEWISE_BEZIER_KNOTS.);
#6897 = CARTESIAN_POINT('',(93.1,0.));
#6898 = CARTESIAN_POINT('',(93.1,2.5));
#6899 = ( GEOMETRIC_REPRESENTATION_CONTEXT(2) 
PARAMETRIC_REPRESENTATION_CONTEXT() REPRESENTATION_CONTEXT('2D SPACE',''
  ) );
#6900 = PCURVE('',#6674,#6901);
#6901 = DEFINITIONAL_REPRESENTATION('',(#6902),#6905);
#6902 = B_SPLINE_CURVE_WITH_KNOTS('',1,(#6903,#6904),.UNSPECIFIED.,.F.,
  .F.,(2,2),(5.E-02,2.55),.PIECEWISE_BEZIER_KNOTS.);
#6903 = CARTESIAN_POINT('',(1.,-0.1));
#6904 = CARTESIAN_POINT('',(1.,-2.6));
#6905 = ( GEOMETRIC_REPRESENTATION_CONTEXT(2) 
PARAMETRIC_REPRESENTATION_CONTEXT() REPRESENTATION_CONTEXT('2D SPACE',''
  ) );
#6906 = ORIENTED_EDGE('',*,*,#6636,.T.);
#6907 = ORIENTED_EDGE('',*,*,#5259,.F.);
#6908 = ORIENTED_EDGE('',*,*,#6909,.T.);
#6909 = EDGE_CURVE('',#5234,#6847,#6910,.T.);
#6910 = SURFACE_CURVE('',#6911,(#6915,#6921),.PCURVE_S1.);
#6911 = LINE('',#6912,#6913);
#6912 = CARTESIAN_POINT('',(143.75,-10.,22.));
#6913 = VECTOR('',#6914,1.);
#6914 = DIRECTION('',(-1.,0.,0.));
#6915 = PCURVE('',#5274,#6916);
#6916 = DEFINITIONAL_REPRESENTATION('',(#6917),#6920);
#6917 = B_SPLINE_CURVE_WITH_KNOTS('',1,(#6918,#6919),.UNSPECIFIED.,.F.,
  .F.,(2,2),(-53.85,-51.85),.PIECEWISE_BEZIER_KNOTS.);
#6918 = CARTESIAN_POINT('',(105.7,43.1));
#6919 = CARTESIAN_POINT('',(103.7,43.1));
#6920 = ( GEOMETRIC_REPRESENTATION_CONTEXT(2) 
PARAMETRIC_REPRESENTATION_CONTEXT() REPRESENTATION_CONTEXT('2D SPACE',''
  ) );
#6921 = PCURVE('',#5248,#6922);
#6922 = DEFINITIONAL_REPRESENTATION('',(#6923),#6926);
#6923 = B_SPLINE_CURVE_WITH_KNOTS('',1,(#6924,#6925),.UNSPECIFIED.,.F.,
  .F.,(2,2),(-53.85,-51.85),.PIECEWISE_BEZIER_KNOTS.);
#6924 = CARTESIAN_POINT('',(1.,2.));
#6925 = CARTESIAN_POINT('',(1.,0.));
#6926 = ( GEOMETRIC_REPRESENTATION_CONTEXT(2) 
PARAMETRIC_REPRESENTATION_CONTEXT() REPRESENTATION_CONTEXT('2D SPACE',''
  ) );
#6927 = ADVANCED_FACE('',(#6928),#5248,.T.);
#6928 = FACE_BOUND('',#6929,.T.);
#6929 = EDGE_LOOP('',(#6930,#6953,#6954,#6955,#6976,#7004));
#6930 = ORIENTED_EDGE('',*,*,#6931,.F.);
#6931 = EDGE_CURVE('',#5208,#6932,#6934,.T.);
#6932 = VERTEX_POINT('',#6933);
#6933 = CARTESIAN_POINT('',(198.2,-10.,21.));
#6934 = SURFACE_CURVE('',#6935,(#6939,#6946),.PCURVE_S1.);
#6935 = LINE('',#6936,#6937);
#6936 = CARTESIAN_POINT('',(195.6,-10.,21.));
#6937 = VECTOR('',#6938,1.);
#6938 = DIRECTION('',(1.,0.,0.));
#6939 = PCURVE('',#5248,#6940);
#6940 = DEFINITIONAL_REPRESENTATION('',(#6941),#6945);
#6941 = LINE('',#6942,#6943);
#6942 = CARTESIAN_POINT('',(0.,0.));
#6943 = VECTOR('',#6944,1.);
#6944 = DIRECTION('',(0.,1.));
#6945 = ( GEOMETRIC_REPRESENTATION_CONTEXT(2) 
PARAMETRIC_REPRESENTATION_CONTEXT() REPRESENTATION_CONTEXT('2D SPACE',''
  ) );
#6946 = PCURVE('',#5222,#6947);
#6947 = DEFINITIONAL_REPRESENTATION('',(#6948),#6952);
#6948 = LINE('',#6949,#6950);
#6949 = CARTESIAN_POINT('',(0.,0.));
#6950 = VECTOR('',#6951,1.);
#6951 = DIRECTION('',(1.,0.));
#6952 = ( GEOMETRIC_REPRESENTATION_CONTEXT(2) 
PARAMETRIC_REPRESENTATION_CONTEXT() REPRESENTATION_CONTEXT('2D SPACE',''
  ) );
#6953 = ORIENTED_EDGE('',*,*,#5233,.T.);
#6954 = ORIENTED_EDGE('',*,*,#6909,.T.);
#6955 = ORIENTED_EDGE('',*,*,#6956,.T.);
#6956 = EDGE_CURVE('',#6847,#6957,#6959,.T.);
#6957 = VERTEX_POINT('',#6958);
#6958 = CARTESIAN_POINT('',(195.7,-10.,27.));
#6959 = SURFACE_CURVE('',#6960,(#6964,#6970),.PCURVE_S1.);
#6960 = LINE('',#6961,#6962);
#6961 = CARTESIAN_POINT('',(195.7,-10.,21.));
#6962 = VECTOR('',#6963,1.);
#6963 = DIRECTION('',(0.,0.,1.));
#6964 = PCURVE('',#5248,#6965);
#6965 = DEFINITIONAL_REPRESENTATION('',(#6966),#6969);
#6966 = B_SPLINE_CURVE_WITH_KNOTS('',1,(#6967,#6968),.UNSPECIFIED.,.F.,
  .F.,(2,2),(1.,6.),.PIECEWISE_BEZIER_KNOTS.);
#6967 = CARTESIAN_POINT('',(1.,9.999999999999E-02));
#6968 = CARTESIAN_POINT('',(6.,9.999999999999E-02));
#6969 = ( GEOMETRIC_REPRESENTATION_CONTEXT(2) 
PARAMETRIC_REPRESENTATION_CONTEXT() REPRESENTATION_CONTEXT('2D SPACE',''
  ) );
#6970 = PCURVE('',#5596,#6971);
#6971 = DEFINITIONAL_REPRESENTATION('',(#6972),#6975);
#6972 = B_SPLINE_CURVE_WITH_KNOTS('',1,(#6973,#6974),.UNSPECIFIED.,.F.,
  .F.,(2,2),(1.,6.),.PIECEWISE_BEZIER_KNOTS.);
#6973 = CARTESIAN_POINT('',(1.,-40.7));
#6974 = CARTESIAN_POINT('',(6.,-40.7));
#6975 = ( GEOMETRIC_REPRESENTATION_CONTEXT(2) 
PARAMETRIC_REPRESENTATION_CONTEXT() REPRESENTATION_CONTEXT('2D SPACE',''
  ) );
#6976 = ORIENTED_EDGE('',*,*,#6977,.T.);
#6977 = EDGE_CURVE('',#6957,#6978,#6980,.T.);
#6978 = VERTEX_POINT('',#6979);
#6979 = CARTESIAN_POINT('',(198.2,-10.,27.));
#6980 = SURFACE_CURVE('',#6981,(#6985,#6992),.PCURVE_S1.);
#6981 = LINE('',#6982,#6983);
#6982 = CARTESIAN_POINT('',(195.6,-10.,27.));
#6983 = VECTOR('',#6984,1.);
#6984 = DIRECTION('',(1.,0.,0.));
#6985 = PCURVE('',#5248,#6986);
#6986 = DEFINITIONAL_REPRESENTATION('',(#6987),#6991);
#6987 = LINE('',#6988,#6989);
#6988 = CARTESIAN_POINT('',(6.,0.));
#6989 = VECTOR('',#6990,1.);
#6990 = DIRECTION('',(0.,1.));
#6991 = ( GEOMETRIC_REPRESENTATION_CONTEXT(2) 
PARAMETRIC_REPRESENTATION_CONTEXT() REPRESENTATION_CONTEXT('2D SPACE',''
  ) );
#6992 = PCURVE('',#6993,#6998);
#6993 = PLANE('',#6994);
#6994 = AXIS2_PLACEMENT_3D('',#6995,#6996,#6997);
#6995 = CARTESIAN_POINT('',(195.6,-10.,27.));
#6996 = DIRECTION('',(0.,0.,1.));
#6997 = DIRECTION('',(1.,0.,0.));
#6998 = DEFINITIONAL_REPRESENTATION('',(#6999),#7003);
#6999 = LINE('',#7000,#7001);
#7000 = CARTESIAN_POINT('',(0.,0.));
#7001 = VECTOR('',#7002,1.);
#7002 = DIRECTION('',(1.,0.));
#7003 = ( GEOMETRIC_REPRESENTATION_CONTEXT(2) 
PARAMETRIC_REPRESENTATION_CONTEXT() REPRESENTATION_CONTEXT('2D SPACE',''
  ) );
#7004 = ORIENTED_EDGE('',*,*,#7005,.F.);
#7005 = EDGE_CURVE('',#6932,#6978,#7006,.T.);
#7006 = SURFACE_CURVE('',#7007,(#7011,#7018),.PCURVE_S1.);
#7007 = LINE('',#7008,#7009);
#7008 = CARTESIAN_POINT('',(198.2,-10.,21.));
#7009 = VECTOR('',#7010,1.);
#7010 = DIRECTION('',(0.,0.,1.));
#7011 = PCURVE('',#5248,#7012);
#7012 = DEFINITIONAL_REPRESENTATION('',(#7013),#7017);
#7013 = LINE('',#7014,#7015);
#7014 = CARTESIAN_POINT('',(0.,2.6));
#7015 = VECTOR('',#7016,1.);
#7016 = DIRECTION('',(1.,0.));
#7017 = ( GEOMETRIC_REPRESENTATION_CONTEXT(2) 
PARAMETRIC_REPRESENTATION_CONTEXT() REPRESENTATION_CONTEXT('2D SPACE',''
  ) );
#7018 = PCURVE('',#7019,#7024);
#7019 = PLANE('',#7020);
#7020 = AXIS2_PLACEMENT_3D('',#7021,#7022,#7023);
#7021 = CARTESIAN_POINT('',(198.2,-10.,21.));
#7022 = DIRECTION('',(1.,0.,0.));
#7023 = DIRECTION('',(0.,0.,1.));
#7024 = DEFINITIONAL_REPRESENTATION('',(#7025),#7029);
#7025 = LINE('',#7026,#7027);
#7026 = CARTESIAN_POINT('',(0.,0.));
#7027 = VECTOR('',#7028,1.);
#7028 = DIRECTION('',(1.,0.));
#7029 = ( GEOMETRIC_REPRESENTATION_CONTEXT(2) 
PARAMETRIC_REPRESENTATION_CONTEXT() REPRESENTATION_CONTEXT('2D SPACE',''
  ) );
#7030 = ADVANCED_FACE('',(#7031),#5222,.T.);
#7031 = FACE_BOUND('',#7032,.T.);
#7032 = EDGE_LOOP('',(#7033,#7056,#7057,#7058));
#7033 = ORIENTED_EDGE('',*,*,#7034,.F.);
#7034 = EDGE_CURVE('',#5182,#7035,#7037,.T.);
#7035 = VERTEX_POINT('',#7036);
#7036 = CARTESIAN_POINT('',(198.2,-9.,21.));
#7037 = SURFACE_CURVE('',#7038,(#7042,#7049),.PCURVE_S1.);
#7038 = LINE('',#7039,#7040);
#7039 = CARTESIAN_POINT('',(195.6,-9.,21.));
#7040 = VECTOR('',#7041,1.);
#7041 = DIRECTION('',(1.,0.,0.));
#7042 = PCURVE('',#5222,#7043);
#7043 = DEFINITIONAL_REPRESENTATION('',(#7044),#7048);
#7044 = LINE('',#7045,#7046);
#7045 = CARTESIAN_POINT('',(0.,1.));
#7046 = VECTOR('',#7047,1.);
#7047 = DIRECTION('',(1.,0.));
#7048 = ( GEOMETRIC_REPRESENTATION_CONTEXT(2) 
PARAMETRIC_REPRESENTATION_CONTEXT() REPRESENTATION_CONTEXT('2D SPACE',''
  ) );
#7049 = PCURVE('',#5196,#7050);
#7050 = DEFINITIONAL_REPRESENTATION('',(#7051),#7055);
#7051 = LINE('',#7052,#7053);
#7052 = CARTESIAN_POINT('',(0.,0.));
#7053 = VECTOR('',#7054,1.);
#7054 = DIRECTION('',(0.,1.));
#7055 = ( GEOMETRIC_REPRESENTATION_CONTEXT(2) 
PARAMETRIC_REPRESENTATION_CONTEXT() REPRESENTATION_CONTEXT('2D SPACE',''
  ) );
#7056 = ORIENTED_EDGE('',*,*,#5207,.T.);
#7057 = ORIENTED_EDGE('',*,*,#6931,.T.);
#7058 = ORIENTED_EDGE('',*,*,#7059,.T.);
#7059 = EDGE_CURVE('',#6932,#7035,#7060,.T.);
#7060 = SURFACE_CURVE('',#7061,(#7065,#7072),.PCURVE_S1.);
#7061 = LINE('',#7062,#7063);
#7062 = CARTESIAN_POINT('',(198.2,-10.,21.));
#7063 = VECTOR('',#7064,1.);
#7064 = DIRECTION('',(0.,1.,0.));
#7065 = PCURVE('',#5222,#7066);
#7066 = DEFINITIONAL_REPRESENTATION('',(#7067),#7071);
#7067 = LINE('',#7068,#7069);
#7068 = CARTESIAN_POINT('',(2.6,0.));
#7069 = VECTOR('',#7070,1.);
#7070 = DIRECTION('',(0.,1.));
#7071 = ( GEOMETRIC_REPRESENTATION_CONTEXT(2) 
PARAMETRIC_REPRESENTATION_CONTEXT() REPRESENTATION_CONTEXT('2D SPACE',''
  ) );
#7072 = PCURVE('',#7019,#7073);
#7073 = DEFINITIONAL_REPRESENTATION('',(#7074),#7078);
#7074 = LINE('',#7075,#7076);
#7075 = CARTESIAN_POINT('',(0.,0.));
#7076 = VECTOR('',#7077,1.);
#7077 = DIRECTION('',(0.,-1.));
#7078 = ( GEOMETRIC_REPRESENTATION_CONTEXT(2) 
PARAMETRIC_REPRESENTATION_CONTEXT() REPRESENTATION_CONTEXT('2D SPACE',''
  ) );
#7079 = ADVANCED_FACE('',(#7080),#5196,.F.);
#7080 = FACE_BOUND('',#7081,.F.);
#7081 = EDGE_LOOP('',(#7082,#7083,#7084,#7105,#7126,#7149));
#7082 = ORIENTED_EDGE('',*,*,#7034,.F.);
#7083 = ORIENTED_EDGE('',*,*,#5181,.T.);
#7084 = ORIENTED_EDGE('',*,*,#7085,.T.);
#7085 = EDGE_CURVE('',#5156,#7086,#7088,.T.);
#7086 = VERTEX_POINT('',#7087);
#7087 = CARTESIAN_POINT('',(195.7,-9.,22.));
#7088 = SURFACE_CURVE('',#7089,(#7093,#7099),.PCURVE_S1.);
#7089 = LINE('',#7090,#7091);
#7090 = CARTESIAN_POINT('',(143.75,-9.,22.));
#7091 = VECTOR('',#7092,1.);
#7092 = DIRECTION('',(-1.,0.,0.));
#7093 = PCURVE('',#5196,#7094);
#7094 = DEFINITIONAL_REPRESENTATION('',(#7095),#7098);
#7095 = B_SPLINE_CURVE_WITH_KNOTS('',1,(#7096,#7097),.UNSPECIFIED.,.F.,
  .F.,(2,2),(-53.85,-51.85),.PIECEWISE_BEZIER_KNOTS.);
#7096 = CARTESIAN_POINT('',(1.,2.));
#7097 = CARTESIAN_POINT('',(1.,0.));
#7098 = ( GEOMETRIC_REPRESENTATION_CONTEXT(2) 
PARAMETRIC_REPRESENTATION_CONTEXT() REPRESENTATION_CONTEXT('2D SPACE',''
  ) );
#7099 = PCURVE('',#5170,#7100);
#7100 = DEFINITIONAL_REPRESENTATION('',(#7101),#7104);
#7101 = B_SPLINE_CURVE_WITH_KNOTS('',1,(#7102,#7103),.UNSPECIFIED.,.F.,
  .F.,(2,2),(-53.85,-51.85),.PIECEWISE_BEZIER_KNOTS.);
#7102 = CARTESIAN_POINT('',(105.7,44.1));
#7103 = CARTESIAN_POINT('',(103.7,44.1));
#7104 = ( GEOMETRIC_REPRESENTATION_CONTEXT(2) 
PARAMETRIC_REPRESENTATION_CONTEXT() REPRESENTATION_CONTEXT('2D SPACE',''
  ) );
#7105 = ORIENTED_EDGE('',*,*,#7106,.T.);
#7106 = EDGE_CURVE('',#7086,#7107,#7109,.T.);
#7107 = VERTEX_POINT('',#7108);
#7108 = CARTESIAN_POINT('',(195.7,-9.,27.));
#7109 = SURFACE_CURVE('',#7110,(#7114,#7120),.PCURVE_S1.);
#7110 = LINE('',#7111,#7112);
#7111 = CARTESIAN_POINT('',(195.7,-9.,21.));
#7112 = VECTOR('',#7113,1.);
#7113 = DIRECTION('',(0.,0.,1.));
#7114 = PCURVE('',#5196,#7115);
#7115 = DEFINITIONAL_REPRESENTATION('',(#7116),#7119);
#7116 = B_SPLINE_CURVE_WITH_KNOTS('',1,(#7117,#7118),.UNSPECIFIED.,.F.,
  .F.,(2,2),(1.,6.),.PIECEWISE_BEZIER_KNOTS.);
#7117 = CARTESIAN_POINT('',(1.,9.999999999999E-02));
#7118 = CARTESIAN_POINT('',(6.,9.999999999999E-02));
#7119 = ( GEOMETRIC_REPRESENTATION_CONTEXT(2) 
PARAMETRIC_REPRESENTATION_CONTEXT() REPRESENTATION_CONTEXT('2D SPACE',''
  ) );
#7120 = PCURVE('',#5596,#7121);
#7121 = DEFINITIONAL_REPRESENTATION('',(#7122),#7125);
#7122 = B_SPLINE_CURVE_WITH_KNOTS('',1,(#7123,#7124),.UNSPECIFIED.,.F.,
  .F.,(2,2),(1.,6.),.PIECEWISE_BEZIER_KNOTS.);
#7123 = CARTESIAN_POINT('',(1.,-41.7));
#7124 = CARTESIAN_POINT('',(6.,-41.7));
#7125 = ( GEOMETRIC_REPRESENTATION_CONTEXT(2) 
PARAMETRIC_REPRESENTATION_CONTEXT() REPRESENTATION_CONTEXT('2D SPACE',''
  ) );
#7126 = ORIENTED_EDGE('',*,*,#7127,.T.);
#7127 = EDGE_CURVE('',#7107,#7128,#7130,.T.);
#7128 = VERTEX_POINT('',#7129);
#7129 = CARTESIAN_POINT('',(198.2,-9.,27.));
#7130 = SURFACE_CURVE('',#7131,(#7135,#7142),.PCURVE_S1.);
#7131 = LINE('',#7132,#7133);
#7132 = CARTESIAN_POINT('',(195.6,-9.,27.));
#7133 = VECTOR('',#7134,1.);
#7134 = DIRECTION('',(1.,0.,0.));
#7135 = PCURVE('',#5196,#7136);
#7136 = DEFINITIONAL_REPRESENTATION('',(#7137),#7141);
#7137 = LINE('',#7138,#7139);
#7138 = CARTESIAN_POINT('',(6.,0.));
#7139 = VECTOR('',#7140,1.);
#7140 = DIRECTION('',(0.,1.));
#7141 = ( GEOMETRIC_REPRESENTATION_CONTEXT(2) 
PARAMETRIC_REPRESENTATION_CONTEXT() REPRESENTATION_CONTEXT('2D SPACE',''
  ) );
#7142 = PCURVE('',#6993,#7143);
#7143 = DEFINITIONAL_REPRESENTATION('',(#7144),#7148);
#7144 = LINE('',#7145,#7146);
#7145 = CARTESIAN_POINT('',(0.,1.));
#7146 = VECTOR('',#7147,1.);
#7147 = DIRECTION('',(1.,0.));
#7148 = ( GEOMETRIC_REPRESENTATION_CONTEXT(2) 
PARAMETRIC_REPRESENTATION_CONTEXT() REPRESENTATION_CONTEXT('2D SPACE',''
  ) );
#7149 = ORIENTED_EDGE('',*,*,#7150,.F.);
#7150 = EDGE_CURVE('',#7035,#7128,#7151,.T.);
#7151 = SURFACE_CURVE('',#7152,(#7156,#7163),.PCURVE_S1.);
#7152 = LINE('',#7153,#7154);
#7153 = CARTESIAN_POINT('',(198.2,-9.,21.));
#7154 = VECTOR('',#7155,1.);
#7155 = DIRECTION('',(0.,0.,1.));
#7156 = PCURVE('',#5196,#7157);
#7157 = DEFINITIONAL_REPRESENTATION('',(#7158),#7162);
#7158 = LINE('',#7159,#7160);
#7159 = CARTESIAN_POINT('',(0.,2.6));
#7160 = VECTOR('',#7161,1.);
#7161 = DIRECTION('',(1.,0.));
#7162 = ( GEOMETRIC_REPRESENTATION_CONTEXT(2) 
PARAMETRIC_REPRESENTATION_CONTEXT() REPRESENTATION_CONTEXT('2D SPACE',''
  ) );
#7163 = PCURVE('',#7019,#7164);
#7164 = DEFINITIONAL_REPRESENTATION('',(#7165),#7169);
#7165 = LINE('',#7166,#7167);
#7166 = CARTESIAN_POINT('',(0.,-1.));
#7167 = VECTOR('',#7168,1.);
#7168 = DIRECTION('',(1.,0.));
#7169 = ( GEOMETRIC_REPRESENTATION_CONTEXT(2) 
PARAMETRIC_REPRESENTATION_CONTEXT() REPRESENTATION_CONTEXT('2D SPACE',''
  ) );
#7170 = ADVANCED_FACE('',(#7171),#5170,.F.);
#7171 = FACE_BOUND('',#7172,.F.);
#7172 = EDGE_LOOP('',(#7173,#7174,#7195,#7214));
#7173 = ORIENTED_EDGE('',*,*,#5155,.F.);
#7174 = ORIENTED_EDGE('',*,*,#7175,.T.);
#7175 = EDGE_CURVE('',#5130,#7176,#7178,.T.);
#7176 = VERTEX_POINT('',#7177);
#7177 = CARTESIAN_POINT('',(195.7,9.,22.));
#7178 = SURFACE_CURVE('',#7179,(#7183,#7189),.PCURVE_S1.);
#7179 = LINE('',#7180,#7181);
#7180 = CARTESIAN_POINT('',(143.75,9.,22.));
#7181 = VECTOR('',#7182,1.);
#7182 = DIRECTION('',(-1.,0.,0.));
#7183 = PCURVE('',#5170,#7184);
#7184 = DEFINITIONAL_REPRESENTATION('',(#7185),#7188);
#7185 = B_SPLINE_CURVE_WITH_KNOTS('',1,(#7186,#7187),.UNSPECIFIED.,.F.,
  .F.,(2,2),(-53.85,-51.85),.PIECEWISE_BEZIER_KNOTS.);
#7186 = CARTESIAN_POINT('',(105.7,62.1));
#7187 = CARTESIAN_POINT('',(103.7,62.1));
#7188 = ( GEOMETRIC_REPRESENTATION_CONTEXT(2) 
PARAMETRIC_REPRESENTATION_CONTEXT() REPRESENTATION_CONTEXT('2D SPACE',''
  ) );
#7189 = PCURVE('',#5144,#7190);
#7190 = DEFINITIONAL_REPRESENTATION('',(#7191),#7194);
#7191 = B_SPLINE_CURVE_WITH_KNOTS('',1,(#7192,#7193),.UNSPECIFIED.,.F.,
  .F.,(2,2),(-53.85,-51.85),.PIECEWISE_BEZIER_KNOTS.);
#7192 = CARTESIAN_POINT('',(1.,2.));
#7193 = CARTESIAN_POINT('',(1.,0.));
#7194 = ( GEOMETRIC_REPRESENTATION_CONTEXT(2) 
PARAMETRIC_REPRESENTATION_CONTEXT() REPRESENTATION_CONTEXT('2D SPACE',''
  ) );
#7195 = ORIENTED_EDGE('',*,*,#7196,.F.);
#7196 = EDGE_CURVE('',#7086,#7176,#7197,.T.);
#7197 = SURFACE_CURVE('',#7198,(#7202,#7208),.PCURVE_S1.);
#7198 = LINE('',#7199,#7200);
#7199 = CARTESIAN_POINT('',(195.7,-51.9,22.));
#7200 = VECTOR('',#7201,1.);
#7201 = DIRECTION('',(0.,1.,0.));
#7202 = PCURVE('',#5170,#7203);
#7203 = DEFINITIONAL_REPRESENTATION('',(#7204),#7207);
#7204 = B_SPLINE_CURVE_WITH_KNOTS('',1,(#7205,#7206),.UNSPECIFIED.,.F.,
  .F.,(2,2),(1.2,102.6),.PIECEWISE_BEZIER_KNOTS.);
#7205 = CARTESIAN_POINT('',(103.8,2.4));
#7206 = CARTESIAN_POINT('',(103.8,103.8));
#7207 = ( GEOMETRIC_REPRESENTATION_CONTEXT(2) 
PARAMETRIC_REPRESENTATION_CONTEXT() REPRESENTATION_CONTEXT('2D SPACE',''
  ) );
#7208 = PCURVE('',#5596,#7209);
#7209 = DEFINITIONAL_REPRESENTATION('',(#7210),#7213);
#7210 = B_SPLINE_CURVE_WITH_KNOTS('',1,(#7211,#7212),.UNSPECIFIED.,.F.,
  .F.,(2,2),(1.2,102.6),.PIECEWISE_BEZIER_KNOTS.);
#7211 = CARTESIAN_POINT('',(1.,0.));
#7212 = CARTESIAN_POINT('',(1.,-101.4));
#7213 = ( GEOMETRIC_REPRESENTATION_CONTEXT(2) 
PARAMETRIC_REPRESENTATION_CONTEXT() REPRESENTATION_CONTEXT('2D SPACE',''
  ) );
#7214 = ORIENTED_EDGE('',*,*,#7085,.F.);
#7215 = ADVANCED_FACE('',(#7216),#5144,.T.);
#7216 = FACE_BOUND('',#7217,.T.);
#7217 = EDGE_LOOP('',(#7218,#7241,#7242,#7243,#7264,#7292));
#7218 = ORIENTED_EDGE('',*,*,#7219,.F.);
#7219 = EDGE_CURVE('',#5104,#7220,#7222,.T.);
#7220 = VERTEX_POINT('',#7221);
#7221 = CARTESIAN_POINT('',(198.2,9.,21.));
#7222 = SURFACE_CURVE('',#7223,(#7227,#7234),.PCURVE_S1.);
#7223 = LINE('',#7224,#7225);
#7224 = CARTESIAN_POINT('',(195.6,9.,21.));
#7225 = VECTOR('',#7226,1.);
#7226 = DIRECTION('',(1.,0.,0.));
#7227 = PCURVE('',#5144,#7228);
#7228 = DEFINITIONAL_REPRESENTATION('',(#7229),#7233);
#7229 = LINE('',#7230,#7231);
#7230 = CARTESIAN_POINT('',(0.,0.));
#7231 = VECTOR('',#7232,1.);
#7232 = DIRECTION('',(0.,1.));
#7233 = ( GEOMETRIC_REPRESENTATION_CONTEXT(2) 
PARAMETRIC_REPRESENTATION_CONTEXT() REPRESENTATION_CONTEXT('2D SPACE',''
  ) );
#7234 = PCURVE('',#5118,#7235);
#7235 = DEFINITIONAL_REPRESENTATION('',(#7236),#7240);
#7236 = LINE('',#7237,#7238);
#7237 = CARTESIAN_POINT('',(0.,0.));
#7238 = VECTOR('',#7239,1.);
#7239 = DIRECTION('',(1.,0.));
#7240 = ( GEOMETRIC_REPRESENTATION_CONTEXT(2) 
PARAMETRIC_REPRESENTATION_CONTEXT() REPRESENTATION_CONTEXT('2D SPACE',''
  ) );
#7241 = ORIENTED_EDGE('',*,*,#5129,.T.);
#7242 = ORIENTED_EDGE('',*,*,#7175,.T.);
#7243 = ORIENTED_EDGE('',*,*,#7244,.T.);
#7244 = EDGE_CURVE('',#7176,#7245,#7247,.T.);
#7245 = VERTEX_POINT('',#7246);
#7246 = CARTESIAN_POINT('',(195.7,9.,27.));
#7247 = SURFACE_CURVE('',#7248,(#7252,#7258),.PCURVE_S1.);
#7248 = LINE('',#7249,#7250);
#7249 = CARTESIAN_POINT('',(195.7,9.,21.));
#7250 = VECTOR('',#7251,1.);
#7251 = DIRECTION('',(0.,0.,1.));
#7252 = PCURVE('',#5144,#7253);
#7253 = DEFINITIONAL_REPRESENTATION('',(#7254),#7257);
#7254 = B_SPLINE_CURVE_WITH_KNOTS('',1,(#7255,#7256),.UNSPECIFIED.,.F.,
  .F.,(2,2),(1.,6.),.PIECEWISE_BEZIER_KNOTS.);
#7255 = CARTESIAN_POINT('',(1.,9.999999999999E-02));
#7256 = CARTESIAN_POINT('',(6.,9.999999999999E-02));
#7257 = ( GEOMETRIC_REPRESENTATION_CONTEXT(2) 
PARAMETRIC_REPRESENTATION_CONTEXT() REPRESENTATION_CONTEXT('2D SPACE',''
  ) );
#7258 = PCURVE('',#5596,#7259);
#7259 = DEFINITIONAL_REPRESENTATION('',(#7260),#7263);
#7260 = B_SPLINE_CURVE_WITH_KNOTS('',1,(#7261,#7262),.UNSPECIFIED.,.F.,
  .F.,(2,2),(1.,6.),.PIECEWISE_BEZIER_KNOTS.);
#7261 = CARTESIAN_POINT('',(1.,-59.7));
#7262 = CARTESIAN_POINT('',(6.,-59.7));
#7263 = ( GEOMETRIC_REPRESENTATION_CONTEXT(2) 
PARAMETRIC_REPRESENTATION_CONTEXT() REPRESENTATION_CONTEXT('2D SPACE',''
  ) );
#7264 = ORIENTED_EDGE('',*,*,#7265,.T.);
#7265 = EDGE_CURVE('',#7245,#7266,#7268,.T.);
#7266 = VERTEX_POINT('',#7267);
#7267 = CARTESIAN_POINT('',(198.2,9.,27.));
#7268 = SURFACE_CURVE('',#7269,(#7273,#7280),.PCURVE_S1.);
#7269 = LINE('',#7270,#7271);
#7270 = CARTESIAN_POINT('',(195.6,9.,27.));
#7271 = VECTOR('',#7272,1.);
#7272 = DIRECTION('',(1.,0.,0.));
#7273 = PCURVE('',#5144,#7274);
#7274 = DEFINITIONAL_REPRESENTATION('',(#7275),#7279);
#7275 = LINE('',#7276,#7277);
#7276 = CARTESIAN_POINT('',(6.,0.));
#7277 = VECTOR('',#7278,1.);
#7278 = DIRECTION('',(0.,1.));
#7279 = ( GEOMETRIC_REPRESENTATION_CONTEXT(2) 
PARAMETRIC_REPRESENTATION_CONTEXT() REPRESENTATION_CONTEXT('2D SPACE',''
  ) );
#7280 = PCURVE('',#7281,#7286);
#7281 = PLANE('',#7282);
#7282 = AXIS2_PLACEMENT_3D('',#7283,#7284,#7285);
#7283 = CARTESIAN_POINT('',(195.6,9.,27.));
#7284 = DIRECTION('',(0.,0.,1.));
#7285 = DIRECTION('',(1.,0.,0.));
#7286 = DEFINITIONAL_REPRESENTATION('',(#7287),#7291);
#7287 = LINE('',#7288,#7289);
#7288 = CARTESIAN_POINT('',(0.,0.));
#7289 = VECTOR('',#7290,1.);
#7290 = DIRECTION('',(1.,0.));
#7291 = ( GEOMETRIC_REPRESENTATION_CONTEXT(2) 
PARAMETRIC_REPRESENTATION_CONTEXT() REPRESENTATION_CONTEXT('2D SPACE',''
  ) );
#7292 = ORIENTED_EDGE('',*,*,#7293,.F.);
#7293 = EDGE_CURVE('',#7220,#7266,#7294,.T.);
#7294 = SURFACE_CURVE('',#7295,(#7299,#7306),.PCURVE_S1.);
#7295 = LINE('',#7296,#7297);
#7296 = CARTESIAN_POINT('',(198.2,9.,21.));
#7297 = VECTOR('',#7298,1.);
#7298 = DIRECTION('',(0.,0.,1.));
#7299 = PCURVE('',#5144,#7300);
#7300 = DEFINITIONAL_REPRESENTATION('',(#7301),#7305);
#7301 = LINE('',#7302,#7303);
#7302 = CARTESIAN_POINT('',(0.,2.6));
#7303 = VECTOR('',#7304,1.);
#7304 = DIRECTION('',(1.,0.));
#7305 = ( GEOMETRIC_REPRESENTATION_CONTEXT(2) 
PARAMETRIC_REPRESENTATION_CONTEXT() REPRESENTATION_CONTEXT('2D SPACE',''
  ) );
#7306 = PCURVE('',#7307,#7312);
#7307 = PLANE('',#7308);
#7308 = AXIS2_PLACEMENT_3D('',#7309,#7310,#7311);
#7309 = CARTESIAN_POINT('',(198.2,9.,21.));
#7310 = DIRECTION('',(1.,0.,0.));
#7311 = DIRECTION('',(0.,0.,1.));
#7312 = DEFINITIONAL_REPRESENTATION('',(#7313),#7317);
#7313 = LINE('',#7314,#7315);
#7314 = CARTESIAN_POINT('',(0.,0.));
#7315 = VECTOR('',#7316,1.);
#7316 = DIRECTION('',(1.,0.));
#7317 = ( GEOMETRIC_REPRESENTATION_CONTEXT(2) 
PARAMETRIC_REPRESENTATION_CONTEXT() REPRESENTATION_CONTEXT('2D SPACE',''
  ) );
#7318 = ADVANCED_FACE('',(#7319),#5118,.T.);
#7319 = FACE_BOUND('',#7320,.T.);
#7320 = EDGE_LOOP('',(#7321,#7344,#7345,#7346));
#7321 = ORIENTED_EDGE('',*,*,#7322,.F.);
#7322 = EDGE_CURVE('',#5078,#7323,#7325,.T.);
#7323 = VERTEX_POINT('',#7324);
#7324 = CARTESIAN_POINT('',(198.2,10.,21.));
#7325 = SURFACE_CURVE('',#7326,(#7330,#7337),.PCURVE_S1.);
#7326 = LINE('',#7327,#7328);
#7327 = CARTESIAN_POINT('',(195.6,10.,21.));
#7328 = VECTOR('',#7329,1.);
#7329 = DIRECTION('',(1.,0.,0.));
#7330 = PCURVE('',#5118,#7331);
#7331 = DEFINITIONAL_REPRESENTATION('',(#7332),#7336);
#7332 = LINE('',#7333,#7334);
#7333 = CARTESIAN_POINT('',(0.,1.));
#7334 = VECTOR('',#7335,1.);
#7335 = DIRECTION('',(1.,0.));
#7336 = ( GEOMETRIC_REPRESENTATION_CONTEXT(2) 
PARAMETRIC_REPRESENTATION_CONTEXT() REPRESENTATION_CONTEXT('2D SPACE',''
  ) );
#7337 = PCURVE('',#5092,#7338);
#7338 = DEFINITIONAL_REPRESENTATION('',(#7339),#7343);
#7339 = LINE('',#7340,#7341);
#7340 = CARTESIAN_POINT('',(0.,0.));
#7341 = VECTOR('',#7342,1.);
#7342 = DIRECTION('',(0.,1.));
#7343 = ( GEOMETRIC_REPRESENTATION_CONTEXT(2) 
PARAMETRIC_REPRESENTATION_CONTEXT() REPRESENTATION_CONTEXT('2D SPACE',''
  ) );
#7344 = ORIENTED_EDGE('',*,*,#5103,.T.);
#7345 = ORIENTED_EDGE('',*,*,#7219,.T.);
#7346 = ORIENTED_EDGE('',*,*,#7347,.T.);
#7347 = EDGE_CURVE('',#7220,#7323,#7348,.T.);
#7348 = SURFACE_CURVE('',#7349,(#7353,#7360),.PCURVE_S1.);
#7349 = LINE('',#7350,#7351);
#7350 = CARTESIAN_POINT('',(198.2,9.,21.));
#7351 = VECTOR('',#7352,1.);
#7352 = DIRECTION('',(0.,1.,0.));
#7353 = PCURVE('',#5118,#7354);
#7354 = DEFINITIONAL_REPRESENTATION('',(#7355),#7359);
#7355 = LINE('',#7356,#7357);
#7356 = CARTESIAN_POINT('',(2.6,0.));
#7357 = VECTOR('',#7358,1.);
#7358 = DIRECTION('',(0.,1.));
#7359 = ( GEOMETRIC_REPRESENTATION_CONTEXT(2) 
PARAMETRIC_REPRESENTATION_CONTEXT() REPRESENTATION_CONTEXT('2D SPACE',''
  ) );
#7360 = PCURVE('',#7307,#7361);
#7361 = DEFINITIONAL_REPRESENTATION('',(#7362),#7366);
#7362 = LINE('',#7363,#7364);
#7363 = CARTESIAN_POINT('',(0.,0.));
#7364 = VECTOR('',#7365,1.);
#7365 = DIRECTION('',(0.,-1.));
#7366 = ( GEOMETRIC_REPRESENTATION_CONTEXT(2) 
PARAMETRIC_REPRESENTATION_CONTEXT() REPRESENTATION_CONTEXT('2D SPACE',''
  ) );
#7367 = ADVANCED_FACE('',(#7368),#5092,.F.);
#7368 = FACE_BOUND('',#7369,.F.);
#7369 = EDGE_LOOP('',(#7370,#7371,#7372,#7393,#7414,#7437));
#7370 = ORIENTED_EDGE('',*,*,#7322,.F.);
#7371 = ORIENTED_EDGE('',*,*,#5077,.T.);
#7372 = ORIENTED_EDGE('',*,*,#7373,.T.);
#7373 = EDGE_CURVE('',#5052,#7374,#7376,.T.);
#7374 = VERTEX_POINT('',#7375);
#7375 = CARTESIAN_POINT('',(195.7,10.,22.));
#7376 = SURFACE_CURVE('',#7377,(#7381,#7387),.PCURVE_S1.);
#7377 = LINE('',#7378,#7379);
#7378 = CARTESIAN_POINT('',(143.75,10.,22.));
#7379 = VECTOR('',#7380,1.);
#7380 = DIRECTION('',(-1.,0.,0.));
#7381 = PCURVE('',#5092,#7382);
#7382 = DEFINITIONAL_REPRESENTATION('',(#7383),#7386);
#7383 = B_SPLINE_CURVE_WITH_KNOTS('',1,(#7384,#7385),.UNSPECIFIED.,.F.,
  .F.,(2,2),(-53.85,-51.85),.PIECEWISE_BEZIER_KNOTS.);
#7384 = CARTESIAN_POINT('',(1.,2.));
#7385 = CARTESIAN_POINT('',(1.,0.));
#7386 = ( GEOMETRIC_REPRESENTATION_CONTEXT(2) 
PARAMETRIC_REPRESENTATION_CONTEXT() REPRESENTATION_CONTEXT('2D SPACE',''
  ) );
#7387 = PCURVE('',#5066,#7388);
#7388 = DEFINITIONAL_REPRESENTATION('',(#7389),#7392);
#7389 = B_SPLINE_CURVE_WITH_KNOTS('',1,(#7390,#7391),.UNSPECIFIED.,.F.,
  .F.,(2,2),(-53.85,-51.85),.PIECEWISE_BEZIER_KNOTS.);
#7390 = CARTESIAN_POINT('',(105.7,63.1));
#7391 = CARTESIAN_POINT('',(103.7,63.1));
#7392 = ( GEOMETRIC_REPRESENTATION_CONTEXT(2) 
PARAMETRIC_REPRESENTATION_CONTEXT() REPRESENTATION_CONTEXT('2D SPACE',''
  ) );
#7393 = ORIENTED_EDGE('',*,*,#7394,.T.);
#7394 = EDGE_CURVE('',#7374,#7395,#7397,.T.);
#7395 = VERTEX_POINT('',#7396);
#7396 = CARTESIAN_POINT('',(195.7,10.,27.));
#7397 = SURFACE_CURVE('',#7398,(#7402,#7408),.PCURVE_S1.);
#7398 = LINE('',#7399,#7400);
#7399 = CARTESIAN_POINT('',(195.7,10.,21.));
#7400 = VECTOR('',#7401,1.);
#7401 = DIRECTION('',(0.,0.,1.));
#7402 = PCURVE('',#5092,#7403);
#7403 = DEFINITIONAL_REPRESENTATION('',(#7404),#7407);
#7404 = B_SPLINE_CURVE_WITH_KNOTS('',1,(#7405,#7406),.UNSPECIFIED.,.F.,
  .F.,(2,2),(1.,6.),.PIECEWISE_BEZIER_KNOTS.);
#7405 = CARTESIAN_POINT('',(1.,9.999999999999E-02));
#7406 = CARTESIAN_POINT('',(6.,9.999999999999E-02));
#7407 = ( GEOMETRIC_REPRESENTATION_CONTEXT(2) 
PARAMETRIC_REPRESENTATION_CONTEXT() REPRESENTATION_CONTEXT('2D SPACE',''
  ) );
#7408 = PCURVE('',#5596,#7409);
#7409 = DEFINITIONAL_REPRESENTATION('',(#7410),#7413);
#7410 = B_SPLINE_CURVE_WITH_KNOTS('',1,(#7411,#7412),.UNSPECIFIED.,.F.,
  .F.,(2,2),(1.,6.),.PIECEWISE_BEZIER_KNOTS.);
#7411 = CARTESIAN_POINT('',(1.,-60.7));
#7412 = CARTESIAN_POINT('',(6.,-60.7));
#7413 = ( GEOMETRIC_REPRESENTATION_CONTEXT(2) 
PARAMETRIC_REPRESENTATION_CONTEXT() REPRESENTATION_CONTEXT('2D SPACE',''
  ) );
#7414 = ORIENTED_EDGE('',*,*,#7415,.T.);
#7415 = EDGE_CURVE('',#7395,#7416,#7418,.T.);
#7416 = VERTEX_POINT('',#7417);
#7417 = CARTESIAN_POINT('',(198.2,10.,27.));
#7418 = SURFACE_CURVE('',#7419,(#7423,#7430),.PCURVE_S1.);
#7419 = LINE('',#7420,#7421);
#7420 = CARTESIAN_POINT('',(195.6,10.,27.));
#7421 = VECTOR('',#7422,1.);
#7422 = DIRECTION('',(1.,0.,0.));
#7423 = PCURVE('',#5092,#7424);
#7424 = DEFINITIONAL_REPRESENTATION('',(#7425),#7429);
#7425 = LINE('',#7426,#7427);
#7426 = CARTESIAN_POINT('',(6.,0.));
#7427 = VECTOR('',#7428,1.);
#7428 = DIRECTION('',(0.,1.));
#7429 = ( GEOMETRIC_REPRESENTATION_CONTEXT(2) 
PARAMETRIC_REPRESENTATION_CONTEXT() REPRESENTATION_CONTEXT('2D SPACE',''
  ) );
#7430 = PCURVE('',#7281,#7431);
#7431 = DEFINITIONAL_REPRESENTATION('',(#7432),#7436);
#7432 = LINE('',#7433,#7434);
#7433 = CARTESIAN_POINT('',(0.,1.));
#7434 = VECTOR('',#7435,1.);
#7435 = DIRECTION('',(1.,0.));
#7436 = ( GEOMETRIC_REPRESENTATION_CONTEXT(2) 
PARAMETRIC_REPRESENTATION_CONTEXT() REPRESENTATION_CONTEXT('2D SPACE',''
  ) );
#7437 = ORIENTED_EDGE('',*,*,#7438,.F.);
#7438 = EDGE_CURVE('',#7323,#7416,#7439,.T.);
#7439 = SURFACE_CURVE('',#7440,(#7444,#7451),.PCURVE_S1.);
#7440 = LINE('',#7441,#7442);
#7441 = CARTESIAN_POINT('',(198.2,10.,21.));
#7442 = VECTOR('',#7443,1.);
#7443 = DIRECTION('',(0.,0.,1.));
#7444 = PCURVE('',#5092,#7445);
#7445 = DEFINITIONAL_REPRESENTATION('',(#7446),#7450);
#7446 = LINE('',#7447,#7448);
#7447 = CARTESIAN_POINT('',(0.,2.6));
#7448 = VECTOR('',#7449,1.);
#7449 = DIRECTION('',(1.,0.));
#7450 = ( GEOMETRIC_REPRESENTATION_CONTEXT(2) 
PARAMETRIC_REPRESENTATION_CONTEXT() REPRESENTATION_CONTEXT('2D SPACE',''
  ) );
#7451 = PCURVE('',#7307,#7452);
#7452 = DEFINITIONAL_REPRESENTATION('',(#7453),#7457);
#7453 = LINE('',#7454,#7455);
#7454 = CARTESIAN_POINT('',(0.,-1.));
#7455 = VECTOR('',#7456,1.);
#7456 = DIRECTION('',(1.,0.));
#7457 = ( GEOMETRIC_REPRESENTATION_CONTEXT(2) 
PARAMETRIC_REPRESENTATION_CONTEXT() REPRESENTATION_CONTEXT('2D SPACE',''
  ) );
#7458 = ADVANCED_FACE('',(#7459),#5066,.F.);
#7459 = FACE_BOUND('',#7460,.F.);
#7460 = EDGE_LOOP('',(#7461,#7484,#7510,#7531,#7550,#7551));
#7461 = ORIENTED_EDGE('',*,*,#7462,.F.);
#7462 = EDGE_CURVE('',#7463,#5026,#7465,.T.);
#7463 = VERTEX_POINT('',#7464);
#7464 = CARTESIAN_POINT('',(155.,53.1,22.));
#7465 = SURFACE_CURVE('',#7466,(#7470,#7477),.PCURVE_S1.);
#7466 = LINE('',#7467,#7468);
#7467 = CARTESIAN_POINT('',(91.9,53.1,22.));
#7468 = VECTOR('',#7469,1.);
#7469 = DIRECTION('',(1.,0.,0.));
#7470 = PCURVE('',#5066,#7471);
#7471 = DEFINITIONAL_REPRESENTATION('',(#7472),#7476);
#7472 = LINE('',#7473,#7474);
#7473 = CARTESIAN_POINT('',(0.,106.2));
#7474 = VECTOR('',#7475,1.);
#7475 = DIRECTION('',(1.,0.));
#7476 = ( GEOMETRIC_REPRESENTATION_CONTEXT(2) 
PARAMETRIC_REPRESENTATION_CONTEXT() REPRESENTATION_CONTEXT('2D SPACE',''
  ) );
#7477 = PCURVE('',#5040,#7478);
#7478 = DEFINITIONAL_REPRESENTATION('',(#7479),#7483);
#7479 = LINE('',#7480,#7481);
#7480 = CARTESIAN_POINT('',(0.,0.));
#7481 = VECTOR('',#7482,1.);
#7482 = DIRECTION('',(0.,1.));
#7483 = ( GEOMETRIC_REPRESENTATION_CONTEXT(2) 
PARAMETRIC_REPRESENTATION_CONTEXT() REPRESENTATION_CONTEXT('2D SPACE',''
  ) );
#7484 = ORIENTED_EDGE('',*,*,#7485,.F.);
#7485 = EDGE_CURVE('',#7486,#7463,#7488,.T.);
#7486 = VERTEX_POINT('',#7487);
#7487 = CARTESIAN_POINT('',(155.,50.7,22.));
#7488 = SURFACE_CURVE('',#7489,(#7493,#7499),.PCURVE_S1.);
#7489 = LINE('',#7490,#7491);
#7490 = CARTESIAN_POINT('',(155.,-1.25,22.));
#7491 = VECTOR('',#7492,1.);
#7492 = DIRECTION('',(0.,1.,0.));
#7493 = PCURVE('',#5066,#7494);
#7494 = DEFINITIONAL_REPRESENTATION('',(#7495),#7498);
#7495 = B_SPLINE_CURVE_WITH_KNOTS('',1,(#7496,#7497),.UNSPECIFIED.,.F.,
  .F.,(2,2),(51.85,54.35),.PIECEWISE_BEZIER_KNOTS.);
#7496 = CARTESIAN_POINT('',(63.1,103.7));
#7497 = CARTESIAN_POINT('',(63.1,106.2));
#7498 = ( GEOMETRIC_REPRESENTATION_CONTEXT(2) 
PARAMETRIC_REPRESENTATION_CONTEXT() REPRESENTATION_CONTEXT('2D SPACE',''
  ) );
#7499 = PCURVE('',#7500,#7505);
#7500 = PLANE('',#7501);
#7501 = AXIS2_PLACEMENT_3D('',#7502,#7503,#7504);
#7502 = CARTESIAN_POINT('',(155.,50.6,21.));
#7503 = DIRECTION('',(1.,0.,0.));
#7504 = DIRECTION('',(0.,0.,1.));
#7505 = DEFINITIONAL_REPRESENTATION('',(#7506),#7509);
#7506 = B_SPLINE_CURVE_WITH_KNOTS('',1,(#7507,#7508),.UNSPECIFIED.,.F.,
  .F.,(2,2),(51.85,54.35),.PIECEWISE_BEZIER_KNOTS.);
#7507 = CARTESIAN_POINT('',(1.,0.));
#7508 = CARTESIAN_POINT('',(1.,-2.5));
#7509 = ( GEOMETRIC_REPRESENTATION_CONTEXT(2) 
PARAMETRIC_REPRESENTATION_CONTEXT() REPRESENTATION_CONTEXT('2D SPACE',''
  ) );
#7510 = ORIENTED_EDGE('',*,*,#7511,.F.);
#7511 = EDGE_CURVE('',#7512,#7486,#7514,.T.);
#7512 = VERTEX_POINT('',#7513);
#7513 = CARTESIAN_POINT('',(195.7,50.7,22.));
#7514 = SURFACE_CURVE('',#7515,(#7519,#7525),.PCURVE_S1.);
#7515 = LINE('',#7516,#7517);
#7516 = CARTESIAN_POINT('',(93.1,50.7,22.));
#7517 = VECTOR('',#7518,1.);
#7518 = DIRECTION('',(-1.,0.,0.));
#7519 = PCURVE('',#5066,#7520);
#7520 = DEFINITIONAL_REPRESENTATION('',(#7521),#7524);
#7521 = B_SPLINE_CURVE_WITH_KNOTS('',1,(#7522,#7523),.UNSPECIFIED.,.F.,
  .F.,(2,2),(-102.6,-1.2),.PIECEWISE_BEZIER_KNOTS.);
#7522 = CARTESIAN_POINT('',(103.8,103.8));
#7523 = CARTESIAN_POINT('',(2.4,103.8));
#7524 = ( GEOMETRIC_REPRESENTATION_CONTEXT(2) 
PARAMETRIC_REPRESENTATION_CONTEXT() REPRESENTATION_CONTEXT('2D SPACE',''
  ) );
#7525 = PCURVE('',#5623,#7526);
#7526 = DEFINITIONAL_REPRESENTATION('',(#7527),#7530);
#7527 = B_SPLINE_CURVE_WITH_KNOTS('',1,(#7528,#7529),.UNSPECIFIED.,.F.,
  .F.,(2,2),(-102.6,-1.2),.PIECEWISE_BEZIER_KNOTS.);
#7528 = CARTESIAN_POINT('',(1.,101.4));
#7529 = CARTESIAN_POINT('',(1.,0.));
#7530 = ( GEOMETRIC_REPRESENTATION_CONTEXT(2) 
PARAMETRIC_REPRESENTATION_CONTEXT() REPRESENTATION_CONTEXT('2D SPACE',''
  ) );
#7531 = ORIENTED_EDGE('',*,*,#7532,.F.);
#7532 = EDGE_CURVE('',#7374,#7512,#7533,.T.);
#7533 = SURFACE_CURVE('',#7534,(#7538,#7544),.PCURVE_S1.);
#7534 = LINE('',#7535,#7536);
#7535 = CARTESIAN_POINT('',(195.7,-51.9,22.));
#7536 = VECTOR('',#7537,1.);
#7537 = DIRECTION('',(0.,1.,0.));
#7538 = PCURVE('',#5066,#7539);
#7539 = DEFINITIONAL_REPRESENTATION('',(#7540),#7543);
#7540 = B_SPLINE_CURVE_WITH_KNOTS('',1,(#7541,#7542),.UNSPECIFIED.,.F.,
  .F.,(2,2),(1.2,102.6),.PIECEWISE_BEZIER_KNOTS.);
#7541 = CARTESIAN_POINT('',(103.8,2.4));
#7542 = CARTESIAN_POINT('',(103.8,103.8));
#7543 = ( GEOMETRIC_REPRESENTATION_CONTEXT(2) 
PARAMETRIC_REPRESENTATION_CONTEXT() REPRESENTATION_CONTEXT('2D SPACE',''
  ) );
#7544 = PCURVE('',#5596,#7545);
#7545 = DEFINITIONAL_REPRESENTATION('',(#7546),#7549);
#7546 = B_SPLINE_CURVE_WITH_KNOTS('',1,(#7547,#7548),.UNSPECIFIED.,.F.,
  .F.,(2,2),(1.2,102.6),.PIECEWISE_BEZIER_KNOTS.);
#7547 = CARTESIAN_POINT('',(1.,0.));
#7548 = CARTESIAN_POINT('',(1.,-101.4));
#7549 = ( GEOMETRIC_REPRESENTATION_CONTEXT(2) 
PARAMETRIC_REPRESENTATION_CONTEXT() REPRESENTATION_CONTEXT('2D SPACE',''
  ) );
#7550 = ORIENTED_EDGE('',*,*,#7373,.F.);
#7551 = ORIENTED_EDGE('',*,*,#5051,.F.);
#7552 = ADVANCED_FACE('',(#7553),#5040,.T.);
#7553 = FACE_BOUND('',#7554,.T.);
#7554 = EDGE_LOOP('',(#7555,#7585,#7606,#7607,#7608,#7609,#7630,#7656,
    #7682,#7710,#7736,#7762));
#7555 = ORIENTED_EDGE('',*,*,#7556,.F.);
#7556 = EDGE_CURVE('',#7557,#7559,#7561,.T.);
#7557 = VERTEX_POINT('',#7558);
#7558 = CARTESIAN_POINT('',(91.9,53.1,22.));
#7559 = VERTEX_POINT('',#7560);
#7560 = CARTESIAN_POINT('',(135.,53.1,22.));
#7561 = SURFACE_CURVE('',#7562,(#7566,#7573),.PCURVE_S1.);
#7562 = LINE('',#7563,#7564);
#7563 = CARTESIAN_POINT('',(91.9,53.1,22.));
#7564 = VECTOR('',#7565,1.);
#7565 = DIRECTION('',(1.,0.,0.));
#7566 = PCURVE('',#5040,#7567);
#7567 = DEFINITIONAL_REPRESENTATION('',(#7568),#7572);
#7568 = LINE('',#7569,#7570);
#7569 = CARTESIAN_POINT('',(0.,0.));
#7570 = VECTOR('',#7571,1.);
#7571 = DIRECTION('',(0.,1.));
#7572 = ( GEOMETRIC_REPRESENTATION_CONTEXT(2) 
PARAMETRIC_REPRESENTATION_CONTEXT() REPRESENTATION_CONTEXT('2D SPACE',''
  ) );
#7573 = PCURVE('',#7574,#7579);
#7574 = PLANE('',#7575);
#7575 = AXIS2_PLACEMENT_3D('',#7576,#7577,#7578);
#7576 = CARTESIAN_POINT('',(91.9,-53.1,22.));
#7577 = DIRECTION('',(0.,0.,1.));
#7578 = DIRECTION('',(1.,0.,0.));
#7579 = DEFINITIONAL_REPRESENTATION('',(#7580),#7584);
#7580 = LINE('',#7581,#7582);
#7581 = CARTESIAN_POINT('',(0.,106.2));
#7582 = VECTOR('',#7583,1.);
#7583 = DIRECTION('',(1.,0.));
#7584 = ( GEOMETRIC_REPRESENTATION_CONTEXT(2) 
PARAMETRIC_REPRESENTATION_CONTEXT() REPRESENTATION_CONTEXT('2D SPACE',''
  ) );
#7585 = ORIENTED_EDGE('',*,*,#7586,.T.);
#7586 = EDGE_CURVE('',#7557,#5745,#7587,.T.);
#7587 = SURFACE_CURVE('',#7588,(#7592,#7599),.PCURVE_S1.);
#7588 = LINE('',#7589,#7590);
#7589 = CARTESIAN_POINT('',(91.9,53.1,22.));
#7590 = VECTOR('',#7591,1.);
#7591 = DIRECTION('',(0.,0.,1.));
#7592 = PCURVE('',#5040,#7593);
#7593 = DEFINITIONAL_REPRESENTATION('',(#7594),#7598);
#7594 = LINE('',#7595,#7596);
#7595 = CARTESIAN_POINT('',(0.,0.));
#7596 = VECTOR('',#7597,1.);
#7597 = DIRECTION('',(1.,0.));
#7598 = ( GEOMETRIC_REPRESENTATION_CONTEXT(2) 
PARAMETRIC_REPRESENTATION_CONTEXT() REPRESENTATION_CONTEXT('2D SPACE',''
  ) );
#7599 = PCURVE('',#5760,#7600);
#7600 = DEFINITIONAL_REPRESENTATION('',(#7601),#7605);
#7601 = LINE('',#7602,#7603);
#7602 = CARTESIAN_POINT('',(0.,-106.2));
#7603 = VECTOR('',#7604,1.);
#7604 = DIRECTION('',(1.,0.));
#7605 = ( GEOMETRIC_REPRESENTATION_CONTEXT(2) 
PARAMETRIC_REPRESENTATION_CONTEXT() REPRESENTATION_CONTEXT('2D SPACE',''
  ) );
#7606 = ORIENTED_EDGE('',*,*,#5772,.T.);
#7607 = ORIENTED_EDGE('',*,*,#5025,.F.);
#7608 = ORIENTED_EDGE('',*,*,#7462,.F.);
#7609 = ORIENTED_EDGE('',*,*,#7610,.F.);
#7610 = EDGE_CURVE('',#7611,#7463,#7613,.T.);
#7611 = VERTEX_POINT('',#7612);
#7612 = CARTESIAN_POINT('',(155.,53.1,27.));
#7613 = SURFACE_CURVE('',#7614,(#7618,#7624),.PCURVE_S1.);
#7614 = LINE('',#7615,#7616);
#7615 = CARTESIAN_POINT('',(155.,53.1,21.5));
#7616 = VECTOR('',#7617,1.);
#7617 = DIRECTION('',(0.,0.,-1.));
#7618 = PCURVE('',#5040,#7619);
#7619 = DEFINITIONAL_REPRESENTATION('',(#7620),#7623);
#7620 = B_SPLINE_CURVE_WITH_KNOTS('',1,(#7621,#7622),.UNSPECIFIED.,.F.,
  .F.,(2,2),(-5.5,-0.5),.PIECEWISE_BEZIER_KNOTS.);
#7621 = CARTESIAN_POINT('',(5.,63.1));
#7622 = CARTESIAN_POINT('',(0.,63.1));
#7623 = ( GEOMETRIC_REPRESENTATION_CONTEXT(2) 
PARAMETRIC_REPRESENTATION_CONTEXT() REPRESENTATION_CONTEXT('2D SPACE',''
  ) );
#7624 = PCURVE('',#7500,#7625);
#7625 = DEFINITIONAL_REPRESENTATION('',(#7626),#7629);
#7626 = B_SPLINE_CURVE_WITH_KNOTS('',1,(#7627,#7628),.UNSPECIFIED.,.F.,
  .F.,(2,2),(-5.5,-0.5),.PIECEWISE_BEZIER_KNOTS.);
#7627 = CARTESIAN_POINT('',(6.,-2.5));
#7628 = CARTESIAN_POINT('',(1.,-2.5));
#7629 = ( GEOMETRIC_REPRESENTATION_CONTEXT(2) 
PARAMETRIC_REPRESENTATION_CONTEXT() REPRESENTATION_CONTEXT('2D SPACE',''
  ) );
#7630 = ORIENTED_EDGE('',*,*,#7631,.F.);
#7631 = EDGE_CURVE('',#7632,#7611,#7634,.T.);
#7632 = VERTEX_POINT('',#7633);
#7633 = CARTESIAN_POINT('',(154.,53.1,27.));
#7634 = SURFACE_CURVE('',#7635,(#7639,#7645),.PCURVE_S1.);
#7635 = LINE('',#7636,#7637);
#7636 = CARTESIAN_POINT('',(122.95,53.1,27.));
#7637 = VECTOR('',#7638,1.);
#7638 = DIRECTION('',(1.,0.,0.));
#7639 = PCURVE('',#5040,#7640);
#7640 = DEFINITIONAL_REPRESENTATION('',(#7641),#7644);
#7641 = B_SPLINE_CURVE_WITH_KNOTS('',1,(#7642,#7643),.UNSPECIFIED.,.F.,
  .F.,(2,2),(31.05,32.05),.PIECEWISE_BEZIER_KNOTS.);
#7642 = CARTESIAN_POINT('',(5.,62.1));
#7643 = CARTESIAN_POINT('',(5.,63.1));
#7644 = ( GEOMETRIC_REPRESENTATION_CONTEXT(2) 
PARAMETRIC_REPRESENTATION_CONTEXT() REPRESENTATION_CONTEXT('2D SPACE',''
  ) );
#7645 = PCURVE('',#7646,#7651);
#7646 = PLANE('',#7647);
#7647 = AXIS2_PLACEMENT_3D('',#7648,#7649,#7650);
#7648 = CARTESIAN_POINT('',(154.,50.6,27.));
#7649 = DIRECTION('',(0.,0.,1.));
#7650 = DIRECTION('',(1.,0.,0.));
#7651 = DEFINITIONAL_REPRESENTATION('',(#7652),#7655);
#7652 = B_SPLINE_CURVE_WITH_KNOTS('',1,(#7653,#7654),.UNSPECIFIED.,.F.,
  .F.,(2,2),(31.05,32.05),.PIECEWISE_BEZIER_KNOTS.);
#7653 = CARTESIAN_POINT('',(0.,2.5));
#7654 = CARTESIAN_POINT('',(1.,2.5));
#7655 = ( GEOMETRIC_REPRESENTATION_CONTEXT(2) 
PARAMETRIC_REPRESENTATION_CONTEXT() REPRESENTATION_CONTEXT('2D SPACE',''
  ) );
#7656 = ORIENTED_EDGE('',*,*,#7657,.T.);
#7657 = EDGE_CURVE('',#7632,#7658,#7660,.T.);
#7658 = VERTEX_POINT('',#7659);
#7659 = CARTESIAN_POINT('',(154.,53.1,22.));
#7660 = SURFACE_CURVE('',#7661,(#7665,#7671),.PCURVE_S1.);
#7661 = LINE('',#7662,#7663);
#7662 = CARTESIAN_POINT('',(154.,53.1,21.5));
#7663 = VECTOR('',#7664,1.);
#7664 = DIRECTION('',(0.,0.,-1.));
#7665 = PCURVE('',#5040,#7666);
#7666 = DEFINITIONAL_REPRESENTATION('',(#7667),#7670);
#7667 = B_SPLINE_CURVE_WITH_KNOTS('',1,(#7668,#7669),.UNSPECIFIED.,.F.,
  .F.,(2,2),(-5.5,-0.5),.PIECEWISE_BEZIER_KNOTS.);
#7668 = CARTESIAN_POINT('',(5.,62.1));
#7669 = CARTESIAN_POINT('',(0.,62.1));
#7670 = ( GEOMETRIC_REPRESENTATION_CONTEXT(2) 
PARAMETRIC_REPRESENTATION_CONTEXT() REPRESENTATION_CONTEXT('2D SPACE',''
  ) );
#7671 = PCURVE('',#7672,#7677);
#7672 = PLANE('',#7673);
#7673 = AXIS2_PLACEMENT_3D('',#7674,#7675,#7676);
#7674 = CARTESIAN_POINT('',(154.,50.6,21.));
#7675 = DIRECTION('',(1.,0.,0.));
#7676 = DIRECTION('',(0.,0.,1.));
#7677 = DEFINITIONAL_REPRESENTATION('',(#7678),#7681);
#7678 = B_SPLINE_CURVE_WITH_KNOTS('',1,(#7679,#7680),.UNSPECIFIED.,.F.,
  .F.,(2,2),(-5.5,-0.5),.PIECEWISE_BEZIER_KNOTS.);
#7679 = CARTESIAN_POINT('',(6.,-2.5));
#7680 = CARTESIAN_POINT('',(1.,-2.5));
#7681 = ( GEOMETRIC_REPRESENTATION_CONTEXT(2) 
PARAMETRIC_REPRESENTATION_CONTEXT() REPRESENTATION_CONTEXT('2D SPACE',''
  ) );
#7682 = ORIENTED_EDGE('',*,*,#7683,.F.);
#7683 = EDGE_CURVE('',#7684,#7658,#7686,.T.);
#7684 = VERTEX_POINT('',#7685);
#7685 = CARTESIAN_POINT('',(136.,53.1,22.));
#7686 = SURFACE_CURVE('',#7687,(#7691,#7698),.PCURVE_S1.);
#7687 = LINE('',#7688,#7689);
#7688 = CARTESIAN_POINT('',(91.9,53.1,22.));
#7689 = VECTOR('',#7690,1.);
#7690 = DIRECTION('',(1.,0.,0.));
#7691 = PCURVE('',#5040,#7692);
#7692 = DEFINITIONAL_REPRESENTATION('',(#7693),#7697);
#7693 = LINE('',#7694,#7695);
#7694 = CARTESIAN_POINT('',(0.,0.));
#7695 = VECTOR('',#7696,1.);
#7696 = DIRECTION('',(0.,1.));
#7697 = ( GEOMETRIC_REPRESENTATION_CONTEXT(2) 
PARAMETRIC_REPRESENTATION_CONTEXT() REPRESENTATION_CONTEXT('2D SPACE',''
  ) );
#7698 = PCURVE('',#7699,#7704);
#7699 = PLANE('',#7700);
#7700 = AXIS2_PLACEMENT_3D('',#7701,#7702,#7703);
#7701 = CARTESIAN_POINT('',(91.9,-53.1,22.));
#7702 = DIRECTION('',(0.,0.,1.));
#7703 = DIRECTION('',(1.,0.,0.));
#7704 = DEFINITIONAL_REPRESENTATION('',(#7705),#7709);
#7705 = LINE('',#7706,#7707);
#7706 = CARTESIAN_POINT('',(0.,106.2));
#7707 = VECTOR('',#7708,1.);
#7708 = DIRECTION('',(1.,0.));
#7709 = ( GEOMETRIC_REPRESENTATION_CONTEXT(2) 
PARAMETRIC_REPRESENTATION_CONTEXT() REPRESENTATION_CONTEXT('2D SPACE',''
  ) );
#7710 = ORIENTED_EDGE('',*,*,#7711,.F.);
#7711 = EDGE_CURVE('',#7712,#7684,#7714,.T.);
#7712 = VERTEX_POINT('',#7713);
#7713 = CARTESIAN_POINT('',(136.,53.1,27.));
#7714 = SURFACE_CURVE('',#7715,(#7719,#7725),.PCURVE_S1.);
#7715 = LINE('',#7716,#7717);
#7716 = CARTESIAN_POINT('',(136.,53.1,21.5));
#7717 = VECTOR('',#7718,1.);
#7718 = DIRECTION('',(0.,0.,-1.));
#7719 = PCURVE('',#5040,#7720);
#7720 = DEFINITIONAL_REPRESENTATION('',(#7721),#7724);
#7721 = B_SPLINE_CURVE_WITH_KNOTS('',1,(#7722,#7723),.UNSPECIFIED.,.F.,
  .F.,(2,2),(-5.5,-0.5),.PIECEWISE_BEZIER_KNOTS.);
#7722 = CARTESIAN_POINT('',(5.,44.1));
#7723 = CARTESIAN_POINT('',(0.,44.1));
#7724 = ( GEOMETRIC_REPRESENTATION_CONTEXT(2) 
PARAMETRIC_REPRESENTATION_CONTEXT() REPRESENTATION_CONTEXT('2D SPACE',''
  ) );
#7725 = PCURVE('',#7726,#7731);
#7726 = PLANE('',#7727);
#7727 = AXIS2_PLACEMENT_3D('',#7728,#7729,#7730);
#7728 = CARTESIAN_POINT('',(136.,50.6,21.));
#7729 = DIRECTION('',(1.,0.,0.));
#7730 = DIRECTION('',(0.,0.,1.));
#7731 = DEFINITIONAL_REPRESENTATION('',(#7732),#7735);
#7732 = B_SPLINE_CURVE_WITH_KNOTS('',1,(#7733,#7734),.UNSPECIFIED.,.F.,
  .F.,(2,2),(-5.5,-0.5),.PIECEWISE_BEZIER_KNOTS.);
#7733 = CARTESIAN_POINT('',(6.,-2.5));
#7734 = CARTESIAN_POINT('',(1.,-2.5));
#7735 = ( GEOMETRIC_REPRESENTATION_CONTEXT(2) 
PARAMETRIC_REPRESENTATION_CONTEXT() REPRESENTATION_CONTEXT('2D SPACE',''
  ) );
#7736 = ORIENTED_EDGE('',*,*,#7737,.F.);
#7737 = EDGE_CURVE('',#7738,#7712,#7740,.T.);
#7738 = VERTEX_POINT('',#7739);
#7739 = CARTESIAN_POINT('',(135.,53.1,27.));
#7740 = SURFACE_CURVE('',#7741,(#7745,#7751),.PCURVE_S1.);
#7741 = LINE('',#7742,#7743);
#7742 = CARTESIAN_POINT('',(113.45,53.1,27.));
#7743 = VECTOR('',#7744,1.);
#7744 = DIRECTION('',(1.,0.,0.));
#7745 = PCURVE('',#5040,#7746);
#7746 = DEFINITIONAL_REPRESENTATION('',(#7747),#7750);
#7747 = B_SPLINE_CURVE_WITH_KNOTS('',1,(#7748,#7749),.UNSPECIFIED.,.F.,
  .F.,(2,2),(21.55,22.55),.PIECEWISE_BEZIER_KNOTS.);
#7748 = CARTESIAN_POINT('',(5.,43.1));
#7749 = CARTESIAN_POINT('',(5.,44.1));
#7750 = ( GEOMETRIC_REPRESENTATION_CONTEXT(2) 
PARAMETRIC_REPRESENTATION_CONTEXT() REPRESENTATION_CONTEXT('2D SPACE',''
  ) );
#7751 = PCURVE('',#7752,#7757);
#7752 = PLANE('',#7753);
#7753 = AXIS2_PLACEMENT_3D('',#7754,#7755,#7756);
#7754 = CARTESIAN_POINT('',(135.,50.6,27.));
#7755 = DIRECTION('',(0.,0.,1.));
#7756 = DIRECTION('',(1.,0.,0.));
#7757 = DEFINITIONAL_REPRESENTATION('',(#7758),#7761);
#7758 = B_SPLINE_CURVE_WITH_KNOTS('',1,(#7759,#7760),.UNSPECIFIED.,.F.,
  .F.,(2,2),(21.55,22.55),.PIECEWISE_BEZIER_KNOTS.);
#7759 = CARTESIAN_POINT('',(0.,2.5));
#7760 = CARTESIAN_POINT('',(1.,2.5));
#7761 = ( GEOMETRIC_REPRESENTATION_CONTEXT(2) 
PARAMETRIC_REPRESENTATION_CONTEXT() REPRESENTATION_CONTEXT('2D SPACE',''
  ) );
#7762 = ORIENTED_EDGE('',*,*,#7763,.T.);
#7763 = EDGE_CURVE('',#7738,#7559,#7764,.T.);
#7764 = SURFACE_CURVE('',#7765,(#7769,#7775),.PCURVE_S1.);
#7765 = LINE('',#7766,#7767);
#7766 = CARTESIAN_POINT('',(135.,53.1,21.5));
#7767 = VECTOR('',#7768,1.);
#7768 = DIRECTION('',(0.,0.,-1.));
#7769 = PCURVE('',#5040,#7770);
#7770 = DEFINITIONAL_REPRESENTATION('',(#7771),#7774);
#7771 = B_SPLINE_CURVE_WITH_KNOTS('',1,(#7772,#7773),.UNSPECIFIED.,.F.,
  .F.,(2,2),(-5.5,-0.5),.PIECEWISE_BEZIER_KNOTS.);
#7772 = CARTESIAN_POINT('',(5.,43.1));
#7773 = CARTESIAN_POINT('',(0.,43.1));
#7774 = ( GEOMETRIC_REPRESENTATION_CONTEXT(2) 
PARAMETRIC_REPRESENTATION_CONTEXT() REPRESENTATION_CONTEXT('2D SPACE',''
  ) );
#7775 = PCURVE('',#7776,#7781);
#7776 = PLANE('',#7777);
#7777 = AXIS2_PLACEMENT_3D('',#7778,#7779,#7780);
#7778 = CARTESIAN_POINT('',(135.,50.6,21.));
#7779 = DIRECTION('',(1.,0.,0.));
#7780 = DIRECTION('',(0.,0.,1.));
#7781 = DEFINITIONAL_REPRESENTATION('',(#7782),#7785);
#7782 = B_SPLINE_CURVE_WITH_KNOTS('',1,(#7783,#7784),.UNSPECIFIED.,.F.,
  .F.,(2,2),(-5.5,-0.5),.PIECEWISE_BEZIER_KNOTS.);
#7783 = CARTESIAN_POINT('',(6.,-2.5));
#7784 = CARTESIAN_POINT('',(1.,-2.5));
#7785 = ( GEOMETRIC_REPRESENTATION_CONTEXT(2) 
PARAMETRIC_REPRESENTATION_CONTEXT() REPRESENTATION_CONTEXT('2D SPACE',''
  ) );
#7786 = ADVANCED_FACE('',(#7787,#7891),#5482,.T.);
#7787 = FACE_BOUND('',#7788,.T.);
#7788 = EDGE_LOOP('',(#7789,#7814,#7842,#7865));
#7789 = ORIENTED_EDGE('',*,*,#7790,.F.);
#7790 = EDGE_CURVE('',#7791,#7793,#7795,.T.);
#7791 = VERTEX_POINT('',#7792);
#7792 = CARTESIAN_POINT('',(80.,-72.6,6.));
#7793 = VERTEX_POINT('',#7794);
#7794 = CARTESIAN_POINT('',(80.,-72.6,28.));
#7795 = SURFACE_CURVE('',#7796,(#7800,#7807),.PCURVE_S1.);
#7796 = LINE('',#7797,#7798);
#7797 = CARTESIAN_POINT('',(80.,-72.6,3.));
#7798 = VECTOR('',#7799,1.);
#7799 = DIRECTION('',(0.,0.,1.));
#7800 = PCURVE('',#5482,#7801);
#7801 = DEFINITIONAL_REPRESENTATION('',(#7802),#7806);
#7802 = LINE('',#7803,#7804);
#7803 = CARTESIAN_POINT('',(4.,77.6));
#7804 = VECTOR('',#7805,1.);
#7805 = DIRECTION('',(1.,0.));
#7806 = ( GEOMETRIC_REPRESENTATION_CONTEXT(2) 
PARAMETRIC_REPRESENTATION_CONTEXT() REPRESENTATION_CONTEXT('2D SPACE',''
  ) );
#7807 = PCURVE('',#6177,#7808);
#7808 = DEFINITIONAL_REPRESENTATION('',(#7809),#7813);
#7809 = LINE('',#7810,#7811);
#7810 = CARTESIAN_POINT('',(0.,0.));
#7811 = VECTOR('',#7812,1.);
#7812 = DIRECTION('',(1.,0.));
#7813 = ( GEOMETRIC_REPRESENTATION_CONTEXT(2) 
PARAMETRIC_REPRESENTATION_CONTEXT() REPRESENTATION_CONTEXT('2D SPACE',''
  ) );
#7814 = ORIENTED_EDGE('',*,*,#7815,.F.);
#7815 = EDGE_CURVE('',#7816,#7791,#7818,.T.);
#7816 = VERTEX_POINT('',#7817);
#7817 = CARTESIAN_POINT('',(10.4,-72.6,6.));
#7818 = SURFACE_CURVE('',#7819,(#7823,#7830),.PCURVE_S1.);
#7819 = LINE('',#7820,#7821);
#7820 = CARTESIAN_POINT('',(2.4,-72.6,6.));
#7821 = VECTOR('',#7822,1.);
#7822 = DIRECTION('',(1.,0.,0.));
#7823 = PCURVE('',#5482,#7824);
#7824 = DEFINITIONAL_REPRESENTATION('',(#7825),#7829);
#7825 = LINE('',#7826,#7827);
#7826 = CARTESIAN_POINT('',(7.,0.));
#7827 = VECTOR('',#7828,1.);
#7828 = DIRECTION('',(0.,1.));
#7829 = ( GEOMETRIC_REPRESENTATION_CONTEXT(2) 
PARAMETRIC_REPRESENTATION_CONTEXT() REPRESENTATION_CONTEXT('2D SPACE',''
  ) );
#7830 = PCURVE('',#7831,#7836);
#7831 = PLANE('',#7832);
#7832 = AXIS2_PLACEMENT_3D('',#7833,#7834,#7835);
#7833 = CARTESIAN_POINT('',(2.4,-72.6,6.));
#7834 = DIRECTION('',(0.,0.,1.));
#7835 = DIRECTION('',(1.,0.,0.));
#7836 = DEFINITIONAL_REPRESENTATION('',(#7837),#7841);
#7837 = LINE('',#7838,#7839);
#7838 = CARTESIAN_POINT('',(0.,0.));
#7839 = VECTOR('',#7840,1.);
#7840 = DIRECTION('',(1.,0.));
#7841 = ( GEOMETRIC_REPRESENTATION_CONTEXT(2) 
PARAMETRIC_REPRESENTATION_CONTEXT() REPRESENTATION_CONTEXT('2D SPACE',''
  ) );
#7842 = ORIENTED_EDGE('',*,*,#7843,.T.);
#7843 = EDGE_CURVE('',#7816,#7844,#7846,.T.);
#7844 = VERTEX_POINT('',#7845);
#7845 = CARTESIAN_POINT('',(10.4,-72.6,28.));
#7846 = SURFACE_CURVE('',#7847,(#7851,#7858),.PCURVE_S1.);
#7847 = LINE('',#7848,#7849);
#7848 = CARTESIAN_POINT('',(10.4,-72.6,3.));
#7849 = VECTOR('',#7850,1.);
#7850 = DIRECTION('',(0.,0.,1.));
#7851 = PCURVE('',#5482,#7852);
#7852 = DEFINITIONAL_REPRESENTATION('',(#7853),#7857);
#7853 = LINE('',#7854,#7855);
#7854 = CARTESIAN_POINT('',(4.,8.));
#7855 = VECTOR('',#7856,1.);
#7856 = DIRECTION('',(1.,0.));
#7857 = ( GEOMETRIC_REPRESENTATION_CONTEXT(2) 
PARAMETRIC_REPRESENTATION_CONTEXT() REPRESENTATION_CONTEXT('2D SPACE',''
  ) );
#7858 = PCURVE('',#6232,#7859);
#7859 = DEFINITIONAL_REPRESENTATION('',(#7860),#7864);
#7860 = LINE('',#7861,#7862);
#7861 = CARTESIAN_POINT('',(0.,0.));
#7862 = VECTOR('',#7863,1.);
#7863 = DIRECTION('',(1.,0.));
#7864 = ( GEOMETRIC_REPRESENTATION_CONTEXT(2) 
PARAMETRIC_REPRESENTATION_CONTEXT() REPRESENTATION_CONTEXT('2D SPACE',''
  ) );
#7865 = ORIENTED_EDGE('',*,*,#7866,.T.);
#7866 = EDGE_CURVE('',#7844,#7793,#7867,.T.);
#7867 = SURFACE_CURVE('',#7868,(#7872,#7879),.PCURVE_S1.);
#7868 = LINE('',#7869,#7870);
#7869 = CARTESIAN_POINT('',(2.4,-72.6,28.));
#7870 = VECTOR('',#7871,1.);
#7871 = DIRECTION('',(1.,0.,0.));
#7872 = PCURVE('',#5482,#7873);
#7873 = DEFINITIONAL_REPRESENTATION('',(#7874),#7878);
#7874 = LINE('',#7875,#7876);
#7875 = CARTESIAN_POINT('',(29.,0.));
#7876 = VECTOR('',#7877,1.);
#7877 = DIRECTION('',(0.,1.));
#7878 = ( GEOMETRIC_REPRESENTATION_CONTEXT(2) 
PARAMETRIC_REPRESENTATION_CONTEXT() REPRESENTATION_CONTEXT('2D SPACE',''
  ) );
#7879 = PCURVE('',#7880,#7885);
#7880 = PLANE('',#7881);
#7881 = AXIS2_PLACEMENT_3D('',#7882,#7883,#7884);
#7882 = CARTESIAN_POINT('',(2.4,-72.6,28.));
#7883 = DIRECTION('',(0.,0.,1.));
#7884 = DIRECTION('',(1.,0.,0.));
#7885 = DEFINITIONAL_REPRESENTATION('',(#7886),#7890);
#7886 = LINE('',#7887,#7888);
#7887 = CARTESIAN_POINT('',(0.,0.));
#7888 = VECTOR('',#7889,1.);
#7889 = DIRECTION('',(1.,0.));
#7890 = ( GEOMETRIC_REPRESENTATION_CONTEXT(2) 
PARAMETRIC_REPRESENTATION_CONTEXT() REPRESENTATION_CONTEXT('2D SPACE',''
  ) );
#7891 = FACE_BOUND('',#7892,.T.);
#7892 = EDGE_LOOP('',(#7893));
#7893 = ORIENTED_EDGE('',*,*,#5467,.T.);
#7894 = ADVANCED_FACE('',(#7895),#5541,.F.);
#7895 = FACE_BOUND('',#7896,.F.);
#7896 = EDGE_LOOP('',(#7897,#7898,#7899,#7920));
#7897 = ORIENTED_EDGE('',*,*,#5525,.F.);
#7898 = ORIENTED_EDGE('',*,*,#6615,.T.);
#7899 = ORIENTED_EDGE('',*,*,#7900,.T.);
#7900 = EDGE_CURVE('',#6586,#7901,#7903,.T.);
#7901 = VERTEX_POINT('',#7902);
#7902 = CARTESIAN_POINT('',(136.,-50.7,22.));
#7903 = SURFACE_CURVE('',#7904,(#7908,#7914),.PCURVE_S1.);
#7904 = LINE('',#7905,#7906);
#7905 = CARTESIAN_POINT('',(136.,-63.05,22.));
#7906 = VECTOR('',#7907,1.);
#7907 = DIRECTION('',(0.,1.,0.));
#7908 = PCURVE('',#5541,#7909);
#7909 = DEFINITIONAL_REPRESENTATION('',(#7910),#7913);
#7910 = B_SPLINE_CURVE_WITH_KNOTS('',1,(#7911,#7912),.UNSPECIFIED.,.F.,
  .F.,(2,2),(9.95,12.85),.PIECEWISE_BEZIER_KNOTS.);
#7911 = CARTESIAN_POINT('',(2.,-19.9));
#7912 = CARTESIAN_POINT('',(2.,-22.8));
#7913 = ( GEOMETRIC_REPRESENTATION_CONTEXT(2) 
PARAMETRIC_REPRESENTATION_CONTEXT() REPRESENTATION_CONTEXT('2D SPACE',''
  ) );
#7914 = PCURVE('',#6603,#7915);
#7915 = DEFINITIONAL_REPRESENTATION('',(#7916),#7919);
#7916 = B_SPLINE_CURVE_WITH_KNOTS('',1,(#7917,#7918),.UNSPECIFIED.,.F.,
  .F.,(2,2),(9.95,12.85),.PIECEWISE_BEZIER_KNOTS.);
#7917 = CARTESIAN_POINT('',(44.1,0.));
#7918 = CARTESIAN_POINT('',(44.1,2.9));
#7919 = ( GEOMETRIC_REPRESENTATION_CONTEXT(2) 
PARAMETRIC_REPRESENTATION_CONTEXT() REPRESENTATION_CONTEXT('2D SPACE',''
  ) );
#7920 = ORIENTED_EDGE('',*,*,#7921,.F.);
#7921 = EDGE_CURVE('',#5526,#7901,#7922,.T.);
#7922 = SURFACE_CURVE('',#7923,(#7927,#7933),.PCURVE_S1.);
#7923 = LINE('',#7924,#7925);
#7924 = CARTESIAN_POINT('',(136.,-50.7,20.5));
#7925 = VECTOR('',#7926,1.);
#7926 = DIRECTION('',(0.,0.,-1.));
#7927 = PCURVE('',#5541,#7928);
#7928 = DEFINITIONAL_REPRESENTATION('',(#7929),#7932);
#7929 = B_SPLINE_CURVE_WITH_KNOTS('',1,(#7930,#7931),.UNSPECIFIED.,.F.,
  .F.,(2,2),(-7.5,-1.5),.PIECEWISE_BEZIER_KNOTS.);
#7930 = CARTESIAN_POINT('',(8.,-22.3));
#7931 = CARTESIAN_POINT('',(2.,-22.3));
#7932 = ( GEOMETRIC_REPRESENTATION_CONTEXT(2) 
PARAMETRIC_REPRESENTATION_CONTEXT() REPRESENTATION_CONTEXT('2D SPACE',''
  ) );
#7933 = PCURVE('',#5569,#7934);
#7934 = DEFINITIONAL_REPRESENTATION('',(#7935),#7938);
#7935 = B_SPLINE_CURVE_WITH_KNOTS('',1,(#7936,#7937),.UNSPECIFIED.,.F.,
  .F.,(2,2),(-7.5,-1.5),.PIECEWISE_BEZIER_KNOTS.);
#7936 = CARTESIAN_POINT('',(7.,41.7));
#7937 = CARTESIAN_POINT('',(1.,41.7));
#7938 = ( GEOMETRIC_REPRESENTATION_CONTEXT(2) 
PARAMETRIC_REPRESENTATION_CONTEXT() REPRESENTATION_CONTEXT('2D SPACE',''
  ) );
#7939 = ADVANCED_FACE('',(#7940,#8132),#5569,.T.);
#7940 = FACE_BOUND('',#7941,.T.);
#7941 = EDGE_LOOP('',(#7942,#7963,#7964,#7985,#8006,#8027,#8048,#8069,
    #8090,#8111,#8130,#8131));
#7942 = ORIENTED_EDGE('',*,*,#7943,.F.);
#7943 = EDGE_CURVE('',#6845,#5554,#7944,.T.);
#7944 = SURFACE_CURVE('',#7945,(#7949,#7956),.PCURVE_S1.);
#7945 = LINE('',#7946,#7947);
#7946 = CARTESIAN_POINT('',(195.7,-50.7,21.));
#7947 = VECTOR('',#7948,1.);
#7948 = DIRECTION('',(0.,0.,1.));
#7949 = PCURVE('',#5569,#7950);
#7950 = DEFINITIONAL_REPRESENTATION('',(#7951),#7955);
#7951 = LINE('',#7952,#7953);
#7952 = CARTESIAN_POINT('',(0.,101.4));
#7953 = VECTOR('',#7954,1.);
#7954 = DIRECTION('',(1.,0.));
#7955 = ( GEOMETRIC_REPRESENTATION_CONTEXT(2) 
PARAMETRIC_REPRESENTATION_CONTEXT() REPRESENTATION_CONTEXT('2D SPACE',''
  ) );
#7956 = PCURVE('',#5596,#7957);
#7957 = DEFINITIONAL_REPRESENTATION('',(#7958),#7962);
#7958 = LINE('',#7959,#7960);
#7959 = CARTESIAN_POINT('',(0.,0.));
#7960 = VECTOR('',#7961,1.);
#7961 = DIRECTION('',(1.,0.));
#7962 = ( GEOMETRIC_REPRESENTATION_CONTEXT(2) 
PARAMETRIC_REPRESENTATION_CONTEXT() REPRESENTATION_CONTEXT('2D SPACE',''
  ) );
#7963 = ORIENTED_EDGE('',*,*,#6867,.T.);
#7964 = ORIENTED_EDGE('',*,*,#7965,.F.);
#7965 = EDGE_CURVE('',#7966,#6868,#7968,.T.);
#7966 = VERTEX_POINT('',#7967);
#7967 = CARTESIAN_POINT('',(185.,-50.7,27.));
#7968 = SURFACE_CURVE('',#7969,(#7973,#7979),.PCURVE_S1.);
#7969 = LINE('',#7970,#7971);
#7970 = CARTESIAN_POINT('',(185.,-50.7,21.));
#7971 = VECTOR('',#7972,1.);
#7972 = DIRECTION('',(0.,0.,-1.));
#7973 = PCURVE('',#5569,#7974);
#7974 = DEFINITIONAL_REPRESENTATION('',(#7975),#7978);
#7975 = B_SPLINE_CURVE_WITH_KNOTS('',1,(#7976,#7977),.UNSPECIFIED.,.F.,
  .F.,(2,2),(-6.,-1.),.PIECEWISE_BEZIER_KNOTS.);
#7976 = CARTESIAN_POINT('',(6.,90.7));
#7977 = CARTESIAN_POINT('',(1.,90.7));
#7978 = ( GEOMETRIC_REPRESENTATION_CONTEXT(2) 
PARAMETRIC_REPRESENTATION_CONTEXT() REPRESENTATION_CONTEXT('2D SPACE',''
  ) );
#7979 = PCURVE('',#6674,#7980);
#7980 = DEFINITIONAL_REPRESENTATION('',(#7981),#7984);
#7981 = B_SPLINE_CURVE_WITH_KNOTS('',1,(#7982,#7983),.UNSPECIFIED.,.F.,
  .F.,(2,2),(-6.,-1.),.PIECEWISE_BEZIER_KNOTS.);
#7982 = CARTESIAN_POINT('',(6.,-2.5));
#7983 = CARTESIAN_POINT('',(1.,-2.5));
#7984 = ( GEOMETRIC_REPRESENTATION_CONTEXT(2) 
PARAMETRIC_REPRESENTATION_CONTEXT() REPRESENTATION_CONTEXT('2D SPACE',''
  ) );
#7985 = ORIENTED_EDGE('',*,*,#7986,.F.);
#7986 = EDGE_CURVE('',#7987,#7966,#7989,.T.);
#7987 = VERTEX_POINT('',#7988);
#7988 = CARTESIAN_POINT('',(184.,-50.7,27.));
#7989 = SURFACE_CURVE('',#7990,(#7994,#8000),.PCURVE_S1.);
#7990 = LINE('',#7991,#7992);
#7991 = CARTESIAN_POINT('',(139.15,-50.7,27.));
#7992 = VECTOR('',#7993,1.);
#7993 = DIRECTION('',(1.,0.,0.));
#7994 = PCURVE('',#5569,#7995);
#7995 = DEFINITIONAL_REPRESENTATION('',(#7996),#7999);
#7996 = B_SPLINE_CURVE_WITH_KNOTS('',1,(#7997,#7998),.UNSPECIFIED.,.F.,
  .F.,(2,2),(44.85,45.85),.PIECEWISE_BEZIER_KNOTS.);
#7997 = CARTESIAN_POINT('',(6.,89.7));
#7998 = CARTESIAN_POINT('',(6.,90.7));
#7999 = ( GEOMETRIC_REPRESENTATION_CONTEXT(2) 
PARAMETRIC_REPRESENTATION_CONTEXT() REPRESENTATION_CONTEXT('2D SPACE',''
  ) );
#8000 = PCURVE('',#6700,#8001);
#8001 = DEFINITIONAL_REPRESENTATION('',(#8002),#8005);
#8002 = B_SPLINE_CURVE_WITH_KNOTS('',1,(#8003,#8004),.UNSPECIFIED.,.F.,
  .F.,(2,2),(44.85,45.85),.PIECEWISE_BEZIER_KNOTS.);
#8003 = CARTESIAN_POINT('',(0.,2.5));
#8004 = CARTESIAN_POINT('',(1.,2.5));
#8005 = ( GEOMETRIC_REPRESENTATION_CONTEXT(2) 
PARAMETRIC_REPRESENTATION_CONTEXT() REPRESENTATION_CONTEXT('2D SPACE',''
  ) );
#8006 = ORIENTED_EDGE('',*,*,#8007,.T.);
#8007 = EDGE_CURVE('',#7987,#8008,#8010,.T.);
#8008 = VERTEX_POINT('',#8009);
#8009 = CARTESIAN_POINT('',(184.,-50.7,22.));
#8010 = SURFACE_CURVE('',#8011,(#8015,#8021),.PCURVE_S1.);
#8011 = LINE('',#8012,#8013);
#8012 = CARTESIAN_POINT('',(184.,-50.7,21.));
#8013 = VECTOR('',#8014,1.);
#8014 = DIRECTION('',(0.,0.,-1.));
#8015 = PCURVE('',#5569,#8016);
#8016 = DEFINITIONAL_REPRESENTATION('',(#8017),#8020);
#8017 = B_SPLINE_CURVE_WITH_KNOTS('',1,(#8018,#8019),.UNSPECIFIED.,.F.,
  .F.,(2,2),(-6.,-1.),.PIECEWISE_BEZIER_KNOTS.);
#8018 = CARTESIAN_POINT('',(6.,89.7));
#8019 = CARTESIAN_POINT('',(1.,89.7));
#8020 = ( GEOMETRIC_REPRESENTATION_CONTEXT(2) 
PARAMETRIC_REPRESENTATION_CONTEXT() REPRESENTATION_CONTEXT('2D SPACE',''
  ) );
#8021 = PCURVE('',#6726,#8022);
#8022 = DEFINITIONAL_REPRESENTATION('',(#8023),#8026);
#8023 = B_SPLINE_CURVE_WITH_KNOTS('',1,(#8024,#8025),.UNSPECIFIED.,.F.,
  .F.,(2,2),(-6.,-1.),.PIECEWISE_BEZIER_KNOTS.);
#8024 = CARTESIAN_POINT('',(6.,-2.5));
#8025 = CARTESIAN_POINT('',(1.,-2.5));
#8026 = ( GEOMETRIC_REPRESENTATION_CONTEXT(2) 
PARAMETRIC_REPRESENTATION_CONTEXT() REPRESENTATION_CONTEXT('2D SPACE',''
  ) );
#8027 = ORIENTED_EDGE('',*,*,#8028,.T.);
#8028 = EDGE_CURVE('',#8008,#8029,#8031,.T.);
#8029 = VERTEX_POINT('',#8030);
#8030 = CARTESIAN_POINT('',(166.,-50.7,22.));
#8031 = SURFACE_CURVE('',#8032,(#8036,#8042),.PCURVE_S1.);
#8032 = LINE('',#8033,#8034);
#8033 = CARTESIAN_POINT('',(93.1,-50.7,22.));
#8034 = VECTOR('',#8035,1.);
#8035 = DIRECTION('',(-1.,0.,0.));
#8036 = PCURVE('',#5569,#8037);
#8037 = DEFINITIONAL_REPRESENTATION('',(#8038),#8041);
#8038 = B_SPLINE_CURVE_WITH_KNOTS('',1,(#8039,#8040),.UNSPECIFIED.,.F.,
  .F.,(2,2),(-102.6,-1.2),.PIECEWISE_BEZIER_KNOTS.);
#8039 = CARTESIAN_POINT('',(1.,101.4));
#8040 = CARTESIAN_POINT('',(1.,0.));
#8041 = ( GEOMETRIC_REPRESENTATION_CONTEXT(2) 
PARAMETRIC_REPRESENTATION_CONTEXT() REPRESENTATION_CONTEXT('2D SPACE',''
  ) );
#8042 = PCURVE('',#6753,#8043);
#8043 = DEFINITIONAL_REPRESENTATION('',(#8044),#8047);
#8044 = B_SPLINE_CURVE_WITH_KNOTS('',1,(#8045,#8046),.UNSPECIFIED.,.F.,
  .F.,(2,2),(-102.6,-1.2),.PIECEWISE_BEZIER_KNOTS.);
#8045 = CARTESIAN_POINT('',(103.8,2.4));
#8046 = CARTESIAN_POINT('',(2.4,2.4));
#8047 = ( GEOMETRIC_REPRESENTATION_CONTEXT(2) 
PARAMETRIC_REPRESENTATION_CONTEXT() REPRESENTATION_CONTEXT('2D SPACE',''
  ) );
#8048 = ORIENTED_EDGE('',*,*,#8049,.F.);
#8049 = EDGE_CURVE('',#8050,#8029,#8052,.T.);
#8050 = VERTEX_POINT('',#8051);
#8051 = CARTESIAN_POINT('',(166.,-50.7,27.));
#8052 = SURFACE_CURVE('',#8053,(#8057,#8063),.PCURVE_S1.);
#8053 = LINE('',#8054,#8055);
#8054 = CARTESIAN_POINT('',(166.,-50.7,21.));
#8055 = VECTOR('',#8056,1.);
#8056 = DIRECTION('',(0.,0.,-1.));
#8057 = PCURVE('',#5569,#8058);
#8058 = DEFINITIONAL_REPRESENTATION('',(#8059),#8062);
#8059 = B_SPLINE_CURVE_WITH_KNOTS('',1,(#8060,#8061),.UNSPECIFIED.,.F.,
  .F.,(2,2),(-6.,-1.),.PIECEWISE_BEZIER_KNOTS.);
#8060 = CARTESIAN_POINT('',(6.,71.7));
#8061 = CARTESIAN_POINT('',(1.,71.7));
#8062 = ( GEOMETRIC_REPRESENTATION_CONTEXT(2) 
PARAMETRIC_REPRESENTATION_CONTEXT() REPRESENTATION_CONTEXT('2D SPACE',''
  ) );
#8063 = PCURVE('',#6780,#8064);
#8064 = DEFINITIONAL_REPRESENTATION('',(#8065),#8068);
#8065 = B_SPLINE_CURVE_WITH_KNOTS('',1,(#8066,#8067),.UNSPECIFIED.,.F.,
  .F.,(2,2),(-6.,-1.),.PIECEWISE_BEZIER_KNOTS.);
#8066 = CARTESIAN_POINT('',(6.,-2.5));
#8067 = CARTESIAN_POINT('',(1.,-2.5));
#8068 = ( GEOMETRIC_REPRESENTATION_CONTEXT(2) 
PARAMETRIC_REPRESENTATION_CONTEXT() REPRESENTATION_CONTEXT('2D SPACE',''
  ) );
#8069 = ORIENTED_EDGE('',*,*,#8070,.F.);
#8070 = EDGE_CURVE('',#8071,#8050,#8073,.T.);
#8071 = VERTEX_POINT('',#8072);
#8072 = CARTESIAN_POINT('',(165.,-50.7,27.));
#8073 = SURFACE_CURVE('',#8074,(#8078,#8084),.PCURVE_S1.);
#8074 = LINE('',#8075,#8076);
#8075 = CARTESIAN_POINT('',(129.65,-50.7,27.));
#8076 = VECTOR('',#8077,1.);
#8077 = DIRECTION('',(1.,0.,0.));
#8078 = PCURVE('',#5569,#8079);
#8079 = DEFINITIONAL_REPRESENTATION('',(#8080),#8083);
#8080 = B_SPLINE_CURVE_WITH_KNOTS('',1,(#8081,#8082),.UNSPECIFIED.,.F.,
  .F.,(2,2),(35.35,36.35),.PIECEWISE_BEZIER_KNOTS.);
#8081 = CARTESIAN_POINT('',(6.,70.7));
#8082 = CARTESIAN_POINT('',(6.,71.7));
#8083 = ( GEOMETRIC_REPRESENTATION_CONTEXT(2) 
PARAMETRIC_REPRESENTATION_CONTEXT() REPRESENTATION_CONTEXT('2D SPACE',''
  ) );
#8084 = PCURVE('',#6806,#8085);
#8085 = DEFINITIONAL_REPRESENTATION('',(#8086),#8089);
#8086 = B_SPLINE_CURVE_WITH_KNOTS('',1,(#8087,#8088),.UNSPECIFIED.,.F.,
  .F.,(2,2),(35.35,36.35),.PIECEWISE_BEZIER_KNOTS.);
#8087 = CARTESIAN_POINT('',(0.,2.5));
#8088 = CARTESIAN_POINT('',(1.,2.5));
#8089 = ( GEOMETRIC_REPRESENTATION_CONTEXT(2) 
PARAMETRIC_REPRESENTATION_CONTEXT() REPRESENTATION_CONTEXT('2D SPACE',''
  ) );
#8090 = ORIENTED_EDGE('',*,*,#8091,.T.);
#8091 = EDGE_CURVE('',#8071,#8092,#8094,.T.);
#8092 = VERTEX_POINT('',#8093);
#8093 = CARTESIAN_POINT('',(165.,-50.7,22.));
#8094 = SURFACE_CURVE('',#8095,(#8099,#8105),.PCURVE_S1.);
#8095 = LINE('',#8096,#8097);
#8096 = CARTESIAN_POINT('',(165.,-50.7,21.));
#8097 = VECTOR('',#8098,1.);
#8098 = DIRECTION('',(0.,0.,-1.));
#8099 = PCURVE('',#5569,#8100);
#8100 = DEFINITIONAL_REPRESENTATION('',(#8101),#8104);
#8101 = B_SPLINE_CURVE_WITH_KNOTS('',1,(#8102,#8103),.UNSPECIFIED.,.F.,
  .F.,(2,2),(-6.,-1.),.PIECEWISE_BEZIER_KNOTS.);
#8102 = CARTESIAN_POINT('',(6.,70.7));
#8103 = CARTESIAN_POINT('',(1.,70.7));
#8104 = ( GEOMETRIC_REPRESENTATION_CONTEXT(2) 
PARAMETRIC_REPRESENTATION_CONTEXT() REPRESENTATION_CONTEXT('2D SPACE',''
  ) );
#8105 = PCURVE('',#6830,#8106);
#8106 = DEFINITIONAL_REPRESENTATION('',(#8107),#8110);
#8107 = B_SPLINE_CURVE_WITH_KNOTS('',1,(#8108,#8109),.UNSPECIFIED.,.F.,
  .F.,(2,2),(-6.,-1.),.PIECEWISE_BEZIER_KNOTS.);
#8108 = CARTESIAN_POINT('',(6.,-2.5));
#8109 = CARTESIAN_POINT('',(1.,-2.5));
#8110 = ( GEOMETRIC_REPRESENTATION_CONTEXT(2) 
PARAMETRIC_REPRESENTATION_CONTEXT() REPRESENTATION_CONTEXT('2D SPACE',''
  ) );
#8111 = ORIENTED_EDGE('',*,*,#8112,.T.);
#8112 = EDGE_CURVE('',#8092,#7901,#8113,.T.);
#8113 = SURFACE_CURVE('',#8114,(#8118,#8124),.PCURVE_S1.);
#8114 = LINE('',#8115,#8116);
#8115 = CARTESIAN_POINT('',(93.1,-50.7,22.));
#8116 = VECTOR('',#8117,1.);
#8117 = DIRECTION('',(-1.,0.,0.));
#8118 = PCURVE('',#5569,#8119);
#8119 = DEFINITIONAL_REPRESENTATION('',(#8120),#8123);
#8120 = B_SPLINE_CURVE_WITH_KNOTS('',1,(#8121,#8122),.UNSPECIFIED.,.F.,
  .F.,(2,2),(-102.6,-1.2),.PIECEWISE_BEZIER_KNOTS.);
#8121 = CARTESIAN_POINT('',(1.,101.4));
#8122 = CARTESIAN_POINT('',(1.,0.));
#8123 = ( GEOMETRIC_REPRESENTATION_CONTEXT(2) 
PARAMETRIC_REPRESENTATION_CONTEXT() REPRESENTATION_CONTEXT('2D SPACE',''
  ) );
#8124 = PCURVE('',#6603,#8125);
#8125 = DEFINITIONAL_REPRESENTATION('',(#8126),#8129);
#8126 = B_SPLINE_CURVE_WITH_KNOTS('',1,(#8127,#8128),.UNSPECIFIED.,.F.,
  .F.,(2,2),(-102.6,-1.2),.PIECEWISE_BEZIER_KNOTS.);
#8127 = CARTESIAN_POINT('',(103.8,2.4));
#8128 = CARTESIAN_POINT('',(2.4,2.4));
#8129 = ( GEOMETRIC_REPRESENTATION_CONTEXT(2) 
PARAMETRIC_REPRESENTATION_CONTEXT() REPRESENTATION_CONTEXT('2D SPACE',''
  ) );
#8130 = ORIENTED_EDGE('',*,*,#7921,.F.);
#8131 = ORIENTED_EDGE('',*,*,#5553,.F.);
#8132 = FACE_BOUND('',#8133,.T.);
#8133 = EDGE_LOOP('',(#8134,#8164,#8192,#8220));
#8134 = ORIENTED_EDGE('',*,*,#8135,.T.);
#8135 = EDGE_CURVE('',#8136,#8138,#8140,.T.);
#8136 = VERTEX_POINT('',#8137);
#8137 = CARTESIAN_POINT('',(166.5,-50.7,26.));
#8138 = VERTEX_POINT('',#8139);
#8139 = CARTESIAN_POINT('',(166.5,-50.7,23.3));
#8140 = SURFACE_CURVE('',#8141,(#8145,#8152),.PCURVE_S1.);
#8141 = LINE('',#8142,#8143);
#8142 = CARTESIAN_POINT('',(166.5,-50.7,26.));
#8143 = VECTOR('',#8144,1.);
#8144 = DIRECTION('',(0.,0.,-1.));
#8145 = PCURVE('',#5569,#8146);
#8146 = DEFINITIONAL_REPRESENTATION('',(#8147),#8151);
#8147 = LINE('',#8148,#8149);
#8148 = CARTESIAN_POINT('',(5.,72.2));
#8149 = VECTOR('',#8150,1.);
#8150 = DIRECTION('',(-1.,0.));
#8151 = ( GEOMETRIC_REPRESENTATION_CONTEXT(2) 
PARAMETRIC_REPRESENTATION_CONTEXT() REPRESENTATION_CONTEXT('2D SPACE',''
  ) );
#8152 = PCURVE('',#8153,#8158);
#8153 = PLANE('',#8154);
#8154 = AXIS2_PLACEMENT_3D('',#8155,#8156,#8157);
#8155 = CARTESIAN_POINT('',(166.5,-50.22818801325,24.844765682193));
#8156 = DIRECTION('',(1.,0.,0.));
#8157 = DIRECTION('',(-0.,0.,1.));
#8158 = DEFINITIONAL_REPRESENTATION('',(#8159),#8163);
#8159 = LINE('',#8160,#8161);
#8160 = CARTESIAN_POINT('',(1.155234317807,0.471811986743));
#8161 = VECTOR('',#8162,1.);
#8162 = DIRECTION('',(-1.,0.));
#8163 = ( GEOMETRIC_REPRESENTATION_CONTEXT(2) 
PARAMETRIC_REPRESENTATION_CONTEXT() REPRESENTATION_CONTEXT('2D SPACE',''
  ) );
#8164 = ORIENTED_EDGE('',*,*,#8165,.T.);
#8165 = EDGE_CURVE('',#8138,#8166,#8168,.T.);
#8166 = VERTEX_POINT('',#8167);
#8167 = CARTESIAN_POINT('',(183.5,-50.7,23.3));
#8168 = SURFACE_CURVE('',#8169,(#8173,#8180),.PCURVE_S1.);
#8169 = LINE('',#8170,#8171);
#8170 = CARTESIAN_POINT('',(166.5,-50.7,23.3));
#8171 = VECTOR('',#8172,1.);
#8172 = DIRECTION('',(1.,0.,0.));
#8173 = PCURVE('',#5569,#8174);
#8174 = DEFINITIONAL_REPRESENTATION('',(#8175),#8179);
#8175 = LINE('',#8176,#8177);
#8176 = CARTESIAN_POINT('',(2.3,72.2));
#8177 = VECTOR('',#8178,1.);
#8178 = DIRECTION('',(0.,1.));
#8179 = ( GEOMETRIC_REPRESENTATION_CONTEXT(2) 
PARAMETRIC_REPRESENTATION_CONTEXT() REPRESENTATION_CONTEXT('2D SPACE',''
  ) );
#8180 = PCURVE('',#8181,#8186);
#8181 = PLANE('',#8182);
#8182 = AXIS2_PLACEMENT_3D('',#8183,#8184,#8185);
#8183 = CARTESIAN_POINT('',(166.5,-50.7,23.3));
#8184 = DIRECTION('',(0.,-0.780868809443,0.624695047554));
#8185 = DIRECTION('',(0.,0.624695047554,0.780868809443));
#8186 = DEFINITIONAL_REPRESENTATION('',(#8187),#8191);
#8187 = LINE('',#8188,#8189);
#8188 = CARTESIAN_POINT('',(0.,0.));
#8189 = VECTOR('',#8190,1.);
#8190 = DIRECTION('',(0.,-1.));
#8191 = ( GEOMETRIC_REPRESENTATION_CONTEXT(2) 
PARAMETRIC_REPRESENTATION_CONTEXT() REPRESENTATION_CONTEXT('2D SPACE',''
  ) );
#8192 = ORIENTED_EDGE('',*,*,#8193,.F.);
#8193 = EDGE_CURVE('',#8194,#8166,#8196,.T.);
#8194 = VERTEX_POINT('',#8195);
#8195 = CARTESIAN_POINT('',(183.5,-50.7,26.));
#8196 = SURFACE_CURVE('',#8197,(#8201,#8208),.PCURVE_S1.);
#8197 = LINE('',#8198,#8199);
#8198 = CARTESIAN_POINT('',(183.5,-50.7,26.));
#8199 = VECTOR('',#8200,1.);
#8200 = DIRECTION('',(0.,0.,-1.));
#8201 = PCURVE('',#5569,#8202);
#8202 = DEFINITIONAL_REPRESENTATION('',(#8203),#8207);
#8203 = LINE('',#8204,#8205);
#8204 = CARTESIAN_POINT('',(5.,89.2));
#8205 = VECTOR('',#8206,1.);
#8206 = DIRECTION('',(-1.,0.));
#8207 = ( GEOMETRIC_REPRESENTATION_CONTEXT(2) 
PARAMETRIC_REPRESENTATION_CONTEXT() REPRESENTATION_CONTEXT('2D SPACE',''
  ) );
#8208 = PCURVE('',#8209,#8214);
#8209 = PLANE('',#8210);
#8210 = AXIS2_PLACEMENT_3D('',#8211,#8212,#8213);
#8211 = CARTESIAN_POINT('',(183.5,-50.22818801325,24.844765682193));
#8212 = DIRECTION('',(1.,0.,0.));
#8213 = DIRECTION('',(-0.,0.,1.));
#8214 = DEFINITIONAL_REPRESENTATION('',(#8215),#8219);
#8215 = LINE('',#8216,#8217);
#8216 = CARTESIAN_POINT('',(1.155234317807,0.471811986743));
#8217 = VECTOR('',#8218,1.);
#8218 = DIRECTION('',(-1.,0.));
#8219 = ( GEOMETRIC_REPRESENTATION_CONTEXT(2) 
PARAMETRIC_REPRESENTATION_CONTEXT() REPRESENTATION_CONTEXT('2D SPACE',''
  ) );
#8220 = ORIENTED_EDGE('',*,*,#8221,.F.);
#8221 = EDGE_CURVE('',#8136,#8194,#8222,.T.);
#8222 = SURFACE_CURVE('',#8223,(#8227,#8234),.PCURVE_S1.);
#8223 = LINE('',#8224,#8225);
#8224 = CARTESIAN_POINT('',(166.5,-50.7,26.));
#8225 = VECTOR('',#8226,1.);
#8226 = DIRECTION('',(1.,0.,0.));
#8227 = PCURVE('',#5569,#8228);
#8228 = DEFINITIONAL_REPRESENTATION('',(#8229),#8233);
#8229 = LINE('',#8230,#8231);
#8230 = CARTESIAN_POINT('',(5.,72.2));
#8231 = VECTOR('',#8232,1.);
#8232 = DIRECTION('',(0.,1.));
#8233 = ( GEOMETRIC_REPRESENTATION_CONTEXT(2) 
PARAMETRIC_REPRESENTATION_CONTEXT() REPRESENTATION_CONTEXT('2D SPACE',''
  ) );
#8234 = PCURVE('',#8235,#8240);
#8235 = PLANE('',#8236);
#8236 = AXIS2_PLACEMENT_3D('',#8237,#8238,#8239);
#8237 = CARTESIAN_POINT('',(166.5,-49.5,26.));
#8238 = DIRECTION('',(0.,0.,-1.));
#8239 = DIRECTION('',(0.,-1.,0.));
#8240 = DEFINITIONAL_REPRESENTATION('',(#8241),#8245);
#8241 = LINE('',#8242,#8243);
#8242 = CARTESIAN_POINT('',(1.2,0.));
#8243 = VECTOR('',#8244,1.);
#8244 = DIRECTION('',(0.,-1.));
#8245 = ( GEOMETRIC_REPRESENTATION_CONTEXT(2) 
PARAMETRIC_REPRESENTATION_CONTEXT() REPRESENTATION_CONTEXT('2D SPACE',''
  ) );
#8246 = ADVANCED_FACE('',(#8247,#8317),#5596,.F.);
#8247 = FACE_BOUND('',#8248,.F.);
#8248 = EDGE_LOOP('',(#8249,#8250,#8251,#8252,#8271,#8272,#8273,#8274,
    #8293,#8294,#8295,#8316));
#8249 = ORIENTED_EDGE('',*,*,#7943,.F.);
#8250 = ORIENTED_EDGE('',*,*,#6844,.T.);
#8251 = ORIENTED_EDGE('',*,*,#6956,.T.);
#8252 = ORIENTED_EDGE('',*,*,#8253,.F.);
#8253 = EDGE_CURVE('',#7107,#6957,#8254,.T.);
#8254 = SURFACE_CURVE('',#8255,(#8259,#8265),.PCURVE_S1.);
#8255 = LINE('',#8256,#8257);
#8256 = CARTESIAN_POINT('',(195.7,-30.35,27.));
#8257 = VECTOR('',#8258,1.);
#8258 = DIRECTION('',(0.,-1.,0.));
#8259 = PCURVE('',#5596,#8260);
#8260 = DEFINITIONAL_REPRESENTATION('',(#8261),#8264);
#8261 = B_SPLINE_CURVE_WITH_KNOTS('',1,(#8262,#8263),.UNSPECIFIED.,.F.,
  .F.,(2,2),(-21.35,-20.35),.PIECEWISE_BEZIER_KNOTS.);
#8262 = CARTESIAN_POINT('',(6.,-41.7));
#8263 = CARTESIAN_POINT('',(6.,-40.7));
#8264 = ( GEOMETRIC_REPRESENTATION_CONTEXT(2) 
PARAMETRIC_REPRESENTATION_CONTEXT() REPRESENTATION_CONTEXT('2D SPACE',''
  ) );
#8265 = PCURVE('',#6993,#8266);
#8266 = DEFINITIONAL_REPRESENTATION('',(#8267),#8270);
#8267 = B_SPLINE_CURVE_WITH_KNOTS('',1,(#8268,#8269),.UNSPECIFIED.,.F.,
  .F.,(2,2),(-21.35,-20.35),.PIECEWISE_BEZIER_KNOTS.);
#8268 = CARTESIAN_POINT('',(9.999999999999E-02,1.));
#8269 = CARTESIAN_POINT('',(9.999999999999E-02,0.));
#8270 = ( GEOMETRIC_REPRESENTATION_CONTEXT(2) 
PARAMETRIC_REPRESENTATION_CONTEXT() REPRESENTATION_CONTEXT('2D SPACE',''
  ) );
#8271 = ORIENTED_EDGE('',*,*,#7106,.F.);
#8272 = ORIENTED_EDGE('',*,*,#7196,.T.);
#8273 = ORIENTED_EDGE('',*,*,#7244,.T.);
#8274 = ORIENTED_EDGE('',*,*,#8275,.F.);
#8275 = EDGE_CURVE('',#7395,#7245,#8276,.T.);
#8276 = SURFACE_CURVE('',#8277,(#8281,#8287),.PCURVE_S1.);
#8277 = LINE('',#8278,#8279);
#8278 = CARTESIAN_POINT('',(195.7,-20.85,27.));
#8279 = VECTOR('',#8280,1.);
#8280 = DIRECTION('',(0.,-1.,0.));
#8281 = PCURVE('',#5596,#8282);
#8282 = DEFINITIONAL_REPRESENTATION('',(#8283),#8286);
#8283 = B_SPLINE_CURVE_WITH_KNOTS('',1,(#8284,#8285),.UNSPECIFIED.,.F.,
  .F.,(2,2),(-30.85,-29.85),.PIECEWISE_BEZIER_KNOTS.);
#8284 = CARTESIAN_POINT('',(6.,-60.7));
#8285 = CARTESIAN_POINT('',(6.,-59.7));
#8286 = ( GEOMETRIC_REPRESENTATION_CONTEXT(2) 
PARAMETRIC_REPRESENTATION_CONTEXT() REPRESENTATION_CONTEXT('2D SPACE',''
  ) );
#8287 = PCURVE('',#7281,#8288);
#8288 = DEFINITIONAL_REPRESENTATION('',(#8289),#8292);
#8289 = B_SPLINE_CURVE_WITH_KNOTS('',1,(#8290,#8291),.UNSPECIFIED.,.F.,
  .F.,(2,2),(-30.85,-29.85),.PIECEWISE_BEZIER_KNOTS.);
#8290 = CARTESIAN_POINT('',(9.999999999999E-02,1.));
#8291 = CARTESIAN_POINT('',(9.999999999999E-02,0.));
#8292 = ( GEOMETRIC_REPRESENTATION_CONTEXT(2) 
PARAMETRIC_REPRESENTATION_CONTEXT() REPRESENTATION_CONTEXT('2D SPACE',''
  ) );
#8293 = ORIENTED_EDGE('',*,*,#7394,.F.);
#8294 = ORIENTED_EDGE('',*,*,#7532,.T.);
#8295 = ORIENTED_EDGE('',*,*,#8296,.T.);
#8296 = EDGE_CURVE('',#7512,#5581,#8297,.T.);
#8297 = SURFACE_CURVE('',#8298,(#8302,#8309),.PCURVE_S1.);
#8298 = LINE('',#8299,#8300);
#8299 = CARTESIAN_POINT('',(195.7,50.7,21.));
#8300 = VECTOR('',#8301,1.);
#8301 = DIRECTION('',(0.,0.,1.));
#8302 = PCURVE('',#5596,#8303);
#8303 = DEFINITIONAL_REPRESENTATION('',(#8304),#8308);
#8304 = LINE('',#8305,#8306);
#8305 = CARTESIAN_POINT('',(0.,-101.4));
#8306 = VECTOR('',#8307,1.);
#8307 = DIRECTION('',(1.,0.));
#8308 = ( GEOMETRIC_REPRESENTATION_CONTEXT(2) 
PARAMETRIC_REPRESENTATION_CONTEXT() REPRESENTATION_CONTEXT('2D SPACE',''
  ) );
#8309 = PCURVE('',#5623,#8310);
#8310 = DEFINITIONAL_REPRESENTATION('',(#8311),#8315);
#8311 = LINE('',#8312,#8313);
#8312 = CARTESIAN_POINT('',(0.,101.4));
#8313 = VECTOR('',#8314,1.);
#8314 = DIRECTION('',(1.,0.));
#8315 = ( GEOMETRIC_REPRESENTATION_CONTEXT(2) 
PARAMETRIC_REPRESENTATION_CONTEXT() REPRESENTATION_CONTEXT('2D SPACE',''
  ) );
#8316 = ORIENTED_EDGE('',*,*,#5580,.F.);
#8317 = FACE_BOUND('',#8318,.F.);
#8318 = EDGE_LOOP('',(#8319,#8349,#8377,#8405));
#8319 = ORIENTED_EDGE('',*,*,#8320,.F.);
#8320 = EDGE_CURVE('',#8321,#8323,#8325,.T.);
#8321 = VERTEX_POINT('',#8322);
#8322 = CARTESIAN_POINT('',(195.7,-8.5,23.3));
#8323 = VERTEX_POINT('',#8324);
#8324 = CARTESIAN_POINT('',(195.7,8.5,23.3));
#8325 = SURFACE_CURVE('',#8326,(#8330,#8337),.PCURVE_S1.);
#8326 = LINE('',#8327,#8328);
#8327 = CARTESIAN_POINT('',(195.7,-8.5,23.3));
#8328 = VECTOR('',#8329,1.);
#8329 = DIRECTION('',(-0.,1.,-0.));
#8330 = PCURVE('',#5596,#8331);
#8331 = DEFINITIONAL_REPRESENTATION('',(#8332),#8336);
#8332 = LINE('',#8333,#8334);
#8333 = CARTESIAN_POINT('',(2.3,-42.2));
#8334 = VECTOR('',#8335,1.);
#8335 = DIRECTION('',(0.,-1.));
#8336 = ( GEOMETRIC_REPRESENTATION_CONTEXT(2) 
PARAMETRIC_REPRESENTATION_CONTEXT() REPRESENTATION_CONTEXT('2D SPACE',''
  ) );
#8337 = PCURVE('',#8338,#8343);
#8338 = PLANE('',#8339);
#8339 = AXIS2_PLACEMENT_3D('',#8340,#8341,#8342);
#8340 = CARTESIAN_POINT('',(195.7,-8.5,23.3));
#8341 = DIRECTION('',(0.780868809443,0.,0.624695047554));
#8342 = DIRECTION('',(-0.624695047554,0.,0.780868809443));
#8343 = DEFINITIONAL_REPRESENTATION('',(#8344),#8348);
#8344 = LINE('',#8345,#8346);
#8345 = CARTESIAN_POINT('',(0.,0.));
#8346 = VECTOR('',#8347,1.);
#8347 = DIRECTION('',(0.,-1.));
#8348 = ( GEOMETRIC_REPRESENTATION_CONTEXT(2) 
PARAMETRIC_REPRESENTATION_CONTEXT() REPRESENTATION_CONTEXT('2D SPACE',''
  ) );
#8349 = ORIENTED_EDGE('',*,*,#8350,.F.);
#8350 = EDGE_CURVE('',#8351,#8321,#8353,.T.);
#8351 = VERTEX_POINT('',#8352);
#8352 = CARTESIAN_POINT('',(195.7,-8.5,26.));
#8353 = SURFACE_CURVE('',#8354,(#8358,#8365),.PCURVE_S1.);
#8354 = LINE('',#8355,#8356);
#8355 = CARTESIAN_POINT('',(195.7,-8.5,26.));
#8356 = VECTOR('',#8357,1.);
#8357 = DIRECTION('',(0.,0.,-1.));
#8358 = PCURVE('',#5596,#8359);
#8359 = DEFINITIONAL_REPRESENTATION('',(#8360),#8364);
#8360 = LINE('',#8361,#8362);
#8361 = CARTESIAN_POINT('',(5.,-42.2));
#8362 = VECTOR('',#8363,1.);
#8363 = DIRECTION('',(-1.,0.));
#8364 = ( GEOMETRIC_REPRESENTATION_CONTEXT(2) 
PARAMETRIC_REPRESENTATION_CONTEXT() REPRESENTATION_CONTEXT('2D SPACE',''
  ) );
#8365 = PCURVE('',#8366,#8371);
#8366 = PLANE('',#8367);
#8367 = AXIS2_PLACEMENT_3D('',#8368,#8369,#8370);
#8368 = CARTESIAN_POINT('',(195.22818801325,-8.5,24.844765682193));
#8369 = DIRECTION('',(0.,1.,0.));
#8370 = DIRECTION('',(0.,-0.,1.));
#8371 = DEFINITIONAL_REPRESENTATION('',(#8372),#8376);
#8372 = LINE('',#8373,#8374);
#8373 = CARTESIAN_POINT('',(1.155234317807,0.471811986743));
#8374 = VECTOR('',#8375,1.);
#8375 = DIRECTION('',(-1.,0.));
#8376 = ( GEOMETRIC_REPRESENTATION_CONTEXT(2) 
PARAMETRIC_REPRESENTATION_CONTEXT() REPRESENTATION_CONTEXT('2D SPACE',''
  ) );
#8377 = ORIENTED_EDGE('',*,*,#8378,.T.);
#8378 = EDGE_CURVE('',#8351,#8379,#8381,.T.);
#8379 = VERTEX_POINT('',#8380);
#8380 = CARTESIAN_POINT('',(195.7,8.5,26.));
#8381 = SURFACE_CURVE('',#8382,(#8386,#8393),.PCURVE_S1.);
#8382 = LINE('',#8383,#8384);
#8383 = CARTESIAN_POINT('',(195.7,-8.5,26.));
#8384 = VECTOR('',#8385,1.);
#8385 = DIRECTION('',(-0.,1.,-0.));
#8386 = PCURVE('',#5596,#8387);
#8387 = DEFINITIONAL_REPRESENTATION('',(#8388),#8392);
#8388 = LINE('',#8389,#8390);
#8389 = CARTESIAN_POINT('',(5.,-42.2));
#8390 = VECTOR('',#8391,1.);
#8391 = DIRECTION('',(0.,-1.));
#8392 = ( GEOMETRIC_REPRESENTATION_CONTEXT(2) 
PARAMETRIC_REPRESENTATION_CONTEXT() REPRESENTATION_CONTEXT('2D SPACE',''
  ) );
#8393 = PCURVE('',#8394,#8399);
#8394 = PLANE('',#8395);
#8395 = AXIS2_PLACEMENT_3D('',#8396,#8397,#8398);
#8396 = CARTESIAN_POINT('',(194.5,-8.5,26.));
#8397 = DIRECTION('',(0.,0.,-1.));
#8398 = DIRECTION('',(1.,0.,0.));
#8399 = DEFINITIONAL_REPRESENTATION('',(#8400),#8404);
#8400 = LINE('',#8401,#8402);
#8401 = CARTESIAN_POINT('',(1.2,0.));
#8402 = VECTOR('',#8403,1.);
#8403 = DIRECTION('',(0.,-1.));
#8404 = ( GEOMETRIC_REPRESENTATION_CONTEXT(2) 
PARAMETRIC_REPRESENTATION_CONTEXT() REPRESENTATION_CONTEXT('2D SPACE',''
  ) );
#8405 = ORIENTED_EDGE('',*,*,#8406,.T.);
#8406 = EDGE_CURVE('',#8379,#8323,#8407,.T.);
#8407 = SURFACE_CURVE('',#8408,(#8412,#8419),.PCURVE_S1.);
#8408 = LINE('',#8409,#8410);
#8409 = CARTESIAN_POINT('',(195.7,8.5,26.));
#8410 = VECTOR('',#8411,1.);
#8411 = DIRECTION('',(0.,0.,-1.));
#8412 = PCURVE('',#5596,#8413);
#8413 = DEFINITIONAL_REPRESENTATION('',(#8414),#8418);
#8414 = LINE('',#8415,#8416);
#8415 = CARTESIAN_POINT('',(5.,-59.2));
#8416 = VECTOR('',#8417,1.);
#8417 = DIRECTION('',(-1.,0.));
#8418 = ( GEOMETRIC_REPRESENTATION_CONTEXT(2) 
PARAMETRIC_REPRESENTATION_CONTEXT() REPRESENTATION_CONTEXT('2D SPACE',''
  ) );
#8419 = PCURVE('',#8420,#8425);
#8420 = PLANE('',#8421);
#8421 = AXIS2_PLACEMENT_3D('',#8422,#8423,#8424);
#8422 = CARTESIAN_POINT('',(195.22818801325,8.5,24.844765682193));
#8423 = DIRECTION('',(0.,1.,0.));
#8424 = DIRECTION('',(0.,-0.,1.));
#8425 = DEFINITIONAL_REPRESENTATION('',(#8426),#8430);
#8426 = LINE('',#8427,#8428);
#8427 = CARTESIAN_POINT('',(1.155234317807,0.471811986743));
#8428 = VECTOR('',#8429,1.);
#8429 = DIRECTION('',(-1.,0.));
#8430 = ( GEOMETRIC_REPRESENTATION_CONTEXT(2) 
PARAMETRIC_REPRESENTATION_CONTEXT() REPRESENTATION_CONTEXT('2D SPACE',''
  ) );
#8431 = ADVANCED_FACE('',(#8432,#8626),#5623,.F.);
#8432 = FACE_BOUND('',#8433,.F.);
#8433 = EDGE_LOOP('',(#8434,#8435,#8436,#8457,#8478,#8499,#8520,#8541,
    #8562,#8583,#8604,#8625));
#8434 = ORIENTED_EDGE('',*,*,#8296,.F.);
#8435 = ORIENTED_EDGE('',*,*,#7511,.T.);
#8436 = ORIENTED_EDGE('',*,*,#8437,.F.);
#8437 = EDGE_CURVE('',#8438,#7486,#8440,.T.);
#8438 = VERTEX_POINT('',#8439);
#8439 = CARTESIAN_POINT('',(155.,50.7,27.));
#8440 = SURFACE_CURVE('',#8441,(#8445,#8451),.PCURVE_S1.);
#8441 = LINE('',#8442,#8443);
#8442 = CARTESIAN_POINT('',(155.,50.7,21.));
#8443 = VECTOR('',#8444,1.);
#8444 = DIRECTION('',(0.,0.,-1.));
#8445 = PCURVE('',#5623,#8446);
#8446 = DEFINITIONAL_REPRESENTATION('',(#8447),#8450);
#8447 = B_SPLINE_CURVE_WITH_KNOTS('',1,(#8448,#8449),.UNSPECIFIED.,.F.,
  .F.,(2,2),(-6.,-1.),.PIECEWISE_BEZIER_KNOTS.);
#8448 = CARTESIAN_POINT('',(6.,60.7));
#8449 = CARTESIAN_POINT('',(1.,60.7));
#8450 = ( GEOMETRIC_REPRESENTATION_CONTEXT(2) 
PARAMETRIC_REPRESENTATION_CONTEXT() REPRESENTATION_CONTEXT('2D SPACE',''
  ) );
#8451 = PCURVE('',#7500,#8452);
#8452 = DEFINITIONAL_REPRESENTATION('',(#8453),#8456);
#8453 = B_SPLINE_CURVE_WITH_KNOTS('',1,(#8454,#8455),.UNSPECIFIED.,.F.,
  .F.,(2,2),(-6.,-1.),.PIECEWISE_BEZIER_KNOTS.);
#8454 = CARTESIAN_POINT('',(6.,-0.1));
#8455 = CARTESIAN_POINT('',(1.,-0.1));
#8456 = ( GEOMETRIC_REPRESENTATION_CONTEXT(2) 
PARAMETRIC_REPRESENTATION_CONTEXT() REPRESENTATION_CONTEXT('2D SPACE',''
  ) );
#8457 = ORIENTED_EDGE('',*,*,#8458,.F.);
#8458 = EDGE_CURVE('',#8459,#8438,#8461,.T.);
#8459 = VERTEX_POINT('',#8460);
#8460 = CARTESIAN_POINT('',(154.,50.7,27.));
#8461 = SURFACE_CURVE('',#8462,(#8466,#8472),.PCURVE_S1.);
#8462 = LINE('',#8463,#8464);
#8463 = CARTESIAN_POINT('',(124.15,50.7,27.));
#8464 = VECTOR('',#8465,1.);
#8465 = DIRECTION('',(1.,0.,0.));
#8466 = PCURVE('',#5623,#8467);
#8467 = DEFINITIONAL_REPRESENTATION('',(#8468),#8471);
#8468 = B_SPLINE_CURVE_WITH_KNOTS('',1,(#8469,#8470),.UNSPECIFIED.,.F.,
  .F.,(2,2),(29.85,30.85),.PIECEWISE_BEZIER_KNOTS.);
#8469 = CARTESIAN_POINT('',(6.,59.7));
#8470 = CARTESIAN_POINT('',(6.,60.7));
#8471 = ( GEOMETRIC_REPRESENTATION_CONTEXT(2) 
PARAMETRIC_REPRESENTATION_CONTEXT() REPRESENTATION_CONTEXT('2D SPACE',''
  ) );
#8472 = PCURVE('',#7646,#8473);
#8473 = DEFINITIONAL_REPRESENTATION('',(#8474),#8477);
#8474 = B_SPLINE_CURVE_WITH_KNOTS('',1,(#8475,#8476),.UNSPECIFIED.,.F.,
  .F.,(2,2),(29.85,30.85),.PIECEWISE_BEZIER_KNOTS.);
#8475 = CARTESIAN_POINT('',(0.,0.1));
#8476 = CARTESIAN_POINT('',(1.,0.1));
#8477 = ( GEOMETRIC_REPRESENTATION_CONTEXT(2) 
PARAMETRIC_REPRESENTATION_CONTEXT() REPRESENTATION_CONTEXT('2D SPACE',''
  ) );
#8478 = ORIENTED_EDGE('',*,*,#8479,.T.);
#8479 = EDGE_CURVE('',#8459,#8480,#8482,.T.);
#8480 = VERTEX_POINT('',#8481);
#8481 = CARTESIAN_POINT('',(154.,50.7,22.));
#8482 = SURFACE_CURVE('',#8483,(#8487,#8493),.PCURVE_S1.);
#8483 = LINE('',#8484,#8485);
#8484 = CARTESIAN_POINT('',(154.,50.7,21.));
#8485 = VECTOR('',#8486,1.);
#8486 = DIRECTION('',(0.,0.,-1.));
#8487 = PCURVE('',#5623,#8488);
#8488 = DEFINITIONAL_REPRESENTATION('',(#8489),#8492);
#8489 = B_SPLINE_CURVE_WITH_KNOTS('',1,(#8490,#8491),.UNSPECIFIED.,.F.,
  .F.,(2,2),(-6.,-1.),.PIECEWISE_BEZIER_KNOTS.);
#8490 = CARTESIAN_POINT('',(6.,59.7));
#8491 = CARTESIAN_POINT('',(1.,59.7));
#8492 = ( GEOMETRIC_REPRESENTATION_CONTEXT(2) 
PARAMETRIC_REPRESENTATION_CONTEXT() REPRESENTATION_CONTEXT('2D SPACE',''
  ) );
#8493 = PCURVE('',#7672,#8494);
#8494 = DEFINITIONAL_REPRESENTATION('',(#8495),#8498);
#8495 = B_SPLINE_CURVE_WITH_KNOTS('',1,(#8496,#8497),.UNSPECIFIED.,.F.,
  .F.,(2,2),(-6.,-1.),.PIECEWISE_BEZIER_KNOTS.);
#8496 = CARTESIAN_POINT('',(6.,-0.1));
#8497 = CARTESIAN_POINT('',(1.,-0.1));
#8498 = ( GEOMETRIC_REPRESENTATION_CONTEXT(2) 
PARAMETRIC_REPRESENTATION_CONTEXT() REPRESENTATION_CONTEXT('2D SPACE',''
  ) );
#8499 = ORIENTED_EDGE('',*,*,#8500,.T.);
#8500 = EDGE_CURVE('',#8480,#8501,#8503,.T.);
#8501 = VERTEX_POINT('',#8502);
#8502 = CARTESIAN_POINT('',(136.,50.7,22.));
#8503 = SURFACE_CURVE('',#8504,(#8508,#8514),.PCURVE_S1.);
#8504 = LINE('',#8505,#8506);
#8505 = CARTESIAN_POINT('',(93.1,50.7,22.));
#8506 = VECTOR('',#8507,1.);
#8507 = DIRECTION('',(-1.,0.,0.));
#8508 = PCURVE('',#5623,#8509);
#8509 = DEFINITIONAL_REPRESENTATION('',(#8510),#8513);
#8510 = B_SPLINE_CURVE_WITH_KNOTS('',1,(#8511,#8512),.UNSPECIFIED.,.F.,
  .F.,(2,2),(-102.6,-1.2),.PIECEWISE_BEZIER_KNOTS.);
#8511 = CARTESIAN_POINT('',(1.,101.4));
#8512 = CARTESIAN_POINT('',(1.,0.));
#8513 = ( GEOMETRIC_REPRESENTATION_CONTEXT(2) 
PARAMETRIC_REPRESENTATION_CONTEXT() REPRESENTATION_CONTEXT('2D SPACE',''
  ) );
#8514 = PCURVE('',#7699,#8515);
#8515 = DEFINITIONAL_REPRESENTATION('',(#8516),#8519);
#8516 = B_SPLINE_CURVE_WITH_KNOTS('',1,(#8517,#8518),.UNSPECIFIED.,.F.,
  .F.,(2,2),(-102.6,-1.2),.PIECEWISE_BEZIER_KNOTS.);
#8517 = CARTESIAN_POINT('',(103.8,103.8));
#8518 = CARTESIAN_POINT('',(2.4,103.8));
#8519 = ( GEOMETRIC_REPRESENTATION_CONTEXT(2) 
PARAMETRIC_REPRESENTATION_CONTEXT() REPRESENTATION_CONTEXT('2D SPACE',''
  ) );
#8520 = ORIENTED_EDGE('',*,*,#8521,.F.);
#8521 = EDGE_CURVE('',#8522,#8501,#8524,.T.);
#8522 = VERTEX_POINT('',#8523);
#8523 = CARTESIAN_POINT('',(136.,50.7,27.));
#8524 = SURFACE_CURVE('',#8525,(#8529,#8535),.PCURVE_S1.);
#8525 = LINE('',#8526,#8527);
#8526 = CARTESIAN_POINT('',(136.,50.7,21.));
#8527 = VECTOR('',#8528,1.);
#8528 = DIRECTION('',(0.,0.,-1.));
#8529 = PCURVE('',#5623,#8530);
#8530 = DEFINITIONAL_REPRESENTATION('',(#8531),#8534);
#8531 = B_SPLINE_CURVE_WITH_KNOTS('',1,(#8532,#8533),.UNSPECIFIED.,.F.,
  .F.,(2,2),(-6.,-1.),.PIECEWISE_BEZIER_KNOTS.);
#8532 = CARTESIAN_POINT('',(6.,41.7));
#8533 = CARTESIAN_POINT('',(1.,41.7));
#8534 = ( GEOMETRIC_REPRESENTATION_CONTEXT(2) 
PARAMETRIC_REPRESENTATION_CONTEXT() REPRESENTATION_CONTEXT('2D SPACE',''
  ) );
#8535 = PCURVE('',#7726,#8536);
#8536 = DEFINITIONAL_REPRESENTATION('',(#8537),#8540);
#8537 = B_SPLINE_CURVE_WITH_KNOTS('',1,(#8538,#8539),.UNSPECIFIED.,.F.,
  .F.,(2,2),(-6.,-1.),.PIECEWISE_BEZIER_KNOTS.);
#8538 = CARTESIAN_POINT('',(6.,-0.1));
#8539 = CARTESIAN_POINT('',(1.,-0.1));
#8540 = ( GEOMETRIC_REPRESENTATION_CONTEXT(2) 
PARAMETRIC_REPRESENTATION_CONTEXT() REPRESENTATION_CONTEXT('2D SPACE',''
  ) );
#8541 = ORIENTED_EDGE('',*,*,#8542,.F.);
#8542 = EDGE_CURVE('',#8543,#8522,#8545,.T.);
#8543 = VERTEX_POINT('',#8544);
#8544 = CARTESIAN_POINT('',(135.,50.7,27.));
#8545 = SURFACE_CURVE('',#8546,(#8550,#8556),.PCURVE_S1.);
#8546 = LINE('',#8547,#8548);
#8547 = CARTESIAN_POINT('',(114.65,50.7,27.));
#8548 = VECTOR('',#8549,1.);
#8549 = DIRECTION('',(1.,0.,0.));
#8550 = PCURVE('',#5623,#8551);
#8551 = DEFINITIONAL_REPRESENTATION('',(#8552),#8555);
#8552 = B_SPLINE_CURVE_WITH_KNOTS('',1,(#8553,#8554),.UNSPECIFIED.,.F.,
  .F.,(2,2),(20.35,21.35),.PIECEWISE_BEZIER_KNOTS.);
#8553 = CARTESIAN_POINT('',(6.,40.7));
#8554 = CARTESIAN_POINT('',(6.,41.7));
#8555 = ( GEOMETRIC_REPRESENTATION_CONTEXT(2) 
PARAMETRIC_REPRESENTATION_CONTEXT() REPRESENTATION_CONTEXT('2D SPACE',''
  ) );
#8556 = PCURVE('',#7752,#8557);
#8557 = DEFINITIONAL_REPRESENTATION('',(#8558),#8561);
#8558 = B_SPLINE_CURVE_WITH_KNOTS('',1,(#8559,#8560),.UNSPECIFIED.,.F.,
  .F.,(2,2),(20.35,21.35),.PIECEWISE_BEZIER_KNOTS.);
#8559 = CARTESIAN_POINT('',(0.,0.1));
#8560 = CARTESIAN_POINT('',(1.,0.1));
#8561 = ( GEOMETRIC_REPRESENTATION_CONTEXT(2) 
PARAMETRIC_REPRESENTATION_CONTEXT() REPRESENTATION_CONTEXT('2D SPACE',''
  ) );
#8562 = ORIENTED_EDGE('',*,*,#8563,.T.);
#8563 = EDGE_CURVE('',#8543,#8564,#8566,.T.);
#8564 = VERTEX_POINT('',#8565);
#8565 = CARTESIAN_POINT('',(135.,50.7,22.));
#8566 = SURFACE_CURVE('',#8567,(#8571,#8577),.PCURVE_S1.);
#8567 = LINE('',#8568,#8569);
#8568 = CARTESIAN_POINT('',(135.,50.7,21.));
#8569 = VECTOR('',#8570,1.);
#8570 = DIRECTION('',(0.,0.,-1.));
#8571 = PCURVE('',#5623,#8572);
#8572 = DEFINITIONAL_REPRESENTATION('',(#8573),#8576);
#8573 = B_SPLINE_CURVE_WITH_KNOTS('',1,(#8574,#8575),.UNSPECIFIED.,.F.,
  .F.,(2,2),(-6.,-1.),.PIECEWISE_BEZIER_KNOTS.);
#8574 = CARTESIAN_POINT('',(6.,40.7));
#8575 = CARTESIAN_POINT('',(1.,40.7));
#8576 = ( GEOMETRIC_REPRESENTATION_CONTEXT(2) 
PARAMETRIC_REPRESENTATION_CONTEXT() REPRESENTATION_CONTEXT('2D SPACE',''
  ) );
#8577 = PCURVE('',#7776,#8578);
#8578 = DEFINITIONAL_REPRESENTATION('',(#8579),#8582);
#8579 = B_SPLINE_CURVE_WITH_KNOTS('',1,(#8580,#8581),.UNSPECIFIED.,.F.,
  .F.,(2,2),(-6.,-1.),.PIECEWISE_BEZIER_KNOTS.);
#8580 = CARTESIAN_POINT('',(6.,-0.1));
#8581 = CARTESIAN_POINT('',(1.,-0.1));
#8582 = ( GEOMETRIC_REPRESENTATION_CONTEXT(2) 
PARAMETRIC_REPRESENTATION_CONTEXT() REPRESENTATION_CONTEXT('2D SPACE',''
  ) );
#8583 = ORIENTED_EDGE('',*,*,#8584,.T.);
#8584 = EDGE_CURVE('',#8564,#8585,#8587,.T.);
#8585 = VERTEX_POINT('',#8586);
#8586 = CARTESIAN_POINT('',(94.3,50.7,22.));
#8587 = SURFACE_CURVE('',#8588,(#8592,#8598),.PCURVE_S1.);
#8588 = LINE('',#8589,#8590);
#8589 = CARTESIAN_POINT('',(93.1,50.7,22.));
#8590 = VECTOR('',#8591,1.);
#8591 = DIRECTION('',(-1.,0.,0.));
#8592 = PCURVE('',#5623,#8593);
#8593 = DEFINITIONAL_REPRESENTATION('',(#8594),#8597);
#8594 = B_SPLINE_CURVE_WITH_KNOTS('',1,(#8595,#8596),.UNSPECIFIED.,.F.,
  .F.,(2,2),(-102.6,-1.2),.PIECEWISE_BEZIER_KNOTS.);
#8595 = CARTESIAN_POINT('',(1.,101.4));
#8596 = CARTESIAN_POINT('',(1.,0.));
#8597 = ( GEOMETRIC_REPRESENTATION_CONTEXT(2) 
PARAMETRIC_REPRESENTATION_CONTEXT() REPRESENTATION_CONTEXT('2D SPACE',''
  ) );
#8598 = PCURVE('',#7574,#8599);
#8599 = DEFINITIONAL_REPRESENTATION('',(#8600),#8603);
#8600 = B_SPLINE_CURVE_WITH_KNOTS('',1,(#8601,#8602),.UNSPECIFIED.,.F.,
  .F.,(2,2),(-102.6,-1.2),.PIECEWISE_BEZIER_KNOTS.);
#8601 = CARTESIAN_POINT('',(103.8,103.8));
#8602 = CARTESIAN_POINT('',(2.4,103.8));
#8603 = ( GEOMETRIC_REPRESENTATION_CONTEXT(2) 
PARAMETRIC_REPRESENTATION_CONTEXT() REPRESENTATION_CONTEXT('2D SPACE',''
  ) );
#8604 = ORIENTED_EDGE('',*,*,#8605,.T.);
#8605 = EDGE_CURVE('',#8585,#5608,#8606,.T.);
#8606 = SURFACE_CURVE('',#8607,(#8611,#8618),.PCURVE_S1.);
#8607 = LINE('',#8608,#8609);
#8608 = CARTESIAN_POINT('',(94.3,50.7,21.));
#8609 = VECTOR('',#8610,1.);
#8610 = DIRECTION('',(0.,0.,1.));
#8611 = PCURVE('',#5623,#8612);
#8612 = DEFINITIONAL_REPRESENTATION('',(#8613),#8617);
#8613 = LINE('',#8614,#8615);
#8614 = CARTESIAN_POINT('',(0.,0.));
#8615 = VECTOR('',#8616,1.);
#8616 = DIRECTION('',(1.,0.));
#8617 = ( GEOMETRIC_REPRESENTATION_CONTEXT(2) 
PARAMETRIC_REPRESENTATION_CONTEXT() REPRESENTATION_CONTEXT('2D SPACE',''
  ) );
#8618 = PCURVE('',#5650,#8619);
#8619 = DEFINITIONAL_REPRESENTATION('',(#8620),#8624);
#8620 = LINE('',#8621,#8622);
#8621 = CARTESIAN_POINT('',(0.,-101.4));
#8622 = VECTOR('',#8623,1.);
#8623 = DIRECTION('',(1.,0.));
#8624 = ( GEOMETRIC_REPRESENTATION_CONTEXT(2) 
PARAMETRIC_REPRESENTATION_CONTEXT() REPRESENTATION_CONTEXT('2D SPACE',''
  ) );
#8625 = ORIENTED_EDGE('',*,*,#5607,.F.);
#8626 = FACE_BOUND('',#8627,.F.);
#8627 = EDGE_LOOP('',(#8628,#8658,#8686,#8714));
#8628 = ORIENTED_EDGE('',*,*,#8629,.T.);
#8629 = EDGE_CURVE('',#8630,#8632,#8634,.T.);
#8630 = VERTEX_POINT('',#8631);
#8631 = CARTESIAN_POINT('',(136.5,50.7,26.));
#8632 = VERTEX_POINT('',#8633);
#8633 = CARTESIAN_POINT('',(136.5,50.7,23.3));
#8634 = SURFACE_CURVE('',#8635,(#8639,#8646),.PCURVE_S1.);
#8635 = LINE('',#8636,#8637);
#8636 = CARTESIAN_POINT('',(136.5,50.7,26.));
#8637 = VECTOR('',#8638,1.);
#8638 = DIRECTION('',(0.,0.,-1.));
#8639 = PCURVE('',#5623,#8640);
#8640 = DEFINITIONAL_REPRESENTATION('',(#8641),#8645);
#8641 = LINE('',#8642,#8643);
#8642 = CARTESIAN_POINT('',(5.,42.2));
#8643 = VECTOR('',#8644,1.);
#8644 = DIRECTION('',(-1.,0.));
#8645 = ( GEOMETRIC_REPRESENTATION_CONTEXT(2) 
PARAMETRIC_REPRESENTATION_CONTEXT() REPRESENTATION_CONTEXT('2D SPACE',''
  ) );
#8646 = PCURVE('',#8647,#8652);
#8647 = PLANE('',#8648);
#8648 = AXIS2_PLACEMENT_3D('',#8649,#8650,#8651);
#8649 = CARTESIAN_POINT('',(136.5,50.228188013257,24.844765682193));
#8650 = DIRECTION('',(-1.,-0.,-0.));
#8651 = DIRECTION('',(0.,0.,-1.));
#8652 = DEFINITIONAL_REPRESENTATION('',(#8653),#8657);
#8653 = LINE('',#8654,#8655);
#8654 = CARTESIAN_POINT('',(-1.155234317807,-0.471811986743));
#8655 = VECTOR('',#8656,1.);
#8656 = DIRECTION('',(1.,0.));
#8657 = ( GEOMETRIC_REPRESENTATION_CONTEXT(2) 
PARAMETRIC_REPRESENTATION_CONTEXT() REPRESENTATION_CONTEXT('2D SPACE',''
  ) );
#8658 = ORIENTED_EDGE('',*,*,#8659,.T.);
#8659 = EDGE_CURVE('',#8632,#8660,#8662,.T.);
#8660 = VERTEX_POINT('',#8661);
#8661 = CARTESIAN_POINT('',(153.5,50.7,23.3));
#8662 = SURFACE_CURVE('',#8663,(#8667,#8674),.PCURVE_S1.);
#8663 = LINE('',#8664,#8665);
#8664 = CARTESIAN_POINT('',(136.5,50.7,23.3));
#8665 = VECTOR('',#8666,1.);
#8666 = DIRECTION('',(1.,0.,0.));
#8667 = PCURVE('',#5623,#8668);
#8668 = DEFINITIONAL_REPRESENTATION('',(#8669),#8673);
#8669 = LINE('',#8670,#8671);
#8670 = CARTESIAN_POINT('',(2.3,42.2));
#8671 = VECTOR('',#8672,1.);
#8672 = DIRECTION('',(0.,1.));
#8673 = ( GEOMETRIC_REPRESENTATION_CONTEXT(2) 
PARAMETRIC_REPRESENTATION_CONTEXT() REPRESENTATION_CONTEXT('2D SPACE',''
  ) );
#8674 = PCURVE('',#8675,#8680);
#8675 = PLANE('',#8676);
#8676 = AXIS2_PLACEMENT_3D('',#8677,#8678,#8679);
#8677 = CARTESIAN_POINT('',(136.5,50.7,23.3));
#8678 = DIRECTION('',(0.,-0.780868809443,-0.624695047554));
#8679 = DIRECTION('',(0.,-0.624695047554,0.780868809443));
#8680 = DEFINITIONAL_REPRESENTATION('',(#8681),#8685);
#8681 = LINE('',#8682,#8683);
#8682 = CARTESIAN_POINT('',(0.,0.));
#8683 = VECTOR('',#8684,1.);
#8684 = DIRECTION('',(0.,-1.));
#8685 = ( GEOMETRIC_REPRESENTATION_CONTEXT(2) 
PARAMETRIC_REPRESENTATION_CONTEXT() REPRESENTATION_CONTEXT('2D SPACE',''
  ) );
#8686 = ORIENTED_EDGE('',*,*,#8687,.F.);
#8687 = EDGE_CURVE('',#8688,#8660,#8690,.T.);
#8688 = VERTEX_POINT('',#8689);
#8689 = CARTESIAN_POINT('',(153.5,50.7,26.));
#8690 = SURFACE_CURVE('',#8691,(#8695,#8702),.PCURVE_S1.);
#8691 = LINE('',#8692,#8693);
#8692 = CARTESIAN_POINT('',(153.5,50.7,26.));
#8693 = VECTOR('',#8694,1.);
#8694 = DIRECTION('',(0.,0.,-1.));
#8695 = PCURVE('',#5623,#8696);
#8696 = DEFINITIONAL_REPRESENTATION('',(#8697),#8701);
#8697 = LINE('',#8698,#8699);
#8698 = CARTESIAN_POINT('',(5.,59.2));
#8699 = VECTOR('',#8700,1.);
#8700 = DIRECTION('',(-1.,0.));
#8701 = ( GEOMETRIC_REPRESENTATION_CONTEXT(2) 
PARAMETRIC_REPRESENTATION_CONTEXT() REPRESENTATION_CONTEXT('2D SPACE',''
  ) );
#8702 = PCURVE('',#8703,#8708);
#8703 = PLANE('',#8704);
#8704 = AXIS2_PLACEMENT_3D('',#8705,#8706,#8707);
#8705 = CARTESIAN_POINT('',(153.5,50.228188013257,24.844765682193));
#8706 = DIRECTION('',(-1.,-0.,-0.));
#8707 = DIRECTION('',(0.,0.,-1.));
#8708 = DEFINITIONAL_REPRESENTATION('',(#8709),#8713);
#8709 = LINE('',#8710,#8711);
#8710 = CARTESIAN_POINT('',(-1.155234317807,-0.471811986743));
#8711 = VECTOR('',#8712,1.);
#8712 = DIRECTION('',(1.,0.));
#8713 = ( GEOMETRIC_REPRESENTATION_CONTEXT(2) 
PARAMETRIC_REPRESENTATION_CONTEXT() REPRESENTATION_CONTEXT('2D SPACE',''
  ) );
#8714 = ORIENTED_EDGE('',*,*,#8715,.F.);
#8715 = EDGE_CURVE('',#8630,#8688,#8716,.T.);
#8716 = SURFACE_CURVE('',#8717,(#8721,#8728),.PCURVE_S1.);
#8717 = LINE('',#8718,#8719);
#8718 = CARTESIAN_POINT('',(136.5,50.7,26.));
#8719 = VECTOR('',#8720,1.);
#8720 = DIRECTION('',(1.,0.,0.));
#8721 = PCURVE('',#5623,#8722);
#8722 = DEFINITIONAL_REPRESENTATION('',(#8723),#8727);
#8723 = LINE('',#8724,#8725);
#8724 = CARTESIAN_POINT('',(5.,42.2));
#8725 = VECTOR('',#8726,1.);
#8726 = DIRECTION('',(0.,1.));
#8727 = ( GEOMETRIC_REPRESENTATION_CONTEXT(2) 
PARAMETRIC_REPRESENTATION_CONTEXT() REPRESENTATION_CONTEXT('2D SPACE',''
  ) );
#8728 = PCURVE('',#8729,#8734);
#8729 = PLANE('',#8730);
#8730 = AXIS2_PLACEMENT_3D('',#8731,#8732,#8733);
#8731 = CARTESIAN_POINT('',(136.5,49.5,26.));
#8732 = DIRECTION('',(0.,0.,1.));
#8733 = DIRECTION('',(0.,1.,0.));
#8734 = DEFINITIONAL_REPRESENTATION('',(#8735),#8739);
#8735 = LINE('',#8736,#8737);
#8736 = CARTESIAN_POINT('',(1.2,0.));
#8737 = VECTOR('',#8738,1.);
#8738 = DIRECTION('',(0.,-1.));
#8739 = ( GEOMETRIC_REPRESENTATION_CONTEXT(2) 
PARAMETRIC_REPRESENTATION_CONTEXT() REPRESENTATION_CONTEXT('2D SPACE',''
  ) );
#8740 = ADVANCED_FACE('',(#8741),#5836,.T.);
#8741 = FACE_BOUND('',#8742,.T.);
#8742 = EDGE_LOOP('',(#8743,#8744,#8745,#8746));
#8743 = ORIENTED_EDGE('',*,*,#6464,.F.);
#8744 = ORIENTED_EDGE('',*,*,#6490,.T.);
#8745 = ORIENTED_EDGE('',*,*,#5820,.T.);
#8746 = ORIENTED_EDGE('',*,*,#6392,.F.);
#8747 = ADVANCED_FACE('',(#8748,#9002),#5650,.T.);
#8748 = FACE_BOUND('',#8749,.T.);
#8749 = EDGE_LOOP('',(#8750,#8773,#8799,#8825,#8851,#8877,#8903,#8929,
    #8955,#8981,#9000,#9001));
#8750 = ORIENTED_EDGE('',*,*,#8751,.F.);
#8751 = EDGE_CURVE('',#8752,#5635,#8754,.T.);
#8752 = VERTEX_POINT('',#8753);
#8753 = CARTESIAN_POINT('',(94.3,-50.7,22.));
#8754 = SURFACE_CURVE('',#8755,(#8759,#8766),.PCURVE_S1.);
#8755 = LINE('',#8756,#8757);
#8756 = CARTESIAN_POINT('',(94.3,-50.7,21.));
#8757 = VECTOR('',#8758,1.);
#8758 = DIRECTION('',(0.,0.,1.));
#8759 = PCURVE('',#5650,#8760);
#8760 = DEFINITIONAL_REPRESENTATION('',(#8761),#8765);
#8761 = LINE('',#8762,#8763);
#8762 = CARTESIAN_POINT('',(0.,0.));
#8763 = VECTOR('',#8764,1.);
#8764 = DIRECTION('',(1.,0.));
#8765 = ( GEOMETRIC_REPRESENTATION_CONTEXT(2) 
PARAMETRIC_REPRESENTATION_CONTEXT() REPRESENTATION_CONTEXT('2D SPACE',''
  ) );
#8766 = PCURVE('',#5677,#8767);
#8767 = DEFINITIONAL_REPRESENTATION('',(#8768),#8772);
#8768 = LINE('',#8769,#8770);
#8769 = CARTESIAN_POINT('',(0.,0.));
#8770 = VECTOR('',#8771,1.);
#8771 = DIRECTION('',(1.,0.));
#8772 = ( GEOMETRIC_REPRESENTATION_CONTEXT(2) 
PARAMETRIC_REPRESENTATION_CONTEXT() REPRESENTATION_CONTEXT('2D SPACE',''
  ) );
#8773 = ORIENTED_EDGE('',*,*,#8774,.T.);
#8774 = EDGE_CURVE('',#8752,#8775,#8777,.T.);
#8775 = VERTEX_POINT('',#8776);
#8776 = CARTESIAN_POINT('',(94.3,-10.,22.));
#8777 = SURFACE_CURVE('',#8778,(#8782,#8788),.PCURVE_S1.);
#8778 = LINE('',#8779,#8780);
#8779 = CARTESIAN_POINT('',(94.3,-51.9,22.));
#8780 = VECTOR('',#8781,1.);
#8781 = DIRECTION('',(0.,1.,0.));
#8782 = PCURVE('',#5650,#8783);
#8783 = DEFINITIONAL_REPRESENTATION('',(#8784),#8787);
#8784 = B_SPLINE_CURVE_WITH_KNOTS('',1,(#8785,#8786),.UNSPECIFIED.,.F.,
  .F.,(2,2),(1.2,102.6),.PIECEWISE_BEZIER_KNOTS.);
#8785 = CARTESIAN_POINT('',(1.,0.));
#8786 = CARTESIAN_POINT('',(1.,-101.4));
#8787 = ( GEOMETRIC_REPRESENTATION_CONTEXT(2) 
PARAMETRIC_REPRESENTATION_CONTEXT() REPRESENTATION_CONTEXT('2D SPACE',''
  ) );
#8788 = PCURVE('',#8789,#8794);
#8789 = PLANE('',#8790);
#8790 = AXIS2_PLACEMENT_3D('',#8791,#8792,#8793);
#8791 = CARTESIAN_POINT('',(91.9,-53.1,22.));
#8792 = DIRECTION('',(0.,0.,1.));
#8793 = DIRECTION('',(1.,0.,0.));
#8794 = DEFINITIONAL_REPRESENTATION('',(#8795),#8798);
#8795 = B_SPLINE_CURVE_WITH_KNOTS('',1,(#8796,#8797),.UNSPECIFIED.,.F.,
  .F.,(2,2),(1.2,102.6),.PIECEWISE_BEZIER_KNOTS.);
#8796 = CARTESIAN_POINT('',(2.4,2.4));
#8797 = CARTESIAN_POINT('',(2.4,103.8));
#8798 = ( GEOMETRIC_REPRESENTATION_CONTEXT(2) 
PARAMETRIC_REPRESENTATION_CONTEXT() REPRESENTATION_CONTEXT('2D SPACE',''
  ) );
#8799 = ORIENTED_EDGE('',*,*,#8800,.T.);
#8800 = EDGE_CURVE('',#8775,#8801,#8803,.T.);
#8801 = VERTEX_POINT('',#8802);
#8802 = CARTESIAN_POINT('',(94.3,-10.,27.));
#8803 = SURFACE_CURVE('',#8804,(#8808,#8814),.PCURVE_S1.);
#8804 = LINE('',#8805,#8806);
#8805 = CARTESIAN_POINT('',(94.3,-10.,21.));
#8806 = VECTOR('',#8807,1.);
#8807 = DIRECTION('',(0.,0.,1.));
#8808 = PCURVE('',#5650,#8809);
#8809 = DEFINITIONAL_REPRESENTATION('',(#8810),#8813);
#8810 = B_SPLINE_CURVE_WITH_KNOTS('',1,(#8811,#8812),.UNSPECIFIED.,.F.,
  .F.,(2,2),(1.,6.),.PIECEWISE_BEZIER_KNOTS.);
#8811 = CARTESIAN_POINT('',(1.,-40.7));
#8812 = CARTESIAN_POINT('',(6.,-40.7));
#8813 = ( GEOMETRIC_REPRESENTATION_CONTEXT(2) 
PARAMETRIC_REPRESENTATION_CONTEXT() REPRESENTATION_CONTEXT('2D SPACE',''
  ) );
#8814 = PCURVE('',#8815,#8820);
#8815 = PLANE('',#8816);
#8816 = AXIS2_PLACEMENT_3D('',#8817,#8818,#8819);
#8817 = CARTESIAN_POINT('',(91.8,-10.,21.));
#8818 = DIRECTION('',(0.,1.,0.));
#8819 = DIRECTION('',(0.,0.,1.));
#8820 = DEFINITIONAL_REPRESENTATION('',(#8821),#8824);
#8821 = B_SPLINE_CURVE_WITH_KNOTS('',1,(#8822,#8823),.UNSPECIFIED.,.F.,
  .F.,(2,2),(1.,6.),.PIECEWISE_BEZIER_KNOTS.);
#8822 = CARTESIAN_POINT('',(1.,2.5));
#8823 = CARTESIAN_POINT('',(6.,2.5));
#8824 = ( GEOMETRIC_REPRESENTATION_CONTEXT(2) 
PARAMETRIC_REPRESENTATION_CONTEXT() REPRESENTATION_CONTEXT('2D SPACE',''
  ) );
#8825 = ORIENTED_EDGE('',*,*,#8826,.F.);
#8826 = EDGE_CURVE('',#8827,#8801,#8829,.T.);
#8827 = VERTEX_POINT('',#8828);
#8828 = CARTESIAN_POINT('',(94.3,-9.,27.));
#8829 = SURFACE_CURVE('',#8830,(#8834,#8840),.PCURVE_S1.);
#8830 = LINE('',#8831,#8832);
#8831 = CARTESIAN_POINT('',(94.3,-30.35,27.));
#8832 = VECTOR('',#8833,1.);
#8833 = DIRECTION('',(0.,-1.,0.));
#8834 = PCURVE('',#5650,#8835);
#8835 = DEFINITIONAL_REPRESENTATION('',(#8836),#8839);
#8836 = B_SPLINE_CURVE_WITH_KNOTS('',1,(#8837,#8838),.UNSPECIFIED.,.F.,
  .F.,(2,2),(-21.35,-20.35),.PIECEWISE_BEZIER_KNOTS.);
#8837 = CARTESIAN_POINT('',(6.,-41.7));
#8838 = CARTESIAN_POINT('',(6.,-40.7));
#8839 = ( GEOMETRIC_REPRESENTATION_CONTEXT(2) 
PARAMETRIC_REPRESENTATION_CONTEXT() REPRESENTATION_CONTEXT('2D SPACE',''
  ) );
#8840 = PCURVE('',#8841,#8846);
#8841 = PLANE('',#8842);
#8842 = AXIS2_PLACEMENT_3D('',#8843,#8844,#8845);
#8843 = CARTESIAN_POINT('',(91.8,-10.,27.));
#8844 = DIRECTION('',(0.,0.,1.));
#8845 = DIRECTION('',(1.,0.,0.));
#8846 = DEFINITIONAL_REPRESENTATION('',(#8847),#8850);
#8847 = B_SPLINE_CURVE_WITH_KNOTS('',1,(#8848,#8849),.UNSPECIFIED.,.F.,
  .F.,(2,2),(-21.35,-20.35),.PIECEWISE_BEZIER_KNOTS.);
#8848 = CARTESIAN_POINT('',(2.5,1.));
#8849 = CARTESIAN_POINT('',(2.5,0.));
#8850 = ( GEOMETRIC_REPRESENTATION_CONTEXT(2) 
PARAMETRIC_REPRESENTATION_CONTEXT() REPRESENTATION_CONTEXT('2D SPACE',''
  ) );
#8851 = ORIENTED_EDGE('',*,*,#8852,.F.);
#8852 = EDGE_CURVE('',#8853,#8827,#8855,.T.);
#8853 = VERTEX_POINT('',#8854);
#8854 = CARTESIAN_POINT('',(94.3,-9.,22.));
#8855 = SURFACE_CURVE('',#8856,(#8860,#8866),.PCURVE_S1.);
#8856 = LINE('',#8857,#8858);
#8857 = CARTESIAN_POINT('',(94.3,-9.,21.));
#8858 = VECTOR('',#8859,1.);
#8859 = DIRECTION('',(0.,0.,1.));
#8860 = PCURVE('',#5650,#8861);
#8861 = DEFINITIONAL_REPRESENTATION('',(#8862),#8865);
#8862 = B_SPLINE_CURVE_WITH_KNOTS('',1,(#8863,#8864),.UNSPECIFIED.,.F.,
  .F.,(2,2),(1.,6.),.PIECEWISE_BEZIER_KNOTS.);
#8863 = CARTESIAN_POINT('',(1.,-41.7));
#8864 = CARTESIAN_POINT('',(6.,-41.7));
#8865 = ( GEOMETRIC_REPRESENTATION_CONTEXT(2) 
PARAMETRIC_REPRESENTATION_CONTEXT() REPRESENTATION_CONTEXT('2D SPACE',''
  ) );
#8866 = PCURVE('',#8867,#8872);
#8867 = PLANE('',#8868);
#8868 = AXIS2_PLACEMENT_3D('',#8869,#8870,#8871);
#8869 = CARTESIAN_POINT('',(91.8,-9.,21.));
#8870 = DIRECTION('',(0.,1.,0.));
#8871 = DIRECTION('',(0.,0.,1.));
#8872 = DEFINITIONAL_REPRESENTATION('',(#8873),#8876);
#8873 = B_SPLINE_CURVE_WITH_KNOTS('',1,(#8874,#8875),.UNSPECIFIED.,.F.,
  .F.,(2,2),(1.,6.),.PIECEWISE_BEZIER_KNOTS.);
#8874 = CARTESIAN_POINT('',(1.,2.5));
#8875 = CARTESIAN_POINT('',(6.,2.5));
#8876 = ( GEOMETRIC_REPRESENTATION_CONTEXT(2) 
PARAMETRIC_REPRESENTATION_CONTEXT() REPRESENTATION_CONTEXT('2D SPACE',''
  ) );
#8877 = ORIENTED_EDGE('',*,*,#8878,.T.);
#8878 = EDGE_CURVE('',#8853,#8879,#8881,.T.);
#8879 = VERTEX_POINT('',#8880);
#8880 = CARTESIAN_POINT('',(94.3,9.,22.));
#8881 = SURFACE_CURVE('',#8882,(#8886,#8892),.PCURVE_S1.);
#8882 = LINE('',#8883,#8884);
#8883 = CARTESIAN_POINT('',(94.3,-51.9,22.));
#8884 = VECTOR('',#8885,1.);
#8885 = DIRECTION('',(0.,1.,0.));
#8886 = PCURVE('',#5650,#8887);
#8887 = DEFINITIONAL_REPRESENTATION('',(#8888),#8891);
#8888 = B_SPLINE_CURVE_WITH_KNOTS('',1,(#8889,#8890),.UNSPECIFIED.,.F.,
  .F.,(2,2),(1.2,102.6),.PIECEWISE_BEZIER_KNOTS.);
#8889 = CARTESIAN_POINT('',(1.,0.));
#8890 = CARTESIAN_POINT('',(1.,-101.4));
#8891 = ( GEOMETRIC_REPRESENTATION_CONTEXT(2) 
PARAMETRIC_REPRESENTATION_CONTEXT() REPRESENTATION_CONTEXT('2D SPACE',''
  ) );
#8892 = PCURVE('',#8893,#8898);
#8893 = PLANE('',#8894);
#8894 = AXIS2_PLACEMENT_3D('',#8895,#8896,#8897);
#8895 = CARTESIAN_POINT('',(91.9,-53.1,22.));
#8896 = DIRECTION('',(0.,0.,1.));
#8897 = DIRECTION('',(1.,0.,0.));
#8898 = DEFINITIONAL_REPRESENTATION('',(#8899),#8902);
#8899 = B_SPLINE_CURVE_WITH_KNOTS('',1,(#8900,#8901),.UNSPECIFIED.,.F.,
  .F.,(2,2),(1.2,102.6),.PIECEWISE_BEZIER_KNOTS.);
#8900 = CARTESIAN_POINT('',(2.4,2.4));
#8901 = CARTESIAN_POINT('',(2.4,103.8));
#8902 = ( GEOMETRIC_REPRESENTATION_CONTEXT(2) 
PARAMETRIC_REPRESENTATION_CONTEXT() REPRESENTATION_CONTEXT('2D SPACE',''
  ) );
#8903 = ORIENTED_EDGE('',*,*,#8904,.T.);
#8904 = EDGE_CURVE('',#8879,#8905,#8907,.T.);
#8905 = VERTEX_POINT('',#8906);
#8906 = CARTESIAN_POINT('',(94.3,9.,27.));
#8907 = SURFACE_CURVE('',#8908,(#8912,#8918),.PCURVE_S1.);
#8908 = LINE('',#8909,#8910);
#8909 = CARTESIAN_POINT('',(94.3,9.,21.));
#8910 = VECTOR('',#8911,1.);
#8911 = DIRECTION('',(0.,0.,1.));
#8912 = PCURVE('',#5650,#8913);
#8913 = DEFINITIONAL_REPRESENTATION('',(#8914),#8917);
#8914 = B_SPLINE_CURVE_WITH_KNOTS('',1,(#8915,#8916),.UNSPECIFIED.,.F.,
  .F.,(2,2),(1.,6.),.PIECEWISE_BEZIER_KNOTS.);
#8915 = CARTESIAN_POINT('',(1.,-59.7));
#8916 = CARTESIAN_POINT('',(6.,-59.7));
#8917 = ( GEOMETRIC_REPRESENTATION_CONTEXT(2) 
PARAMETRIC_REPRESENTATION_CONTEXT() REPRESENTATION_CONTEXT('2D SPACE',''
  ) );
#8918 = PCURVE('',#8919,#8924);
#8919 = PLANE('',#8920);
#8920 = AXIS2_PLACEMENT_3D('',#8921,#8922,#8923);
#8921 = CARTESIAN_POINT('',(91.8,9.,21.));
#8922 = DIRECTION('',(0.,1.,0.));
#8923 = DIRECTION('',(0.,0.,1.));
#8924 = DEFINITIONAL_REPRESENTATION('',(#8925),#8928);
#8925 = B_SPLINE_CURVE_WITH_KNOTS('',1,(#8926,#8927),.UNSPECIFIED.,.F.,
  .F.,(2,2),(1.,6.),.PIECEWISE_BEZIER_KNOTS.);
#8926 = CARTESIAN_POINT('',(1.,2.5));
#8927 = CARTESIAN_POINT('',(6.,2.5));
#8928 = ( GEOMETRIC_REPRESENTATION_CONTEXT(2) 
PARAMETRIC_REPRESENTATION_CONTEXT() REPRESENTATION_CONTEXT('2D SPACE',''
  ) );
#8929 = ORIENTED_EDGE('',*,*,#8930,.F.);
#8930 = EDGE_CURVE('',#8931,#8905,#8933,.T.);
#8931 = VERTEX_POINT('',#8932);
#8932 = CARTESIAN_POINT('',(94.3,10.,27.));
#8933 = SURFACE_CURVE('',#8934,(#8938,#8944),.PCURVE_S1.);
#8934 = LINE('',#8935,#8936);
#8935 = CARTESIAN_POINT('',(94.3,-20.85,27.));
#8936 = VECTOR('',#8937,1.);
#8937 = DIRECTION('',(0.,-1.,0.));
#8938 = PCURVE('',#5650,#8939);
#8939 = DEFINITIONAL_REPRESENTATION('',(#8940),#8943);
#8940 = B_SPLINE_CURVE_WITH_KNOTS('',1,(#8941,#8942),.UNSPECIFIED.,.F.,
  .F.,(2,2),(-30.85,-29.85),.PIECEWISE_BEZIER_KNOTS.);
#8941 = CARTESIAN_POINT('',(6.,-60.7));
#8942 = CARTESIAN_POINT('',(6.,-59.7));
#8943 = ( GEOMETRIC_REPRESENTATION_CONTEXT(2) 
PARAMETRIC_REPRESENTATION_CONTEXT() REPRESENTATION_CONTEXT('2D SPACE',''
  ) );
#8944 = PCURVE('',#8945,#8950);
#8945 = PLANE('',#8946);
#8946 = AXIS2_PLACEMENT_3D('',#8947,#8948,#8949);
#8947 = CARTESIAN_POINT('',(91.8,9.,27.));
#8948 = DIRECTION('',(0.,0.,1.));
#8949 = DIRECTION('',(1.,0.,0.));
#8950 = DEFINITIONAL_REPRESENTATION('',(#8951),#8954);
#8951 = B_SPLINE_CURVE_WITH_KNOTS('',1,(#8952,#8953),.UNSPECIFIED.,.F.,
  .F.,(2,2),(-30.85,-29.85),.PIECEWISE_BEZIER_KNOTS.);
#8952 = CARTESIAN_POINT('',(2.5,1.));
#8953 = CARTESIAN_POINT('',(2.5,0.));
#8954 = ( GEOMETRIC_REPRESENTATION_CONTEXT(2) 
PARAMETRIC_REPRESENTATION_CONTEXT() REPRESENTATION_CONTEXT('2D SPACE',''
  ) );
#8955 = ORIENTED_EDGE('',*,*,#8956,.F.);
#8956 = EDGE_CURVE('',#8957,#8931,#8959,.T.);
#8957 = VERTEX_POINT('',#8958);
#8958 = CARTESIAN_POINT('',(94.3,10.,22.));
#8959 = SURFACE_CURVE('',#8960,(#8964,#8970),.PCURVE_S1.);
#8960 = LINE('',#8961,#8962);
#8961 = CARTESIAN_POINT('',(94.3,10.,21.));
#8962 = VECTOR('',#8963,1.);
#8963 = DIRECTION('',(0.,0.,1.));
#8964 = PCURVE('',#5650,#8965);
#8965 = DEFINITIONAL_REPRESENTATION('',(#8966),#8969);
#8966 = B_SPLINE_CURVE_WITH_KNOTS('',1,(#8967,#8968),.UNSPECIFIED.,.F.,
  .F.,(2,2),(1.,6.),.PIECEWISE_BEZIER_KNOTS.);
#8967 = CARTESIAN_POINT('',(1.,-60.7));
#8968 = CARTESIAN_POINT('',(6.,-60.7));
#8969 = ( GEOMETRIC_REPRESENTATION_CONTEXT(2) 
PARAMETRIC_REPRESENTATION_CONTEXT() REPRESENTATION_CONTEXT('2D SPACE',''
  ) );
#8970 = PCURVE('',#8971,#8976);
#8971 = PLANE('',#8972);
#8972 = AXIS2_PLACEMENT_3D('',#8973,#8974,#8975);
#8973 = CARTESIAN_POINT('',(91.8,10.,21.));
#8974 = DIRECTION('',(0.,1.,0.));
#8975 = DIRECTION('',(0.,0.,1.));
#8976 = DEFINITIONAL_REPRESENTATION('',(#8977),#8980);
#8977 = B_SPLINE_CURVE_WITH_KNOTS('',1,(#8978,#8979),.UNSPECIFIED.,.F.,
  .F.,(2,2),(1.,6.),.PIECEWISE_BEZIER_KNOTS.);
#8978 = CARTESIAN_POINT('',(1.,2.5));
#8979 = CARTESIAN_POINT('',(6.,2.5));
#8980 = ( GEOMETRIC_REPRESENTATION_CONTEXT(2) 
PARAMETRIC_REPRESENTATION_CONTEXT() REPRESENTATION_CONTEXT('2D SPACE',''
  ) );
#8981 = ORIENTED_EDGE('',*,*,#8982,.T.);
#8982 = EDGE_CURVE('',#8957,#8585,#8983,.T.);
#8983 = SURFACE_CURVE('',#8984,(#8988,#8994),.PCURVE_S1.);
#8984 = LINE('',#8985,#8986);
#8985 = CARTESIAN_POINT('',(94.3,-51.9,22.));
#8986 = VECTOR('',#8987,1.);
#8987 = DIRECTION('',(0.,1.,0.));
#8988 = PCURVE('',#5650,#8989);
#8989 = DEFINITIONAL_REPRESENTATION('',(#8990),#8993);
#8990 = B_SPLINE_CURVE_WITH_KNOTS('',1,(#8991,#8992),.UNSPECIFIED.,.F.,
  .F.,(2,2),(1.2,102.6),.PIECEWISE_BEZIER_KNOTS.);
#8991 = CARTESIAN_POINT('',(1.,0.));
#8992 = CARTESIAN_POINT('',(1.,-101.4));
#8993 = ( GEOMETRIC_REPRESENTATION_CONTEXT(2) 
PARAMETRIC_REPRESENTATION_CONTEXT() REPRESENTATION_CONTEXT('2D SPACE',''
  ) );
#8994 = PCURVE('',#7574,#8995);
#8995 = DEFINITIONAL_REPRESENTATION('',(#8996),#8999);
#8996 = B_SPLINE_CURVE_WITH_KNOTS('',1,(#8997,#8998),.UNSPECIFIED.,.F.,
  .F.,(2,2),(1.2,102.6),.PIECEWISE_BEZIER_KNOTS.);
#8997 = CARTESIAN_POINT('',(2.4,2.4));
#8998 = CARTESIAN_POINT('',(2.4,103.8));
#8999 = ( GEOMETRIC_REPRESENTATION_CONTEXT(2) 
PARAMETRIC_REPRESENTATION_CONTEXT() REPRESENTATION_CONTEXT('2D SPACE',''
  ) );
#9000 = ORIENTED_EDGE('',*,*,#8605,.T.);
#9001 = ORIENTED_EDGE('',*,*,#5634,.F.);
#9002 = FACE_BOUND('',#9003,.T.);
#9003 = EDGE_LOOP('',(#9004,#9034,#9062,#9090));
#9004 = ORIENTED_EDGE('',*,*,#9005,.F.);
#9005 = EDGE_CURVE('',#9006,#9008,#9010,.T.);
#9006 = VERTEX_POINT('',#9007);
#9007 = CARTESIAN_POINT('',(94.3,-8.5,23.3));
#9008 = VERTEX_POINT('',#9009);
#9009 = CARTESIAN_POINT('',(94.3,8.5,23.3));
#9010 = SURFACE_CURVE('',#9011,(#9015,#9022),.PCURVE_S1.);
#9011 = LINE('',#9012,#9013);
#9012 = CARTESIAN_POINT('',(94.3,-8.5,23.3));
#9013 = VECTOR('',#9014,1.);
#9014 = DIRECTION('',(-0.,1.,-0.));
#9015 = PCURVE('',#5650,#9016);
#9016 = DEFINITIONAL_REPRESENTATION('',(#9017),#9021);
#9017 = LINE('',#9018,#9019);
#9018 = CARTESIAN_POINT('',(2.3,-42.2));
#9019 = VECTOR('',#9020,1.);
#9020 = DIRECTION('',(0.,-1.));
#9021 = ( GEOMETRIC_REPRESENTATION_CONTEXT(2) 
PARAMETRIC_REPRESENTATION_CONTEXT() REPRESENTATION_CONTEXT('2D SPACE',''
  ) );
#9022 = PCURVE('',#9023,#9028);
#9023 = PLANE('',#9024);
#9024 = AXIS2_PLACEMENT_3D('',#9025,#9026,#9027);
#9025 = CARTESIAN_POINT('',(94.3,-8.5,23.3));
#9026 = DIRECTION('',(0.780868809443,0.,-0.624695047554));
#9027 = DIRECTION('',(0.624695047554,0.,0.780868809443));
#9028 = DEFINITIONAL_REPRESENTATION('',(#9029),#9033);
#9029 = LINE('',#9030,#9031);
#9030 = CARTESIAN_POINT('',(0.,0.));
#9031 = VECTOR('',#9032,1.);
#9032 = DIRECTION('',(0.,-1.));
#9033 = ( GEOMETRIC_REPRESENTATION_CONTEXT(2) 
PARAMETRIC_REPRESENTATION_CONTEXT() REPRESENTATION_CONTEXT('2D SPACE',''
  ) );
#9034 = ORIENTED_EDGE('',*,*,#9035,.F.);
#9035 = EDGE_CURVE('',#9036,#9006,#9038,.T.);
#9036 = VERTEX_POINT('',#9037);
#9037 = CARTESIAN_POINT('',(94.3,-8.5,26.));
#9038 = SURFACE_CURVE('',#9039,(#9043,#9050),.PCURVE_S1.);
#9039 = LINE('',#9040,#9041);
#9040 = CARTESIAN_POINT('',(94.3,-8.5,26.));
#9041 = VECTOR('',#9042,1.);
#9042 = DIRECTION('',(0.,0.,-1.));
#9043 = PCURVE('',#5650,#9044);
#9044 = DEFINITIONAL_REPRESENTATION('',(#9045),#9049);
#9045 = LINE('',#9046,#9047);
#9046 = CARTESIAN_POINT('',(5.,-42.2));
#9047 = VECTOR('',#9048,1.);
#9048 = DIRECTION('',(-1.,0.));
#9049 = ( GEOMETRIC_REPRESENTATION_CONTEXT(2) 
PARAMETRIC_REPRESENTATION_CONTEXT() REPRESENTATION_CONTEXT('2D SPACE',''
  ) );
#9050 = PCURVE('',#9051,#9056);
#9051 = PLANE('',#9052);
#9052 = AXIS2_PLACEMENT_3D('',#9053,#9054,#9055);
#9053 = CARTESIAN_POINT('',(94.771811986743,-8.5,24.844765682193));
#9054 = DIRECTION('',(-0.,-1.,-0.));
#9055 = DIRECTION('',(0.,0.,-1.));
#9056 = DEFINITIONAL_REPRESENTATION('',(#9057),#9061);
#9057 = LINE('',#9058,#9059);
#9058 = CARTESIAN_POINT('',(-1.155234317807,-0.471811986743));
#9059 = VECTOR('',#9060,1.);
#9060 = DIRECTION('',(1.,0.));
#9061 = ( GEOMETRIC_REPRESENTATION_CONTEXT(2) 
PARAMETRIC_REPRESENTATION_CONTEXT() REPRESENTATION_CONTEXT('2D SPACE',''
  ) );
#9062 = ORIENTED_EDGE('',*,*,#9063,.T.);
#9063 = EDGE_CURVE('',#9036,#9064,#9066,.T.);
#9064 = VERTEX_POINT('',#9065);
#9065 = CARTESIAN_POINT('',(94.3,8.5,26.));
#9066 = SURFACE_CURVE('',#9067,(#9071,#9078),.PCURVE_S1.);
#9067 = LINE('',#9068,#9069);
#9068 = CARTESIAN_POINT('',(94.3,-8.5,26.));
#9069 = VECTOR('',#9070,1.);
#9070 = DIRECTION('',(-0.,1.,-0.));
#9071 = PCURVE('',#5650,#9072);
#9072 = DEFINITIONAL_REPRESENTATION('',(#9073),#9077);
#9073 = LINE('',#9074,#9075);
#9074 = CARTESIAN_POINT('',(5.,-42.2));
#9075 = VECTOR('',#9076,1.);
#9076 = DIRECTION('',(0.,-1.));
#9077 = ( GEOMETRIC_REPRESENTATION_CONTEXT(2) 
PARAMETRIC_REPRESENTATION_CONTEXT() REPRESENTATION_CONTEXT('2D SPACE',''
  ) );
#9078 = PCURVE('',#9079,#9084);
#9079 = PLANE('',#9080);
#9080 = AXIS2_PLACEMENT_3D('',#9081,#9082,#9083);
#9081 = CARTESIAN_POINT('',(95.5,-8.5,26.));
#9082 = DIRECTION('',(0.,0.,1.));
#9083 = DIRECTION('',(-1.,0.,0.));
#9084 = DEFINITIONAL_REPRESENTATION('',(#9085),#9089);
#9085 = LINE('',#9086,#9087);
#9086 = CARTESIAN_POINT('',(1.2,0.));
#9087 = VECTOR('',#9088,1.);
#9088 = DIRECTION('',(0.,-1.));
#9089 = ( GEOMETRIC_REPRESENTATION_CONTEXT(2) 
PARAMETRIC_REPRESENTATION_CONTEXT() REPRESENTATION_CONTEXT('2D SPACE',''
  ) );
#9090 = ORIENTED_EDGE('',*,*,#9091,.T.);
#9091 = EDGE_CURVE('',#9064,#9008,#9092,.T.);
#9092 = SURFACE_CURVE('',#9093,(#9097,#9104),.PCURVE_S1.);
#9093 = LINE('',#9094,#9095);
#9094 = CARTESIAN_POINT('',(94.3,8.5,26.));
#9095 = VECTOR('',#9096,1.);
#9096 = DIRECTION('',(0.,0.,-1.));
#9097 = PCURVE('',#5650,#9098);
#9098 = DEFINITIONAL_REPRESENTATION('',(#9099),#9103);
#9099 = LINE('',#9100,#9101);
#9100 = CARTESIAN_POINT('',(5.,-59.2));
#9101 = VECTOR('',#9102,1.);
#9102 = DIRECTION('',(-1.,0.));
#9103 = ( GEOMETRIC_REPRESENTATION_CONTEXT(2) 
PARAMETRIC_REPRESENTATION_CONTEXT() REPRESENTATION_CONTEXT('2D SPACE',''
  ) );
#9104 = PCURVE('',#9105,#9110);
#9105 = PLANE('',#9106);
#9106 = AXIS2_PLACEMENT_3D('',#9107,#9108,#9109);
#9107 = CARTESIAN_POINT('',(94.771811986743,8.5,24.844765682193));
#9108 = DIRECTION('',(-0.,-1.,-0.));
#9109 = DIRECTION('',(0.,0.,-1.));
#9110 = DEFINITIONAL_REPRESENTATION('',(#9111),#9115);
#9111 = LINE('',#9112,#9113);
#9112 = CARTESIAN_POINT('',(-1.155234317807,-0.471811986743));
#9113 = VECTOR('',#9114,1.);
#9114 = DIRECTION('',(1.,0.));
#9115 = ( GEOMETRIC_REPRESENTATION_CONTEXT(2) 
PARAMETRIC_REPRESENTATION_CONTEXT() REPRESENTATION_CONTEXT('2D SPACE',''
  ) );
#9116 = ADVANCED_FACE('',(#9117),#5677,.T.);
#9117 = FACE_BOUND('',#9118,.T.);
#9118 = EDGE_LOOP('',(#9119,#9120,#9141,#9160));
#9119 = ORIENTED_EDGE('',*,*,#5661,.F.);
#9120 = ORIENTED_EDGE('',*,*,#9121,.T.);
#9121 = EDGE_CURVE('',#5662,#9122,#9124,.T.);
#9122 = VERTEX_POINT('',#9123);
#9123 = CARTESIAN_POINT('',(96.,-50.7,22.));
#9124 = SURFACE_CURVE('',#9125,(#9129,#9135),.PCURVE_S1.);
#9125 = LINE('',#9126,#9127);
#9126 = CARTESIAN_POINT('',(96.,-50.7,20.5));
#9127 = VECTOR('',#9128,1.);
#9128 = DIRECTION('',(0.,0.,-1.));
#9129 = PCURVE('',#5677,#9130);
#9130 = DEFINITIONAL_REPRESENTATION('',(#9131),#9134);
#9131 = B_SPLINE_CURVE_WITH_KNOTS('',1,(#9132,#9133),.UNSPECIFIED.,.F.,
  .F.,(2,2),(-7.5,-1.5),.PIECEWISE_BEZIER_KNOTS.);
#9132 = CARTESIAN_POINT('',(7.,1.7));
#9133 = CARTESIAN_POINT('',(1.,1.7));
#9134 = ( GEOMETRIC_REPRESENTATION_CONTEXT(2) 
PARAMETRIC_REPRESENTATION_CONTEXT() REPRESENTATION_CONTEXT('2D SPACE',''
  ) );
#9135 = PCURVE('',#5704,#9136);
#9136 = DEFINITIONAL_REPRESENTATION('',(#9137),#9140);
#9137 = B_SPLINE_CURVE_WITH_KNOTS('',1,(#9138,#9139),.UNSPECIFIED.,.F.,
  .F.,(2,2),(-7.5,-1.5),.PIECEWISE_BEZIER_KNOTS.);
#9138 = CARTESIAN_POINT('',(8.,-22.3));
#9139 = CARTESIAN_POINT('',(2.,-22.3));
#9140 = ( GEOMETRIC_REPRESENTATION_CONTEXT(2) 
PARAMETRIC_REPRESENTATION_CONTEXT() REPRESENTATION_CONTEXT('2D SPACE',''
  ) );
#9141 = ORIENTED_EDGE('',*,*,#9142,.T.);
#9142 = EDGE_CURVE('',#9122,#8752,#9143,.T.);
#9143 = SURFACE_CURVE('',#9144,(#9148,#9154),.PCURVE_S1.);
#9144 = LINE('',#9145,#9146);
#9145 = CARTESIAN_POINT('',(93.1,-50.7,22.));
#9146 = VECTOR('',#9147,1.);
#9147 = DIRECTION('',(-1.,0.,0.));
#9148 = PCURVE('',#5677,#9149);
#9149 = DEFINITIONAL_REPRESENTATION('',(#9150),#9153);
#9150 = B_SPLINE_CURVE_WITH_KNOTS('',1,(#9151,#9152),.UNSPECIFIED.,.F.,
  .F.,(2,2),(-102.6,-1.2),.PIECEWISE_BEZIER_KNOTS.);
#9151 = CARTESIAN_POINT('',(1.,101.4));
#9152 = CARTESIAN_POINT('',(1.,0.));
#9153 = ( GEOMETRIC_REPRESENTATION_CONTEXT(2) 
PARAMETRIC_REPRESENTATION_CONTEXT() REPRESENTATION_CONTEXT('2D SPACE',''
  ) );
#9154 = PCURVE('',#8789,#9155);
#9155 = DEFINITIONAL_REPRESENTATION('',(#9156),#9159);
#9156 = B_SPLINE_CURVE_WITH_KNOTS('',1,(#9157,#9158),.UNSPECIFIED.,.F.,
  .F.,(2,2),(-102.6,-1.2),.PIECEWISE_BEZIER_KNOTS.);
#9157 = CARTESIAN_POINT('',(103.8,2.4));
#9158 = CARTESIAN_POINT('',(2.4,2.4));
#9159 = ( GEOMETRIC_REPRESENTATION_CONTEXT(2) 
PARAMETRIC_REPRESENTATION_CONTEXT() REPRESENTATION_CONTEXT('2D SPACE',''
  ) );
#9160 = ORIENTED_EDGE('',*,*,#8751,.T.);
#9161 = ADVANCED_FACE('',(#9162),#5704,.T.);
#9162 = FACE_BOUND('',#9163,.T.);
#9163 = EDGE_LOOP('',(#9164,#9165,#9186,#9205));
#9164 = ORIENTED_EDGE('',*,*,#5688,.F.);
#9165 = ORIENTED_EDGE('',*,*,#9166,.T.);
#9166 = EDGE_CURVE('',#5689,#9167,#9169,.T.);
#9167 = VERTEX_POINT('',#9168);
#9168 = CARTESIAN_POINT('',(96.,-53.1,22.));
#9169 = SURFACE_CURVE('',#9170,(#9174,#9180),.PCURVE_S1.);
#9170 = LINE('',#9171,#9172);
#9171 = CARTESIAN_POINT('',(96.,-53.1,21.));
#9172 = VECTOR('',#9173,1.);
#9173 = DIRECTION('',(0.,0.,-1.));
#9174 = PCURVE('',#5704,#9175);
#9175 = DEFINITIONAL_REPRESENTATION('',(#9176),#9179);
#9176 = B_SPLINE_CURVE_WITH_KNOTS('',1,(#9177,#9178),.UNSPECIFIED.,.F.,
  .F.,(2,2),(-7.,-1.),.PIECEWISE_BEZIER_KNOTS.);
#9177 = CARTESIAN_POINT('',(8.,-19.9));
#9178 = CARTESIAN_POINT('',(2.,-19.9));
#9179 = ( GEOMETRIC_REPRESENTATION_CONTEXT(2) 
PARAMETRIC_REPRESENTATION_CONTEXT() REPRESENTATION_CONTEXT('2D SPACE',''
  ) );
#9180 = PCURVE('',#5732,#9181);
#9181 = DEFINITIONAL_REPRESENTATION('',(#9182),#9185);
#9182 = B_SPLINE_CURVE_WITH_KNOTS('',1,(#9183,#9184),.UNSPECIFIED.,.F.,
  .F.,(2,2),(-7.,-1.),.PIECEWISE_BEZIER_KNOTS.);
#9183 = CARTESIAN_POINT('',(6.,4.1));
#9184 = CARTESIAN_POINT('',(0.,4.1));
#9185 = ( GEOMETRIC_REPRESENTATION_CONTEXT(2) 
PARAMETRIC_REPRESENTATION_CONTEXT() REPRESENTATION_CONTEXT('2D SPACE',''
  ) );
#9186 = ORIENTED_EDGE('',*,*,#9187,.T.);
#9187 = EDGE_CURVE('',#9167,#9122,#9188,.T.);
#9188 = SURFACE_CURVE('',#9189,(#9193,#9199),.PCURVE_S1.);
#9189 = LINE('',#9190,#9191);
#9190 = CARTESIAN_POINT('',(96.,-63.05,22.));
#9191 = VECTOR('',#9192,1.);
#9192 = DIRECTION('',(0.,1.,0.));
#9193 = PCURVE('',#5704,#9194);
#9194 = DEFINITIONAL_REPRESENTATION('',(#9195),#9198);
#9195 = B_SPLINE_CURVE_WITH_KNOTS('',1,(#9196,#9197),.UNSPECIFIED.,.F.,
  .F.,(2,2),(9.95,12.85),.PIECEWISE_BEZIER_KNOTS.);
#9196 = CARTESIAN_POINT('',(2.,-19.9));
#9197 = CARTESIAN_POINT('',(2.,-22.8));
#9198 = ( GEOMETRIC_REPRESENTATION_CONTEXT(2) 
PARAMETRIC_REPRESENTATION_CONTEXT() REPRESENTATION_CONTEXT('2D SPACE',''
  ) );
#9199 = PCURVE('',#8789,#9200);
#9200 = DEFINITIONAL_REPRESENTATION('',(#9201),#9204);
#9201 = B_SPLINE_CURVE_WITH_KNOTS('',1,(#9202,#9203),.UNSPECIFIED.,.F.,
  .F.,(2,2),(9.95,12.85),.PIECEWISE_BEZIER_KNOTS.);
#9202 = CARTESIAN_POINT('',(4.1,0.));
#9203 = CARTESIAN_POINT('',(4.1,2.9));
#9204 = ( GEOMETRIC_REPRESENTATION_CONTEXT(2) 
PARAMETRIC_REPRESENTATION_CONTEXT() REPRESENTATION_CONTEXT('2D SPACE',''
  ) );
#9205 = ORIENTED_EDGE('',*,*,#9121,.F.);
#9206 = ADVANCED_FACE('',(#9207),#5732,.F.);
#9207 = FACE_BOUND('',#9208,.F.);
#9208 = EDGE_LOOP('',(#9209,#9232,#9253,#9254));
#9209 = ORIENTED_EDGE('',*,*,#9210,.F.);
#9210 = EDGE_CURVE('',#9211,#9167,#9213,.T.);
#9211 = VERTEX_POINT('',#9212);
#9212 = CARTESIAN_POINT('',(91.9,-53.1,22.));
#9213 = SURFACE_CURVE('',#9214,(#9218,#9225),.PCURVE_S1.);
#9214 = LINE('',#9215,#9216);
#9215 = CARTESIAN_POINT('',(91.9,-53.1,22.));
#9216 = VECTOR('',#9217,1.);
#9217 = DIRECTION('',(1.,0.,0.));
#9218 = PCURVE('',#5732,#9219);
#9219 = DEFINITIONAL_REPRESENTATION('',(#9220),#9224);
#9220 = LINE('',#9221,#9222);
#9221 = CARTESIAN_POINT('',(0.,0.));
#9222 = VECTOR('',#9223,1.);
#9223 = DIRECTION('',(0.,1.));
#9224 = ( GEOMETRIC_REPRESENTATION_CONTEXT(2) 
PARAMETRIC_REPRESENTATION_CONTEXT() REPRESENTATION_CONTEXT('2D SPACE',''
  ) );
#9225 = PCURVE('',#8789,#9226);
#9226 = DEFINITIONAL_REPRESENTATION('',(#9227),#9231);
#9227 = LINE('',#9228,#9229);
#9228 = CARTESIAN_POINT('',(0.,0.));
#9229 = VECTOR('',#9230,1.);
#9230 = DIRECTION('',(1.,0.));
#9231 = ( GEOMETRIC_REPRESENTATION_CONTEXT(2) 
PARAMETRIC_REPRESENTATION_CONTEXT() REPRESENTATION_CONTEXT('2D SPACE',''
  ) );
#9232 = ORIENTED_EDGE('',*,*,#9233,.T.);
#9233 = EDGE_CURVE('',#9211,#5717,#9234,.T.);
#9234 = SURFACE_CURVE('',#9235,(#9239,#9246),.PCURVE_S1.);
#9235 = LINE('',#9236,#9237);
#9236 = CARTESIAN_POINT('',(91.9,-53.1,22.));
#9237 = VECTOR('',#9238,1.);
#9238 = DIRECTION('',(0.,0.,1.));
#9239 = PCURVE('',#5732,#9240);
#9240 = DEFINITIONAL_REPRESENTATION('',(#9241),#9245);
#9241 = LINE('',#9242,#9243);
#9242 = CARTESIAN_POINT('',(0.,0.));
#9243 = VECTOR('',#9244,1.);
#9244 = DIRECTION('',(1.,0.));
#9245 = ( GEOMETRIC_REPRESENTATION_CONTEXT(2) 
PARAMETRIC_REPRESENTATION_CONTEXT() REPRESENTATION_CONTEXT('2D SPACE',''
  ) );
#9246 = PCURVE('',#5760,#9247);
#9247 = DEFINITIONAL_REPRESENTATION('',(#9248),#9252);
#9248 = LINE('',#9249,#9250);
#9249 = CARTESIAN_POINT('',(0.,0.));
#9250 = VECTOR('',#9251,1.);
#9251 = DIRECTION('',(1.,0.));
#9252 = ( GEOMETRIC_REPRESENTATION_CONTEXT(2) 
PARAMETRIC_REPRESENTATION_CONTEXT() REPRESENTATION_CONTEXT('2D SPACE',''
  ) );
#9253 = ORIENTED_EDGE('',*,*,#5716,.T.);
#9254 = ORIENTED_EDGE('',*,*,#9166,.T.);
#9255 = ADVANCED_FACE('',(#9256),#5760,.F.);
#9256 = FACE_BOUND('',#9257,.F.);
#9257 = EDGE_LOOP('',(#9258,#9259,#9260,#9261,#9284,#9305,#9326,#9347,
    #9370,#9391,#9412,#9433));
#9258 = ORIENTED_EDGE('',*,*,#7586,.T.);
#9259 = ORIENTED_EDGE('',*,*,#5744,.F.);
#9260 = ORIENTED_EDGE('',*,*,#9233,.F.);
#9261 = ORIENTED_EDGE('',*,*,#9262,.T.);
#9262 = EDGE_CURVE('',#9211,#9263,#9265,.T.);
#9263 = VERTEX_POINT('',#9264);
#9264 = CARTESIAN_POINT('',(91.9,-10.,22.));
#9265 = SURFACE_CURVE('',#9266,(#9270,#9277),.PCURVE_S1.);
#9266 = LINE('',#9267,#9268);
#9267 = CARTESIAN_POINT('',(91.9,-53.1,22.));
#9268 = VECTOR('',#9269,1.);
#9269 = DIRECTION('',(0.,1.,0.));
#9270 = PCURVE('',#5760,#9271);
#9271 = DEFINITIONAL_REPRESENTATION('',(#9272),#9276);
#9272 = LINE('',#9273,#9274);
#9273 = CARTESIAN_POINT('',(0.,0.));
#9274 = VECTOR('',#9275,1.);
#9275 = DIRECTION('',(0.,-1.));
#9276 = ( GEOMETRIC_REPRESENTATION_CONTEXT(2) 
PARAMETRIC_REPRESENTATION_CONTEXT() REPRESENTATION_CONTEXT('2D SPACE',''
  ) );
#9277 = PCURVE('',#8789,#9278);
#9278 = DEFINITIONAL_REPRESENTATION('',(#9279),#9283);
#9279 = LINE('',#9280,#9281);
#9280 = CARTESIAN_POINT('',(0.,0.));
#9281 = VECTOR('',#9282,1.);
#9282 = DIRECTION('',(0.,1.));
#9283 = ( GEOMETRIC_REPRESENTATION_CONTEXT(2) 
PARAMETRIC_REPRESENTATION_CONTEXT() REPRESENTATION_CONTEXT('2D SPACE',''
  ) );
#9284 = ORIENTED_EDGE('',*,*,#9285,.T.);
#9285 = EDGE_CURVE('',#9263,#9286,#9288,.T.);
#9286 = VERTEX_POINT('',#9287);
#9287 = CARTESIAN_POINT('',(91.9,-10.,27.));
#9288 = SURFACE_CURVE('',#9289,(#9293,#9299),.PCURVE_S1.);
#9289 = LINE('',#9290,#9291);
#9290 = CARTESIAN_POINT('',(91.9,-10.,21.5));
#9291 = VECTOR('',#9292,1.);
#9292 = DIRECTION('',(0.,0.,1.));
#9293 = PCURVE('',#5760,#9294);
#9294 = DEFINITIONAL_REPRESENTATION('',(#9295),#9298);
#9295 = B_SPLINE_CURVE_WITH_KNOTS('',1,(#9296,#9297),.UNSPECIFIED.,.F.,
  .F.,(2,2),(0.5,5.5),.PIECEWISE_BEZIER_KNOTS.);
#9296 = CARTESIAN_POINT('',(0.,-43.1));
#9297 = CARTESIAN_POINT('',(5.,-43.1));
#9298 = ( GEOMETRIC_REPRESENTATION_CONTEXT(2) 
PARAMETRIC_REPRESENTATION_CONTEXT() REPRESENTATION_CONTEXT('2D SPACE',''
  ) );
#9299 = PCURVE('',#8815,#9300);
#9300 = DEFINITIONAL_REPRESENTATION('',(#9301),#9304);
#9301 = B_SPLINE_CURVE_WITH_KNOTS('',1,(#9302,#9303),.UNSPECIFIED.,.F.,
  .F.,(2,2),(0.5,5.5),.PIECEWISE_BEZIER_KNOTS.);
#9302 = CARTESIAN_POINT('',(1.,9.999999999999E-02));
#9303 = CARTESIAN_POINT('',(6.,9.999999999999E-02));
#9304 = ( GEOMETRIC_REPRESENTATION_CONTEXT(2) 
PARAMETRIC_REPRESENTATION_CONTEXT() REPRESENTATION_CONTEXT('2D SPACE',''
  ) );
#9305 = ORIENTED_EDGE('',*,*,#9306,.F.);
#9306 = EDGE_CURVE('',#9307,#9286,#9309,.T.);
#9307 = VERTEX_POINT('',#9308);
#9308 = CARTESIAN_POINT('',(91.9,-9.,27.));
#9309 = SURFACE_CURVE('',#9310,(#9314,#9320),.PCURVE_S1.);
#9310 = LINE('',#9311,#9312);
#9311 = CARTESIAN_POINT('',(91.9,-31.55,27.));
#9312 = VECTOR('',#9313,1.);
#9313 = DIRECTION('',(0.,-1.,0.));
#9314 = PCURVE('',#5760,#9315);
#9315 = DEFINITIONAL_REPRESENTATION('',(#9316),#9319);
#9316 = B_SPLINE_CURVE_WITH_KNOTS('',1,(#9317,#9318),.UNSPECIFIED.,.F.,
  .F.,(2,2),(-22.55,-21.55),.PIECEWISE_BEZIER_KNOTS.);
#9317 = CARTESIAN_POINT('',(5.,-44.1));
#9318 = CARTESIAN_POINT('',(5.,-43.1));
#9319 = ( GEOMETRIC_REPRESENTATION_CONTEXT(2) 
PARAMETRIC_REPRESENTATION_CONTEXT() REPRESENTATION_CONTEXT('2D SPACE',''
  ) );
#9320 = PCURVE('',#8841,#9321);
#9321 = DEFINITIONAL_REPRESENTATION('',(#9322),#9325);
#9322 = B_SPLINE_CURVE_WITH_KNOTS('',1,(#9323,#9324),.UNSPECIFIED.,.F.,
  .F.,(2,2),(-22.55,-21.55),.PIECEWISE_BEZIER_KNOTS.);
#9323 = CARTESIAN_POINT('',(9.999999999999E-02,1.));
#9324 = CARTESIAN_POINT('',(9.999999999999E-02,0.));
#9325 = ( GEOMETRIC_REPRESENTATION_CONTEXT(2) 
PARAMETRIC_REPRESENTATION_CONTEXT() REPRESENTATION_CONTEXT('2D SPACE',''
  ) );
#9326 = ORIENTED_EDGE('',*,*,#9327,.F.);
#9327 = EDGE_CURVE('',#9328,#9307,#9330,.T.);
#9328 = VERTEX_POINT('',#9329);
#9329 = CARTESIAN_POINT('',(91.9,-9.,22.));
#9330 = SURFACE_CURVE('',#9331,(#9335,#9341),.PCURVE_S1.);
#9331 = LINE('',#9332,#9333);
#9332 = CARTESIAN_POINT('',(91.9,-9.,21.5));
#9333 = VECTOR('',#9334,1.);
#9334 = DIRECTION('',(0.,0.,1.));
#9335 = PCURVE('',#5760,#9336);
#9336 = DEFINITIONAL_REPRESENTATION('',(#9337),#9340);
#9337 = B_SPLINE_CURVE_WITH_KNOTS('',1,(#9338,#9339),.UNSPECIFIED.,.F.,
  .F.,(2,2),(0.5,5.5),.PIECEWISE_BEZIER_KNOTS.);
#9338 = CARTESIAN_POINT('',(0.,-44.1));
#9339 = CARTESIAN_POINT('',(5.,-44.1));
#9340 = ( GEOMETRIC_REPRESENTATION_CONTEXT(2) 
PARAMETRIC_REPRESENTATION_CONTEXT() REPRESENTATION_CONTEXT('2D SPACE',''
  ) );
#9341 = PCURVE('',#8867,#9342);
#9342 = DEFINITIONAL_REPRESENTATION('',(#9343),#9346);
#9343 = B_SPLINE_CURVE_WITH_KNOTS('',1,(#9344,#9345),.UNSPECIFIED.,.F.,
  .F.,(2,2),(0.5,5.5),.PIECEWISE_BEZIER_KNOTS.);
#9344 = CARTESIAN_POINT('',(1.,9.999999999999E-02));
#9345 = CARTESIAN_POINT('',(6.,9.999999999999E-02));
#9346 = ( GEOMETRIC_REPRESENTATION_CONTEXT(2) 
PARAMETRIC_REPRESENTATION_CONTEXT() REPRESENTATION_CONTEXT('2D SPACE',''
  ) );
#9347 = ORIENTED_EDGE('',*,*,#9348,.T.);
#9348 = EDGE_CURVE('',#9328,#9349,#9351,.T.);
#9349 = VERTEX_POINT('',#9350);
#9350 = CARTESIAN_POINT('',(91.9,9.,22.));
#9351 = SURFACE_CURVE('',#9352,(#9356,#9363),.PCURVE_S1.);
#9352 = LINE('',#9353,#9354);
#9353 = CARTESIAN_POINT('',(91.9,-53.1,22.));
#9354 = VECTOR('',#9355,1.);
#9355 = DIRECTION('',(0.,1.,0.));
#9356 = PCURVE('',#5760,#9357);
#9357 = DEFINITIONAL_REPRESENTATION('',(#9358),#9362);
#9358 = LINE('',#9359,#9360);
#9359 = CARTESIAN_POINT('',(0.,0.));
#9360 = VECTOR('',#9361,1.);
#9361 = DIRECTION('',(0.,-1.));
#9362 = ( GEOMETRIC_REPRESENTATION_CONTEXT(2) 
PARAMETRIC_REPRESENTATION_CONTEXT() REPRESENTATION_CONTEXT('2D SPACE',''
  ) );
#9363 = PCURVE('',#8893,#9364);
#9364 = DEFINITIONAL_REPRESENTATION('',(#9365),#9369);
#9365 = LINE('',#9366,#9367);
#9366 = CARTESIAN_POINT('',(0.,0.));
#9367 = VECTOR('',#9368,1.);
#9368 = DIRECTION('',(0.,1.));
#9369 = ( GEOMETRIC_REPRESENTATION_CONTEXT(2) 
PARAMETRIC_REPRESENTATION_CONTEXT() REPRESENTATION_CONTEXT('2D SPACE',''
  ) );
#9370 = ORIENTED_EDGE('',*,*,#9371,.T.);
#9371 = EDGE_CURVE('',#9349,#9372,#9374,.T.);
#9372 = VERTEX_POINT('',#9373);
#9373 = CARTESIAN_POINT('',(91.9,9.,27.));
#9374 = SURFACE_CURVE('',#9375,(#9379,#9385),.PCURVE_S1.);
#9375 = LINE('',#9376,#9377);
#9376 = CARTESIAN_POINT('',(91.9,9.,21.5));
#9377 = VECTOR('',#9378,1.);
#9378 = DIRECTION('',(0.,0.,1.));
#9379 = PCURVE('',#5760,#9380);
#9380 = DEFINITIONAL_REPRESENTATION('',(#9381),#9384);
#9381 = B_SPLINE_CURVE_WITH_KNOTS('',1,(#9382,#9383),.UNSPECIFIED.,.F.,
  .F.,(2,2),(0.5,5.5),.PIECEWISE_BEZIER_KNOTS.);
#9382 = CARTESIAN_POINT('',(0.,-62.1));
#9383 = CARTESIAN_POINT('',(5.,-62.1));
#9384 = ( GEOMETRIC_REPRESENTATION_CONTEXT(2) 
PARAMETRIC_REPRESENTATION_CONTEXT() REPRESENTATION_CONTEXT('2D SPACE',''
  ) );
#9385 = PCURVE('',#8919,#9386);
#9386 = DEFINITIONAL_REPRESENTATION('',(#9387),#9390);
#9387 = B_SPLINE_CURVE_WITH_KNOTS('',1,(#9388,#9389),.UNSPECIFIED.,.F.,
  .F.,(2,2),(0.5,5.5),.PIECEWISE_BEZIER_KNOTS.);
#9388 = CARTESIAN_POINT('',(1.,9.999999999999E-02));
#9389 = CARTESIAN_POINT('',(6.,9.999999999999E-02));
#9390 = ( GEOMETRIC_REPRESENTATION_CONTEXT(2) 
PARAMETRIC_REPRESENTATION_CONTEXT() REPRESENTATION_CONTEXT('2D SPACE',''
  ) );
#9391 = ORIENTED_EDGE('',*,*,#9392,.F.);
#9392 = EDGE_CURVE('',#9393,#9372,#9395,.T.);
#9393 = VERTEX_POINT('',#9394);
#9394 = CARTESIAN_POINT('',(91.9,10.,27.));
#9395 = SURFACE_CURVE('',#9396,(#9400,#9406),.PCURVE_S1.);
#9396 = LINE('',#9397,#9398);
#9397 = CARTESIAN_POINT('',(91.9,-22.05,27.));
#9398 = VECTOR('',#9399,1.);
#9399 = DIRECTION('',(0.,-1.,0.));
#9400 = PCURVE('',#5760,#9401);
#9401 = DEFINITIONAL_REPRESENTATION('',(#9402),#9405);
#9402 = B_SPLINE_CURVE_WITH_KNOTS('',1,(#9403,#9404),.UNSPECIFIED.,.F.,
  .F.,(2,2),(-32.05,-31.05),.PIECEWISE_BEZIER_KNOTS.);
#9403 = CARTESIAN_POINT('',(5.,-63.1));
#9404 = CARTESIAN_POINT('',(5.,-62.1));
#9405 = ( GEOMETRIC_REPRESENTATION_CONTEXT(2) 
PARAMETRIC_REPRESENTATION_CONTEXT() REPRESENTATION_CONTEXT('2D SPACE',''
  ) );
#9406 = PCURVE('',#8945,#9407);
#9407 = DEFINITIONAL_REPRESENTATION('',(#9408),#9411);
#9408 = B_SPLINE_CURVE_WITH_KNOTS('',1,(#9409,#9410),.UNSPECIFIED.,.F.,
  .F.,(2,2),(-32.05,-31.05),.PIECEWISE_BEZIER_KNOTS.);
#9409 = CARTESIAN_POINT('',(9.999999999999E-02,1.));
#9410 = CARTESIAN_POINT('',(9.999999999999E-02,0.));
#9411 = ( GEOMETRIC_REPRESENTATION_CONTEXT(2) 
PARAMETRIC_REPRESENTATION_CONTEXT() REPRESENTATION_CONTEXT('2D SPACE',''
  ) );
#9412 = ORIENTED_EDGE('',*,*,#9413,.F.);
#9413 = EDGE_CURVE('',#9414,#9393,#9416,.T.);
#9414 = VERTEX_POINT('',#9415);
#9415 = CARTESIAN_POINT('',(91.9,10.,22.));
#9416 = SURFACE_CURVE('',#9417,(#9421,#9427),.PCURVE_S1.);
#9417 = LINE('',#9418,#9419);
#9418 = CARTESIAN_POINT('',(91.9,10.,21.5));
#9419 = VECTOR('',#9420,1.);
#9420 = DIRECTION('',(0.,0.,1.));
#9421 = PCURVE('',#5760,#9422);
#9422 = DEFINITIONAL_REPRESENTATION('',(#9423),#9426);
#9423 = B_SPLINE_CURVE_WITH_KNOTS('',1,(#9424,#9425),.UNSPECIFIED.,.F.,
  .F.,(2,2),(0.5,5.5),.PIECEWISE_BEZIER_KNOTS.);
#9424 = CARTESIAN_POINT('',(0.,-63.1));
#9425 = CARTESIAN_POINT('',(5.,-63.1));
#9426 = ( GEOMETRIC_REPRESENTATION_CONTEXT(2) 
PARAMETRIC_REPRESENTATION_CONTEXT() REPRESENTATION_CONTEXT('2D SPACE',''
  ) );
#9427 = PCURVE('',#8971,#9428);
#9428 = DEFINITIONAL_REPRESENTATION('',(#9429),#9432);
#9429 = B_SPLINE_CURVE_WITH_KNOTS('',1,(#9430,#9431),.UNSPECIFIED.,.F.,
  .F.,(2,2),(0.5,5.5),.PIECEWISE_BEZIER_KNOTS.);
#9430 = CARTESIAN_POINT('',(1.,9.999999999999E-02));
#9431 = CARTESIAN_POINT('',(6.,9.999999999999E-02));
#9432 = ( GEOMETRIC_REPRESENTATION_CONTEXT(2) 
PARAMETRIC_REPRESENTATION_CONTEXT() REPRESENTATION_CONTEXT('2D SPACE',''
  ) );
#9433 = ORIENTED_EDGE('',*,*,#9434,.T.);
#9434 = EDGE_CURVE('',#9414,#7557,#9435,.T.);
#9435 = SURFACE_CURVE('',#9436,(#9440,#9447),.PCURVE_S1.);
#9436 = LINE('',#9437,#9438);
#9437 = CARTESIAN_POINT('',(91.9,-53.1,22.));
#9438 = VECTOR('',#9439,1.);
#9439 = DIRECTION('',(0.,1.,0.));
#9440 = PCURVE('',#5760,#9441);
#9441 = DEFINITIONAL_REPRESENTATION('',(#9442),#9446);
#9442 = LINE('',#9443,#9444);
#9443 = CARTESIAN_POINT('',(0.,0.));
#9444 = VECTOR('',#9445,1.);
#9445 = DIRECTION('',(0.,-1.));
#9446 = ( GEOMETRIC_REPRESENTATION_CONTEXT(2) 
PARAMETRIC_REPRESENTATION_CONTEXT() REPRESENTATION_CONTEXT('2D SPACE',''
  ) );
#9447 = PCURVE('',#7574,#9448);
#9448 = DEFINITIONAL_REPRESENTATION('',(#9449),#9453);
#9449 = LINE('',#9450,#9451);
#9450 = CARTESIAN_POINT('',(0.,0.));
#9451 = VECTOR('',#9452,1.);
#9452 = DIRECTION('',(0.,1.));
#9453 = ( GEOMETRIC_REPRESENTATION_CONTEXT(2) 
PARAMETRIC_REPRESENTATION_CONTEXT() REPRESENTATION_CONTEXT('2D SPACE',''
  ) );
#9454 = ADVANCED_FACE('',(#9455),#5937,.F.);
#9455 = FACE_BOUND('',#9456,.T.);
#9456 = EDGE_LOOP('',(#9457,#9458,#9481,#9508));
#9457 = ORIENTED_EDGE('',*,*,#5916,.T.);
#9458 = ORIENTED_EDGE('',*,*,#9459,.T.);
#9459 = EDGE_CURVE('',#5917,#9460,#9462,.T.);
#9460 = VERTEX_POINT('',#9461);
#9461 = CARTESIAN_POINT('',(7.8,-68.6,15.));
#9462 = SEAM_CURVE('',#9463,(#9467,#9474),.PCURVE_S1.);
#9463 = LINE('',#9464,#9465);
#9464 = CARTESIAN_POINT('',(7.8,-68.6,2.));
#9465 = VECTOR('',#9466,1.);
#9466 = DIRECTION('',(0.,0.,1.));
#9467 = PCURVE('',#5937,#9468);
#9468 = DEFINITIONAL_REPRESENTATION('',(#9469),#9473);
#9469 = LINE('',#9470,#9471);
#9470 = CARTESIAN_POINT('',(-6.28318530718,0.));
#9471 = VECTOR('',#9472,1.);
#9472 = DIRECTION('',(-0.,-1.));
#9473 = ( GEOMETRIC_REPRESENTATION_CONTEXT(2) 
PARAMETRIC_REPRESENTATION_CONTEXT() REPRESENTATION_CONTEXT('2D SPACE',''
  ) );
#9474 = PCURVE('',#5937,#9475);
#9475 = DEFINITIONAL_REPRESENTATION('',(#9476),#9480);
#9476 = LINE('',#9477,#9478);
#9477 = CARTESIAN_POINT('',(-0.,0.));
#9478 = VECTOR('',#9479,1.);
#9479 = DIRECTION('',(-0.,-1.));
#9480 = ( GEOMETRIC_REPRESENTATION_CONTEXT(2) 
PARAMETRIC_REPRESENTATION_CONTEXT() REPRESENTATION_CONTEXT('2D SPACE',''
  ) );
#9481 = ORIENTED_EDGE('',*,*,#9482,.T.);
#9482 = EDGE_CURVE('',#9460,#9460,#9483,.T.);
#9483 = SURFACE_CURVE('',#9484,(#9489,#9496),.PCURVE_S1.);
#9484 = CIRCLE('',#9485,1.4);
#9485 = AXIS2_PLACEMENT_3D('',#9486,#9487,#9488);
#9486 = CARTESIAN_POINT('',(6.4,-68.6,15.));
#9487 = DIRECTION('',(0.,0.,1.));
#9488 = DIRECTION('',(1.,0.,0.));
#9489 = PCURVE('',#5937,#9490);
#9490 = DEFINITIONAL_REPRESENTATION('',(#9491),#9495);
#9491 = LINE('',#9492,#9493);
#9492 = CARTESIAN_POINT('',(-0.,-13.));
#9493 = VECTOR('',#9494,1.);
#9494 = DIRECTION('',(-1.,0.));
#9495 = ( GEOMETRIC_REPRESENTATION_CONTEXT(2) 
PARAMETRIC_REPRESENTATION_CONTEXT() REPRESENTATION_CONTEXT('2D SPACE',''
  ) );
#9496 = PCURVE('',#9497,#9502);
#9497 = PLANE('',#9498);
#9498 = AXIS2_PLACEMENT_3D('',#9499,#9500,#9501);
#9499 = CARTESIAN_POINT('',(6.4,-68.6,15.));
#9500 = DIRECTION('',(0.,0.,1.));
#9501 = DIRECTION('',(1.,0.,-0.));
#9502 = DEFINITIONAL_REPRESENTATION('',(#9503),#9507);
#9503 = CIRCLE('',#9504,1.4);
#9504 = AXIS2_PLACEMENT_2D('',#9505,#9506);
#9505 = CARTESIAN_POINT('',(0.,0.));
#9506 = DIRECTION('',(1.,0.));
#9507 = ( GEOMETRIC_REPRESENTATION_CONTEXT(2) 
PARAMETRIC_REPRESENTATION_CONTEXT() REPRESENTATION_CONTEXT('2D SPACE',''
  ) );
#9508 = ORIENTED_EDGE('',*,*,#9459,.F.);
#9509 = ADVANCED_FACE('',(#9510),#5972,.F.);
#9510 = FACE_BOUND('',#9511,.T.);
#9511 = EDGE_LOOP('',(#9512,#9513,#9536,#9563));
#9512 = ORIENTED_EDGE('',*,*,#5951,.T.);
#9513 = ORIENTED_EDGE('',*,*,#9514,.T.);
#9514 = EDGE_CURVE('',#5952,#9515,#9517,.T.);
#9515 = VERTEX_POINT('',#9516);
#9516 = CARTESIAN_POINT('',(85.4,-68.6,15.));
#9517 = SEAM_CURVE('',#9518,(#9522,#9529),.PCURVE_S1.);
#9518 = LINE('',#9519,#9520);
#9519 = CARTESIAN_POINT('',(85.4,-68.6,2.));
#9520 = VECTOR('',#9521,1.);
#9521 = DIRECTION('',(0.,0.,1.));
#9522 = PCURVE('',#5972,#9523);
#9523 = DEFINITIONAL_REPRESENTATION('',(#9524),#9528);
#9524 = LINE('',#9525,#9526);
#9525 = CARTESIAN_POINT('',(-6.28318530718,0.));
#9526 = VECTOR('',#9527,1.);
#9527 = DIRECTION('',(-0.,-1.));
#9528 = ( GEOMETRIC_REPRESENTATION_CONTEXT(2) 
PARAMETRIC_REPRESENTATION_CONTEXT() REPRESENTATION_CONTEXT('2D SPACE',''
  ) );
#9529 = PCURVE('',#5972,#9530);
#9530 = DEFINITIONAL_REPRESENTATION('',(#9531),#9535);
#9531 = LINE('',#9532,#9533);
#9532 = CARTESIAN_POINT('',(-0.,0.));
#9533 = VECTOR('',#9534,1.);
#9534 = DIRECTION('',(-0.,-1.));
#9535 = ( GEOMETRIC_REPRESENTATION_CONTEXT(2) 
PARAMETRIC_REPRESENTATION_CONTEXT() REPRESENTATION_CONTEXT('2D SPACE',''
  ) );
#9536 = ORIENTED_EDGE('',*,*,#9537,.T.);
#9537 = EDGE_CURVE('',#9515,#9515,#9538,.T.);
#9538 = SURFACE_CURVE('',#9539,(#9544,#9551),.PCURVE_S1.);
#9539 = CIRCLE('',#9540,1.4);
#9540 = AXIS2_PLACEMENT_3D('',#9541,#9542,#9543);
#9541 = CARTESIAN_POINT('',(84.,-68.6,15.));
#9542 = DIRECTION('',(0.,0.,1.));
#9543 = DIRECTION('',(1.,0.,0.));
#9544 = PCURVE('',#5972,#9545);
#9545 = DEFINITIONAL_REPRESENTATION('',(#9546),#9550);
#9546 = LINE('',#9547,#9548);
#9547 = CARTESIAN_POINT('',(-0.,-13.));
#9548 = VECTOR('',#9549,1.);
#9549 = DIRECTION('',(-1.,0.));
#9550 = ( GEOMETRIC_REPRESENTATION_CONTEXT(2) 
PARAMETRIC_REPRESENTATION_CONTEXT() REPRESENTATION_CONTEXT('2D SPACE',''
  ) );
#9551 = PCURVE('',#9552,#9557);
#9552 = PLANE('',#9553);
#9553 = AXIS2_PLACEMENT_3D('',#9554,#9555,#9556);
#9554 = CARTESIAN_POINT('',(84.,-68.6,15.));
#9555 = DIRECTION('',(0.,0.,1.));
#9556 = DIRECTION('',(1.,0.,-0.));
#9557 = DEFINITIONAL_REPRESENTATION('',(#9558),#9562);
#9558 = CIRCLE('',#9559,1.4);
#9559 = AXIS2_PLACEMENT_2D('',#9560,#9561);
#9560 = CARTESIAN_POINT('',(0.,0.));
#9561 = DIRECTION('',(1.,0.));
#9562 = ( GEOMETRIC_REPRESENTATION_CONTEXT(2) 
PARAMETRIC_REPRESENTATION_CONTEXT() REPRESENTATION_CONTEXT('2D SPACE',''
  ) );
#9563 = ORIENTED_EDGE('',*,*,#9514,.F.);
#9564 = ADVANCED_FACE('',(#9565),#6007,.F.);
#9565 = FACE_BOUND('',#9566,.T.);
#9566 = EDGE_LOOP('',(#9567,#9568,#9591,#9618));
#9567 = ORIENTED_EDGE('',*,*,#5986,.T.);
#9568 = ORIENTED_EDGE('',*,*,#9569,.T.);
#9569 = EDGE_CURVE('',#5987,#9570,#9572,.T.);
#9570 = VERTEX_POINT('',#9571);
#9571 = CARTESIAN_POINT('',(7.8,68.6,15.));
#9572 = SEAM_CURVE('',#9573,(#9577,#9584),.PCURVE_S1.);
#9573 = LINE('',#9574,#9575);
#9574 = CARTESIAN_POINT('',(7.8,68.6,2.));
#9575 = VECTOR('',#9576,1.);
#9576 = DIRECTION('',(0.,0.,1.));
#9577 = PCURVE('',#6007,#9578);
#9578 = DEFINITIONAL_REPRESENTATION('',(#9579),#9583);
#9579 = LINE('',#9580,#9581);
#9580 = CARTESIAN_POINT('',(-6.28318530718,0.));
#9581 = VECTOR('',#9582,1.);
#9582 = DIRECTION('',(-0.,-1.));
#9583 = ( GEOMETRIC_REPRESENTATION_CONTEXT(2) 
PARAMETRIC_REPRESENTATION_CONTEXT() REPRESENTATION_CONTEXT('2D SPACE',''
  ) );
#9584 = PCURVE('',#6007,#9585);
#9585 = DEFINITIONAL_REPRESENTATION('',(#9586),#9590);
#9586 = LINE('',#9587,#9588);
#9587 = CARTESIAN_POINT('',(-0.,0.));
#9588 = VECTOR('',#9589,1.);
#9589 = DIRECTION('',(-0.,-1.));
#9590 = ( GEOMETRIC_REPRESENTATION_CONTEXT(2) 
PARAMETRIC_REPRESENTATION_CONTEXT() REPRESENTATION_CONTEXT('2D SPACE',''
  ) );
#9591 = ORIENTED_EDGE('',*,*,#9592,.T.);
#9592 = EDGE_CURVE('',#9570,#9570,#9593,.T.);
#9593 = SURFACE_CURVE('',#9594,(#9599,#9606),.PCURVE_S1.);
#9594 = CIRCLE('',#9595,1.4);
#9595 = AXIS2_PLACEMENT_3D('',#9596,#9597,#9598);
#9596 = CARTESIAN_POINT('',(6.4,68.6,15.));
#9597 = DIRECTION('',(0.,0.,1.));
#9598 = DIRECTION('',(1.,0.,0.));
#9599 = PCURVE('',#6007,#9600);
#9600 = DEFINITIONAL_REPRESENTATION('',(#9601),#9605);
#9601 = LINE('',#9602,#9603);
#9602 = CARTESIAN_POINT('',(-0.,-13.));
#9603 = VECTOR('',#9604,1.);
#9604 = DIRECTION('',(-1.,0.));
#9605 = ( GEOMETRIC_REPRESENTATION_CONTEXT(2) 
PARAMETRIC_REPRESENTATION_CONTEXT() REPRESENTATION_CONTEXT('2D SPACE',''
  ) );
#9606 = PCURVE('',#9607,#9612);
#9607 = PLANE('',#9608);
#9608 = AXIS2_PLACEMENT_3D('',#9609,#9610,#9611);
#9609 = CARTESIAN_POINT('',(6.4,68.6,15.));
#9610 = DIRECTION('',(0.,0.,1.));
#9611 = DIRECTION('',(1.,0.,-0.));
#9612 = DEFINITIONAL_REPRESENTATION('',(#9613),#9617);
#9613 = CIRCLE('',#9614,1.4);
#9614 = AXIS2_PLACEMENT_2D('',#9615,#9616);
#9615 = CARTESIAN_POINT('',(0.,0.));
#9616 = DIRECTION('',(1.,0.));
#9617 = ( GEOMETRIC_REPRESENTATION_CONTEXT(2) 
PARAMETRIC_REPRESENTATION_CONTEXT() REPRESENTATION_CONTEXT('2D SPACE',''
  ) );
#9618 = ORIENTED_EDGE('',*,*,#9569,.F.);
#9619 = ADVANCED_FACE('',(#9620),#6039,.F.);
#9620 = FACE_BOUND('',#9621,.F.);
#9621 = EDGE_LOOP('',(#9622,#9643,#9644,#9665));
#9622 = ORIENTED_EDGE('',*,*,#9623,.T.);
#9623 = EDGE_CURVE('',#9624,#6022,#9626,.T.);
#9624 = VERTEX_POINT('',#9625);
#9625 = CARTESIAN_POINT('',(80.,70.1,6.));
#9626 = SURFACE_CURVE('',#9627,(#9631,#9637),.PCURVE_S1.);
#9627 = LINE('',#9628,#9629);
#9628 = CARTESIAN_POINT('',(80.,70.1,2.5));
#9629 = VECTOR('',#9630,1.);
#9630 = DIRECTION('',(0.,0.,-1.));
#9631 = PCURVE('',#6039,#9632);
#9632 = DEFINITIONAL_REPRESENTATION('',(#9633),#9636);
#9633 = B_SPLINE_CURVE_WITH_KNOTS('',1,(#9634,#9635),.UNSPECIFIED.,.F.,
  .F.,(2,2),(-3.5,-0.5),.PIECEWISE_BEZIER_KNOTS.);
#9634 = CARTESIAN_POINT('',(4.,75.1));
#9635 = CARTESIAN_POINT('',(1.,75.1));
#9636 = ( GEOMETRIC_REPRESENTATION_CONTEXT(2) 
PARAMETRIC_REPRESENTATION_CONTEXT() REPRESENTATION_CONTEXT('2D SPACE',''
  ) );
#9637 = PCURVE('',#6066,#9638);
#9638 = DEFINITIONAL_REPRESENTATION('',(#9639),#9642);
#9639 = B_SPLINE_CURVE_WITH_KNOTS('',1,(#9640,#9641),.UNSPECIFIED.,.F.,
  .F.,(2,2),(-3.5,-0.5),.PIECEWISE_BEZIER_KNOTS.);
#9640 = CARTESIAN_POINT('',(3.,-5.5));
#9641 = CARTESIAN_POINT('',(0.,-5.5));
#9642 = ( GEOMETRIC_REPRESENTATION_CONTEXT(2) 
PARAMETRIC_REPRESENTATION_CONTEXT() REPRESENTATION_CONTEXT('2D SPACE',''
  ) );
#9643 = ORIENTED_EDGE('',*,*,#6021,.T.);
#9644 = ORIENTED_EDGE('',*,*,#9645,.F.);
#9645 = EDGE_CURVE('',#9646,#6024,#9648,.T.);
#9646 = VERTEX_POINT('',#9647);
#9647 = CARTESIAN_POINT('',(10.4,70.1,6.));
#9648 = SURFACE_CURVE('',#9649,(#9653,#9659),.PCURVE_S1.);
#9649 = LINE('',#9650,#9651);
#9650 = CARTESIAN_POINT('',(10.4,70.1,2.5));
#9651 = VECTOR('',#9652,1.);
#9652 = DIRECTION('',(0.,0.,-1.));
#9653 = PCURVE('',#6039,#9654);
#9654 = DEFINITIONAL_REPRESENTATION('',(#9655),#9658);
#9655 = B_SPLINE_CURVE_WITH_KNOTS('',1,(#9656,#9657),.UNSPECIFIED.,.F.,
  .F.,(2,2),(-3.5,-0.5),.PIECEWISE_BEZIER_KNOTS.);
#9656 = CARTESIAN_POINT('',(4.,5.5));
#9657 = CARTESIAN_POINT('',(1.,5.5));
#9658 = ( GEOMETRIC_REPRESENTATION_CONTEXT(2) 
PARAMETRIC_REPRESENTATION_CONTEXT() REPRESENTATION_CONTEXT('2D SPACE',''
  ) );
#9659 = PCURVE('',#6341,#9660);
#9660 = DEFINITIONAL_REPRESENTATION('',(#9661),#9664);
#9661 = B_SPLINE_CURVE_WITH_KNOTS('',1,(#9662,#9663),.UNSPECIFIED.,.F.,
  .F.,(2,2),(-3.5,-0.5),.PIECEWISE_BEZIER_KNOTS.);
#9662 = CARTESIAN_POINT('',(3.,-5.5));
#9663 = CARTESIAN_POINT('',(0.,-5.5));
#9664 = ( GEOMETRIC_REPRESENTATION_CONTEXT(2) 
PARAMETRIC_REPRESENTATION_CONTEXT() REPRESENTATION_CONTEXT('2D SPACE',''
  ) );
#9665 = ORIENTED_EDGE('',*,*,#9666,.F.);
#9666 = EDGE_CURVE('',#9624,#9646,#9667,.T.);
#9667 = SURFACE_CURVE('',#9668,(#9672,#9678),.PCURVE_S1.);
#9668 = LINE('',#9669,#9670);
#9669 = CARTESIAN_POINT('',(3.65,70.1,6.));
#9670 = VECTOR('',#9671,1.);
#9671 = DIRECTION('',(-1.,0.,0.));
#9672 = PCURVE('',#6039,#9673);
#9673 = DEFINITIONAL_REPRESENTATION('',(#9674),#9677);
#9674 = B_SPLINE_CURVE_WITH_KNOTS('',1,(#9675,#9676),.UNSPECIFIED.,.F.,
  .F.,(2,2),(-81.85,-1.25),.PIECEWISE_BEZIER_KNOTS.);
#9675 = CARTESIAN_POINT('',(4.,80.6));
#9676 = CARTESIAN_POINT('',(4.,0.));
#9677 = ( GEOMETRIC_REPRESENTATION_CONTEXT(2) 
PARAMETRIC_REPRESENTATION_CONTEXT() REPRESENTATION_CONTEXT('2D SPACE',''
  ) );
#9678 = PCURVE('',#9679,#9684);
#9679 = PLANE('',#9680);
#9680 = AXIS2_PLACEMENT_3D('',#9681,#9682,#9683);
#9681 = CARTESIAN_POINT('',(2.4,-72.6,6.));
#9682 = DIRECTION('',(0.,0.,1.));
#9683 = DIRECTION('',(1.,0.,0.));
#9684 = DEFINITIONAL_REPRESENTATION('',(#9685),#9688);
#9685 = B_SPLINE_CURVE_WITH_KNOTS('',1,(#9686,#9687),.UNSPECIFIED.,.F.,
  .F.,(2,2),(-81.85,-1.25),.PIECEWISE_BEZIER_KNOTS.);
#9686 = CARTESIAN_POINT('',(83.1,142.7));
#9687 = CARTESIAN_POINT('',(2.5,142.7));
#9688 = ( GEOMETRIC_REPRESENTATION_CONTEXT(2) 
PARAMETRIC_REPRESENTATION_CONTEXT() REPRESENTATION_CONTEXT('2D SPACE',''
  ) );
#9689 = ADVANCED_FACE('',(#9690),#6066,.F.);
#9690 = FACE_BOUND('',#9691,.F.);
#9691 = EDGE_LOOP('',(#9692,#9717,#9738,#9739,#9740,#9761));
#9692 = ORIENTED_EDGE('',*,*,#9693,.F.);
#9693 = EDGE_CURVE('',#9694,#9696,#9698,.T.);
#9694 = VERTEX_POINT('',#9695);
#9695 = CARTESIAN_POINT('',(80.,64.6,28.));
#9696 = VERTEX_POINT('',#9697);
#9697 = CARTESIAN_POINT('',(80.,72.6,28.));
#9698 = SURFACE_CURVE('',#9699,(#9703,#9710),.PCURVE_S1.);
#9699 = LINE('',#9700,#9701);
#9700 = CARTESIAN_POINT('',(80.,64.6,28.));
#9701 = VECTOR('',#9702,1.);
#9702 = DIRECTION('',(0.,1.,0.));
#9703 = PCURVE('',#6066,#9704);
#9704 = DEFINITIONAL_REPRESENTATION('',(#9705),#9709);
#9705 = LINE('',#9706,#9707);
#9706 = CARTESIAN_POINT('',(25.,0.));
#9707 = VECTOR('',#9708,1.);
#9708 = DIRECTION('',(0.,-1.));
#9709 = ( GEOMETRIC_REPRESENTATION_CONTEXT(2) 
PARAMETRIC_REPRESENTATION_CONTEXT() REPRESENTATION_CONTEXT('2D SPACE',''
  ) );
#9710 = PCURVE('',#7880,#9711);
#9711 = DEFINITIONAL_REPRESENTATION('',(#9712),#9716);
#9712 = LINE('',#9713,#9714);
#9713 = CARTESIAN_POINT('',(77.6,137.2));
#9714 = VECTOR('',#9715,1.);
#9715 = DIRECTION('',(0.,1.));
#9716 = ( GEOMETRIC_REPRESENTATION_CONTEXT(2) 
PARAMETRIC_REPRESENTATION_CONTEXT() REPRESENTATION_CONTEXT('2D SPACE',''
  ) );
#9717 = ORIENTED_EDGE('',*,*,#9718,.F.);
#9718 = EDGE_CURVE('',#6051,#9694,#9719,.T.);
#9719 = SURFACE_CURVE('',#9720,(#9724,#9731),.PCURVE_S1.);
#9720 = LINE('',#9721,#9722);
#9721 = CARTESIAN_POINT('',(80.,64.6,3.));
#9722 = VECTOR('',#9723,1.);
#9723 = DIRECTION('',(0.,0.,1.));
#9724 = PCURVE('',#6066,#9725);
#9725 = DEFINITIONAL_REPRESENTATION('',(#9726),#9730);
#9726 = LINE('',#9727,#9728);
#9727 = CARTESIAN_POINT('',(0.,0.));
#9728 = VECTOR('',#9729,1.);
#9729 = DIRECTION('',(1.,0.));
#9730 = ( GEOMETRIC_REPRESENTATION_CONTEXT(2) 
PARAMETRIC_REPRESENTATION_CONTEXT() REPRESENTATION_CONTEXT('2D SPACE',''
  ) );
#9731 = PCURVE('',#6094,#9732);
#9732 = DEFINITIONAL_REPRESENTATION('',(#9733),#9737);
#9733 = LINE('',#9734,#9735);
#9734 = CARTESIAN_POINT('',(0.,0.));
#9735 = VECTOR('',#9736,1.);
#9736 = DIRECTION('',(1.,0.));
#9737 = ( GEOMETRIC_REPRESENTATION_CONTEXT(2) 
PARAMETRIC_REPRESENTATION_CONTEXT() REPRESENTATION_CONTEXT('2D SPACE',''
  ) );
#9738 = ORIENTED_EDGE('',*,*,#6050,.T.);
#9739 = ORIENTED_EDGE('',*,*,#9623,.F.);
#9740 = ORIENTED_EDGE('',*,*,#9741,.T.);
#9741 = EDGE_CURVE('',#9624,#9742,#9744,.T.);
#9742 = VERTEX_POINT('',#9743);
#9743 = CARTESIAN_POINT('',(80.,72.6,6.));
#9744 = SURFACE_CURVE('',#9745,(#9749,#9755),.PCURVE_S1.);
#9745 = LINE('',#9746,#9747);
#9746 = CARTESIAN_POINT('',(80.,-4.,6.));
#9747 = VECTOR('',#9748,1.);
#9748 = DIRECTION('',(0.,1.,0.));
#9749 = PCURVE('',#6066,#9750);
#9750 = DEFINITIONAL_REPRESENTATION('',(#9751),#9754);
#9751 = B_SPLINE_CURVE_WITH_KNOTS('',1,(#9752,#9753),.UNSPECIFIED.,.F.,
  .F.,(2,2),(68.6,76.6),.PIECEWISE_BEZIER_KNOTS.);
#9752 = CARTESIAN_POINT('',(3.,0.));
#9753 = CARTESIAN_POINT('',(3.,-8.));
#9754 = ( GEOMETRIC_REPRESENTATION_CONTEXT(2) 
PARAMETRIC_REPRESENTATION_CONTEXT() REPRESENTATION_CONTEXT('2D SPACE',''
  ) );
#9755 = PCURVE('',#9679,#9756);
#9756 = DEFINITIONAL_REPRESENTATION('',(#9757),#9760);
#9757 = B_SPLINE_CURVE_WITH_KNOTS('',1,(#9758,#9759),.UNSPECIFIED.,.F.,
  .F.,(2,2),(68.6,76.6),.PIECEWISE_BEZIER_KNOTS.);
#9758 = CARTESIAN_POINT('',(77.6,137.2));
#9759 = CARTESIAN_POINT('',(77.6,145.2));
#9760 = ( GEOMETRIC_REPRESENTATION_CONTEXT(2) 
PARAMETRIC_REPRESENTATION_CONTEXT() REPRESENTATION_CONTEXT('2D SPACE',''
  ) );
#9761 = ORIENTED_EDGE('',*,*,#9762,.T.);
#9762 = EDGE_CURVE('',#9742,#9696,#9763,.T.);
#9763 = SURFACE_CURVE('',#9764,(#9768,#9775),.PCURVE_S1.);
#9764 = LINE('',#9765,#9766);
#9765 = CARTESIAN_POINT('',(80.,72.6,3.));
#9766 = VECTOR('',#9767,1.);
#9767 = DIRECTION('',(0.,0.,1.));
#9768 = PCURVE('',#6066,#9769);
#9769 = DEFINITIONAL_REPRESENTATION('',(#9770),#9774);
#9770 = LINE('',#9771,#9772);
#9771 = CARTESIAN_POINT('',(0.,-8.));
#9772 = VECTOR('',#9773,1.);
#9773 = DIRECTION('',(1.,0.));
#9774 = ( GEOMETRIC_REPRESENTATION_CONTEXT(2) 
PARAMETRIC_REPRESENTATION_CONTEXT() REPRESENTATION_CONTEXT('2D SPACE',''
  ) );
#9775 = PCURVE('',#9776,#9781);
#9776 = PLANE('',#9777);
#9777 = AXIS2_PLACEMENT_3D('',#9778,#9779,#9780);
#9778 = CARTESIAN_POINT('',(2.4,72.6,-1.));
#9779 = DIRECTION('',(0.,1.,0.));
#9780 = DIRECTION('',(0.,0.,1.));
#9781 = DEFINITIONAL_REPRESENTATION('',(#9782),#9786);
#9782 = LINE('',#9783,#9784);
#9783 = CARTESIAN_POINT('',(4.,77.6));
#9784 = VECTOR('',#9785,1.);
#9785 = DIRECTION('',(1.,0.));
#9786 = ( GEOMETRIC_REPRESENTATION_CONTEXT(2) 
PARAMETRIC_REPRESENTATION_CONTEXT() REPRESENTATION_CONTEXT('2D SPACE',''
  ) );
#9787 = ADVANCED_FACE('',(#9788),#6341,.T.);
#9788 = FACE_BOUND('',#9789,.T.);
#9789 = EDGE_LOOP('',(#9790,#9815,#9836,#9837,#9838,#9859));
#9790 = ORIENTED_EDGE('',*,*,#9791,.F.);
#9791 = EDGE_CURVE('',#9792,#9794,#9796,.T.);
#9792 = VERTEX_POINT('',#9793);
#9793 = CARTESIAN_POINT('',(10.4,64.6,28.));
#9794 = VERTEX_POINT('',#9795);
#9795 = CARTESIAN_POINT('',(10.4,72.6,28.));
#9796 = SURFACE_CURVE('',#9797,(#9801,#9808),.PCURVE_S1.);
#9797 = LINE('',#9798,#9799);
#9798 = CARTESIAN_POINT('',(10.4,64.6,28.));
#9799 = VECTOR('',#9800,1.);
#9800 = DIRECTION('',(0.,1.,0.));
#9801 = PCURVE('',#6341,#9802);
#9802 = DEFINITIONAL_REPRESENTATION('',(#9803),#9807);
#9803 = LINE('',#9804,#9805);
#9804 = CARTESIAN_POINT('',(25.,0.));
#9805 = VECTOR('',#9806,1.);
#9806 = DIRECTION('',(0.,-1.));
#9807 = ( GEOMETRIC_REPRESENTATION_CONTEXT(2) 
PARAMETRIC_REPRESENTATION_CONTEXT() REPRESENTATION_CONTEXT('2D SPACE',''
  ) );
#9808 = PCURVE('',#7880,#9809);
#9809 = DEFINITIONAL_REPRESENTATION('',(#9810),#9814);
#9810 = LINE('',#9811,#9812);
#9811 = CARTESIAN_POINT('',(8.,137.2));
#9812 = VECTOR('',#9813,1.);
#9813 = DIRECTION('',(0.,1.));
#9814 = ( GEOMETRIC_REPRESENTATION_CONTEXT(2) 
PARAMETRIC_REPRESENTATION_CONTEXT() REPRESENTATION_CONTEXT('2D SPACE',''
  ) );
#9815 = ORIENTED_EDGE('',*,*,#9816,.F.);
#9816 = EDGE_CURVE('',#6300,#9792,#9817,.T.);
#9817 = SURFACE_CURVE('',#9818,(#9822,#9829),.PCURVE_S1.);
#9818 = LINE('',#9819,#9820);
#9819 = CARTESIAN_POINT('',(10.4,64.6,3.));
#9820 = VECTOR('',#9821,1.);
#9821 = DIRECTION('',(0.,0.,1.));
#9822 = PCURVE('',#6341,#9823);
#9823 = DEFINITIONAL_REPRESENTATION('',(#9824),#9828);
#9824 = LINE('',#9825,#9826);
#9825 = CARTESIAN_POINT('',(0.,0.));
#9826 = VECTOR('',#9827,1.);
#9827 = DIRECTION('',(1.,0.));
#9828 = ( GEOMETRIC_REPRESENTATION_CONTEXT(2) 
PARAMETRIC_REPRESENTATION_CONTEXT() REPRESENTATION_CONTEXT('2D SPACE',''
  ) );
#9829 = PCURVE('',#6315,#9830);
#9830 = DEFINITIONAL_REPRESENTATION('',(#9831),#9835);
#9831 = LINE('',#9832,#9833);
#9832 = CARTESIAN_POINT('',(0.,8.));
#9833 = VECTOR('',#9834,1.);
#9834 = DIRECTION('',(1.,0.));
#9835 = ( GEOMETRIC_REPRESENTATION_CONTEXT(2) 
PARAMETRIC_REPRESENTATION_CONTEXT() REPRESENTATION_CONTEXT('2D SPACE',''
  ) );
#9836 = ORIENTED_EDGE('',*,*,#6327,.T.);
#9837 = ORIENTED_EDGE('',*,*,#9645,.F.);
#9838 = ORIENTED_EDGE('',*,*,#9839,.T.);
#9839 = EDGE_CURVE('',#9646,#9840,#9842,.T.);
#9840 = VERTEX_POINT('',#9841);
#9841 = CARTESIAN_POINT('',(10.4,72.6,6.));
#9842 = SURFACE_CURVE('',#9843,(#9847,#9853),.PCURVE_S1.);
#9843 = LINE('',#9844,#9845);
#9844 = CARTESIAN_POINT('',(10.4,-4.,6.));
#9845 = VECTOR('',#9846,1.);
#9846 = DIRECTION('',(0.,1.,0.));
#9847 = PCURVE('',#6341,#9848);
#9848 = DEFINITIONAL_REPRESENTATION('',(#9849),#9852);
#9849 = B_SPLINE_CURVE_WITH_KNOTS('',1,(#9850,#9851),.UNSPECIFIED.,.F.,
  .F.,(2,2),(68.6,76.6),.PIECEWISE_BEZIER_KNOTS.);
#9850 = CARTESIAN_POINT('',(3.,0.));
#9851 = CARTESIAN_POINT('',(3.,-8.));
#9852 = ( GEOMETRIC_REPRESENTATION_CONTEXT(2) 
PARAMETRIC_REPRESENTATION_CONTEXT() REPRESENTATION_CONTEXT('2D SPACE',''
  ) );
#9853 = PCURVE('',#9679,#9854);
#9854 = DEFINITIONAL_REPRESENTATION('',(#9855),#9858);
#9855 = B_SPLINE_CURVE_WITH_KNOTS('',1,(#9856,#9857),.UNSPECIFIED.,.F.,
  .F.,(2,2),(68.6,76.6),.PIECEWISE_BEZIER_KNOTS.);
#9856 = CARTESIAN_POINT('',(8.,137.2));
#9857 = CARTESIAN_POINT('',(8.,145.2));
#9858 = ( GEOMETRIC_REPRESENTATION_CONTEXT(2) 
PARAMETRIC_REPRESENTATION_CONTEXT() REPRESENTATION_CONTEXT('2D SPACE',''
  ) );
#9859 = ORIENTED_EDGE('',*,*,#9860,.T.);
#9860 = EDGE_CURVE('',#9840,#9794,#9861,.T.);
#9861 = SURFACE_CURVE('',#9862,(#9866,#9873),.PCURVE_S1.);
#9862 = LINE('',#9863,#9864);
#9863 = CARTESIAN_POINT('',(10.4,72.6,3.));
#9864 = VECTOR('',#9865,1.);
#9865 = DIRECTION('',(0.,0.,1.));
#9866 = PCURVE('',#6341,#9867);
#9867 = DEFINITIONAL_REPRESENTATION('',(#9868),#9872);
#9868 = LINE('',#9869,#9870);
#9869 = CARTESIAN_POINT('',(0.,-8.));
#9870 = VECTOR('',#9871,1.);
#9871 = DIRECTION('',(1.,0.));
#9872 = ( GEOMETRIC_REPRESENTATION_CONTEXT(2) 
PARAMETRIC_REPRESENTATION_CONTEXT() REPRESENTATION_CONTEXT('2D SPACE',''
  ) );
#9873 = PCURVE('',#9776,#9874);
#9874 = DEFINITIONAL_REPRESENTATION('',(#9875),#9879);
#9875 = LINE('',#9876,#9877);
#9876 = CARTESIAN_POINT('',(4.,8.));
#9877 = VECTOR('',#9878,1.);
#9878 = DIRECTION('',(1.,0.));
#9879 = ( GEOMETRIC_REPRESENTATION_CONTEXT(2) 
PARAMETRIC_REPRESENTATION_CONTEXT() REPRESENTATION_CONTEXT('2D SPACE',''
  ) );
#9880 = ADVANCED_FACE('',(#9881),#6094,.F.);
#9881 = FACE_BOUND('',#9882,.F.);
#9882 = EDGE_LOOP('',(#9883,#9884,#9885,#9908,#9936,#9962));
#9883 = ORIENTED_EDGE('',*,*,#6078,.F.);
#9884 = ORIENTED_EDGE('',*,*,#9718,.T.);
#9885 = ORIENTED_EDGE('',*,*,#9886,.T.);
#9886 = EDGE_CURVE('',#9694,#9887,#9889,.T.);
#9887 = VERTEX_POINT('',#9888);
#9888 = CARTESIAN_POINT('',(88.,64.6,28.));
#9889 = SURFACE_CURVE('',#9890,(#9894,#9901),.PCURVE_S1.);
#9890 = LINE('',#9891,#9892);
#9891 = CARTESIAN_POINT('',(80.,64.6,28.));
#9892 = VECTOR('',#9893,1.);
#9893 = DIRECTION('',(1.,0.,0.));
#9894 = PCURVE('',#6094,#9895);
#9895 = DEFINITIONAL_REPRESENTATION('',(#9896),#9900);
#9896 = LINE('',#9897,#9898);
#9897 = CARTESIAN_POINT('',(25.,0.));
#9898 = VECTOR('',#9899,1.);
#9899 = DIRECTION('',(0.,1.));
#9900 = ( GEOMETRIC_REPRESENTATION_CONTEXT(2) 
PARAMETRIC_REPRESENTATION_CONTEXT() REPRESENTATION_CONTEXT('2D SPACE',''
  ) );
#9901 = PCURVE('',#7880,#9902);
#9902 = DEFINITIONAL_REPRESENTATION('',(#9903),#9907);
#9903 = LINE('',#9904,#9905);
#9904 = CARTESIAN_POINT('',(77.6,137.2));
#9905 = VECTOR('',#9906,1.);
#9906 = DIRECTION('',(1.,0.));
#9907 = ( GEOMETRIC_REPRESENTATION_CONTEXT(2) 
PARAMETRIC_REPRESENTATION_CONTEXT() REPRESENTATION_CONTEXT('2D SPACE',''
  ) );
#9908 = ORIENTED_EDGE('',*,*,#9909,.F.);
#9909 = EDGE_CURVE('',#9910,#9887,#9912,.T.);
#9910 = VERTEX_POINT('',#9911);
#9911 = CARTESIAN_POINT('',(88.,64.6,6.));
#9912 = SURFACE_CURVE('',#9913,(#9917,#9924),.PCURVE_S1.);
#9913 = LINE('',#9914,#9915);
#9914 = CARTESIAN_POINT('',(88.,64.6,3.));
#9915 = VECTOR('',#9916,1.);
#9916 = DIRECTION('',(0.,0.,1.));
#9917 = PCURVE('',#6094,#9918);
#9918 = DEFINITIONAL_REPRESENTATION('',(#9919),#9923);
#9919 = LINE('',#9920,#9921);
#9920 = CARTESIAN_POINT('',(0.,8.));
#9921 = VECTOR('',#9922,1.);
#9922 = DIRECTION('',(1.,0.));
#9923 = ( GEOMETRIC_REPRESENTATION_CONTEXT(2) 
PARAMETRIC_REPRESENTATION_CONTEXT() REPRESENTATION_CONTEXT('2D SPACE',''
  ) );
#9924 = PCURVE('',#9925,#9930);
#9925 = PLANE('',#9926);
#9926 = AXIS2_PLACEMENT_3D('',#9927,#9928,#9929);
#9927 = CARTESIAN_POINT('',(88.,-72.6,-1.));
#9928 = DIRECTION('',(1.,0.,0.));
#9929 = DIRECTION('',(0.,0.,1.));
#9930 = DEFINITIONAL_REPRESENTATION('',(#9931),#9935);
#9931 = LINE('',#9932,#9933);
#9932 = CARTESIAN_POINT('',(4.,-137.2));
#9933 = VECTOR('',#9934,1.);
#9934 = DIRECTION('',(1.,0.));
#9935 = ( GEOMETRIC_REPRESENTATION_CONTEXT(2) 
PARAMETRIC_REPRESENTATION_CONTEXT() REPRESENTATION_CONTEXT('2D SPACE',''
  ) );
#9936 = ORIENTED_EDGE('',*,*,#9937,.T.);
#9937 = EDGE_CURVE('',#9910,#9938,#9940,.T.);
#9938 = VERTEX_POINT('',#9939);
#9939 = CARTESIAN_POINT('',(85.5,64.6,6.));
#9940 = SURFACE_CURVE('',#9941,(#9945,#9951),.PCURVE_S1.);
#9941 = LINE('',#9942,#9943);
#9942 = CARTESIAN_POINT('',(41.2,64.6,6.));
#9943 = VECTOR('',#9944,1.);
#9944 = DIRECTION('',(-1.,0.,0.));
#9945 = PCURVE('',#6094,#9946);
#9946 = DEFINITIONAL_REPRESENTATION('',(#9947),#9950);
#9947 = B_SPLINE_CURVE_WITH_KNOTS('',1,(#9948,#9949),.UNSPECIFIED.,.F.,
  .F.,(2,2),(-46.8,-38.8),.PIECEWISE_BEZIER_KNOTS.);
#9948 = CARTESIAN_POINT('',(3.,8.));
#9949 = CARTESIAN_POINT('',(3.,0.));
#9950 = ( GEOMETRIC_REPRESENTATION_CONTEXT(2) 
PARAMETRIC_REPRESENTATION_CONTEXT() REPRESENTATION_CONTEXT('2D SPACE',''
  ) );
#9951 = PCURVE('',#9952,#9957);
#9952 = PLANE('',#9953);
#9953 = AXIS2_PLACEMENT_3D('',#9954,#9955,#9956);
#9954 = CARTESIAN_POINT('',(2.4,-72.6,6.));
#9955 = DIRECTION('',(0.,0.,1.));
#9956 = DIRECTION('',(1.,0.,0.));
#9957 = DEFINITIONAL_REPRESENTATION('',(#9958),#9961);
#9958 = B_SPLINE_CURVE_WITH_KNOTS('',1,(#9959,#9960),.UNSPECIFIED.,.F.,
  .F.,(2,2),(-46.8,-38.8),.PIECEWISE_BEZIER_KNOTS.);
#9959 = CARTESIAN_POINT('',(85.6,137.2));
#9960 = CARTESIAN_POINT('',(77.6,137.2));
#9961 = ( GEOMETRIC_REPRESENTATION_CONTEXT(2) 
PARAMETRIC_REPRESENTATION_CONTEXT() REPRESENTATION_CONTEXT('2D SPACE',''
  ) );
#9962 = ORIENTED_EDGE('',*,*,#9963,.F.);
#9963 = EDGE_CURVE('',#6079,#9938,#9964,.T.);
#9964 = SURFACE_CURVE('',#9965,(#9969,#9975),.PCURVE_S1.);
#9965 = LINE('',#9966,#9967);
#9966 = CARTESIAN_POINT('',(85.5,64.6,2.5));
#9967 = VECTOR('',#9968,1.);
#9968 = DIRECTION('',(0.,0.,1.));
#9969 = PCURVE('',#6094,#9970);
#9970 = DEFINITIONAL_REPRESENTATION('',(#9971),#9974);
#9971 = B_SPLINE_CURVE_WITH_KNOTS('',1,(#9972,#9973),.UNSPECIFIED.,.F.,
  .F.,(2,2),(0.5,3.5),.PIECEWISE_BEZIER_KNOTS.);
#9972 = CARTESIAN_POINT('',(0.,5.5));
#9973 = CARTESIAN_POINT('',(3.,5.5));
#9974 = ( GEOMETRIC_REPRESENTATION_CONTEXT(2) 
PARAMETRIC_REPRESENTATION_CONTEXT() REPRESENTATION_CONTEXT('2D SPACE',''
  ) );
#9975 = PCURVE('',#6122,#9976);
#9976 = DEFINITIONAL_REPRESENTATION('',(#9977),#9980);
#9977 = B_SPLINE_CURVE_WITH_KNOTS('',1,(#9978,#9979),.UNSPECIFIED.,.F.,
  .F.,(2,2),(0.5,3.5),.PIECEWISE_BEZIER_KNOTS.);
#9978 = CARTESIAN_POINT('',(1.,-134.7));
#9979 = CARTESIAN_POINT('',(4.,-134.7));
#9980 = ( GEOMETRIC_REPRESENTATION_CONTEXT(2) 
PARAMETRIC_REPRESENTATION_CONTEXT() REPRESENTATION_CONTEXT('2D SPACE',''
  ) );
#9981 = ADVANCED_FACE('',(#9982),#6315,.F.);
#9982 = FACE_BOUND('',#9983,.F.);
#9983 = EDGE_LOOP('',(#9984,#9985,#10006,#10032,#10060,#10081));
#9984 = ORIENTED_EDGE('',*,*,#6299,.F.);
#9985 = ORIENTED_EDGE('',*,*,#9986,.T.);
#9986 = EDGE_CURVE('',#6273,#9987,#9989,.T.);
#9987 = VERTEX_POINT('',#9988);
#9988 = CARTESIAN_POINT('',(4.9,64.6,6.));
#9989 = SURFACE_CURVE('',#9990,(#9994,#10000),.PCURVE_S1.);
#9990 = LINE('',#9991,#9992);
#9991 = CARTESIAN_POINT('',(4.9,64.6,2.5));
#9992 = VECTOR('',#9993,1.);
#9993 = DIRECTION('',(0.,0.,1.));
#9994 = PCURVE('',#6315,#9995);
#9995 = DEFINITIONAL_REPRESENTATION('',(#9996),#9999);
#9996 = B_SPLINE_CURVE_WITH_KNOTS('',1,(#9997,#9998),.UNSPECIFIED.,.F.,
  .F.,(2,2),(0.5,3.5),.PIECEWISE_BEZIER_KNOTS.);
#9997 = CARTESIAN_POINT('',(0.,2.5));
#9998 = CARTESIAN_POINT('',(3.,2.5));
#9999 = ( GEOMETRIC_REPRESENTATION_CONTEXT(2) 
PARAMETRIC_REPRESENTATION_CONTEXT() REPRESENTATION_CONTEXT('2D SPACE',''
  ) );
#10000 = PCURVE('',#6288,#10001);
#10001 = DEFINITIONAL_REPRESENTATION('',(#10002),#10005);
#10002 = B_SPLINE_CURVE_WITH_KNOTS('',1,(#10003,#10004),.UNSPECIFIED.,
  .F.,.F.,(2,2),(0.5,3.5),.PIECEWISE_BEZIER_KNOTS.);
#10003 = CARTESIAN_POINT('',(1.,-134.7));
#10004 = CARTESIAN_POINT('',(4.,-134.7));
#10005 = ( GEOMETRIC_REPRESENTATION_CONTEXT(2) 
PARAMETRIC_REPRESENTATION_CONTEXT() REPRESENTATION_CONTEXT('2D SPACE',''
  ) );
#10006 = ORIENTED_EDGE('',*,*,#10007,.T.);
#10007 = EDGE_CURVE('',#9987,#10008,#10010,.T.);
#10008 = VERTEX_POINT('',#10009);
#10009 = CARTESIAN_POINT('',(2.4,64.6,6.));
#10010 = SURFACE_CURVE('',#10011,(#10015,#10021),.PCURVE_S1.);
#10011 = LINE('',#10012,#10013);
#10012 = CARTESIAN_POINT('',(2.4,64.6,6.));
#10013 = VECTOR('',#10014,1.);
#10014 = DIRECTION('',(-1.,0.,0.));
#10015 = PCURVE('',#6315,#10016);
#10016 = DEFINITIONAL_REPRESENTATION('',(#10017),#10020);
#10017 = B_SPLINE_CURVE_WITH_KNOTS('',1,(#10018,#10019),.UNSPECIFIED.,
  .F.,.F.,(2,2),(-8.,0.),.PIECEWISE_BEZIER_KNOTS.);
#10018 = CARTESIAN_POINT('',(3.,8.));
#10019 = CARTESIAN_POINT('',(3.,0.));
#10020 = ( GEOMETRIC_REPRESENTATION_CONTEXT(2) 
PARAMETRIC_REPRESENTATION_CONTEXT() REPRESENTATION_CONTEXT('2D SPACE',''
  ) );
#10021 = PCURVE('',#10022,#10027);
#10022 = PLANE('',#10023);
#10023 = AXIS2_PLACEMENT_3D('',#10024,#10025,#10026);
#10024 = CARTESIAN_POINT('',(2.4,-72.6,6.));
#10025 = DIRECTION('',(0.,0.,1.));
#10026 = DIRECTION('',(1.,0.,0.));
#10027 = DEFINITIONAL_REPRESENTATION('',(#10028),#10031);
#10028 = B_SPLINE_CURVE_WITH_KNOTS('',1,(#10029,#10030),.UNSPECIFIED.,
  .F.,.F.,(2,2),(-8.,0.),.PIECEWISE_BEZIER_KNOTS.);
#10029 = CARTESIAN_POINT('',(8.,137.2));
#10030 = CARTESIAN_POINT('',(4.440892098501E-16,137.2));
#10031 = ( GEOMETRIC_REPRESENTATION_CONTEXT(2) 
PARAMETRIC_REPRESENTATION_CONTEXT() REPRESENTATION_CONTEXT('2D SPACE',''
  ) );
#10032 = ORIENTED_EDGE('',*,*,#10033,.T.);
#10033 = EDGE_CURVE('',#10008,#10034,#10036,.T.);
#10034 = VERTEX_POINT('',#10035);
#10035 = CARTESIAN_POINT('',(2.4,64.6,28.));
#10036 = SURFACE_CURVE('',#10037,(#10041,#10048),.PCURVE_S1.);
#10037 = LINE('',#10038,#10039);
#10038 = CARTESIAN_POINT('',(2.4,64.6,3.));
#10039 = VECTOR('',#10040,1.);
#10040 = DIRECTION('',(0.,0.,1.));
#10041 = PCURVE('',#6315,#10042);
#10042 = DEFINITIONAL_REPRESENTATION('',(#10043),#10047);
#10043 = LINE('',#10044,#10045);
#10044 = CARTESIAN_POINT('',(0.,0.));
#10045 = VECTOR('',#10046,1.);
#10046 = DIRECTION('',(1.,0.));
#10047 = ( GEOMETRIC_REPRESENTATION_CONTEXT(2) 
PARAMETRIC_REPRESENTATION_CONTEXT() REPRESENTATION_CONTEXT('2D SPACE',''
  ) );
#10048 = PCURVE('',#10049,#10054);
#10049 = PLANE('',#10050);
#10050 = AXIS2_PLACEMENT_3D('',#10051,#10052,#10053);
#10051 = CARTESIAN_POINT('',(2.4,-72.6,-1.));
#10052 = DIRECTION('',(1.,0.,0.));
#10053 = DIRECTION('',(0.,0.,1.));
#10054 = DEFINITIONAL_REPRESENTATION('',(#10055),#10059);
#10055 = LINE('',#10056,#10057);
#10056 = CARTESIAN_POINT('',(4.,-137.2));
#10057 = VECTOR('',#10058,1.);
#10058 = DIRECTION('',(1.,0.));
#10059 = ( GEOMETRIC_REPRESENTATION_CONTEXT(2) 
PARAMETRIC_REPRESENTATION_CONTEXT() REPRESENTATION_CONTEXT('2D SPACE',''
  ) );
#10060 = ORIENTED_EDGE('',*,*,#10061,.T.);
#10061 = EDGE_CURVE('',#10034,#9792,#10062,.T.);
#10062 = SURFACE_CURVE('',#10063,(#10067,#10074),.PCURVE_S1.);
#10063 = LINE('',#10064,#10065);
#10064 = CARTESIAN_POINT('',(2.4,64.6,28.));
#10065 = VECTOR('',#10066,1.);
#10066 = DIRECTION('',(1.,0.,0.));
#10067 = PCURVE('',#6315,#10068);
#10068 = DEFINITIONAL_REPRESENTATION('',(#10069),#10073);
#10069 = LINE('',#10070,#10071);
#10070 = CARTESIAN_POINT('',(25.,0.));
#10071 = VECTOR('',#10072,1.);
#10072 = DIRECTION('',(0.,1.));
#10073 = ( GEOMETRIC_REPRESENTATION_CONTEXT(2) 
PARAMETRIC_REPRESENTATION_CONTEXT() REPRESENTATION_CONTEXT('2D SPACE',''
  ) );
#10074 = PCURVE('',#7880,#10075);
#10075 = DEFINITIONAL_REPRESENTATION('',(#10076),#10080);
#10076 = LINE('',#10077,#10078);
#10077 = CARTESIAN_POINT('',(4.440892098501E-16,137.2));
#10078 = VECTOR('',#10079,1.);
#10079 = DIRECTION('',(1.,0.));
#10080 = ( GEOMETRIC_REPRESENTATION_CONTEXT(2) 
PARAMETRIC_REPRESENTATION_CONTEXT() REPRESENTATION_CONTEXT('2D SPACE',''
  ) );
#10081 = ORIENTED_EDGE('',*,*,#9816,.F.);
#10082 = ADVANCED_FACE('',(#10083),#6122,.F.);
#10083 = FACE_BOUND('',#10084,.F.);
#10084 = EDGE_LOOP('',(#10085,#10106,#10107,#10108));
#10085 = ORIENTED_EDGE('',*,*,#10086,.F.);
#10086 = EDGE_CURVE('',#6107,#10087,#10089,.T.);
#10087 = VERTEX_POINT('',#10088);
#10088 = CARTESIAN_POINT('',(85.5,-64.6,6.));
#10089 = SURFACE_CURVE('',#10090,(#10094,#10100),.PCURVE_S1.);
#10090 = LINE('',#10091,#10092);
#10091 = CARTESIAN_POINT('',(85.5,-64.6,2.5));
#10092 = VECTOR('',#10093,1.);
#10093 = DIRECTION('',(0.,0.,1.));
#10094 = PCURVE('',#6122,#10095);
#10095 = DEFINITIONAL_REPRESENTATION('',(#10096),#10099);
#10096 = B_SPLINE_CURVE_WITH_KNOTS('',1,(#10097,#10098),.UNSPECIFIED.,
  .F.,.F.,(2,2),(0.5,3.5),.PIECEWISE_BEZIER_KNOTS.);
#10097 = CARTESIAN_POINT('',(1.,-5.5));
#10098 = CARTESIAN_POINT('',(4.,-5.5));
#10099 = ( GEOMETRIC_REPRESENTATION_CONTEXT(2) 
PARAMETRIC_REPRESENTATION_CONTEXT() REPRESENTATION_CONTEXT('2D SPACE',''
  ) );
#10100 = PCURVE('',#6149,#10101);
#10101 = DEFINITIONAL_REPRESENTATION('',(#10102),#10105);
#10102 = B_SPLINE_CURVE_WITH_KNOTS('',1,(#10103,#10104),.UNSPECIFIED.,
  .F.,.F.,(2,2),(0.5,3.5),.PIECEWISE_BEZIER_KNOTS.);
#10103 = CARTESIAN_POINT('',(0.,5.5));
#10104 = CARTESIAN_POINT('',(3.,5.5));
#10105 = ( GEOMETRIC_REPRESENTATION_CONTEXT(2) 
PARAMETRIC_REPRESENTATION_CONTEXT() REPRESENTATION_CONTEXT('2D SPACE',''
  ) );
#10106 = ORIENTED_EDGE('',*,*,#6106,.T.);
#10107 = ORIENTED_EDGE('',*,*,#9963,.T.);
#10108 = ORIENTED_EDGE('',*,*,#10109,.F.);
#10109 = EDGE_CURVE('',#10087,#9938,#10110,.T.);
#10110 = SURFACE_CURVE('',#10111,(#10115,#10121),.PCURVE_S1.);
#10111 = LINE('',#10112,#10113);
#10112 = CARTESIAN_POINT('',(85.5,-71.35,6.));
#10113 = VECTOR('',#10114,1.);
#10114 = DIRECTION('',(0.,1.,0.));
#10115 = PCURVE('',#6122,#10116);
#10116 = DEFINITIONAL_REPRESENTATION('',(#10117),#10120);
#10117 = B_SPLINE_CURVE_WITH_KNOTS('',1,(#10118,#10119),.UNSPECIFIED.,
  .F.,.F.,(2,2),(1.25,141.45),.PIECEWISE_BEZIER_KNOTS.);
#10118 = CARTESIAN_POINT('',(4.,0.));
#10119 = CARTESIAN_POINT('',(4.,-140.2));
#10120 = ( GEOMETRIC_REPRESENTATION_CONTEXT(2) 
PARAMETRIC_REPRESENTATION_CONTEXT() REPRESENTATION_CONTEXT('2D SPACE',''
  ) );
#10121 = PCURVE('',#9952,#10122);
#10122 = DEFINITIONAL_REPRESENTATION('',(#10123),#10126);
#10123 = B_SPLINE_CURVE_WITH_KNOTS('',1,(#10124,#10125),.UNSPECIFIED.,
  .F.,.F.,(2,2),(1.25,141.45),.PIECEWISE_BEZIER_KNOTS.);
#10124 = CARTESIAN_POINT('',(83.1,2.5));
#10125 = CARTESIAN_POINT('',(83.1,142.7));
#10126 = ( GEOMETRIC_REPRESENTATION_CONTEXT(2) 
PARAMETRIC_REPRESENTATION_CONTEXT() REPRESENTATION_CONTEXT('2D SPACE',''
  ) );
#10127 = ADVANCED_FACE('',(#10128),#6288,.T.);
#10128 = FACE_BOUND('',#10129,.T.);
#10129 = EDGE_LOOP('',(#10130,#10151,#10152,#10153));
#10130 = ORIENTED_EDGE('',*,*,#10131,.F.);
#10131 = EDGE_CURVE('',#6245,#10132,#10134,.T.);
#10132 = VERTEX_POINT('',#10133);
#10133 = CARTESIAN_POINT('',(4.9,-64.6,6.));
#10134 = SURFACE_CURVE('',#10135,(#10139,#10145),.PCURVE_S1.);
#10135 = LINE('',#10136,#10137);
#10136 = CARTESIAN_POINT('',(4.9,-64.6,2.5));
#10137 = VECTOR('',#10138,1.);
#10138 = DIRECTION('',(0.,0.,1.));
#10139 = PCURVE('',#6288,#10140);
#10140 = DEFINITIONAL_REPRESENTATION('',(#10141),#10144);
#10141 = B_SPLINE_CURVE_WITH_KNOTS('',1,(#10142,#10143),.UNSPECIFIED.,
  .F.,.F.,(2,2),(0.5,3.5),.PIECEWISE_BEZIER_KNOTS.);
#10142 = CARTESIAN_POINT('',(1.,-5.5));
#10143 = CARTESIAN_POINT('',(4.,-5.5));
#10144 = ( GEOMETRIC_REPRESENTATION_CONTEXT(2) 
PARAMETRIC_REPRESENTATION_CONTEXT() REPRESENTATION_CONTEXT('2D SPACE',''
  ) );
#10145 = PCURVE('',#6260,#10146);
#10146 = DEFINITIONAL_REPRESENTATION('',(#10147),#10150);
#10147 = B_SPLINE_CURVE_WITH_KNOTS('',1,(#10148,#10149),.UNSPECIFIED.,
  .F.,.F.,(2,2),(0.5,3.5),.PIECEWISE_BEZIER_KNOTS.);
#10148 = CARTESIAN_POINT('',(0.,2.5));
#10149 = CARTESIAN_POINT('',(3.,2.5));
#10150 = ( GEOMETRIC_REPRESENTATION_CONTEXT(2) 
PARAMETRIC_REPRESENTATION_CONTEXT() REPRESENTATION_CONTEXT('2D SPACE',''
  ) );
#10151 = ORIENTED_EDGE('',*,*,#6272,.T.);
#10152 = ORIENTED_EDGE('',*,*,#9986,.T.);
#10153 = ORIENTED_EDGE('',*,*,#10154,.F.);
#10154 = EDGE_CURVE('',#10132,#9987,#10155,.T.);
#10155 = SURFACE_CURVE('',#10156,(#10160,#10166),.PCURVE_S1.);
#10156 = LINE('',#10157,#10158);
#10157 = CARTESIAN_POINT('',(4.9,-71.35,6.));
#10158 = VECTOR('',#10159,1.);
#10159 = DIRECTION('',(0.,1.,0.));
#10160 = PCURVE('',#6288,#10161);
#10161 = DEFINITIONAL_REPRESENTATION('',(#10162),#10165);
#10162 = B_SPLINE_CURVE_WITH_KNOTS('',1,(#10163,#10164),.UNSPECIFIED.,
  .F.,.F.,(2,2),(1.25,141.45),.PIECEWISE_BEZIER_KNOTS.);
#10163 = CARTESIAN_POINT('',(4.,0.));
#10164 = CARTESIAN_POINT('',(4.,-140.2));
#10165 = ( GEOMETRIC_REPRESENTATION_CONTEXT(2) 
PARAMETRIC_REPRESENTATION_CONTEXT() REPRESENTATION_CONTEXT('2D SPACE',''
  ) );
#10166 = PCURVE('',#10022,#10167);
#10167 = DEFINITIONAL_REPRESENTATION('',(#10168),#10171);
#10168 = B_SPLINE_CURVE_WITH_KNOTS('',1,(#10169,#10170),.UNSPECIFIED.,
  .F.,.F.,(2,2),(1.25,141.45),.PIECEWISE_BEZIER_KNOTS.);
#10169 = CARTESIAN_POINT('',(2.5,2.5));
#10170 = CARTESIAN_POINT('',(2.5,142.7));
#10171 = ( GEOMETRIC_REPRESENTATION_CONTEXT(2) 
PARAMETRIC_REPRESENTATION_CONTEXT() REPRESENTATION_CONTEXT('2D SPACE',''
  ) );
#10172 = ADVANCED_FACE('',(#10173),#6149,.T.);
#10173 = FACE_BOUND('',#10174,.T.);
#10174 = EDGE_LOOP('',(#10175,#10176,#10199,#10222,#10245,#10264));
#10175 = ORIENTED_EDGE('',*,*,#6133,.F.);
#10176 = ORIENTED_EDGE('',*,*,#10177,.T.);
#10177 = EDGE_CURVE('',#6134,#10178,#10180,.T.);
#10178 = VERTEX_POINT('',#10179);
#10179 = CARTESIAN_POINT('',(80.,-64.6,28.));
#10180 = SURFACE_CURVE('',#10181,(#10185,#10192),.PCURVE_S1.);
#10181 = LINE('',#10182,#10183);
#10182 = CARTESIAN_POINT('',(80.,-64.6,3.));
#10183 = VECTOR('',#10184,1.);
#10184 = DIRECTION('',(0.,0.,1.));
#10185 = PCURVE('',#6149,#10186);
#10186 = DEFINITIONAL_REPRESENTATION('',(#10187),#10191);
#10187 = LINE('',#10188,#10189);
#10188 = CARTESIAN_POINT('',(0.,0.));
#10189 = VECTOR('',#10190,1.);
#10190 = DIRECTION('',(1.,0.));
#10191 = ( GEOMETRIC_REPRESENTATION_CONTEXT(2) 
PARAMETRIC_REPRESENTATION_CONTEXT() REPRESENTATION_CONTEXT('2D SPACE',''
  ) );
#10192 = PCURVE('',#6177,#10193);
#10193 = DEFINITIONAL_REPRESENTATION('',(#10194),#10198);
#10194 = LINE('',#10195,#10196);
#10195 = CARTESIAN_POINT('',(0.,-8.));
#10196 = VECTOR('',#10197,1.);
#10197 = DIRECTION('',(1.,0.));
#10198 = ( GEOMETRIC_REPRESENTATION_CONTEXT(2) 
PARAMETRIC_REPRESENTATION_CONTEXT() REPRESENTATION_CONTEXT('2D SPACE',''
  ) );
#10199 = ORIENTED_EDGE('',*,*,#10200,.T.);
#10200 = EDGE_CURVE('',#10178,#10201,#10203,.T.);
#10201 = VERTEX_POINT('',#10202);
#10202 = CARTESIAN_POINT('',(88.,-64.6,28.));
#10203 = SURFACE_CURVE('',#10204,(#10208,#10215),.PCURVE_S1.);
#10204 = LINE('',#10205,#10206);
#10205 = CARTESIAN_POINT('',(80.,-64.6,28.));
#10206 = VECTOR('',#10207,1.);
#10207 = DIRECTION('',(1.,0.,0.));
#10208 = PCURVE('',#6149,#10209);
#10209 = DEFINITIONAL_REPRESENTATION('',(#10210),#10214);
#10210 = LINE('',#10211,#10212);
#10211 = CARTESIAN_POINT('',(25.,0.));
#10212 = VECTOR('',#10213,1.);
#10213 = DIRECTION('',(0.,1.));
#10214 = ( GEOMETRIC_REPRESENTATION_CONTEXT(2) 
PARAMETRIC_REPRESENTATION_CONTEXT() REPRESENTATION_CONTEXT('2D SPACE',''
  ) );
#10215 = PCURVE('',#7880,#10216);
#10216 = DEFINITIONAL_REPRESENTATION('',(#10217),#10221);
#10217 = LINE('',#10218,#10219);
#10218 = CARTESIAN_POINT('',(77.6,8.));
#10219 = VECTOR('',#10220,1.);
#10220 = DIRECTION('',(1.,0.));
#10221 = ( GEOMETRIC_REPRESENTATION_CONTEXT(2) 
PARAMETRIC_REPRESENTATION_CONTEXT() REPRESENTATION_CONTEXT('2D SPACE',''
  ) );
#10222 = ORIENTED_EDGE('',*,*,#10223,.F.);
#10223 = EDGE_CURVE('',#10224,#10201,#10226,.T.);
#10224 = VERTEX_POINT('',#10225);
#10225 = CARTESIAN_POINT('',(88.,-64.6,6.));
#10226 = SURFACE_CURVE('',#10227,(#10231,#10238),.PCURVE_S1.);
#10227 = LINE('',#10228,#10229);
#10228 = CARTESIAN_POINT('',(88.,-64.6,3.));
#10229 = VECTOR('',#10230,1.);
#10230 = DIRECTION('',(0.,0.,1.));
#10231 = PCURVE('',#6149,#10232);
#10232 = DEFINITIONAL_REPRESENTATION('',(#10233),#10237);
#10233 = LINE('',#10234,#10235);
#10234 = CARTESIAN_POINT('',(0.,8.));
#10235 = VECTOR('',#10236,1.);
#10236 = DIRECTION('',(1.,0.));
#10237 = ( GEOMETRIC_REPRESENTATION_CONTEXT(2) 
PARAMETRIC_REPRESENTATION_CONTEXT() REPRESENTATION_CONTEXT('2D SPACE',''
  ) );
#10238 = PCURVE('',#9925,#10239);
#10239 = DEFINITIONAL_REPRESENTATION('',(#10240),#10244);
#10240 = LINE('',#10241,#10242);
#10241 = CARTESIAN_POINT('',(4.,-8.));
#10242 = VECTOR('',#10243,1.);
#10243 = DIRECTION('',(1.,0.));
#10244 = ( GEOMETRIC_REPRESENTATION_CONTEXT(2) 
PARAMETRIC_REPRESENTATION_CONTEXT() REPRESENTATION_CONTEXT('2D SPACE',''
  ) );
#10245 = ORIENTED_EDGE('',*,*,#10246,.T.);
#10246 = EDGE_CURVE('',#10224,#10087,#10247,.T.);
#10247 = SURFACE_CURVE('',#10248,(#10252,#10258),.PCURVE_S1.);
#10248 = LINE('',#10249,#10250);
#10249 = CARTESIAN_POINT('',(41.2,-64.6,6.));
#10250 = VECTOR('',#10251,1.);
#10251 = DIRECTION('',(-1.,0.,0.));
#10252 = PCURVE('',#6149,#10253);
#10253 = DEFINITIONAL_REPRESENTATION('',(#10254),#10257);
#10254 = B_SPLINE_CURVE_WITH_KNOTS('',1,(#10255,#10256),.UNSPECIFIED.,
  .F.,.F.,(2,2),(-46.8,-38.8),.PIECEWISE_BEZIER_KNOTS.);
#10255 = CARTESIAN_POINT('',(3.,8.));
#10256 = CARTESIAN_POINT('',(3.,0.));
#10257 = ( GEOMETRIC_REPRESENTATION_CONTEXT(2) 
PARAMETRIC_REPRESENTATION_CONTEXT() REPRESENTATION_CONTEXT('2D SPACE',''
  ) );
#10258 = PCURVE('',#9952,#10259);
#10259 = DEFINITIONAL_REPRESENTATION('',(#10260),#10263);
#10260 = B_SPLINE_CURVE_WITH_KNOTS('',1,(#10261,#10262),.UNSPECIFIED.,
  .F.,.F.,(2,2),(-46.8,-38.8),.PIECEWISE_BEZIER_KNOTS.);
#10261 = CARTESIAN_POINT('',(85.6,8.));
#10262 = CARTESIAN_POINT('',(77.6,8.));
#10263 = ( GEOMETRIC_REPRESENTATION_CONTEXT(2) 
PARAMETRIC_REPRESENTATION_CONTEXT() REPRESENTATION_CONTEXT('2D SPACE',''
  ) );
#10264 = ORIENTED_EDGE('',*,*,#10086,.F.);
#10265 = ADVANCED_FACE('',(#10266),#6260,.T.);
#10266 = FACE_BOUND('',#10267,.T.);
#10267 = EDGE_LOOP('',(#10268,#10269,#10270,#10291,#10314,#10337));
#10268 = ORIENTED_EDGE('',*,*,#6244,.F.);
#10269 = ORIENTED_EDGE('',*,*,#10131,.T.);
#10270 = ORIENTED_EDGE('',*,*,#10271,.T.);
#10271 = EDGE_CURVE('',#10132,#10272,#10274,.T.);
#10272 = VERTEX_POINT('',#10273);
#10273 = CARTESIAN_POINT('',(2.4,-64.6,6.));
#10274 = SURFACE_CURVE('',#10275,(#10279,#10285),.PCURVE_S1.);
#10275 = LINE('',#10276,#10277);
#10276 = CARTESIAN_POINT('',(2.4,-64.6,6.));
#10277 = VECTOR('',#10278,1.);
#10278 = DIRECTION('',(-1.,0.,0.));
#10279 = PCURVE('',#6260,#10280);
#10280 = DEFINITIONAL_REPRESENTATION('',(#10281),#10284);
#10281 = B_SPLINE_CURVE_WITH_KNOTS('',1,(#10282,#10283),.UNSPECIFIED.,
  .F.,.F.,(2,2),(-8.,0.),.PIECEWISE_BEZIER_KNOTS.);
#10282 = CARTESIAN_POINT('',(3.,8.));
#10283 = CARTESIAN_POINT('',(3.,0.));
#10284 = ( GEOMETRIC_REPRESENTATION_CONTEXT(2) 
PARAMETRIC_REPRESENTATION_CONTEXT() REPRESENTATION_CONTEXT('2D SPACE',''
  ) );
#10285 = PCURVE('',#10022,#10286);
#10286 = DEFINITIONAL_REPRESENTATION('',(#10287),#10290);
#10287 = B_SPLINE_CURVE_WITH_KNOTS('',1,(#10288,#10289),.UNSPECIFIED.,
  .F.,.F.,(2,2),(-8.,0.),.PIECEWISE_BEZIER_KNOTS.);
#10288 = CARTESIAN_POINT('',(8.,8.));
#10289 = CARTESIAN_POINT('',(4.440892098501E-16,8.));
#10290 = ( GEOMETRIC_REPRESENTATION_CONTEXT(2) 
PARAMETRIC_REPRESENTATION_CONTEXT() REPRESENTATION_CONTEXT('2D SPACE',''
  ) );
#10291 = ORIENTED_EDGE('',*,*,#10292,.T.);
#10292 = EDGE_CURVE('',#10272,#10293,#10295,.T.);
#10293 = VERTEX_POINT('',#10294);
#10294 = CARTESIAN_POINT('',(2.4,-64.6,28.));
#10295 = SURFACE_CURVE('',#10296,(#10300,#10307),.PCURVE_S1.);
#10296 = LINE('',#10297,#10298);
#10297 = CARTESIAN_POINT('',(2.4,-64.6,3.));
#10298 = VECTOR('',#10299,1.);
#10299 = DIRECTION('',(0.,0.,1.));
#10300 = PCURVE('',#6260,#10301);
#10301 = DEFINITIONAL_REPRESENTATION('',(#10302),#10306);
#10302 = LINE('',#10303,#10304);
#10303 = CARTESIAN_POINT('',(0.,0.));
#10304 = VECTOR('',#10305,1.);
#10305 = DIRECTION('',(1.,0.));
#10306 = ( GEOMETRIC_REPRESENTATION_CONTEXT(2) 
PARAMETRIC_REPRESENTATION_CONTEXT() REPRESENTATION_CONTEXT('2D SPACE',''
  ) );
#10307 = PCURVE('',#10049,#10308);
#10308 = DEFINITIONAL_REPRESENTATION('',(#10309),#10313);
#10309 = LINE('',#10310,#10311);
#10310 = CARTESIAN_POINT('',(4.,-8.));
#10311 = VECTOR('',#10312,1.);
#10312 = DIRECTION('',(1.,0.));
#10313 = ( GEOMETRIC_REPRESENTATION_CONTEXT(2) 
PARAMETRIC_REPRESENTATION_CONTEXT() REPRESENTATION_CONTEXT('2D SPACE',''
  ) );
#10314 = ORIENTED_EDGE('',*,*,#10315,.T.);
#10315 = EDGE_CURVE('',#10293,#10316,#10318,.T.);
#10316 = VERTEX_POINT('',#10317);
#10317 = CARTESIAN_POINT('',(10.4,-64.6,28.));
#10318 = SURFACE_CURVE('',#10319,(#10323,#10330),.PCURVE_S1.);
#10319 = LINE('',#10320,#10321);
#10320 = CARTESIAN_POINT('',(2.4,-64.6,28.));
#10321 = VECTOR('',#10322,1.);
#10322 = DIRECTION('',(1.,0.,0.));
#10323 = PCURVE('',#6260,#10324);
#10324 = DEFINITIONAL_REPRESENTATION('',(#10325),#10329);
#10325 = LINE('',#10326,#10327);
#10326 = CARTESIAN_POINT('',(25.,0.));
#10327 = VECTOR('',#10328,1.);
#10328 = DIRECTION('',(0.,1.));
#10329 = ( GEOMETRIC_REPRESENTATION_CONTEXT(2) 
PARAMETRIC_REPRESENTATION_CONTEXT() REPRESENTATION_CONTEXT('2D SPACE',''
  ) );
#10330 = PCURVE('',#7880,#10331);
#10331 = DEFINITIONAL_REPRESENTATION('',(#10332),#10336);
#10332 = LINE('',#10333,#10334);
#10333 = CARTESIAN_POINT('',(4.440892098501E-16,8.));
#10334 = VECTOR('',#10335,1.);
#10335 = DIRECTION('',(1.,0.));
#10336 = ( GEOMETRIC_REPRESENTATION_CONTEXT(2) 
PARAMETRIC_REPRESENTATION_CONTEXT() REPRESENTATION_CONTEXT('2D SPACE',''
  ) );
#10337 = ORIENTED_EDGE('',*,*,#10338,.F.);
#10338 = EDGE_CURVE('',#6217,#10316,#10339,.T.);
#10339 = SURFACE_CURVE('',#10340,(#10344,#10351),.PCURVE_S1.);
#10340 = LINE('',#10341,#10342);
#10341 = CARTESIAN_POINT('',(10.4,-64.6,3.));
#10342 = VECTOR('',#10343,1.);
#10343 = DIRECTION('',(0.,0.,1.));
#10344 = PCURVE('',#6260,#10345);
#10345 = DEFINITIONAL_REPRESENTATION('',(#10346),#10350);
#10346 = LINE('',#10347,#10348);
#10347 = CARTESIAN_POINT('',(0.,8.));
#10348 = VECTOR('',#10349,1.);
#10349 = DIRECTION('',(1.,0.));
#10350 = ( GEOMETRIC_REPRESENTATION_CONTEXT(2) 
PARAMETRIC_REPRESENTATION_CONTEXT() REPRESENTATION_CONTEXT('2D SPACE',''
  ) );
#10351 = PCURVE('',#6232,#10352);
#10352 = DEFINITIONAL_REPRESENTATION('',(#10353),#10357);
#10353 = LINE('',#10354,#10355);
#10354 = CARTESIAN_POINT('',(0.,-8.));
#10355 = VECTOR('',#10356,1.);
#10356 = DIRECTION('',(1.,0.));
#10357 = ( GEOMETRIC_REPRESENTATION_CONTEXT(2) 
PARAMETRIC_REPRESENTATION_CONTEXT() REPRESENTATION_CONTEXT('2D SPACE',''
  ) );
#10358 = ADVANCED_FACE('',(#10359),#6177,.F.);
#10359 = FACE_BOUND('',#10360,.F.);
#10360 = EDGE_LOOP('',(#10361,#10362,#10383,#10402,#10403,#10404));
#10361 = ORIENTED_EDGE('',*,*,#7790,.F.);
#10362 = ORIENTED_EDGE('',*,*,#10363,.T.);
#10363 = EDGE_CURVE('',#7791,#10364,#10366,.T.);
#10364 = VERTEX_POINT('',#10365);
#10365 = CARTESIAN_POINT('',(80.,-70.1,6.));
#10366 = SURFACE_CURVE('',#10367,(#10371,#10377),.PCURVE_S1.);
#10367 = LINE('',#10368,#10369);
#10368 = CARTESIAN_POINT('',(80.,-72.6,6.));
#10369 = VECTOR('',#10370,1.);
#10370 = DIRECTION('',(0.,1.,0.));
#10371 = PCURVE('',#6177,#10372);
#10372 = DEFINITIONAL_REPRESENTATION('',(#10373),#10376);
#10373 = B_SPLINE_CURVE_WITH_KNOTS('',1,(#10374,#10375),.UNSPECIFIED.,
  .F.,.F.,(2,2),(0.,8.),.PIECEWISE_BEZIER_KNOTS.);
#10374 = CARTESIAN_POINT('',(3.,0.));
#10375 = CARTESIAN_POINT('',(3.,-8.));
#10376 = ( GEOMETRIC_REPRESENTATION_CONTEXT(2) 
PARAMETRIC_REPRESENTATION_CONTEXT() REPRESENTATION_CONTEXT('2D SPACE',''
  ) );
#10377 = PCURVE('',#7831,#10378);
#10378 = DEFINITIONAL_REPRESENTATION('',(#10379),#10382);
#10379 = B_SPLINE_CURVE_WITH_KNOTS('',1,(#10380,#10381),.UNSPECIFIED.,
  .F.,.F.,(2,2),(0.,8.),.PIECEWISE_BEZIER_KNOTS.);
#10380 = CARTESIAN_POINT('',(77.6,0.));
#10381 = CARTESIAN_POINT('',(77.6,8.));
#10382 = ( GEOMETRIC_REPRESENTATION_CONTEXT(2) 
PARAMETRIC_REPRESENTATION_CONTEXT() REPRESENTATION_CONTEXT('2D SPACE',''
  ) );
#10383 = ORIENTED_EDGE('',*,*,#10384,.T.);
#10384 = EDGE_CURVE('',#10364,#6162,#10385,.T.);
#10385 = SURFACE_CURVE('',#10386,(#10390,#10396),.PCURVE_S1.);
#10386 = LINE('',#10387,#10388);
#10387 = CARTESIAN_POINT('',(80.,-70.1,2.5));
#10388 = VECTOR('',#10389,1.);
#10389 = DIRECTION('',(0.,0.,-1.));
#10390 = PCURVE('',#6177,#10391);
#10391 = DEFINITIONAL_REPRESENTATION('',(#10392),#10395);
#10392 = B_SPLINE_CURVE_WITH_KNOTS('',1,(#10393,#10394),.UNSPECIFIED.,
  .F.,.F.,(2,2),(-3.5,-0.5),.PIECEWISE_BEZIER_KNOTS.);
#10393 = CARTESIAN_POINT('',(3.,-2.5));
#10394 = CARTESIAN_POINT('',(0.,-2.5));
#10395 = ( GEOMETRIC_REPRESENTATION_CONTEXT(2) 
PARAMETRIC_REPRESENTATION_CONTEXT() REPRESENTATION_CONTEXT('2D SPACE',''
  ) );
#10396 = PCURVE('',#6205,#10397);
#10397 = DEFINITIONAL_REPRESENTATION('',(#10398),#10401);
#10398 = B_SPLINE_CURVE_WITH_KNOTS('',1,(#10399,#10400),.UNSPECIFIED.,
  .F.,.F.,(2,2),(-3.5,-0.5),.PIECEWISE_BEZIER_KNOTS.);
#10399 = CARTESIAN_POINT('',(4.,75.1));
#10400 = CARTESIAN_POINT('',(1.,75.1));
#10401 = ( GEOMETRIC_REPRESENTATION_CONTEXT(2) 
PARAMETRIC_REPRESENTATION_CONTEXT() REPRESENTATION_CONTEXT('2D SPACE',''
  ) );
#10402 = ORIENTED_EDGE('',*,*,#6161,.T.);
#10403 = ORIENTED_EDGE('',*,*,#10177,.T.);
#10404 = ORIENTED_EDGE('',*,*,#10405,.F.);
#10405 = EDGE_CURVE('',#7793,#10178,#10406,.T.);
#10406 = SURFACE_CURVE('',#10407,(#10411,#10418),.PCURVE_S1.);
#10407 = LINE('',#10408,#10409);
#10408 = CARTESIAN_POINT('',(80.,-72.6,28.));
#10409 = VECTOR('',#10410,1.);
#10410 = DIRECTION('',(0.,1.,0.));
#10411 = PCURVE('',#6177,#10412);
#10412 = DEFINITIONAL_REPRESENTATION('',(#10413),#10417);
#10413 = LINE('',#10414,#10415);
#10414 = CARTESIAN_POINT('',(25.,0.));
#10415 = VECTOR('',#10416,1.);
#10416 = DIRECTION('',(0.,-1.));
#10417 = ( GEOMETRIC_REPRESENTATION_CONTEXT(2) 
PARAMETRIC_REPRESENTATION_CONTEXT() REPRESENTATION_CONTEXT('2D SPACE',''
  ) );
#10418 = PCURVE('',#7880,#10419);
#10419 = DEFINITIONAL_REPRESENTATION('',(#10420),#10424);
#10420 = LINE('',#10421,#10422);
#10421 = CARTESIAN_POINT('',(77.6,0.));
#10422 = VECTOR('',#10423,1.);
#10423 = DIRECTION('',(0.,1.));
#10424 = ( GEOMETRIC_REPRESENTATION_CONTEXT(2) 
PARAMETRIC_REPRESENTATION_CONTEXT() REPRESENTATION_CONTEXT('2D SPACE',''
  ) );
#10425 = ADVANCED_FACE('',(#10426),#6232,.T.);
#10426 = FACE_BOUND('',#10427,.T.);
#10427 = EDGE_LOOP('',(#10428,#10429,#10450,#10469,#10470,#10471));
#10428 = ORIENTED_EDGE('',*,*,#7843,.F.);
#10429 = ORIENTED_EDGE('',*,*,#10430,.T.);
#10430 = EDGE_CURVE('',#7816,#10431,#10433,.T.);
#10431 = VERTEX_POINT('',#10432);
#10432 = CARTESIAN_POINT('',(10.4,-70.1,6.));
#10433 = SURFACE_CURVE('',#10434,(#10438,#10444),.PCURVE_S1.);
#10434 = LINE('',#10435,#10436);
#10435 = CARTESIAN_POINT('',(10.4,-72.6,6.));
#10436 = VECTOR('',#10437,1.);
#10437 = DIRECTION('',(0.,1.,0.));
#10438 = PCURVE('',#6232,#10439);
#10439 = DEFINITIONAL_REPRESENTATION('',(#10440),#10443);
#10440 = B_SPLINE_CURVE_WITH_KNOTS('',1,(#10441,#10442),.UNSPECIFIED.,
  .F.,.F.,(2,2),(0.,8.),.PIECEWISE_BEZIER_KNOTS.);
#10441 = CARTESIAN_POINT('',(3.,0.));
#10442 = CARTESIAN_POINT('',(3.,-8.));
#10443 = ( GEOMETRIC_REPRESENTATION_CONTEXT(2) 
PARAMETRIC_REPRESENTATION_CONTEXT() REPRESENTATION_CONTEXT('2D SPACE',''
  ) );
#10444 = PCURVE('',#7831,#10445);
#10445 = DEFINITIONAL_REPRESENTATION('',(#10446),#10449);
#10446 = B_SPLINE_CURVE_WITH_KNOTS('',1,(#10447,#10448),.UNSPECIFIED.,
  .F.,.F.,(2,2),(0.,8.),.PIECEWISE_BEZIER_KNOTS.);
#10447 = CARTESIAN_POINT('',(8.,0.));
#10448 = CARTESIAN_POINT('',(8.,8.));
#10449 = ( GEOMETRIC_REPRESENTATION_CONTEXT(2) 
PARAMETRIC_REPRESENTATION_CONTEXT() REPRESENTATION_CONTEXT('2D SPACE',''
  ) );
#10450 = ORIENTED_EDGE('',*,*,#10451,.T.);
#10451 = EDGE_CURVE('',#10431,#6190,#10452,.T.);
#10452 = SURFACE_CURVE('',#10453,(#10457,#10463),.PCURVE_S1.);
#10453 = LINE('',#10454,#10455);
#10454 = CARTESIAN_POINT('',(10.4,-70.1,2.5));
#10455 = VECTOR('',#10456,1.);
#10456 = DIRECTION('',(0.,0.,-1.));
#10457 = PCURVE('',#6232,#10458);
#10458 = DEFINITIONAL_REPRESENTATION('',(#10459),#10462);
#10459 = B_SPLINE_CURVE_WITH_KNOTS('',1,(#10460,#10461),.UNSPECIFIED.,
  .F.,.F.,(2,2),(-3.5,-0.5),.PIECEWISE_BEZIER_KNOTS.);
#10460 = CARTESIAN_POINT('',(3.,-2.5));
#10461 = CARTESIAN_POINT('',(0.,-2.5));
#10462 = ( GEOMETRIC_REPRESENTATION_CONTEXT(2) 
PARAMETRIC_REPRESENTATION_CONTEXT() REPRESENTATION_CONTEXT('2D SPACE',''
  ) );
#10463 = PCURVE('',#6205,#10464);
#10464 = DEFINITIONAL_REPRESENTATION('',(#10465),#10468);
#10465 = B_SPLINE_CURVE_WITH_KNOTS('',1,(#10466,#10467),.UNSPECIFIED.,
  .F.,.F.,(2,2),(-3.5,-0.5),.PIECEWISE_BEZIER_KNOTS.);
#10466 = CARTESIAN_POINT('',(4.,5.5));
#10467 = CARTESIAN_POINT('',(1.,5.5));
#10468 = ( GEOMETRIC_REPRESENTATION_CONTEXT(2) 
PARAMETRIC_REPRESENTATION_CONTEXT() REPRESENTATION_CONTEXT('2D SPACE',''
  ) );
#10469 = ORIENTED_EDGE('',*,*,#6216,.T.);
#10470 = ORIENTED_EDGE('',*,*,#10338,.T.);
#10471 = ORIENTED_EDGE('',*,*,#10472,.F.);
#10472 = EDGE_CURVE('',#7844,#10316,#10473,.T.);
#10473 = SURFACE_CURVE('',#10474,(#10478,#10485),.PCURVE_S1.);
#10474 = LINE('',#10475,#10476);
#10475 = CARTESIAN_POINT('',(10.4,-72.6,28.));
#10476 = VECTOR('',#10477,1.);
#10477 = DIRECTION('',(0.,1.,0.));
#10478 = PCURVE('',#6232,#10479);
#10479 = DEFINITIONAL_REPRESENTATION('',(#10480),#10484);
#10480 = LINE('',#10481,#10482);
#10481 = CARTESIAN_POINT('',(25.,0.));
#10482 = VECTOR('',#10483,1.);
#10483 = DIRECTION('',(0.,-1.));
#10484 = ( GEOMETRIC_REPRESENTATION_CONTEXT(2) 
PARAMETRIC_REPRESENTATION_CONTEXT() REPRESENTATION_CONTEXT('2D SPACE',''
  ) );
#10485 = PCURVE('',#7880,#10486);
#10486 = DEFINITIONAL_REPRESENTATION('',(#10487),#10491);
#10487 = LINE('',#10488,#10489);
#10488 = CARTESIAN_POINT('',(8.,0.));
#10489 = VECTOR('',#10490,1.);
#10490 = DIRECTION('',(0.,1.));
#10491 = ( GEOMETRIC_REPRESENTATION_CONTEXT(2) 
PARAMETRIC_REPRESENTATION_CONTEXT() REPRESENTATION_CONTEXT('2D SPACE',''
  ) );
#10492 = ADVANCED_FACE('',(#10493),#6205,.T.);
#10493 = FACE_BOUND('',#10494,.T.);
#10494 = EDGE_LOOP('',(#10495,#10496,#10497,#10498));
#10495 = ORIENTED_EDGE('',*,*,#10384,.T.);
#10496 = ORIENTED_EDGE('',*,*,#6189,.T.);
#10497 = ORIENTED_EDGE('',*,*,#10451,.F.);
#10498 = ORIENTED_EDGE('',*,*,#10499,.F.);
#10499 = EDGE_CURVE('',#10364,#10431,#10500,.T.);
#10500 = SURFACE_CURVE('',#10501,(#10505,#10511),.PCURVE_S1.);
#10501 = LINE('',#10502,#10503);
#10502 = CARTESIAN_POINT('',(3.65,-70.1,6.));
#10503 = VECTOR('',#10504,1.);
#10504 = DIRECTION('',(-1.,0.,0.));
#10505 = PCURVE('',#6205,#10506);
#10506 = DEFINITIONAL_REPRESENTATION('',(#10507),#10510);
#10507 = B_SPLINE_CURVE_WITH_KNOTS('',1,(#10508,#10509),.UNSPECIFIED.,
  .F.,.F.,(2,2),(-81.85,-1.25),.PIECEWISE_BEZIER_KNOTS.);
#10508 = CARTESIAN_POINT('',(4.,80.6));
#10509 = CARTESIAN_POINT('',(4.,0.));
#10510 = ( GEOMETRIC_REPRESENTATION_CONTEXT(2) 
PARAMETRIC_REPRESENTATION_CONTEXT() REPRESENTATION_CONTEXT('2D SPACE',''
  ) );
#10511 = PCURVE('',#7831,#10512);
#10512 = DEFINITIONAL_REPRESENTATION('',(#10513),#10516);
#10513 = B_SPLINE_CURVE_WITH_KNOTS('',1,(#10514,#10515),.UNSPECIFIED.,
  .F.,.F.,(2,2),(-81.85,-1.25),.PIECEWISE_BEZIER_KNOTS.);
#10514 = CARTESIAN_POINT('',(83.1,2.5));
#10515 = CARTESIAN_POINT('',(2.5,2.5));
#10516 = ( GEOMETRIC_REPRESENTATION_CONTEXT(2) 
PARAMETRIC_REPRESENTATION_CONTEXT() REPRESENTATION_CONTEXT('2D SPACE',''
  ) );
#10517 = ADVANCED_FACE('',(#10518),#6376,.F.);
#10518 = FACE_BOUND('',#10519,.T.);
#10519 = EDGE_LOOP('',(#10520,#10521,#10544,#10571));
#10520 = ORIENTED_EDGE('',*,*,#6355,.T.);
#10521 = ORIENTED_EDGE('',*,*,#10522,.T.);
#10522 = EDGE_CURVE('',#6356,#10523,#10525,.T.);
#10523 = VERTEX_POINT('',#10524);
#10524 = CARTESIAN_POINT('',(85.4,68.6,15.));
#10525 = SEAM_CURVE('',#10526,(#10530,#10537),.PCURVE_S1.);
#10526 = LINE('',#10527,#10528);
#10527 = CARTESIAN_POINT('',(85.4,68.6,2.));
#10528 = VECTOR('',#10529,1.);
#10529 = DIRECTION('',(0.,0.,1.));
#10530 = PCURVE('',#6376,#10531);
#10531 = DEFINITIONAL_REPRESENTATION('',(#10532),#10536);
#10532 = LINE('',#10533,#10534);
#10533 = CARTESIAN_POINT('',(-6.28318530718,0.));
#10534 = VECTOR('',#10535,1.);
#10535 = DIRECTION('',(-0.,-1.));
#10536 = ( GEOMETRIC_REPRESENTATION_CONTEXT(2) 
PARAMETRIC_REPRESENTATION_CONTEXT() REPRESENTATION_CONTEXT('2D SPACE',''
  ) );
#10537 = PCURVE('',#6376,#10538);
#10538 = DEFINITIONAL_REPRESENTATION('',(#10539),#10543);
#10539 = LINE('',#10540,#10541);
#10540 = CARTESIAN_POINT('',(-0.,0.));
#10541 = VECTOR('',#10542,1.);
#10542 = DIRECTION('',(-0.,-1.));
#10543 = ( GEOMETRIC_REPRESENTATION_CONTEXT(2) 
PARAMETRIC_REPRESENTATION_CONTEXT() REPRESENTATION_CONTEXT('2D SPACE',''
  ) );
#10544 = ORIENTED_EDGE('',*,*,#10545,.T.);
#10545 = EDGE_CURVE('',#10523,#10523,#10546,.T.);
#10546 = SURFACE_CURVE('',#10547,(#10552,#10559),.PCURVE_S1.);
#10547 = CIRCLE('',#10548,1.4);
#10548 = AXIS2_PLACEMENT_3D('',#10549,#10550,#10551);
#10549 = CARTESIAN_POINT('',(84.,68.6,15.));
#10550 = DIRECTION('',(0.,0.,1.));
#10551 = DIRECTION('',(1.,0.,0.));
#10552 = PCURVE('',#6376,#10553);
#10553 = DEFINITIONAL_REPRESENTATION('',(#10554),#10558);
#10554 = LINE('',#10555,#10556);
#10555 = CARTESIAN_POINT('',(-0.,-13.));
#10556 = VECTOR('',#10557,1.);
#10557 = DIRECTION('',(-1.,0.));
#10558 = ( GEOMETRIC_REPRESENTATION_CONTEXT(2) 
PARAMETRIC_REPRESENTATION_CONTEXT() REPRESENTATION_CONTEXT('2D SPACE',''
  ) );
#10559 = PCURVE('',#10560,#10565);
#10560 = PLANE('',#10561);
#10561 = AXIS2_PLACEMENT_3D('',#10562,#10563,#10564);
#10562 = CARTESIAN_POINT('',(84.,68.6,15.));
#10563 = DIRECTION('',(0.,0.,1.));
#10564 = DIRECTION('',(1.,0.,-0.));
#10565 = DEFINITIONAL_REPRESENTATION('',(#10566),#10570);
#10566 = CIRCLE('',#10567,1.4);
#10567 = AXIS2_PLACEMENT_2D('',#10568,#10569);
#10568 = CARTESIAN_POINT('',(0.,0.));
#10569 = DIRECTION('',(1.,0.));
#10570 = ( GEOMETRIC_REPRESENTATION_CONTEXT(2) 
PARAMETRIC_REPRESENTATION_CONTEXT() REPRESENTATION_CONTEXT('2D SPACE',''
  ) );
#10571 = ORIENTED_EDGE('',*,*,#10522,.F.);
#10572 = ADVANCED_FACE('',(#10573),#6547,.T.);
#10573 = FACE_BOUND('',#10574,.T.);
#10574 = EDGE_LOOP('',(#10575));
#10575 = ORIENTED_EDGE('',*,*,#6530,.T.);
#10576 = ADVANCED_FACE('',(#10577),#6603,.F.);
#10577 = FACE_BOUND('',#10578,.F.);
#10578 = EDGE_LOOP('',(#10579,#10580,#10581,#10582));
#10579 = ORIENTED_EDGE('',*,*,#8112,.T.);
#10580 = ORIENTED_EDGE('',*,*,#7900,.F.);
#10581 = ORIENTED_EDGE('',*,*,#6585,.T.);
#10582 = ORIENTED_EDGE('',*,*,#10583,.T.);
#10583 = EDGE_CURVE('',#6588,#8092,#10584,.T.);
#10584 = SURFACE_CURVE('',#10585,(#10589,#10595),.PCURVE_S1.);
#10585 = LINE('',#10586,#10587);
#10586 = CARTESIAN_POINT('',(165.,-53.15,22.));
#10587 = VECTOR('',#10588,1.);
#10588 = DIRECTION('',(0.,1.,0.));
#10589 = PCURVE('',#6603,#10590);
#10590 = DEFINITIONAL_REPRESENTATION('',(#10591),#10594);
#10591 = B_SPLINE_CURVE_WITH_KNOTS('',1,(#10592,#10593),.UNSPECIFIED.,
  .F.,.F.,(2,2),(5.E-02,2.55),.PIECEWISE_BEZIER_KNOTS.);
#10592 = CARTESIAN_POINT('',(73.1,0.));
#10593 = CARTESIAN_POINT('',(73.1,2.5));
#10594 = ( GEOMETRIC_REPRESENTATION_CONTEXT(2) 
PARAMETRIC_REPRESENTATION_CONTEXT() REPRESENTATION_CONTEXT('2D SPACE',''
  ) );
#10595 = PCURVE('',#6830,#10596);
#10596 = DEFINITIONAL_REPRESENTATION('',(#10597),#10600);
#10597 = B_SPLINE_CURVE_WITH_KNOTS('',1,(#10598,#10599),.UNSPECIFIED.,
  .F.,.F.,(2,2),(5.E-02,2.55),.PIECEWISE_BEZIER_KNOTS.);
#10598 = CARTESIAN_POINT('',(1.,-0.1));
#10599 = CARTESIAN_POINT('',(1.,-2.6));
#10600 = ( GEOMETRIC_REPRESENTATION_CONTEXT(2) 
PARAMETRIC_REPRESENTATION_CONTEXT() REPRESENTATION_CONTEXT('2D SPACE',''
  ) );
#10601 = ADVANCED_FACE('',(#10602),#6830,.T.);
#10602 = FACE_BOUND('',#10603,.T.);
#10603 = EDGE_LOOP('',(#10604,#10625,#10626,#10627));
#10604 = ORIENTED_EDGE('',*,*,#10605,.F.);
#10605 = EDGE_CURVE('',#6792,#8071,#10606,.T.);
#10606 = SURFACE_CURVE('',#10607,(#10611,#10618),.PCURVE_S1.);
#10607 = LINE('',#10608,#10609);
#10608 = CARTESIAN_POINT('',(165.,-53.2,27.));
#10609 = VECTOR('',#10610,1.);
#10610 = DIRECTION('',(0.,1.,0.));
#10611 = PCURVE('',#6830,#10612);
#10612 = DEFINITIONAL_REPRESENTATION('',(#10613),#10617);
#10613 = LINE('',#10614,#10615);
#10614 = CARTESIAN_POINT('',(6.,0.));
#10615 = VECTOR('',#10616,1.);
#10616 = DIRECTION('',(0.,-1.));
#10617 = ( GEOMETRIC_REPRESENTATION_CONTEXT(2) 
PARAMETRIC_REPRESENTATION_CONTEXT() REPRESENTATION_CONTEXT('2D SPACE',''
  ) );
#10618 = PCURVE('',#6806,#10619);
#10619 = DEFINITIONAL_REPRESENTATION('',(#10620),#10624);
#10620 = LINE('',#10621,#10622);
#10621 = CARTESIAN_POINT('',(0.,0.));
#10622 = VECTOR('',#10623,1.);
#10623 = DIRECTION('',(0.,1.));
#10624 = ( GEOMETRIC_REPRESENTATION_CONTEXT(2) 
PARAMETRIC_REPRESENTATION_CONTEXT() REPRESENTATION_CONTEXT('2D SPACE',''
  ) );
#10625 = ORIENTED_EDGE('',*,*,#6817,.T.);
#10626 = ORIENTED_EDGE('',*,*,#10583,.T.);
#10627 = ORIENTED_EDGE('',*,*,#8091,.F.);
#10628 = ADVANCED_FACE('',(#10629),#6806,.F.);
#10629 = FACE_BOUND('',#10630,.F.);
#10630 = EDGE_LOOP('',(#10631,#10632,#10633,#10654));
#10631 = ORIENTED_EDGE('',*,*,#10605,.F.);
#10632 = ORIENTED_EDGE('',*,*,#6791,.T.);
#10633 = ORIENTED_EDGE('',*,*,#10634,.T.);
#10634 = EDGE_CURVE('',#6766,#8050,#10635,.T.);
#10635 = SURFACE_CURVE('',#10636,(#10640,#10647),.PCURVE_S1.);
#10636 = LINE('',#10637,#10638);
#10637 = CARTESIAN_POINT('',(166.,-53.2,27.));
#10638 = VECTOR('',#10639,1.);
#10639 = DIRECTION('',(0.,1.,0.));
#10640 = PCURVE('',#6806,#10641);
#10641 = DEFINITIONAL_REPRESENTATION('',(#10642),#10646);
#10642 = LINE('',#10643,#10644);
#10643 = CARTESIAN_POINT('',(1.,0.));
#10644 = VECTOR('',#10645,1.);
#10645 = DIRECTION('',(0.,1.));
#10646 = ( GEOMETRIC_REPRESENTATION_CONTEXT(2) 
PARAMETRIC_REPRESENTATION_CONTEXT() REPRESENTATION_CONTEXT('2D SPACE',''
  ) );
#10647 = PCURVE('',#6780,#10648);
#10648 = DEFINITIONAL_REPRESENTATION('',(#10649),#10653);
#10649 = LINE('',#10650,#10651);
#10650 = CARTESIAN_POINT('',(6.,0.));
#10651 = VECTOR('',#10652,1.);
#10652 = DIRECTION('',(0.,-1.));
#10653 = ( GEOMETRIC_REPRESENTATION_CONTEXT(2) 
PARAMETRIC_REPRESENTATION_CONTEXT() REPRESENTATION_CONTEXT('2D SPACE',''
  ) );
#10654 = ORIENTED_EDGE('',*,*,#8070,.F.);
#10655 = ADVANCED_FACE('',(#10656),#6780,.F.);
#10656 = FACE_BOUND('',#10657,.F.);
#10657 = EDGE_LOOP('',(#10658,#10659,#10660,#10679));
#10658 = ORIENTED_EDGE('',*,*,#10634,.F.);
#10659 = ORIENTED_EDGE('',*,*,#6765,.T.);
#10660 = ORIENTED_EDGE('',*,*,#10661,.T.);
#10661 = EDGE_CURVE('',#6738,#8029,#10662,.T.);
#10662 = SURFACE_CURVE('',#10663,(#10667,#10673),.PCURVE_S1.);
#10663 = LINE('',#10664,#10665);
#10664 = CARTESIAN_POINT('',(166.,-53.15,22.));
#10665 = VECTOR('',#10666,1.);
#10666 = DIRECTION('',(0.,1.,0.));
#10667 = PCURVE('',#6780,#10668);
#10668 = DEFINITIONAL_REPRESENTATION('',(#10669),#10672);
#10669 = B_SPLINE_CURVE_WITH_KNOTS('',1,(#10670,#10671),.UNSPECIFIED.,
  .F.,.F.,(2,2),(5.E-02,2.55),.PIECEWISE_BEZIER_KNOTS.);
#10670 = CARTESIAN_POINT('',(1.,-0.1));
#10671 = CARTESIAN_POINT('',(1.,-2.6));
#10672 = ( GEOMETRIC_REPRESENTATION_CONTEXT(2) 
PARAMETRIC_REPRESENTATION_CONTEXT() REPRESENTATION_CONTEXT('2D SPACE',''
  ) );
#10673 = PCURVE('',#6753,#10674);
#10674 = DEFINITIONAL_REPRESENTATION('',(#10675),#10678);
#10675 = B_SPLINE_CURVE_WITH_KNOTS('',1,(#10676,#10677),.UNSPECIFIED.,
  .F.,.F.,(2,2),(5.E-02,2.55),.PIECEWISE_BEZIER_KNOTS.);
#10676 = CARTESIAN_POINT('',(74.1,0.));
#10677 = CARTESIAN_POINT('',(74.1,2.5));
#10678 = ( GEOMETRIC_REPRESENTATION_CONTEXT(2) 
PARAMETRIC_REPRESENTATION_CONTEXT() REPRESENTATION_CONTEXT('2D SPACE',''
  ) );
#10679 = ORIENTED_EDGE('',*,*,#8049,.F.);
#10680 = ADVANCED_FACE('',(#10681),#6753,.F.);
#10681 = FACE_BOUND('',#10682,.F.);
#10682 = EDGE_LOOP('',(#10683,#10702,#10703,#10704));
#10683 = ORIENTED_EDGE('',*,*,#10684,.T.);
#10684 = EDGE_CURVE('',#6712,#8008,#10685,.T.);
#10685 = SURFACE_CURVE('',#10686,(#10690,#10696),.PCURVE_S1.);
#10686 = LINE('',#10687,#10688);
#10687 = CARTESIAN_POINT('',(184.,-53.15,22.));
#10688 = VECTOR('',#10689,1.);
#10689 = DIRECTION('',(0.,1.,0.));
#10690 = PCURVE('',#6753,#10691);
#10691 = DEFINITIONAL_REPRESENTATION('',(#10692),#10695);
#10692 = B_SPLINE_CURVE_WITH_KNOTS('',1,(#10693,#10694),.UNSPECIFIED.,
  .F.,.F.,(2,2),(5.E-02,2.55),.PIECEWISE_BEZIER_KNOTS.);
#10693 = CARTESIAN_POINT('',(92.1,0.));
#10694 = CARTESIAN_POINT('',(92.1,2.5));
#10695 = ( GEOMETRIC_REPRESENTATION_CONTEXT(2) 
PARAMETRIC_REPRESENTATION_CONTEXT() REPRESENTATION_CONTEXT('2D SPACE',''
  ) );
#10696 = PCURVE('',#6726,#10697);
#10697 = DEFINITIONAL_REPRESENTATION('',(#10698),#10701);
#10698 = B_SPLINE_CURVE_WITH_KNOTS('',1,(#10699,#10700),.UNSPECIFIED.,
  .F.,.F.,(2,2),(5.E-02,2.55),.PIECEWISE_BEZIER_KNOTS.);
#10699 = CARTESIAN_POINT('',(1.,-0.1));
#10700 = CARTESIAN_POINT('',(1.,-2.6));
#10701 = ( GEOMETRIC_REPRESENTATION_CONTEXT(2) 
PARAMETRIC_REPRESENTATION_CONTEXT() REPRESENTATION_CONTEXT('2D SPACE',''
  ) );
#10702 = ORIENTED_EDGE('',*,*,#8028,.T.);
#10703 = ORIENTED_EDGE('',*,*,#10661,.F.);
#10704 = ORIENTED_EDGE('',*,*,#6737,.T.);
#10705 = ADVANCED_FACE('',(#10706),#6726,.T.);
#10706 = FACE_BOUND('',#10707,.T.);
#10707 = EDGE_LOOP('',(#10708,#10729,#10730,#10731));
#10708 = ORIENTED_EDGE('',*,*,#10709,.F.);
#10709 = EDGE_CURVE('',#6686,#7987,#10710,.T.);
#10710 = SURFACE_CURVE('',#10711,(#10715,#10722),.PCURVE_S1.);
#10711 = LINE('',#10712,#10713);
#10712 = CARTESIAN_POINT('',(184.,-53.2,27.));
#10713 = VECTOR('',#10714,1.);
#10714 = DIRECTION('',(0.,1.,0.));
#10715 = PCURVE('',#6726,#10716);
#10716 = DEFINITIONAL_REPRESENTATION('',(#10717),#10721);
#10717 = LINE('',#10718,#10719);
#10718 = CARTESIAN_POINT('',(6.,0.));
#10719 = VECTOR('',#10720,1.);
#10720 = DIRECTION('',(0.,-1.));
#10721 = ( GEOMETRIC_REPRESENTATION_CONTEXT(2) 
PARAMETRIC_REPRESENTATION_CONTEXT() REPRESENTATION_CONTEXT('2D SPACE',''
  ) );
#10722 = PCURVE('',#6700,#10723);
#10723 = DEFINITIONAL_REPRESENTATION('',(#10724),#10728);
#10724 = LINE('',#10725,#10726);
#10725 = CARTESIAN_POINT('',(0.,0.));
#10726 = VECTOR('',#10727,1.);
#10727 = DIRECTION('',(0.,1.));
#10728 = ( GEOMETRIC_REPRESENTATION_CONTEXT(2) 
PARAMETRIC_REPRESENTATION_CONTEXT() REPRESENTATION_CONTEXT('2D SPACE',''
  ) );
#10729 = ORIENTED_EDGE('',*,*,#6711,.T.);
#10730 = ORIENTED_EDGE('',*,*,#10684,.T.);
#10731 = ORIENTED_EDGE('',*,*,#8007,.F.);
#10732 = ADVANCED_FACE('',(#10733),#6700,.F.);
#10733 = FACE_BOUND('',#10734,.F.);
#10734 = EDGE_LOOP('',(#10735,#10736,#10737,#10758));
#10735 = ORIENTED_EDGE('',*,*,#10709,.F.);
#10736 = ORIENTED_EDGE('',*,*,#6685,.T.);
#10737 = ORIENTED_EDGE('',*,*,#10738,.T.);
#10738 = EDGE_CURVE('',#6660,#7966,#10739,.T.);
#10739 = SURFACE_CURVE('',#10740,(#10744,#10751),.PCURVE_S1.);
#10740 = LINE('',#10741,#10742);
#10741 = CARTESIAN_POINT('',(185.,-53.2,27.));
#10742 = VECTOR('',#10743,1.);
#10743 = DIRECTION('',(0.,1.,0.));
#10744 = PCURVE('',#6700,#10745);
#10745 = DEFINITIONAL_REPRESENTATION('',(#10746),#10750);
#10746 = LINE('',#10747,#10748);
#10747 = CARTESIAN_POINT('',(1.,0.));
#10748 = VECTOR('',#10749,1.);
#10749 = DIRECTION('',(0.,1.));
#10750 = ( GEOMETRIC_REPRESENTATION_CONTEXT(2) 
PARAMETRIC_REPRESENTATION_CONTEXT() REPRESENTATION_CONTEXT('2D SPACE',''
  ) );
#10751 = PCURVE('',#6674,#10752);
#10752 = DEFINITIONAL_REPRESENTATION('',(#10753),#10757);
#10753 = LINE('',#10754,#10755);
#10754 = CARTESIAN_POINT('',(6.,0.));
#10755 = VECTOR('',#10756,1.);
#10756 = DIRECTION('',(0.,-1.));
#10757 = ( GEOMETRIC_REPRESENTATION_CONTEXT(2) 
PARAMETRIC_REPRESENTATION_CONTEXT() REPRESENTATION_CONTEXT('2D SPACE',''
  ) );
#10758 = ORIENTED_EDGE('',*,*,#7986,.F.);
#10759 = ADVANCED_FACE('',(#10760),#6674,.F.);
#10760 = FACE_BOUND('',#10761,.F.);
#10761 = EDGE_LOOP('',(#10762,#10763,#10764,#10765));
#10762 = ORIENTED_EDGE('',*,*,#10738,.F.);
#10763 = ORIENTED_EDGE('',*,*,#6659,.T.);
#10764 = ORIENTED_EDGE('',*,*,#6888,.T.);
#10765 = ORIENTED_EDGE('',*,*,#7965,.F.);
#10766 = ADVANCED_FACE('',(#10767),#7019,.F.);
#10767 = FACE_BOUND('',#10768,.F.);
#10768 = EDGE_LOOP('',(#10769,#10770,#10771,#10772));
#10769 = ORIENTED_EDGE('',*,*,#7005,.F.);
#10770 = ORIENTED_EDGE('',*,*,#7059,.T.);
#10771 = ORIENTED_EDGE('',*,*,#7150,.T.);
#10772 = ORIENTED_EDGE('',*,*,#10773,.F.);
#10773 = EDGE_CURVE('',#6978,#7128,#10774,.T.);
#10774 = SURFACE_CURVE('',#10775,(#10779,#10786),.PCURVE_S1.);
#10775 = LINE('',#10776,#10777);
#10776 = CARTESIAN_POINT('',(198.2,-10.,27.));
#10777 = VECTOR('',#10778,1.);
#10778 = DIRECTION('',(0.,1.,0.));
#10779 = PCURVE('',#7019,#10780);
#10780 = DEFINITIONAL_REPRESENTATION('',(#10781),#10785);
#10781 = LINE('',#10782,#10783);
#10782 = CARTESIAN_POINT('',(6.,0.));
#10783 = VECTOR('',#10784,1.);
#10784 = DIRECTION('',(0.,-1.));
#10785 = ( GEOMETRIC_REPRESENTATION_CONTEXT(2) 
PARAMETRIC_REPRESENTATION_CONTEXT() REPRESENTATION_CONTEXT('2D SPACE',''
  ) );
#10786 = PCURVE('',#6993,#10787);
#10787 = DEFINITIONAL_REPRESENTATION('',(#10788),#10792);
#10788 = LINE('',#10789,#10790);
#10789 = CARTESIAN_POINT('',(2.6,0.));
#10790 = VECTOR('',#10791,1.);
#10791 = DIRECTION('',(0.,1.));
#10792 = ( GEOMETRIC_REPRESENTATION_CONTEXT(2) 
PARAMETRIC_REPRESENTATION_CONTEXT() REPRESENTATION_CONTEXT('2D SPACE',''
  ) );
#10793 = ADVANCED_FACE('',(#10794),#6993,.F.);
#10794 = FACE_BOUND('',#10795,.F.);
#10795 = EDGE_LOOP('',(#10796,#10797,#10798,#10799));
#10796 = ORIENTED_EDGE('',*,*,#7127,.F.);
#10797 = ORIENTED_EDGE('',*,*,#8253,.T.);
#10798 = ORIENTED_EDGE('',*,*,#6977,.T.);
#10799 = ORIENTED_EDGE('',*,*,#10773,.T.);
#10800 = ADVANCED_FACE('',(#10801),#7307,.F.);
#10801 = FACE_BOUND('',#10802,.F.);
#10802 = EDGE_LOOP('',(#10803,#10804,#10805,#10806));
#10803 = ORIENTED_EDGE('',*,*,#7293,.F.);
#10804 = ORIENTED_EDGE('',*,*,#7347,.T.);
#10805 = ORIENTED_EDGE('',*,*,#7438,.T.);
#10806 = ORIENTED_EDGE('',*,*,#10807,.F.);
#10807 = EDGE_CURVE('',#7266,#7416,#10808,.T.);
#10808 = SURFACE_CURVE('',#10809,(#10813,#10820),.PCURVE_S1.);
#10809 = LINE('',#10810,#10811);
#10810 = CARTESIAN_POINT('',(198.2,9.,27.));
#10811 = VECTOR('',#10812,1.);
#10812 = DIRECTION('',(0.,1.,0.));
#10813 = PCURVE('',#7307,#10814);
#10814 = DEFINITIONAL_REPRESENTATION('',(#10815),#10819);
#10815 = LINE('',#10816,#10817);
#10816 = CARTESIAN_POINT('',(6.,0.));
#10817 = VECTOR('',#10818,1.);
#10818 = DIRECTION('',(0.,-1.));
#10819 = ( GEOMETRIC_REPRESENTATION_CONTEXT(2) 
PARAMETRIC_REPRESENTATION_CONTEXT() REPRESENTATION_CONTEXT('2D SPACE',''
  ) );
#10820 = PCURVE('',#7281,#10821);
#10821 = DEFINITIONAL_REPRESENTATION('',(#10822),#10826);
#10822 = LINE('',#10823,#10824);
#10823 = CARTESIAN_POINT('',(2.6,0.));
#10824 = VECTOR('',#10825,1.);
#10825 = DIRECTION('',(0.,1.));
#10826 = ( GEOMETRIC_REPRESENTATION_CONTEXT(2) 
PARAMETRIC_REPRESENTATION_CONTEXT() REPRESENTATION_CONTEXT('2D SPACE',''
  ) );
#10827 = ADVANCED_FACE('',(#10828),#7281,.F.);
#10828 = FACE_BOUND('',#10829,.F.);
#10829 = EDGE_LOOP('',(#10830,#10831,#10832,#10833));
#10830 = ORIENTED_EDGE('',*,*,#7415,.F.);
#10831 = ORIENTED_EDGE('',*,*,#8275,.T.);
#10832 = ORIENTED_EDGE('',*,*,#7265,.T.);
#10833 = ORIENTED_EDGE('',*,*,#10807,.T.);
#10834 = ADVANCED_FACE('',(#10835),#7500,.F.);
#10835 = FACE_BOUND('',#10836,.F.);
#10836 = EDGE_LOOP('',(#10837,#10858,#10859,#10860));
#10837 = ORIENTED_EDGE('',*,*,#10838,.F.);
#10838 = EDGE_CURVE('',#8438,#7611,#10839,.T.);
#10839 = SURFACE_CURVE('',#10840,(#10844,#10851),.PCURVE_S1.);
#10840 = LINE('',#10841,#10842);
#10841 = CARTESIAN_POINT('',(155.,50.6,27.));
#10842 = VECTOR('',#10843,1.);
#10843 = DIRECTION('',(0.,1.,0.));
#10844 = PCURVE('',#7500,#10845);
#10845 = DEFINITIONAL_REPRESENTATION('',(#10846),#10850);
#10846 = LINE('',#10847,#10848);
#10847 = CARTESIAN_POINT('',(6.,0.));
#10848 = VECTOR('',#10849,1.);
#10849 = DIRECTION('',(0.,-1.));
#10850 = ( GEOMETRIC_REPRESENTATION_CONTEXT(2) 
PARAMETRIC_REPRESENTATION_CONTEXT() REPRESENTATION_CONTEXT('2D SPACE',''
  ) );
#10851 = PCURVE('',#7646,#10852);
#10852 = DEFINITIONAL_REPRESENTATION('',(#10853),#10857);
#10853 = LINE('',#10854,#10855);
#10854 = CARTESIAN_POINT('',(1.,0.));
#10855 = VECTOR('',#10856,1.);
#10856 = DIRECTION('',(0.,1.));
#10857 = ( GEOMETRIC_REPRESENTATION_CONTEXT(2) 
PARAMETRIC_REPRESENTATION_CONTEXT() REPRESENTATION_CONTEXT('2D SPACE',''
  ) );
#10858 = ORIENTED_EDGE('',*,*,#8437,.T.);
#10859 = ORIENTED_EDGE('',*,*,#7485,.T.);
#10860 = ORIENTED_EDGE('',*,*,#7610,.F.);
#10861 = ADVANCED_FACE('',(#10862),#7574,.F.);
#10862 = FACE_BOUND('',#10863,.F.);
#10863 = EDGE_LOOP('',(#10864,#10865,#10866,#10885,#10886,#10887));
#10864 = ORIENTED_EDGE('',*,*,#7556,.F.);
#10865 = ORIENTED_EDGE('',*,*,#9434,.F.);
#10866 = ORIENTED_EDGE('',*,*,#10867,.F.);
#10867 = EDGE_CURVE('',#8957,#9414,#10868,.T.);
#10868 = SURFACE_CURVE('',#10869,(#10873,#10879),.PCURVE_S1.);
#10869 = LINE('',#10870,#10871);
#10870 = CARTESIAN_POINT('',(91.85,10.,22.));
#10871 = VECTOR('',#10872,1.);
#10872 = DIRECTION('',(-1.,0.,0.));
#10873 = PCURVE('',#7574,#10874);
#10874 = DEFINITIONAL_REPRESENTATION('',(#10875),#10878);
#10875 = B_SPLINE_CURVE_WITH_KNOTS('',1,(#10876,#10877),.UNSPECIFIED.,
  .F.,.F.,(2,2),(-2.55,-5.E-02),.PIECEWISE_BEZIER_KNOTS.);
#10876 = CARTESIAN_POINT('',(2.5,63.1));
#10877 = CARTESIAN_POINT('',(0.,63.1));
#10878 = ( GEOMETRIC_REPRESENTATION_CONTEXT(2) 
PARAMETRIC_REPRESENTATION_CONTEXT() REPRESENTATION_CONTEXT('2D SPACE',''
  ) );
#10879 = PCURVE('',#8971,#10880);
#10880 = DEFINITIONAL_REPRESENTATION('',(#10881),#10884);
#10881 = B_SPLINE_CURVE_WITH_KNOTS('',1,(#10882,#10883),.UNSPECIFIED.,
  .F.,.F.,(2,2),(-2.55,-5.E-02),.PIECEWISE_BEZIER_KNOTS.);
#10882 = CARTESIAN_POINT('',(1.,2.6));
#10883 = CARTESIAN_POINT('',(1.,9.999999999999E-02));
#10884 = ( GEOMETRIC_REPRESENTATION_CONTEXT(2) 
PARAMETRIC_REPRESENTATION_CONTEXT() REPRESENTATION_CONTEXT('2D SPACE',''
  ) );
#10885 = ORIENTED_EDGE('',*,*,#8982,.T.);
#10886 = ORIENTED_EDGE('',*,*,#8584,.F.);
#10887 = ORIENTED_EDGE('',*,*,#10888,.T.);
#10888 = EDGE_CURVE('',#8564,#7559,#10889,.T.);
#10889 = SURFACE_CURVE('',#10890,(#10894,#10900),.PCURVE_S1.);
#10890 = LINE('',#10891,#10892);
#10891 = CARTESIAN_POINT('',(135.,-1.25,22.));
#10892 = VECTOR('',#10893,1.);
#10893 = DIRECTION('',(0.,1.,0.));
#10894 = PCURVE('',#7574,#10895);
#10895 = DEFINITIONAL_REPRESENTATION('',(#10896),#10899);
#10896 = B_SPLINE_CURVE_WITH_KNOTS('',1,(#10897,#10898),.UNSPECIFIED.,
  .F.,.F.,(2,2),(51.85,54.35),.PIECEWISE_BEZIER_KNOTS.);
#10897 = CARTESIAN_POINT('',(43.1,103.7));
#10898 = CARTESIAN_POINT('',(43.1,106.2));
#10899 = ( GEOMETRIC_REPRESENTATION_CONTEXT(2) 
PARAMETRIC_REPRESENTATION_CONTEXT() REPRESENTATION_CONTEXT('2D SPACE',''
  ) );
#10900 = PCURVE('',#7776,#10901);
#10901 = DEFINITIONAL_REPRESENTATION('',(#10902),#10905);
#10902 = B_SPLINE_CURVE_WITH_KNOTS('',1,(#10903,#10904),.UNSPECIFIED.,
  .F.,.F.,(2,2),(51.85,54.35),.PIECEWISE_BEZIER_KNOTS.);
#10903 = CARTESIAN_POINT('',(1.,0.));
#10904 = CARTESIAN_POINT('',(1.,-2.5));
#10905 = ( GEOMETRIC_REPRESENTATION_CONTEXT(2) 
PARAMETRIC_REPRESENTATION_CONTEXT() REPRESENTATION_CONTEXT('2D SPACE',''
  ) );
#10906 = ADVANCED_FACE('',(#10907),#7776,.T.);
#10907 = FACE_BOUND('',#10908,.T.);
#10908 = EDGE_LOOP('',(#10909,#10930,#10931,#10932));
#10909 = ORIENTED_EDGE('',*,*,#10910,.F.);
#10910 = EDGE_CURVE('',#8543,#7738,#10911,.T.);
#10911 = SURFACE_CURVE('',#10912,(#10916,#10923),.PCURVE_S1.);
#10912 = LINE('',#10913,#10914);
#10913 = CARTESIAN_POINT('',(135.,50.6,27.));
#10914 = VECTOR('',#10915,1.);
#10915 = DIRECTION('',(0.,1.,0.));
#10916 = PCURVE('',#7776,#10917);
#10917 = DEFINITIONAL_REPRESENTATION('',(#10918),#10922);
#10918 = LINE('',#10919,#10920);
#10919 = CARTESIAN_POINT('',(6.,0.));
#10920 = VECTOR('',#10921,1.);
#10921 = DIRECTION('',(0.,-1.));
#10922 = ( GEOMETRIC_REPRESENTATION_CONTEXT(2) 
PARAMETRIC_REPRESENTATION_CONTEXT() REPRESENTATION_CONTEXT('2D SPACE',''
  ) );
#10923 = PCURVE('',#7752,#10924);
#10924 = DEFINITIONAL_REPRESENTATION('',(#10925),#10929);
#10925 = LINE('',#10926,#10927);
#10926 = CARTESIAN_POINT('',(0.,0.));
#10927 = VECTOR('',#10928,1.);
#10928 = DIRECTION('',(0.,1.));
#10929 = ( GEOMETRIC_REPRESENTATION_CONTEXT(2) 
PARAMETRIC_REPRESENTATION_CONTEXT() REPRESENTATION_CONTEXT('2D SPACE',''
  ) );
#10930 = ORIENTED_EDGE('',*,*,#8563,.T.);
#10931 = ORIENTED_EDGE('',*,*,#10888,.T.);
#10932 = ORIENTED_EDGE('',*,*,#7763,.F.);
#10933 = ADVANCED_FACE('',(#10934),#7752,.F.);
#10934 = FACE_BOUND('',#10935,.F.);
#10935 = EDGE_LOOP('',(#10936,#10937,#10938,#10959));
#10936 = ORIENTED_EDGE('',*,*,#10910,.F.);
#10937 = ORIENTED_EDGE('',*,*,#8542,.T.);
#10938 = ORIENTED_EDGE('',*,*,#10939,.T.);
#10939 = EDGE_CURVE('',#8522,#7712,#10940,.T.);
#10940 = SURFACE_CURVE('',#10941,(#10945,#10952),.PCURVE_S1.);
#10941 = LINE('',#10942,#10943);
#10942 = CARTESIAN_POINT('',(136.,50.6,27.));
#10943 = VECTOR('',#10944,1.);
#10944 = DIRECTION('',(0.,1.,0.));
#10945 = PCURVE('',#7752,#10946);
#10946 = DEFINITIONAL_REPRESENTATION('',(#10947),#10951);
#10947 = LINE('',#10948,#10949);
#10948 = CARTESIAN_POINT('',(1.,0.));
#10949 = VECTOR('',#10950,1.);
#10950 = DIRECTION('',(0.,1.));
#10951 = ( GEOMETRIC_REPRESENTATION_CONTEXT(2) 
PARAMETRIC_REPRESENTATION_CONTEXT() REPRESENTATION_CONTEXT('2D SPACE',''
  ) );
#10952 = PCURVE('',#7726,#10953);
#10953 = DEFINITIONAL_REPRESENTATION('',(#10954),#10958);
#10954 = LINE('',#10955,#10956);
#10955 = CARTESIAN_POINT('',(6.,0.));
#10956 = VECTOR('',#10957,1.);
#10957 = DIRECTION('',(0.,-1.));
#10958 = ( GEOMETRIC_REPRESENTATION_CONTEXT(2) 
PARAMETRIC_REPRESENTATION_CONTEXT() REPRESENTATION_CONTEXT('2D SPACE',''
  ) );
#10959 = ORIENTED_EDGE('',*,*,#7737,.F.);
#10960 = ADVANCED_FACE('',(#10961),#7726,.F.);
#10961 = FACE_BOUND('',#10962,.F.);
#10962 = EDGE_LOOP('',(#10963,#10964,#10965,#10984));
#10963 = ORIENTED_EDGE('',*,*,#10939,.F.);
#10964 = ORIENTED_EDGE('',*,*,#8521,.T.);
#10965 = ORIENTED_EDGE('',*,*,#10966,.T.);
#10966 = EDGE_CURVE('',#8501,#7684,#10967,.T.);
#10967 = SURFACE_CURVE('',#10968,(#10972,#10978),.PCURVE_S1.);
#10968 = LINE('',#10969,#10970);
#10969 = CARTESIAN_POINT('',(136.,-1.25,22.));
#10970 = VECTOR('',#10971,1.);
#10971 = DIRECTION('',(0.,1.,0.));
#10972 = PCURVE('',#7726,#10973);
#10973 = DEFINITIONAL_REPRESENTATION('',(#10974),#10977);
#10974 = B_SPLINE_CURVE_WITH_KNOTS('',1,(#10975,#10976),.UNSPECIFIED.,
  .F.,.F.,(2,2),(51.85,54.35),.PIECEWISE_BEZIER_KNOTS.);
#10975 = CARTESIAN_POINT('',(1.,0.));
#10976 = CARTESIAN_POINT('',(1.,-2.5));
#10977 = ( GEOMETRIC_REPRESENTATION_CONTEXT(2) 
PARAMETRIC_REPRESENTATION_CONTEXT() REPRESENTATION_CONTEXT('2D SPACE',''
  ) );
#10978 = PCURVE('',#7699,#10979);
#10979 = DEFINITIONAL_REPRESENTATION('',(#10980),#10983);
#10980 = B_SPLINE_CURVE_WITH_KNOTS('',1,(#10981,#10982),.UNSPECIFIED.,
  .F.,.F.,(2,2),(51.85,54.35),.PIECEWISE_BEZIER_KNOTS.);
#10981 = CARTESIAN_POINT('',(44.1,103.7));
#10982 = CARTESIAN_POINT('',(44.1,106.2));
#10983 = ( GEOMETRIC_REPRESENTATION_CONTEXT(2) 
PARAMETRIC_REPRESENTATION_CONTEXT() REPRESENTATION_CONTEXT('2D SPACE',''
  ) );
#10984 = ORIENTED_EDGE('',*,*,#7711,.F.);
#10985 = ADVANCED_FACE('',(#10986),#7699,.F.);
#10986 = FACE_BOUND('',#10987,.F.);
#10987 = EDGE_LOOP('',(#10988,#10989,#10990,#10991));
#10988 = ORIENTED_EDGE('',*,*,#7683,.F.);
#10989 = ORIENTED_EDGE('',*,*,#10966,.F.);
#10990 = ORIENTED_EDGE('',*,*,#8500,.F.);
#10991 = ORIENTED_EDGE('',*,*,#10992,.T.);
#10992 = EDGE_CURVE('',#8480,#7658,#10993,.T.);
#10993 = SURFACE_CURVE('',#10994,(#10998,#11004),.PCURVE_S1.);
#10994 = LINE('',#10995,#10996);
#10995 = CARTESIAN_POINT('',(154.,-1.25,22.));
#10996 = VECTOR('',#10997,1.);
#10997 = DIRECTION('',(0.,1.,0.));
#10998 = PCURVE('',#7699,#10999);
#10999 = DEFINITIONAL_REPRESENTATION('',(#11000),#11003);
#11000 = B_SPLINE_CURVE_WITH_KNOTS('',1,(#11001,#11002),.UNSPECIFIED.,
  .F.,.F.,(2,2),(51.85,54.35),.PIECEWISE_BEZIER_KNOTS.);
#11001 = CARTESIAN_POINT('',(62.1,103.7));
#11002 = CARTESIAN_POINT('',(62.1,106.2));
#11003 = ( GEOMETRIC_REPRESENTATION_CONTEXT(2) 
PARAMETRIC_REPRESENTATION_CONTEXT() REPRESENTATION_CONTEXT('2D SPACE',''
  ) );
#11004 = PCURVE('',#7672,#11005);
#11005 = DEFINITIONAL_REPRESENTATION('',(#11006),#11009);
#11006 = B_SPLINE_CURVE_WITH_KNOTS('',1,(#11007,#11008),.UNSPECIFIED.,
  .F.,.F.,(2,2),(51.85,54.35),.PIECEWISE_BEZIER_KNOTS.);
#11007 = CARTESIAN_POINT('',(1.,0.));
#11008 = CARTESIAN_POINT('',(1.,-2.5));
#11009 = ( GEOMETRIC_REPRESENTATION_CONTEXT(2) 
PARAMETRIC_REPRESENTATION_CONTEXT() REPRESENTATION_CONTEXT('2D SPACE',''
  ) );
#11010 = ADVANCED_FACE('',(#11011),#7672,.T.);
#11011 = FACE_BOUND('',#11012,.T.);
#11012 = EDGE_LOOP('',(#11013,#11034,#11035,#11036));
#11013 = ORIENTED_EDGE('',*,*,#11014,.F.);
#11014 = EDGE_CURVE('',#8459,#7632,#11015,.T.);
#11015 = SURFACE_CURVE('',#11016,(#11020,#11027),.PCURVE_S1.);
#11016 = LINE('',#11017,#11018);
#11017 = CARTESIAN_POINT('',(154.,50.6,27.));
#11018 = VECTOR('',#11019,1.);
#11019 = DIRECTION('',(0.,1.,0.));
#11020 = PCURVE('',#7672,#11021);
#11021 = DEFINITIONAL_REPRESENTATION('',(#11022),#11026);
#11022 = LINE('',#11023,#11024);
#11023 = CARTESIAN_POINT('',(6.,0.));
#11024 = VECTOR('',#11025,1.);
#11025 = DIRECTION('',(0.,-1.));
#11026 = ( GEOMETRIC_REPRESENTATION_CONTEXT(2) 
PARAMETRIC_REPRESENTATION_CONTEXT() REPRESENTATION_CONTEXT('2D SPACE',''
  ) );
#11027 = PCURVE('',#7646,#11028);
#11028 = DEFINITIONAL_REPRESENTATION('',(#11029),#11033);
#11029 = LINE('',#11030,#11031);
#11030 = CARTESIAN_POINT('',(0.,0.));
#11031 = VECTOR('',#11032,1.);
#11032 = DIRECTION('',(0.,1.));
#11033 = ( GEOMETRIC_REPRESENTATION_CONTEXT(2) 
PARAMETRIC_REPRESENTATION_CONTEXT() REPRESENTATION_CONTEXT('2D SPACE',''
  ) );
#11034 = ORIENTED_EDGE('',*,*,#8479,.T.);
#11035 = ORIENTED_EDGE('',*,*,#10992,.T.);
#11036 = ORIENTED_EDGE('',*,*,#7657,.F.);
#11037 = ADVANCED_FACE('',(#11038),#7646,.F.);
#11038 = FACE_BOUND('',#11039,.F.);
#11039 = EDGE_LOOP('',(#11040,#11041,#11042,#11043));
#11040 = ORIENTED_EDGE('',*,*,#11014,.F.);
#11041 = ORIENTED_EDGE('',*,*,#8458,.T.);
#11042 = ORIENTED_EDGE('',*,*,#10838,.T.);
#11043 = ORIENTED_EDGE('',*,*,#7631,.F.);
#11044 = ADVANCED_FACE('',(#11045),#7831,.T.);
#11045 = FACE_BOUND('',#11046,.T.);
#11046 = EDGE_LOOP('',(#11047,#11048,#11049,#11050));
#11047 = ORIENTED_EDGE('',*,*,#7815,.T.);
#11048 = ORIENTED_EDGE('',*,*,#10363,.T.);
#11049 = ORIENTED_EDGE('',*,*,#10499,.T.);
#11050 = ORIENTED_EDGE('',*,*,#10430,.F.);
#11051 = ADVANCED_FACE('',(#11052),#7880,.F.);
#11052 = FACE_BOUND('',#11053,.F.);
#11053 = EDGE_LOOP('',(#11054,#11075,#11076,#11077,#11078,#11079,#11080,
    #11101,#11102,#11103,#11124,#11125));
#11054 = ORIENTED_EDGE('',*,*,#11055,.F.);
#11055 = EDGE_CURVE('',#10293,#10034,#11056,.T.);
#11056 = SURFACE_CURVE('',#11057,(#11061,#11068),.PCURVE_S1.);
#11057 = LINE('',#11058,#11059);
#11058 = CARTESIAN_POINT('',(2.4,-72.6,28.));
#11059 = VECTOR('',#11060,1.);
#11060 = DIRECTION('',(0.,1.,0.));
#11061 = PCURVE('',#7880,#11062);
#11062 = DEFINITIONAL_REPRESENTATION('',(#11063),#11067);
#11063 = LINE('',#11064,#11065);
#11064 = CARTESIAN_POINT('',(0.,0.));
#11065 = VECTOR('',#11066,1.);
#11066 = DIRECTION('',(0.,1.));
#11067 = ( GEOMETRIC_REPRESENTATION_CONTEXT(2) 
PARAMETRIC_REPRESENTATION_CONTEXT() REPRESENTATION_CONTEXT('2D SPACE',''
  ) );
#11068 = PCURVE('',#10049,#11069);
#11069 = DEFINITIONAL_REPRESENTATION('',(#11070),#11074);
#11070 = LINE('',#11071,#11072);
#11071 = CARTESIAN_POINT('',(29.,0.));
#11072 = VECTOR('',#11073,1.);
#11073 = DIRECTION('',(0.,-1.));
#11074 = ( GEOMETRIC_REPRESENTATION_CONTEXT(2) 
PARAMETRIC_REPRESENTATION_CONTEXT() REPRESENTATION_CONTEXT('2D SPACE',''
  ) );
#11075 = ORIENTED_EDGE('',*,*,#10315,.T.);
#11076 = ORIENTED_EDGE('',*,*,#10472,.F.);
#11077 = ORIENTED_EDGE('',*,*,#7866,.T.);
#11078 = ORIENTED_EDGE('',*,*,#10405,.T.);
#11079 = ORIENTED_EDGE('',*,*,#10200,.T.);
#11080 = ORIENTED_EDGE('',*,*,#11081,.T.);
#11081 = EDGE_CURVE('',#10201,#9887,#11082,.T.);
#11082 = SURFACE_CURVE('',#11083,(#11087,#11094),.PCURVE_S1.);
#11083 = LINE('',#11084,#11085);
#11084 = CARTESIAN_POINT('',(88.,-72.6,28.));
#11085 = VECTOR('',#11086,1.);
#11086 = DIRECTION('',(0.,1.,0.));
#11087 = PCURVE('',#7880,#11088);
#11088 = DEFINITIONAL_REPRESENTATION('',(#11089),#11093);
#11089 = LINE('',#11090,#11091);
#11090 = CARTESIAN_POINT('',(85.6,0.));
#11091 = VECTOR('',#11092,1.);
#11092 = DIRECTION('',(0.,1.));
#11093 = ( GEOMETRIC_REPRESENTATION_CONTEXT(2) 
PARAMETRIC_REPRESENTATION_CONTEXT() REPRESENTATION_CONTEXT('2D SPACE',''
  ) );
#11094 = PCURVE('',#9925,#11095);
#11095 = DEFINITIONAL_REPRESENTATION('',(#11096),#11100);
#11096 = LINE('',#11097,#11098);
#11097 = CARTESIAN_POINT('',(29.,0.));
#11098 = VECTOR('',#11099,1.);
#11099 = DIRECTION('',(0.,-1.));
#11100 = ( GEOMETRIC_REPRESENTATION_CONTEXT(2) 
PARAMETRIC_REPRESENTATION_CONTEXT() REPRESENTATION_CONTEXT('2D SPACE',''
  ) );
#11101 = ORIENTED_EDGE('',*,*,#9886,.F.);
#11102 = ORIENTED_EDGE('',*,*,#9693,.T.);
#11103 = ORIENTED_EDGE('',*,*,#11104,.F.);
#11104 = EDGE_CURVE('',#9794,#9696,#11105,.T.);
#11105 = SURFACE_CURVE('',#11106,(#11110,#11117),.PCURVE_S1.);
#11106 = LINE('',#11107,#11108);
#11107 = CARTESIAN_POINT('',(2.4,72.6,28.));
#11108 = VECTOR('',#11109,1.);
#11109 = DIRECTION('',(1.,0.,0.));
#11110 = PCURVE('',#7880,#11111);
#11111 = DEFINITIONAL_REPRESENTATION('',(#11112),#11116);
#11112 = LINE('',#11113,#11114);
#11113 = CARTESIAN_POINT('',(0.,145.2));
#11114 = VECTOR('',#11115,1.);
#11115 = DIRECTION('',(1.,0.));
#11116 = ( GEOMETRIC_REPRESENTATION_CONTEXT(2) 
PARAMETRIC_REPRESENTATION_CONTEXT() REPRESENTATION_CONTEXT('2D SPACE',''
  ) );
#11117 = PCURVE('',#9776,#11118);
#11118 = DEFINITIONAL_REPRESENTATION('',(#11119),#11123);
#11119 = LINE('',#11120,#11121);
#11120 = CARTESIAN_POINT('',(29.,0.));
#11121 = VECTOR('',#11122,1.);
#11122 = DIRECTION('',(0.,1.));
#11123 = ( GEOMETRIC_REPRESENTATION_CONTEXT(2) 
PARAMETRIC_REPRESENTATION_CONTEXT() REPRESENTATION_CONTEXT('2D SPACE',''
  ) );
#11124 = ORIENTED_EDGE('',*,*,#9791,.F.);
#11125 = ORIENTED_EDGE('',*,*,#10061,.F.);
#11126 = ADVANCED_FACE('',(#11127),#8153,.F.);
#11127 = FACE_BOUND('',#11128,.F.);
#11128 = EDGE_LOOP('',(#11129,#11152,#11180,#11201));
#11129 = ORIENTED_EDGE('',*,*,#11130,.T.);
#11130 = EDGE_CURVE('',#8138,#11131,#11133,.T.);
#11131 = VERTEX_POINT('',#11132);
#11132 = CARTESIAN_POINT('',(166.5,-49.5,24.8));
#11133 = SURFACE_CURVE('',#11134,(#11138,#11145),.PCURVE_S1.);
#11134 = LINE('',#11135,#11136);
#11135 = CARTESIAN_POINT('',(166.5,-50.7,23.3));
#11136 = VECTOR('',#11137,1.);
#11137 = DIRECTION('',(0.,0.624695047554,0.780868809443));
#11138 = PCURVE('',#8153,#11139);
#11139 = DEFINITIONAL_REPRESENTATION('',(#11140),#11144);
#11140 = LINE('',#11141,#11142);
#11141 = CARTESIAN_POINT('',(-1.544765682193,0.471811986743));
#11142 = VECTOR('',#11143,1.);
#11143 = DIRECTION('',(0.780868809443,-0.624695047554));
#11144 = ( GEOMETRIC_REPRESENTATION_CONTEXT(2) 
PARAMETRIC_REPRESENTATION_CONTEXT() REPRESENTATION_CONTEXT('2D SPACE',''
  ) );
#11145 = PCURVE('',#8181,#11146);
#11146 = DEFINITIONAL_REPRESENTATION('',(#11147),#11151);
#11147 = LINE('',#11148,#11149);
#11148 = CARTESIAN_POINT('',(0.,0.));
#11149 = VECTOR('',#11150,1.);
#11150 = DIRECTION('',(1.,0.));
#11151 = ( GEOMETRIC_REPRESENTATION_CONTEXT(2) 
PARAMETRIC_REPRESENTATION_CONTEXT() REPRESENTATION_CONTEXT('2D SPACE',''
  ) );
#11152 = ORIENTED_EDGE('',*,*,#11153,.T.);
#11153 = EDGE_CURVE('',#11131,#11154,#11156,.T.);
#11154 = VERTEX_POINT('',#11155);
#11155 = CARTESIAN_POINT('',(166.5,-49.5,26.));
#11156 = SURFACE_CURVE('',#11157,(#11161,#11168),.PCURVE_S1.);
#11157 = LINE('',#11158,#11159);
#11158 = CARTESIAN_POINT('',(166.5,-49.5,24.8));
#11159 = VECTOR('',#11160,1.);
#11160 = DIRECTION('',(0.,0.,1.));
#11161 = PCURVE('',#8153,#11162);
#11162 = DEFINITIONAL_REPRESENTATION('',(#11163),#11167);
#11163 = LINE('',#11164,#11165);
#11164 = CARTESIAN_POINT('',(-4.476568219253E-02,-0.728188013257));
#11165 = VECTOR('',#11166,1.);
#11166 = DIRECTION('',(1.,0.));
#11167 = ( GEOMETRIC_REPRESENTATION_CONTEXT(2) 
PARAMETRIC_REPRESENTATION_CONTEXT() REPRESENTATION_CONTEXT('2D SPACE',''
  ) );
#11168 = PCURVE('',#11169,#11174);
#11169 = PLANE('',#11170);
#11170 = AXIS2_PLACEMENT_3D('',#11171,#11172,#11173);
#11171 = CARTESIAN_POINT('',(166.5,-49.5,24.8));
#11172 = DIRECTION('',(0.,-1.,0.));
#11173 = DIRECTION('',(0.,0.,1.));
#11174 = DEFINITIONAL_REPRESENTATION('',(#11175),#11179);
#11175 = LINE('',#11176,#11177);
#11176 = CARTESIAN_POINT('',(0.,0.));
#11177 = VECTOR('',#11178,1.);
#11178 = DIRECTION('',(1.,0.));
#11179 = ( GEOMETRIC_REPRESENTATION_CONTEXT(2) 
PARAMETRIC_REPRESENTATION_CONTEXT() REPRESENTATION_CONTEXT('2D SPACE',''
  ) );
#11180 = ORIENTED_EDGE('',*,*,#11181,.T.);
#11181 = EDGE_CURVE('',#11154,#8136,#11182,.T.);
#11182 = SURFACE_CURVE('',#11183,(#11187,#11194),.PCURVE_S1.);
#11183 = LINE('',#11184,#11185);
#11184 = CARTESIAN_POINT('',(166.5,-49.5,26.));
#11185 = VECTOR('',#11186,1.);
#11186 = DIRECTION('',(0.,-1.,0.));
#11187 = PCURVE('',#8153,#11188);
#11188 = DEFINITIONAL_REPRESENTATION('',(#11189),#11193);
#11189 = LINE('',#11190,#11191);
#11190 = CARTESIAN_POINT('',(1.155234317807,-0.728188013257));
#11191 = VECTOR('',#11192,1.);
#11192 = DIRECTION('',(0.,1.));
#11193 = ( GEOMETRIC_REPRESENTATION_CONTEXT(2) 
PARAMETRIC_REPRESENTATION_CONTEXT() REPRESENTATION_CONTEXT('2D SPACE',''
  ) );
#11194 = PCURVE('',#8235,#11195);
#11195 = DEFINITIONAL_REPRESENTATION('',(#11196),#11200);
#11196 = LINE('',#11197,#11198);
#11197 = CARTESIAN_POINT('',(0.,-0.));
#11198 = VECTOR('',#11199,1.);
#11199 = DIRECTION('',(1.,0.));
#11200 = ( GEOMETRIC_REPRESENTATION_CONTEXT(2) 
PARAMETRIC_REPRESENTATION_CONTEXT() REPRESENTATION_CONTEXT('2D SPACE',''
  ) );
#11201 = ORIENTED_EDGE('',*,*,#8135,.T.);
#11202 = ADVANCED_FACE('',(#11203),#8235,.F.);
#11203 = FACE_BOUND('',#11204,.F.);
#11204 = EDGE_LOOP('',(#11205,#11228,#11249,#11250));
#11205 = ORIENTED_EDGE('',*,*,#11206,.T.);
#11206 = EDGE_CURVE('',#11154,#11207,#11209,.T.);
#11207 = VERTEX_POINT('',#11208);
#11208 = CARTESIAN_POINT('',(183.5,-49.5,26.));
#11209 = SURFACE_CURVE('',#11210,(#11214,#11221),.PCURVE_S1.);
#11210 = LINE('',#11211,#11212);
#11211 = CARTESIAN_POINT('',(166.5,-49.5,26.));
#11212 = VECTOR('',#11213,1.);
#11213 = DIRECTION('',(1.,0.,0.));
#11214 = PCURVE('',#8235,#11215);
#11215 = DEFINITIONAL_REPRESENTATION('',(#11216),#11220);
#11216 = LINE('',#11217,#11218);
#11217 = CARTESIAN_POINT('',(0.,-0.));
#11218 = VECTOR('',#11219,1.);
#11219 = DIRECTION('',(0.,-1.));
#11220 = ( GEOMETRIC_REPRESENTATION_CONTEXT(2) 
PARAMETRIC_REPRESENTATION_CONTEXT() REPRESENTATION_CONTEXT('2D SPACE',''
  ) );
#11221 = PCURVE('',#11169,#11222);
#11222 = DEFINITIONAL_REPRESENTATION('',(#11223),#11227);
#11223 = LINE('',#11224,#11225);
#11224 = CARTESIAN_POINT('',(1.2,0.));
#11225 = VECTOR('',#11226,1.);
#11226 = DIRECTION('',(0.,-1.));
#11227 = ( GEOMETRIC_REPRESENTATION_CONTEXT(2) 
PARAMETRIC_REPRESENTATION_CONTEXT() REPRESENTATION_CONTEXT('2D SPACE',''
  ) );
#11228 = ORIENTED_EDGE('',*,*,#11229,.T.);
#11229 = EDGE_CURVE('',#11207,#8194,#11230,.T.);
#11230 = SURFACE_CURVE('',#11231,(#11235,#11242),.PCURVE_S1.);
#11231 = LINE('',#11232,#11233);
#11232 = CARTESIAN_POINT('',(183.5,-49.5,26.));
#11233 = VECTOR('',#11234,1.);
#11234 = DIRECTION('',(0.,-1.,0.));
#11235 = PCURVE('',#8235,#11236);
#11236 = DEFINITIONAL_REPRESENTATION('',(#11237),#11241);
#11237 = LINE('',#11238,#11239);
#11238 = CARTESIAN_POINT('',(0.,-17.));
#11239 = VECTOR('',#11240,1.);
#11240 = DIRECTION('',(1.,0.));
#11241 = ( GEOMETRIC_REPRESENTATION_CONTEXT(2) 
PARAMETRIC_REPRESENTATION_CONTEXT() REPRESENTATION_CONTEXT('2D SPACE',''
  ) );
#11242 = PCURVE('',#8209,#11243);
#11243 = DEFINITIONAL_REPRESENTATION('',(#11244),#11248);
#11244 = LINE('',#11245,#11246);
#11245 = CARTESIAN_POINT('',(1.155234317807,-0.728188013257));
#11246 = VECTOR('',#11247,1.);
#11247 = DIRECTION('',(0.,1.));
#11248 = ( GEOMETRIC_REPRESENTATION_CONTEXT(2) 
PARAMETRIC_REPRESENTATION_CONTEXT() REPRESENTATION_CONTEXT('2D SPACE',''
  ) );
#11249 = ORIENTED_EDGE('',*,*,#8221,.F.);
#11250 = ORIENTED_EDGE('',*,*,#11181,.F.);
#11251 = ADVANCED_FACE('',(#11252),#8181,.F.);
#11252 = FACE_BOUND('',#11253,.F.);
#11253 = EDGE_LOOP('',(#11254,#11255,#11278,#11299));
#11254 = ORIENTED_EDGE('',*,*,#8165,.T.);
#11255 = ORIENTED_EDGE('',*,*,#11256,.T.);
#11256 = EDGE_CURVE('',#8166,#11257,#11259,.T.);
#11257 = VERTEX_POINT('',#11258);
#11258 = CARTESIAN_POINT('',(183.5,-49.5,24.8));
#11259 = SURFACE_CURVE('',#11260,(#11264,#11271),.PCURVE_S1.);
#11260 = LINE('',#11261,#11262);
#11261 = CARTESIAN_POINT('',(183.5,-50.7,23.3));
#11262 = VECTOR('',#11263,1.);
#11263 = DIRECTION('',(0.,0.624695047554,0.780868809443));
#11264 = PCURVE('',#8181,#11265);
#11265 = DEFINITIONAL_REPRESENTATION('',(#11266),#11270);
#11266 = LINE('',#11267,#11268);
#11267 = CARTESIAN_POINT('',(0.,-17.));
#11268 = VECTOR('',#11269,1.);
#11269 = DIRECTION('',(1.,0.));
#11270 = ( GEOMETRIC_REPRESENTATION_CONTEXT(2) 
PARAMETRIC_REPRESENTATION_CONTEXT() REPRESENTATION_CONTEXT('2D SPACE',''
  ) );
#11271 = PCURVE('',#8209,#11272);
#11272 = DEFINITIONAL_REPRESENTATION('',(#11273),#11277);
#11273 = LINE('',#11274,#11275);
#11274 = CARTESIAN_POINT('',(-1.544765682193,0.471811986743));
#11275 = VECTOR('',#11276,1.);
#11276 = DIRECTION('',(0.780868809443,-0.624695047554));
#11277 = ( GEOMETRIC_REPRESENTATION_CONTEXT(2) 
PARAMETRIC_REPRESENTATION_CONTEXT() REPRESENTATION_CONTEXT('2D SPACE',''
  ) );
#11278 = ORIENTED_EDGE('',*,*,#11279,.F.);
#11279 = EDGE_CURVE('',#11131,#11257,#11280,.T.);
#11280 = SURFACE_CURVE('',#11281,(#11285,#11292),.PCURVE_S1.);
#11281 = LINE('',#11282,#11283);
#11282 = CARTESIAN_POINT('',(166.5,-49.5,24.8));
#11283 = VECTOR('',#11284,1.);
#11284 = DIRECTION('',(1.,0.,0.));
#11285 = PCURVE('',#8181,#11286);
#11286 = DEFINITIONAL_REPRESENTATION('',(#11287),#11291);
#11287 = LINE('',#11288,#11289);
#11288 = CARTESIAN_POINT('',(1.92093727123,0.));
#11289 = VECTOR('',#11290,1.);
#11290 = DIRECTION('',(0.,-1.));
#11291 = ( GEOMETRIC_REPRESENTATION_CONTEXT(2) 
PARAMETRIC_REPRESENTATION_CONTEXT() REPRESENTATION_CONTEXT('2D SPACE',''
  ) );
#11292 = PCURVE('',#11169,#11293);
#11293 = DEFINITIONAL_REPRESENTATION('',(#11294),#11298);
#11294 = LINE('',#11295,#11296);
#11295 = CARTESIAN_POINT('',(0.,0.));
#11296 = VECTOR('',#11297,1.);
#11297 = DIRECTION('',(0.,-1.));
#11298 = ( GEOMETRIC_REPRESENTATION_CONTEXT(2) 
PARAMETRIC_REPRESENTATION_CONTEXT() REPRESENTATION_CONTEXT('2D SPACE',''
  ) );
#11299 = ORIENTED_EDGE('',*,*,#11130,.F.);
#11300 = ADVANCED_FACE('',(#11301),#8209,.T.);
#11301 = FACE_BOUND('',#11302,.T.);
#11302 = EDGE_LOOP('',(#11303,#11304,#11325,#11326));
#11303 = ORIENTED_EDGE('',*,*,#11256,.T.);
#11304 = ORIENTED_EDGE('',*,*,#11305,.T.);
#11305 = EDGE_CURVE('',#11257,#11207,#11306,.T.);
#11306 = SURFACE_CURVE('',#11307,(#11311,#11318),.PCURVE_S1.);
#11307 = LINE('',#11308,#11309);
#11308 = CARTESIAN_POINT('',(183.5,-49.5,24.8));
#11309 = VECTOR('',#11310,1.);
#11310 = DIRECTION('',(0.,0.,1.));
#11311 = PCURVE('',#8209,#11312);
#11312 = DEFINITIONAL_REPRESENTATION('',(#11313),#11317);
#11313 = LINE('',#11314,#11315);
#11314 = CARTESIAN_POINT('',(-4.476568219253E-02,-0.728188013257));
#11315 = VECTOR('',#11316,1.);
#11316 = DIRECTION('',(1.,0.));
#11317 = ( GEOMETRIC_REPRESENTATION_CONTEXT(2) 
PARAMETRIC_REPRESENTATION_CONTEXT() REPRESENTATION_CONTEXT('2D SPACE',''
  ) );
#11318 = PCURVE('',#11169,#11319);
#11319 = DEFINITIONAL_REPRESENTATION('',(#11320),#11324);
#11320 = LINE('',#11321,#11322);
#11321 = CARTESIAN_POINT('',(0.,-17.));
#11322 = VECTOR('',#11323,1.);
#11323 = DIRECTION('',(1.,0.));
#11324 = ( GEOMETRIC_REPRESENTATION_CONTEXT(2) 
PARAMETRIC_REPRESENTATION_CONTEXT() REPRESENTATION_CONTEXT('2D SPACE',''
  ) );
#11325 = ORIENTED_EDGE('',*,*,#11229,.T.);
#11326 = ORIENTED_EDGE('',*,*,#8193,.T.);
#11327 = ADVANCED_FACE('',(#11328),#8338,.F.);
#11328 = FACE_BOUND('',#11329,.F.);
#11329 = EDGE_LOOP('',(#11330,#11331,#11354,#11382));
#11330 = ORIENTED_EDGE('',*,*,#8320,.T.);
#11331 = ORIENTED_EDGE('',*,*,#11332,.T.);
#11332 = EDGE_CURVE('',#8323,#11333,#11335,.T.);
#11333 = VERTEX_POINT('',#11334);
#11334 = CARTESIAN_POINT('',(194.5,8.5,24.8));
#11335 = SURFACE_CURVE('',#11336,(#11340,#11347),.PCURVE_S1.);
#11336 = LINE('',#11337,#11338);
#11337 = CARTESIAN_POINT('',(195.7,8.5,23.3));
#11338 = VECTOR('',#11339,1.);
#11339 = DIRECTION('',(-0.624695047554,0.,0.780868809443));
#11340 = PCURVE('',#8338,#11341);
#11341 = DEFINITIONAL_REPRESENTATION('',(#11342),#11346);
#11342 = LINE('',#11343,#11344);
#11343 = CARTESIAN_POINT('',(0.,-17.));
#11344 = VECTOR('',#11345,1.);
#11345 = DIRECTION('',(1.,0.));
#11346 = ( GEOMETRIC_REPRESENTATION_CONTEXT(2) 
PARAMETRIC_REPRESENTATION_CONTEXT() REPRESENTATION_CONTEXT('2D SPACE',''
  ) );
#11347 = PCURVE('',#8420,#11348);
#11348 = DEFINITIONAL_REPRESENTATION('',(#11349),#11353);
#11349 = LINE('',#11350,#11351);
#11350 = CARTESIAN_POINT('',(-1.544765682193,0.471811986743));
#11351 = VECTOR('',#11352,1.);
#11352 = DIRECTION('',(0.780868809443,-0.624695047554));
#11353 = ( GEOMETRIC_REPRESENTATION_CONTEXT(2) 
PARAMETRIC_REPRESENTATION_CONTEXT() REPRESENTATION_CONTEXT('2D SPACE',''
  ) );
#11354 = ORIENTED_EDGE('',*,*,#11355,.F.);
#11355 = EDGE_CURVE('',#11356,#11333,#11358,.T.);
#11356 = VERTEX_POINT('',#11357);
#11357 = CARTESIAN_POINT('',(194.5,-8.5,24.8));
#11358 = SURFACE_CURVE('',#11359,(#11363,#11370),.PCURVE_S1.);
#11359 = LINE('',#11360,#11361);
#11360 = CARTESIAN_POINT('',(194.5,-8.5,24.8));
#11361 = VECTOR('',#11362,1.);
#11362 = DIRECTION('',(-0.,1.,-0.));
#11363 = PCURVE('',#8338,#11364);
#11364 = DEFINITIONAL_REPRESENTATION('',(#11365),#11369);
#11365 = LINE('',#11366,#11367);
#11366 = CARTESIAN_POINT('',(1.92093727123,0.));
#11367 = VECTOR('',#11368,1.);
#11368 = DIRECTION('',(0.,-1.));
#11369 = ( GEOMETRIC_REPRESENTATION_CONTEXT(2) 
PARAMETRIC_REPRESENTATION_CONTEXT() REPRESENTATION_CONTEXT('2D SPACE',''
  ) );
#11370 = PCURVE('',#11371,#11376);
#11371 = PLANE('',#11372);
#11372 = AXIS2_PLACEMENT_3D('',#11373,#11374,#11375);
#11373 = CARTESIAN_POINT('',(194.5,-8.5,24.8));
#11374 = DIRECTION('',(1.,0.,-0.));
#11375 = DIRECTION('',(0.,0.,1.));
#11376 = DEFINITIONAL_REPRESENTATION('',(#11377),#11381);
#11377 = LINE('',#11378,#11379);
#11378 = CARTESIAN_POINT('',(0.,0.));
#11379 = VECTOR('',#11380,1.);
#11380 = DIRECTION('',(0.,-1.));
#11381 = ( GEOMETRIC_REPRESENTATION_CONTEXT(2) 
PARAMETRIC_REPRESENTATION_CONTEXT() REPRESENTATION_CONTEXT('2D SPACE',''
  ) );
#11382 = ORIENTED_EDGE('',*,*,#11383,.F.);
#11383 = EDGE_CURVE('',#8321,#11356,#11384,.T.);
#11384 = SURFACE_CURVE('',#11385,(#11389,#11396),.PCURVE_S1.);
#11385 = LINE('',#11386,#11387);
#11386 = CARTESIAN_POINT('',(195.7,-8.5,23.3));
#11387 = VECTOR('',#11388,1.);
#11388 = DIRECTION('',(-0.624695047554,0.,0.780868809443));
#11389 = PCURVE('',#8338,#11390);
#11390 = DEFINITIONAL_REPRESENTATION('',(#11391),#11395);
#11391 = LINE('',#11392,#11393);
#11392 = CARTESIAN_POINT('',(0.,0.));
#11393 = VECTOR('',#11394,1.);
#11394 = DIRECTION('',(1.,0.));
#11395 = ( GEOMETRIC_REPRESENTATION_CONTEXT(2) 
PARAMETRIC_REPRESENTATION_CONTEXT() REPRESENTATION_CONTEXT('2D SPACE',''
  ) );
#11396 = PCURVE('',#8366,#11397);
#11397 = DEFINITIONAL_REPRESENTATION('',(#11398),#11402);
#11398 = LINE('',#11399,#11400);
#11399 = CARTESIAN_POINT('',(-1.544765682193,0.471811986743));
#11400 = VECTOR('',#11401,1.);
#11401 = DIRECTION('',(0.780868809443,-0.624695047554));
#11402 = ( GEOMETRIC_REPRESENTATION_CONTEXT(2) 
PARAMETRIC_REPRESENTATION_CONTEXT() REPRESENTATION_CONTEXT('2D SPACE',''
  ) );
#11403 = ADVANCED_FACE('',(#11404),#8420,.T.);
#11404 = FACE_BOUND('',#11405,.T.);
#11405 = EDGE_LOOP('',(#11406,#11407,#11430,#11451));
#11406 = ORIENTED_EDGE('',*,*,#11332,.T.);
#11407 = ORIENTED_EDGE('',*,*,#11408,.T.);
#11408 = EDGE_CURVE('',#11333,#11409,#11411,.T.);
#11409 = VERTEX_POINT('',#11410);
#11410 = CARTESIAN_POINT('',(194.5,8.5,26.));
#11411 = SURFACE_CURVE('',#11412,(#11416,#11423),.PCURVE_S1.);
#11412 = LINE('',#11413,#11414);
#11413 = CARTESIAN_POINT('',(194.5,8.5,24.8));
#11414 = VECTOR('',#11415,1.);
#11415 = DIRECTION('',(0.,0.,1.));
#11416 = PCURVE('',#8420,#11417);
#11417 = DEFINITIONAL_REPRESENTATION('',(#11418),#11422);
#11418 = LINE('',#11419,#11420);
#11419 = CARTESIAN_POINT('',(-4.476568219253E-02,-0.728188013257));
#11420 = VECTOR('',#11421,1.);
#11421 = DIRECTION('',(1.,0.));
#11422 = ( GEOMETRIC_REPRESENTATION_CONTEXT(2) 
PARAMETRIC_REPRESENTATION_CONTEXT() REPRESENTATION_CONTEXT('2D SPACE',''
  ) );
#11423 = PCURVE('',#11371,#11424);
#11424 = DEFINITIONAL_REPRESENTATION('',(#11425),#11429);
#11425 = LINE('',#11426,#11427);
#11426 = CARTESIAN_POINT('',(0.,-17.));
#11427 = VECTOR('',#11428,1.);
#11428 = DIRECTION('',(1.,0.));
#11429 = ( GEOMETRIC_REPRESENTATION_CONTEXT(2) 
PARAMETRIC_REPRESENTATION_CONTEXT() REPRESENTATION_CONTEXT('2D SPACE',''
  ) );
#11430 = ORIENTED_EDGE('',*,*,#11431,.T.);
#11431 = EDGE_CURVE('',#11409,#8379,#11432,.T.);
#11432 = SURFACE_CURVE('',#11433,(#11437,#11444),.PCURVE_S1.);
#11433 = LINE('',#11434,#11435);
#11434 = CARTESIAN_POINT('',(194.5,8.5,26.));
#11435 = VECTOR('',#11436,1.);
#11436 = DIRECTION('',(1.,0.,0.));
#11437 = PCURVE('',#8420,#11438);
#11438 = DEFINITIONAL_REPRESENTATION('',(#11439),#11443);
#11439 = LINE('',#11440,#11441);
#11440 = CARTESIAN_POINT('',(1.155234317807,-0.728188013257));
#11441 = VECTOR('',#11442,1.);
#11442 = DIRECTION('',(0.,1.));
#11443 = ( GEOMETRIC_REPRESENTATION_CONTEXT(2) 
PARAMETRIC_REPRESENTATION_CONTEXT() REPRESENTATION_CONTEXT('2D SPACE',''
  ) );
#11444 = PCURVE('',#8394,#11445);
#11445 = DEFINITIONAL_REPRESENTATION('',(#11446),#11450);
#11446 = LINE('',#11447,#11448);
#11447 = CARTESIAN_POINT('',(0.,-17.));
#11448 = VECTOR('',#11449,1.);
#11449 = DIRECTION('',(1.,0.));
#11450 = ( GEOMETRIC_REPRESENTATION_CONTEXT(2) 
PARAMETRIC_REPRESENTATION_CONTEXT() REPRESENTATION_CONTEXT('2D SPACE',''
  ) );
#11451 = ORIENTED_EDGE('',*,*,#8406,.T.);
#11452 = ADVANCED_FACE('',(#11453),#8394,.F.);
#11453 = FACE_BOUND('',#11454,.F.);
#11454 = EDGE_LOOP('',(#11455,#11478,#11479,#11480));
#11455 = ORIENTED_EDGE('',*,*,#11456,.T.);
#11456 = EDGE_CURVE('',#11457,#11409,#11459,.T.);
#11457 = VERTEX_POINT('',#11458);
#11458 = CARTESIAN_POINT('',(194.5,-8.5,26.));
#11459 = SURFACE_CURVE('',#11460,(#11464,#11471),.PCURVE_S1.);
#11460 = LINE('',#11461,#11462);
#11461 = CARTESIAN_POINT('',(194.5,-8.5,26.));
#11462 = VECTOR('',#11463,1.);
#11463 = DIRECTION('',(-0.,1.,-0.));
#11464 = PCURVE('',#8394,#11465);
#11465 = DEFINITIONAL_REPRESENTATION('',(#11466),#11470);
#11466 = LINE('',#11467,#11468);
#11467 = CARTESIAN_POINT('',(0.,0.));
#11468 = VECTOR('',#11469,1.);
#11469 = DIRECTION('',(0.,-1.));
#11470 = ( GEOMETRIC_REPRESENTATION_CONTEXT(2) 
PARAMETRIC_REPRESENTATION_CONTEXT() REPRESENTATION_CONTEXT('2D SPACE',''
  ) );
#11471 = PCURVE('',#11371,#11472);
#11472 = DEFINITIONAL_REPRESENTATION('',(#11473),#11477);
#11473 = LINE('',#11474,#11475);
#11474 = CARTESIAN_POINT('',(1.2,0.));
#11475 = VECTOR('',#11476,1.);
#11476 = DIRECTION('',(0.,-1.));
#11477 = ( GEOMETRIC_REPRESENTATION_CONTEXT(2) 
PARAMETRIC_REPRESENTATION_CONTEXT() REPRESENTATION_CONTEXT('2D SPACE',''
  ) );
#11478 = ORIENTED_EDGE('',*,*,#11431,.T.);
#11479 = ORIENTED_EDGE('',*,*,#8378,.F.);
#11480 = ORIENTED_EDGE('',*,*,#11481,.F.);
#11481 = EDGE_CURVE('',#11457,#8351,#11482,.T.);
#11482 = SURFACE_CURVE('',#11483,(#11487,#11494),.PCURVE_S1.);
#11483 = LINE('',#11484,#11485);
#11484 = CARTESIAN_POINT('',(194.5,-8.5,26.));
#11485 = VECTOR('',#11486,1.);
#11486 = DIRECTION('',(1.,0.,0.));
#11487 = PCURVE('',#8394,#11488);
#11488 = DEFINITIONAL_REPRESENTATION('',(#11489),#11493);
#11489 = LINE('',#11490,#11491);
#11490 = CARTESIAN_POINT('',(0.,0.));
#11491 = VECTOR('',#11492,1.);
#11492 = DIRECTION('',(1.,0.));
#11493 = ( GEOMETRIC_REPRESENTATION_CONTEXT(2) 
PARAMETRIC_REPRESENTATION_CONTEXT() REPRESENTATION_CONTEXT('2D SPACE',''
  ) );
#11494 = PCURVE('',#8366,#11495);
#11495 = DEFINITIONAL_REPRESENTATION('',(#11496),#11500);
#11496 = LINE('',#11497,#11498);
#11497 = CARTESIAN_POINT('',(1.155234317807,-0.728188013257));
#11498 = VECTOR('',#11499,1.);
#11499 = DIRECTION('',(0.,1.));
#11500 = ( GEOMETRIC_REPRESENTATION_CONTEXT(2) 
PARAMETRIC_REPRESENTATION_CONTEXT() REPRESENTATION_CONTEXT('2D SPACE',''
  ) );
#11501 = ADVANCED_FACE('',(#11502),#8366,.F.);
#11502 = FACE_BOUND('',#11503,.F.);
#11503 = EDGE_LOOP('',(#11504,#11505,#11526,#11527));
#11504 = ORIENTED_EDGE('',*,*,#11383,.T.);
#11505 = ORIENTED_EDGE('',*,*,#11506,.T.);
#11506 = EDGE_CURVE('',#11356,#11457,#11507,.T.);
#11507 = SURFACE_CURVE('',#11508,(#11512,#11519),.PCURVE_S1.);
#11508 = LINE('',#11509,#11510);
#11509 = CARTESIAN_POINT('',(194.5,-8.5,24.8));
#11510 = VECTOR('',#11511,1.);
#11511 = DIRECTION('',(0.,0.,1.));
#11512 = PCURVE('',#8366,#11513);
#11513 = DEFINITIONAL_REPRESENTATION('',(#11514),#11518);
#11514 = LINE('',#11515,#11516);
#11515 = CARTESIAN_POINT('',(-4.476568219253E-02,-0.728188013257));
#11516 = VECTOR('',#11517,1.);
#11517 = DIRECTION('',(1.,0.));
#11518 = ( GEOMETRIC_REPRESENTATION_CONTEXT(2) 
PARAMETRIC_REPRESENTATION_CONTEXT() REPRESENTATION_CONTEXT('2D SPACE',''
  ) );
#11519 = PCURVE('',#11371,#11520);
#11520 = DEFINITIONAL_REPRESENTATION('',(#11521),#11525);
#11521 = LINE('',#11522,#11523);
#11522 = CARTESIAN_POINT('',(0.,0.));
#11523 = VECTOR('',#11524,1.);
#11524 = DIRECTION('',(1.,0.));
#11525 = ( GEOMETRIC_REPRESENTATION_CONTEXT(2) 
PARAMETRIC_REPRESENTATION_CONTEXT() REPRESENTATION_CONTEXT('2D SPACE',''
  ) );
#11526 = ORIENTED_EDGE('',*,*,#11481,.T.);
#11527 = ORIENTED_EDGE('',*,*,#8350,.T.);
#11528 = ADVANCED_FACE('',(#11529),#8647,.T.);
#11529 = FACE_BOUND('',#11530,.T.);
#11530 = EDGE_LOOP('',(#11531,#11554,#11582,#11603));
#11531 = ORIENTED_EDGE('',*,*,#11532,.T.);
#11532 = EDGE_CURVE('',#8632,#11533,#11535,.T.);
#11533 = VERTEX_POINT('',#11534);
#11534 = CARTESIAN_POINT('',(136.5,49.5,24.8));
#11535 = SURFACE_CURVE('',#11536,(#11540,#11547),.PCURVE_S1.);
#11536 = LINE('',#11537,#11538);
#11537 = CARTESIAN_POINT('',(136.5,50.7,23.3));
#11538 = VECTOR('',#11539,1.);
#11539 = DIRECTION('',(0.,-0.624695047554,0.780868809443));
#11540 = PCURVE('',#8647,#11541);
#11541 = DEFINITIONAL_REPRESENTATION('',(#11542),#11546);
#11542 = LINE('',#11543,#11544);
#11543 = CARTESIAN_POINT('',(1.544765682193,-0.471811986743));
#11544 = VECTOR('',#11545,1.);
#11545 = DIRECTION('',(-0.780868809443,0.624695047554));
#11546 = ( GEOMETRIC_REPRESENTATION_CONTEXT(2) 
PARAMETRIC_REPRESENTATION_CONTEXT() REPRESENTATION_CONTEXT('2D SPACE',''
  ) );
#11547 = PCURVE('',#8675,#11548);
#11548 = DEFINITIONAL_REPRESENTATION('',(#11549),#11553);
#11549 = LINE('',#11550,#11551);
#11550 = CARTESIAN_POINT('',(0.,0.));
#11551 = VECTOR('',#11552,1.);
#11552 = DIRECTION('',(1.,0.));
#11553 = ( GEOMETRIC_REPRESENTATION_CONTEXT(2) 
PARAMETRIC_REPRESENTATION_CONTEXT() REPRESENTATION_CONTEXT('2D SPACE',''
  ) );
#11554 = ORIENTED_EDGE('',*,*,#11555,.T.);
#11555 = EDGE_CURVE('',#11533,#11556,#11558,.T.);
#11556 = VERTEX_POINT('',#11557);
#11557 = CARTESIAN_POINT('',(136.5,49.5,26.));
#11558 = SURFACE_CURVE('',#11559,(#11563,#11570),.PCURVE_S1.);
#11559 = LINE('',#11560,#11561);
#11560 = CARTESIAN_POINT('',(136.5,49.5,24.8));
#11561 = VECTOR('',#11562,1.);
#11562 = DIRECTION('',(0.,0.,1.));
#11563 = PCURVE('',#8647,#11564);
#11564 = DEFINITIONAL_REPRESENTATION('',(#11565),#11569);
#11565 = LINE('',#11566,#11567);
#11566 = CARTESIAN_POINT('',(4.476568219253E-02,0.728188013257));
#11567 = VECTOR('',#11568,1.);
#11568 = DIRECTION('',(-1.,0.));
#11569 = ( GEOMETRIC_REPRESENTATION_CONTEXT(2) 
PARAMETRIC_REPRESENTATION_CONTEXT() REPRESENTATION_CONTEXT('2D SPACE',''
  ) );
#11570 = PCURVE('',#11571,#11576);
#11571 = PLANE('',#11572);
#11572 = AXIS2_PLACEMENT_3D('',#11573,#11574,#11575);
#11573 = CARTESIAN_POINT('',(136.5,49.5,24.8));
#11574 = DIRECTION('',(0.,-1.,0.));
#11575 = DIRECTION('',(0.,0.,1.));
#11576 = DEFINITIONAL_REPRESENTATION('',(#11577),#11581);
#11577 = LINE('',#11578,#11579);
#11578 = CARTESIAN_POINT('',(0.,0.));
#11579 = VECTOR('',#11580,1.);
#11580 = DIRECTION('',(1.,0.));
#11581 = ( GEOMETRIC_REPRESENTATION_CONTEXT(2) 
PARAMETRIC_REPRESENTATION_CONTEXT() REPRESENTATION_CONTEXT('2D SPACE',''
  ) );
#11582 = ORIENTED_EDGE('',*,*,#11583,.T.);
#11583 = EDGE_CURVE('',#11556,#8630,#11584,.T.);
#11584 = SURFACE_CURVE('',#11585,(#11589,#11596),.PCURVE_S1.);
#11585 = LINE('',#11586,#11587);
#11586 = CARTESIAN_POINT('',(136.5,49.5,26.));
#11587 = VECTOR('',#11588,1.);
#11588 = DIRECTION('',(0.,1.,0.));
#11589 = PCURVE('',#8647,#11590);
#11590 = DEFINITIONAL_REPRESENTATION('',(#11591),#11595);
#11591 = LINE('',#11592,#11593);
#11592 = CARTESIAN_POINT('',(-1.155234317807,0.728188013257));
#11593 = VECTOR('',#11594,1.);
#11594 = DIRECTION('',(0.,-1.));
#11595 = ( GEOMETRIC_REPRESENTATION_CONTEXT(2) 
PARAMETRIC_REPRESENTATION_CONTEXT() REPRESENTATION_CONTEXT('2D SPACE',''
  ) );
#11596 = PCURVE('',#8729,#11597);
#11597 = DEFINITIONAL_REPRESENTATION('',(#11598),#11602);
#11598 = LINE('',#11599,#11600);
#11599 = CARTESIAN_POINT('',(0.,0.));
#11600 = VECTOR('',#11601,1.);
#11601 = DIRECTION('',(1.,0.));
#11602 = ( GEOMETRIC_REPRESENTATION_CONTEXT(2) 
PARAMETRIC_REPRESENTATION_CONTEXT() REPRESENTATION_CONTEXT('2D SPACE',''
  ) );
#11603 = ORIENTED_EDGE('',*,*,#8629,.T.);
#11604 = ADVANCED_FACE('',(#11605),#8729,.T.);
#11605 = FACE_BOUND('',#11606,.T.);
#11606 = EDGE_LOOP('',(#11607,#11630,#11651,#11652));
#11607 = ORIENTED_EDGE('',*,*,#11608,.T.);
#11608 = EDGE_CURVE('',#11556,#11609,#11611,.T.);
#11609 = VERTEX_POINT('',#11610);
#11610 = CARTESIAN_POINT('',(153.5,49.5,26.));
#11611 = SURFACE_CURVE('',#11612,(#11616,#11623),.PCURVE_S1.);
#11612 = LINE('',#11613,#11614);
#11613 = CARTESIAN_POINT('',(136.5,49.5,26.));
#11614 = VECTOR('',#11615,1.);
#11615 = DIRECTION('',(1.,0.,0.));
#11616 = PCURVE('',#8729,#11617);
#11617 = DEFINITIONAL_REPRESENTATION('',(#11618),#11622);
#11618 = LINE('',#11619,#11620);
#11619 = CARTESIAN_POINT('',(0.,0.));
#11620 = VECTOR('',#11621,1.);
#11621 = DIRECTION('',(0.,-1.));
#11622 = ( GEOMETRIC_REPRESENTATION_CONTEXT(2) 
PARAMETRIC_REPRESENTATION_CONTEXT() REPRESENTATION_CONTEXT('2D SPACE',''
  ) );
#11623 = PCURVE('',#11571,#11624);
#11624 = DEFINITIONAL_REPRESENTATION('',(#11625),#11629);
#11625 = LINE('',#11626,#11627);
#11626 = CARTESIAN_POINT('',(1.2,0.));
#11627 = VECTOR('',#11628,1.);
#11628 = DIRECTION('',(0.,-1.));
#11629 = ( GEOMETRIC_REPRESENTATION_CONTEXT(2) 
PARAMETRIC_REPRESENTATION_CONTEXT() REPRESENTATION_CONTEXT('2D SPACE',''
  ) );
#11630 = ORIENTED_EDGE('',*,*,#11631,.T.);
#11631 = EDGE_CURVE('',#11609,#8688,#11632,.T.);
#11632 = SURFACE_CURVE('',#11633,(#11637,#11644),.PCURVE_S1.);
#11633 = LINE('',#11634,#11635);
#11634 = CARTESIAN_POINT('',(153.5,49.5,26.));
#11635 = VECTOR('',#11636,1.);
#11636 = DIRECTION('',(0.,1.,0.));
#11637 = PCURVE('',#8729,#11638);
#11638 = DEFINITIONAL_REPRESENTATION('',(#11639),#11643);
#11639 = LINE('',#11640,#11641);
#11640 = CARTESIAN_POINT('',(0.,-17.));
#11641 = VECTOR('',#11642,1.);
#11642 = DIRECTION('',(1.,0.));
#11643 = ( GEOMETRIC_REPRESENTATION_CONTEXT(2) 
PARAMETRIC_REPRESENTATION_CONTEXT() REPRESENTATION_CONTEXT('2D SPACE',''
  ) );
#11644 = PCURVE('',#8703,#11645);
#11645 = DEFINITIONAL_REPRESENTATION('',(#11646),#11650);
#11646 = LINE('',#11647,#11648);
#11647 = CARTESIAN_POINT('',(-1.155234317807,0.728188013257));
#11648 = VECTOR('',#11649,1.);
#11649 = DIRECTION('',(0.,-1.));
#11650 = ( GEOMETRIC_REPRESENTATION_CONTEXT(2) 
PARAMETRIC_REPRESENTATION_CONTEXT() REPRESENTATION_CONTEXT('2D SPACE',''
  ) );
#11651 = ORIENTED_EDGE('',*,*,#8715,.F.);
#11652 = ORIENTED_EDGE('',*,*,#11583,.F.);
#11653 = ADVANCED_FACE('',(#11654),#8703,.F.);
#11654 = FACE_BOUND('',#11655,.F.);
#11655 = EDGE_LOOP('',(#11656,#11679,#11700,#11701));
#11656 = ORIENTED_EDGE('',*,*,#11657,.T.);
#11657 = EDGE_CURVE('',#8660,#11658,#11660,.T.);
#11658 = VERTEX_POINT('',#11659);
#11659 = CARTESIAN_POINT('',(153.5,49.5,24.8));
#11660 = SURFACE_CURVE('',#11661,(#11665,#11672),.PCURVE_S1.);
#11661 = LINE('',#11662,#11663);
#11662 = CARTESIAN_POINT('',(153.5,50.7,23.3));
#11663 = VECTOR('',#11664,1.);
#11664 = DIRECTION('',(0.,-0.624695047554,0.780868809443));
#11665 = PCURVE('',#8703,#11666);
#11666 = DEFINITIONAL_REPRESENTATION('',(#11667),#11671);
#11667 = LINE('',#11668,#11669);
#11668 = CARTESIAN_POINT('',(1.544765682193,-0.471811986743));
#11669 = VECTOR('',#11670,1.);
#11670 = DIRECTION('',(-0.780868809443,0.624695047554));
#11671 = ( GEOMETRIC_REPRESENTATION_CONTEXT(2) 
PARAMETRIC_REPRESENTATION_CONTEXT() REPRESENTATION_CONTEXT('2D SPACE',''
  ) );
#11672 = PCURVE('',#8675,#11673);
#11673 = DEFINITIONAL_REPRESENTATION('',(#11674),#11678);
#11674 = LINE('',#11675,#11676);
#11675 = CARTESIAN_POINT('',(0.,-17.));
#11676 = VECTOR('',#11677,1.);
#11677 = DIRECTION('',(1.,0.));
#11678 = ( GEOMETRIC_REPRESENTATION_CONTEXT(2) 
PARAMETRIC_REPRESENTATION_CONTEXT() REPRESENTATION_CONTEXT('2D SPACE',''
  ) );
#11679 = ORIENTED_EDGE('',*,*,#11680,.T.);
#11680 = EDGE_CURVE('',#11658,#11609,#11681,.T.);
#11681 = SURFACE_CURVE('',#11682,(#11686,#11693),.PCURVE_S1.);
#11682 = LINE('',#11683,#11684);
#11683 = CARTESIAN_POINT('',(153.5,49.5,24.8));
#11684 = VECTOR('',#11685,1.);
#11685 = DIRECTION('',(0.,0.,1.));
#11686 = PCURVE('',#8703,#11687);
#11687 = DEFINITIONAL_REPRESENTATION('',(#11688),#11692);
#11688 = LINE('',#11689,#11690);
#11689 = CARTESIAN_POINT('',(4.476568219253E-02,0.728188013257));
#11690 = VECTOR('',#11691,1.);
#11691 = DIRECTION('',(-1.,0.));
#11692 = ( GEOMETRIC_REPRESENTATION_CONTEXT(2) 
PARAMETRIC_REPRESENTATION_CONTEXT() REPRESENTATION_CONTEXT('2D SPACE',''
  ) );
#11693 = PCURVE('',#11571,#11694);
#11694 = DEFINITIONAL_REPRESENTATION('',(#11695),#11699);
#11695 = LINE('',#11696,#11697);
#11696 = CARTESIAN_POINT('',(0.,-17.));
#11697 = VECTOR('',#11698,1.);
#11698 = DIRECTION('',(1.,0.));
#11699 = ( GEOMETRIC_REPRESENTATION_CONTEXT(2) 
PARAMETRIC_REPRESENTATION_CONTEXT() REPRESENTATION_CONTEXT('2D SPACE',''
  ) );
#11700 = ORIENTED_EDGE('',*,*,#11631,.T.);
#11701 = ORIENTED_EDGE('',*,*,#8687,.T.);
#11702 = ADVANCED_FACE('',(#11703),#8675,.T.);
#11703 = FACE_BOUND('',#11704,.T.);
#11704 = EDGE_LOOP('',(#11705,#11706,#11707,#11728));
#11705 = ORIENTED_EDGE('',*,*,#8659,.T.);
#11706 = ORIENTED_EDGE('',*,*,#11657,.T.);
#11707 = ORIENTED_EDGE('',*,*,#11708,.F.);
#11708 = EDGE_CURVE('',#11533,#11658,#11709,.T.);
#11709 = SURFACE_CURVE('',#11710,(#11714,#11721),.PCURVE_S1.);
#11710 = LINE('',#11711,#11712);
#11711 = CARTESIAN_POINT('',(136.5,49.5,24.8));
#11712 = VECTOR('',#11713,1.);
#11713 = DIRECTION('',(1.,0.,0.));
#11714 = PCURVE('',#8675,#11715);
#11715 = DEFINITIONAL_REPRESENTATION('',(#11716),#11720);
#11716 = LINE('',#11717,#11718);
#11717 = CARTESIAN_POINT('',(1.92093727123,0.));
#11718 = VECTOR('',#11719,1.);
#11719 = DIRECTION('',(0.,-1.));
#11720 = ( GEOMETRIC_REPRESENTATION_CONTEXT(2) 
PARAMETRIC_REPRESENTATION_CONTEXT() REPRESENTATION_CONTEXT('2D SPACE',''
  ) );
#11721 = PCURVE('',#11571,#11722);
#11722 = DEFINITIONAL_REPRESENTATION('',(#11723),#11727);
#11723 = LINE('',#11724,#11725);
#11724 = CARTESIAN_POINT('',(0.,0.));
#11725 = VECTOR('',#11726,1.);
#11726 = DIRECTION('',(0.,-1.));
#11727 = ( GEOMETRIC_REPRESENTATION_CONTEXT(2) 
PARAMETRIC_REPRESENTATION_CONTEXT() REPRESENTATION_CONTEXT('2D SPACE',''
  ) );
#11728 = ORIENTED_EDGE('',*,*,#11532,.F.);
#11729 = ADVANCED_FACE('',(#11730),#8789,.F.);
#11730 = FACE_BOUND('',#11731,.F.);
#11731 = EDGE_LOOP('',(#11732,#11733,#11734,#11753,#11754,#11755));
#11732 = ORIENTED_EDGE('',*,*,#9142,.T.);
#11733 = ORIENTED_EDGE('',*,*,#8774,.T.);
#11734 = ORIENTED_EDGE('',*,*,#11735,.T.);
#11735 = EDGE_CURVE('',#8775,#9263,#11736,.T.);
#11736 = SURFACE_CURVE('',#11737,(#11741,#11747),.PCURVE_S1.);
#11737 = LINE('',#11738,#11739);
#11738 = CARTESIAN_POINT('',(91.85,-10.,22.));
#11739 = VECTOR('',#11740,1.);
#11740 = DIRECTION('',(-1.,0.,0.));
#11741 = PCURVE('',#8789,#11742);
#11742 = DEFINITIONAL_REPRESENTATION('',(#11743),#11746);
#11743 = B_SPLINE_CURVE_WITH_KNOTS('',1,(#11744,#11745),.UNSPECIFIED.,
  .F.,.F.,(2,2),(-2.55,-5.E-02),.PIECEWISE_BEZIER_KNOTS.);
#11744 = CARTESIAN_POINT('',(2.5,43.1));
#11745 = CARTESIAN_POINT('',(0.,43.1));
#11746 = ( GEOMETRIC_REPRESENTATION_CONTEXT(2) 
PARAMETRIC_REPRESENTATION_CONTEXT() REPRESENTATION_CONTEXT('2D SPACE',''
  ) );
#11747 = PCURVE('',#8815,#11748);
#11748 = DEFINITIONAL_REPRESENTATION('',(#11749),#11752);
#11749 = B_SPLINE_CURVE_WITH_KNOTS('',1,(#11750,#11751),.UNSPECIFIED.,
  .F.,.F.,(2,2),(-2.55,-5.E-02),.PIECEWISE_BEZIER_KNOTS.);
#11750 = CARTESIAN_POINT('',(1.,2.6));
#11751 = CARTESIAN_POINT('',(1.,9.999999999999E-02));
#11752 = ( GEOMETRIC_REPRESENTATION_CONTEXT(2) 
PARAMETRIC_REPRESENTATION_CONTEXT() REPRESENTATION_CONTEXT('2D SPACE',''
  ) );
#11753 = ORIENTED_EDGE('',*,*,#9262,.F.);
#11754 = ORIENTED_EDGE('',*,*,#9210,.T.);
#11755 = ORIENTED_EDGE('',*,*,#9187,.T.);
#11756 = ADVANCED_FACE('',(#11757),#8815,.T.);
#11757 = FACE_BOUND('',#11758,.T.);
#11758 = EDGE_LOOP('',(#11759,#11780,#11781,#11782));
#11759 = ORIENTED_EDGE('',*,*,#11760,.T.);
#11760 = EDGE_CURVE('',#9286,#8801,#11761,.T.);
#11761 = SURFACE_CURVE('',#11762,(#11766,#11773),.PCURVE_S1.);
#11762 = LINE('',#11763,#11764);
#11763 = CARTESIAN_POINT('',(91.8,-10.,27.));
#11764 = VECTOR('',#11765,1.);
#11765 = DIRECTION('',(1.,0.,0.));
#11766 = PCURVE('',#8815,#11767);
#11767 = DEFINITIONAL_REPRESENTATION('',(#11768),#11772);
#11768 = LINE('',#11769,#11770);
#11769 = CARTESIAN_POINT('',(6.,0.));
#11770 = VECTOR('',#11771,1.);
#11771 = DIRECTION('',(0.,1.));
#11772 = ( GEOMETRIC_REPRESENTATION_CONTEXT(2) 
PARAMETRIC_REPRESENTATION_CONTEXT() REPRESENTATION_CONTEXT('2D SPACE',''
  ) );
#11773 = PCURVE('',#8841,#11774);
#11774 = DEFINITIONAL_REPRESENTATION('',(#11775),#11779);
#11775 = LINE('',#11776,#11777);
#11776 = CARTESIAN_POINT('',(0.,0.));
#11777 = VECTOR('',#11778,1.);
#11778 = DIRECTION('',(1.,0.));
#11779 = ( GEOMETRIC_REPRESENTATION_CONTEXT(2) 
PARAMETRIC_REPRESENTATION_CONTEXT() REPRESENTATION_CONTEXT('2D SPACE',''
  ) );
#11780 = ORIENTED_EDGE('',*,*,#8800,.F.);
#11781 = ORIENTED_EDGE('',*,*,#11735,.T.);
#11782 = ORIENTED_EDGE('',*,*,#9285,.T.);
#11783 = ADVANCED_FACE('',(#11784),#8841,.F.);
#11784 = FACE_BOUND('',#11785,.F.);
#11785 = EDGE_LOOP('',(#11786,#11807,#11808,#11809));
#11786 = ORIENTED_EDGE('',*,*,#11787,.F.);
#11787 = EDGE_CURVE('',#9307,#8827,#11788,.T.);
#11788 = SURFACE_CURVE('',#11789,(#11793,#11800),.PCURVE_S1.);
#11789 = LINE('',#11790,#11791);
#11790 = CARTESIAN_POINT('',(91.8,-9.,27.));
#11791 = VECTOR('',#11792,1.);
#11792 = DIRECTION('',(1.,0.,0.));
#11793 = PCURVE('',#8841,#11794);
#11794 = DEFINITIONAL_REPRESENTATION('',(#11795),#11799);
#11795 = LINE('',#11796,#11797);
#11796 = CARTESIAN_POINT('',(0.,1.));
#11797 = VECTOR('',#11798,1.);
#11798 = DIRECTION('',(1.,0.));
#11799 = ( GEOMETRIC_REPRESENTATION_CONTEXT(2) 
PARAMETRIC_REPRESENTATION_CONTEXT() REPRESENTATION_CONTEXT('2D SPACE',''
  ) );
#11800 = PCURVE('',#8867,#11801);
#11801 = DEFINITIONAL_REPRESENTATION('',(#11802),#11806);
#11802 = LINE('',#11803,#11804);
#11803 = CARTESIAN_POINT('',(6.,0.));
#11804 = VECTOR('',#11805,1.);
#11805 = DIRECTION('',(0.,1.));
#11806 = ( GEOMETRIC_REPRESENTATION_CONTEXT(2) 
PARAMETRIC_REPRESENTATION_CONTEXT() REPRESENTATION_CONTEXT('2D SPACE',''
  ) );
#11807 = ORIENTED_EDGE('',*,*,#9306,.T.);
#11808 = ORIENTED_EDGE('',*,*,#11760,.T.);
#11809 = ORIENTED_EDGE('',*,*,#8826,.F.);
#11810 = ADVANCED_FACE('',(#11811),#8867,.F.);
#11811 = FACE_BOUND('',#11812,.F.);
#11812 = EDGE_LOOP('',(#11813,#11814,#11815,#11834));
#11813 = ORIENTED_EDGE('',*,*,#11787,.T.);
#11814 = ORIENTED_EDGE('',*,*,#8852,.F.);
#11815 = ORIENTED_EDGE('',*,*,#11816,.T.);
#11816 = EDGE_CURVE('',#8853,#9328,#11817,.T.);
#11817 = SURFACE_CURVE('',#11818,(#11822,#11828),.PCURVE_S1.);
#11818 = LINE('',#11819,#11820);
#11819 = CARTESIAN_POINT('',(91.85,-9.,22.));
#11820 = VECTOR('',#11821,1.);
#11821 = DIRECTION('',(-1.,0.,0.));
#11822 = PCURVE('',#8867,#11823);
#11823 = DEFINITIONAL_REPRESENTATION('',(#11824),#11827);
#11824 = B_SPLINE_CURVE_WITH_KNOTS('',1,(#11825,#11826),.UNSPECIFIED.,
  .F.,.F.,(2,2),(-2.55,-5.E-02),.PIECEWISE_BEZIER_KNOTS.);
#11825 = CARTESIAN_POINT('',(1.,2.6));
#11826 = CARTESIAN_POINT('',(1.,9.999999999999E-02));
#11827 = ( GEOMETRIC_REPRESENTATION_CONTEXT(2) 
PARAMETRIC_REPRESENTATION_CONTEXT() REPRESENTATION_CONTEXT('2D SPACE',''
  ) );
#11828 = PCURVE('',#8893,#11829);
#11829 = DEFINITIONAL_REPRESENTATION('',(#11830),#11833);
#11830 = B_SPLINE_CURVE_WITH_KNOTS('',1,(#11831,#11832),.UNSPECIFIED.,
  .F.,.F.,(2,2),(-2.55,-5.E-02),.PIECEWISE_BEZIER_KNOTS.);
#11831 = CARTESIAN_POINT('',(2.5,44.1));
#11832 = CARTESIAN_POINT('',(0.,44.1));
#11833 = ( GEOMETRIC_REPRESENTATION_CONTEXT(2) 
PARAMETRIC_REPRESENTATION_CONTEXT() REPRESENTATION_CONTEXT('2D SPACE',''
  ) );
#11834 = ORIENTED_EDGE('',*,*,#9327,.T.);
#11835 = ADVANCED_FACE('',(#11836),#8971,.F.);
#11836 = FACE_BOUND('',#11837,.F.);
#11837 = EDGE_LOOP('',(#11838,#11859,#11860,#11861));
#11838 = ORIENTED_EDGE('',*,*,#11839,.T.);
#11839 = EDGE_CURVE('',#9393,#8931,#11840,.T.);
#11840 = SURFACE_CURVE('',#11841,(#11845,#11852),.PCURVE_S1.);
#11841 = LINE('',#11842,#11843);
#11842 = CARTESIAN_POINT('',(91.8,10.,27.));
#11843 = VECTOR('',#11844,1.);
#11844 = DIRECTION('',(1.,0.,0.));
#11845 = PCURVE('',#8971,#11846);
#11846 = DEFINITIONAL_REPRESENTATION('',(#11847),#11851);
#11847 = LINE('',#11848,#11849);
#11848 = CARTESIAN_POINT('',(6.,0.));
#11849 = VECTOR('',#11850,1.);
#11850 = DIRECTION('',(0.,1.));
#11851 = ( GEOMETRIC_REPRESENTATION_CONTEXT(2) 
PARAMETRIC_REPRESENTATION_CONTEXT() REPRESENTATION_CONTEXT('2D SPACE',''
  ) );
#11852 = PCURVE('',#8945,#11853);
#11853 = DEFINITIONAL_REPRESENTATION('',(#11854),#11858);
#11854 = LINE('',#11855,#11856);
#11855 = CARTESIAN_POINT('',(0.,1.));
#11856 = VECTOR('',#11857,1.);
#11857 = DIRECTION('',(1.,0.));
#11858 = ( GEOMETRIC_REPRESENTATION_CONTEXT(2) 
PARAMETRIC_REPRESENTATION_CONTEXT() REPRESENTATION_CONTEXT('2D SPACE',''
  ) );
#11859 = ORIENTED_EDGE('',*,*,#8956,.F.);
#11860 = ORIENTED_EDGE('',*,*,#10867,.T.);
#11861 = ORIENTED_EDGE('',*,*,#9413,.T.);
#11862 = ADVANCED_FACE('',(#11863),#8893,.F.);
#11863 = FACE_BOUND('',#11864,.F.);
#11864 = EDGE_LOOP('',(#11865,#11884,#11885,#11886));
#11865 = ORIENTED_EDGE('',*,*,#11866,.T.);
#11866 = EDGE_CURVE('',#8879,#9349,#11867,.T.);
#11867 = SURFACE_CURVE('',#11868,(#11872,#11878),.PCURVE_S1.);
#11868 = LINE('',#11869,#11870);
#11869 = CARTESIAN_POINT('',(91.85,9.,22.));
#11870 = VECTOR('',#11871,1.);
#11871 = DIRECTION('',(-1.,0.,0.));
#11872 = PCURVE('',#8893,#11873);
#11873 = DEFINITIONAL_REPRESENTATION('',(#11874),#11877);
#11874 = B_SPLINE_CURVE_WITH_KNOTS('',1,(#11875,#11876),.UNSPECIFIED.,
  .F.,.F.,(2,2),(-2.55,-5.E-02),.PIECEWISE_BEZIER_KNOTS.);
#11875 = CARTESIAN_POINT('',(2.5,62.1));
#11876 = CARTESIAN_POINT('',(0.,62.1));
#11877 = ( GEOMETRIC_REPRESENTATION_CONTEXT(2) 
PARAMETRIC_REPRESENTATION_CONTEXT() REPRESENTATION_CONTEXT('2D SPACE',''
  ) );
#11878 = PCURVE('',#8919,#11879);
#11879 = DEFINITIONAL_REPRESENTATION('',(#11880),#11883);
#11880 = B_SPLINE_CURVE_WITH_KNOTS('',1,(#11881,#11882),.UNSPECIFIED.,
  .F.,.F.,(2,2),(-2.55,-5.E-02),.PIECEWISE_BEZIER_KNOTS.);
#11881 = CARTESIAN_POINT('',(1.,2.6));
#11882 = CARTESIAN_POINT('',(1.,9.999999999999E-02));
#11883 = ( GEOMETRIC_REPRESENTATION_CONTEXT(2) 
PARAMETRIC_REPRESENTATION_CONTEXT() REPRESENTATION_CONTEXT('2D SPACE',''
  ) );
#11884 = ORIENTED_EDGE('',*,*,#9348,.F.);
#11885 = ORIENTED_EDGE('',*,*,#11816,.F.);
#11886 = ORIENTED_EDGE('',*,*,#8878,.T.);
#11887 = ADVANCED_FACE('',(#11888),#8945,.F.);
#11888 = FACE_BOUND('',#11889,.F.);
#11889 = EDGE_LOOP('',(#11890,#11891,#11892,#11913));
#11890 = ORIENTED_EDGE('',*,*,#11839,.F.);
#11891 = ORIENTED_EDGE('',*,*,#9392,.T.);
#11892 = ORIENTED_EDGE('',*,*,#11893,.T.);
#11893 = EDGE_CURVE('',#9372,#8905,#11894,.T.);
#11894 = SURFACE_CURVE('',#11895,(#11899,#11906),.PCURVE_S1.);
#11895 = LINE('',#11896,#11897);
#11896 = CARTESIAN_POINT('',(91.8,9.,27.));
#11897 = VECTOR('',#11898,1.);
#11898 = DIRECTION('',(1.,0.,0.));
#11899 = PCURVE('',#8945,#11900);
#11900 = DEFINITIONAL_REPRESENTATION('',(#11901),#11905);
#11901 = LINE('',#11902,#11903);
#11902 = CARTESIAN_POINT('',(0.,0.));
#11903 = VECTOR('',#11904,1.);
#11904 = DIRECTION('',(1.,0.));
#11905 = ( GEOMETRIC_REPRESENTATION_CONTEXT(2) 
PARAMETRIC_REPRESENTATION_CONTEXT() REPRESENTATION_CONTEXT('2D SPACE',''
  ) );
#11906 = PCURVE('',#8919,#11907);
#11907 = DEFINITIONAL_REPRESENTATION('',(#11908),#11912);
#11908 = LINE('',#11909,#11910);
#11909 = CARTESIAN_POINT('',(6.,0.));
#11910 = VECTOR('',#11911,1.);
#11911 = DIRECTION('',(0.,1.));
#11912 = ( GEOMETRIC_REPRESENTATION_CONTEXT(2) 
PARAMETRIC_REPRESENTATION_CONTEXT() REPRESENTATION_CONTEXT('2D SPACE',''
  ) );
#11913 = ORIENTED_EDGE('',*,*,#8930,.F.);
#11914 = ADVANCED_FACE('',(#11915),#8919,.T.);
#11915 = FACE_BOUND('',#11916,.T.);
#11916 = EDGE_LOOP('',(#11917,#11918,#11919,#11920));
#11917 = ORIENTED_EDGE('',*,*,#11893,.T.);
#11918 = ORIENTED_EDGE('',*,*,#8904,.F.);
#11919 = ORIENTED_EDGE('',*,*,#11866,.T.);
#11920 = ORIENTED_EDGE('',*,*,#9371,.T.);
#11921 = ADVANCED_FACE('',(#11922),#9023,.T.);
#11922 = FACE_BOUND('',#11923,.T.);
#11923 = EDGE_LOOP('',(#11924,#11925,#11948,#11976));
#11924 = ORIENTED_EDGE('',*,*,#9005,.T.);
#11925 = ORIENTED_EDGE('',*,*,#11926,.T.);
#11926 = EDGE_CURVE('',#9008,#11927,#11929,.T.);
#11927 = VERTEX_POINT('',#11928);
#11928 = CARTESIAN_POINT('',(95.5,8.5,24.8));
#11929 = SURFACE_CURVE('',#11930,(#11934,#11941),.PCURVE_S1.);
#11930 = LINE('',#11931,#11932);
#11931 = CARTESIAN_POINT('',(94.3,8.5,23.3));
#11932 = VECTOR('',#11933,1.);
#11933 = DIRECTION('',(0.624695047554,0.,0.780868809443));
#11934 = PCURVE('',#9023,#11935);
#11935 = DEFINITIONAL_REPRESENTATION('',(#11936),#11940);
#11936 = LINE('',#11937,#11938);
#11937 = CARTESIAN_POINT('',(0.,-17.));
#11938 = VECTOR('',#11939,1.);
#11939 = DIRECTION('',(1.,0.));
#11940 = ( GEOMETRIC_REPRESENTATION_CONTEXT(2) 
PARAMETRIC_REPRESENTATION_CONTEXT() REPRESENTATION_CONTEXT('2D SPACE',''
  ) );
#11941 = PCURVE('',#9105,#11942);
#11942 = DEFINITIONAL_REPRESENTATION('',(#11943),#11947);
#11943 = LINE('',#11944,#11945);
#11944 = CARTESIAN_POINT('',(1.544765682193,-0.471811986743));
#11945 = VECTOR('',#11946,1.);
#11946 = DIRECTION('',(-0.780868809443,0.624695047554));
#11947 = ( GEOMETRIC_REPRESENTATION_CONTEXT(2) 
PARAMETRIC_REPRESENTATION_CONTEXT() REPRESENTATION_CONTEXT('2D SPACE',''
  ) );
#11948 = ORIENTED_EDGE('',*,*,#11949,.F.);
#11949 = EDGE_CURVE('',#11950,#11927,#11952,.T.);
#11950 = VERTEX_POINT('',#11951);
#11951 = CARTESIAN_POINT('',(95.5,-8.5,24.8));
#11952 = SURFACE_CURVE('',#11953,(#11957,#11964),.PCURVE_S1.);
#11953 = LINE('',#11954,#11955);
#11954 = CARTESIAN_POINT('',(95.5,-8.5,24.8));
#11955 = VECTOR('',#11956,1.);
#11956 = DIRECTION('',(-0.,1.,-0.));
#11957 = PCURVE('',#9023,#11958);
#11958 = DEFINITIONAL_REPRESENTATION('',(#11959),#11963);
#11959 = LINE('',#11960,#11961);
#11960 = CARTESIAN_POINT('',(1.92093727123,0.));
#11961 = VECTOR('',#11962,1.);
#11962 = DIRECTION('',(0.,-1.));
#11963 = ( GEOMETRIC_REPRESENTATION_CONTEXT(2) 
PARAMETRIC_REPRESENTATION_CONTEXT() REPRESENTATION_CONTEXT('2D SPACE',''
  ) );
#11964 = PCURVE('',#11965,#11970);
#11965 = PLANE('',#11966);
#11966 = AXIS2_PLACEMENT_3D('',#11967,#11968,#11969);
#11967 = CARTESIAN_POINT('',(95.5,-8.5,24.8));
#11968 = DIRECTION('',(1.,0.,-0.));
#11969 = DIRECTION('',(0.,0.,1.));
#11970 = DEFINITIONAL_REPRESENTATION('',(#11971),#11975);
#11971 = LINE('',#11972,#11973);
#11972 = CARTESIAN_POINT('',(0.,0.));
#11973 = VECTOR('',#11974,1.);
#11974 = DIRECTION('',(0.,-1.));
#11975 = ( GEOMETRIC_REPRESENTATION_CONTEXT(2) 
PARAMETRIC_REPRESENTATION_CONTEXT() REPRESENTATION_CONTEXT('2D SPACE',''
  ) );
#11976 = ORIENTED_EDGE('',*,*,#11977,.F.);
#11977 = EDGE_CURVE('',#9006,#11950,#11978,.T.);
#11978 = SURFACE_CURVE('',#11979,(#11983,#11990),.PCURVE_S1.);
#11979 = LINE('',#11980,#11981);
#11980 = CARTESIAN_POINT('',(94.3,-8.5,23.3));
#11981 = VECTOR('',#11982,1.);
#11982 = DIRECTION('',(0.624695047554,0.,0.780868809443));
#11983 = PCURVE('',#9023,#11984);
#11984 = DEFINITIONAL_REPRESENTATION('',(#11985),#11989);
#11985 = LINE('',#11986,#11987);
#11986 = CARTESIAN_POINT('',(0.,0.));
#11987 = VECTOR('',#11988,1.);
#11988 = DIRECTION('',(1.,0.));
#11989 = ( GEOMETRIC_REPRESENTATION_CONTEXT(2) 
PARAMETRIC_REPRESENTATION_CONTEXT() REPRESENTATION_CONTEXT('2D SPACE',''
  ) );
#11990 = PCURVE('',#9051,#11991);
#11991 = DEFINITIONAL_REPRESENTATION('',(#11992),#11996);
#11992 = LINE('',#11993,#11994);
#11993 = CARTESIAN_POINT('',(1.544765682193,-0.471811986743));
#11994 = VECTOR('',#11995,1.);
#11995 = DIRECTION('',(-0.780868809443,0.624695047554));
#11996 = ( GEOMETRIC_REPRESENTATION_CONTEXT(2) 
PARAMETRIC_REPRESENTATION_CONTEXT() REPRESENTATION_CONTEXT('2D SPACE',''
  ) );
#11997 = ADVANCED_FACE('',(#11998),#9105,.F.);
#11998 = FACE_BOUND('',#11999,.F.);
#11999 = EDGE_LOOP('',(#12000,#12001,#12024,#12045));
#12000 = ORIENTED_EDGE('',*,*,#11926,.T.);
#12001 = ORIENTED_EDGE('',*,*,#12002,.T.);
#12002 = EDGE_CURVE('',#11927,#12003,#12005,.T.);
#12003 = VERTEX_POINT('',#12004);
#12004 = CARTESIAN_POINT('',(95.5,8.5,26.));
#12005 = SURFACE_CURVE('',#12006,(#12010,#12017),.PCURVE_S1.);
#12006 = LINE('',#12007,#12008);
#12007 = CARTESIAN_POINT('',(95.5,8.5,24.8));
#12008 = VECTOR('',#12009,1.);
#12009 = DIRECTION('',(0.,0.,1.));
#12010 = PCURVE('',#9105,#12011);
#12011 = DEFINITIONAL_REPRESENTATION('',(#12012),#12016);
#12012 = LINE('',#12013,#12014);
#12013 = CARTESIAN_POINT('',(4.476568219253E-02,0.728188013257));
#12014 = VECTOR('',#12015,1.);
#12015 = DIRECTION('',(-1.,0.));
#12016 = ( GEOMETRIC_REPRESENTATION_CONTEXT(2) 
PARAMETRIC_REPRESENTATION_CONTEXT() REPRESENTATION_CONTEXT('2D SPACE',''
  ) );
#12017 = PCURVE('',#11965,#12018);
#12018 = DEFINITIONAL_REPRESENTATION('',(#12019),#12023);
#12019 = LINE('',#12020,#12021);
#12020 = CARTESIAN_POINT('',(0.,-17.));
#12021 = VECTOR('',#12022,1.);
#12022 = DIRECTION('',(1.,0.));
#12023 = ( GEOMETRIC_REPRESENTATION_CONTEXT(2) 
PARAMETRIC_REPRESENTATION_CONTEXT() REPRESENTATION_CONTEXT('2D SPACE',''
  ) );
#12024 = ORIENTED_EDGE('',*,*,#12025,.T.);
#12025 = EDGE_CURVE('',#12003,#9064,#12026,.T.);
#12026 = SURFACE_CURVE('',#12027,(#12031,#12038),.PCURVE_S1.);
#12027 = LINE('',#12028,#12029);
#12028 = CARTESIAN_POINT('',(95.5,8.5,26.));
#12029 = VECTOR('',#12030,1.);
#12030 = DIRECTION('',(-1.,0.,0.));
#12031 = PCURVE('',#9105,#12032);
#12032 = DEFINITIONAL_REPRESENTATION('',(#12033),#12037);
#12033 = LINE('',#12034,#12035);
#12034 = CARTESIAN_POINT('',(-1.155234317807,0.728188013257));
#12035 = VECTOR('',#12036,1.);
#12036 = DIRECTION('',(0.,-1.));
#12037 = ( GEOMETRIC_REPRESENTATION_CONTEXT(2) 
PARAMETRIC_REPRESENTATION_CONTEXT() REPRESENTATION_CONTEXT('2D SPACE',''
  ) );
#12038 = PCURVE('',#9079,#12039);
#12039 = DEFINITIONAL_REPRESENTATION('',(#12040),#12044);
#12040 = LINE('',#12041,#12042);
#12041 = CARTESIAN_POINT('',(0.,-17.));
#12042 = VECTOR('',#12043,1.);
#12043 = DIRECTION('',(1.,0.));
#12044 = ( GEOMETRIC_REPRESENTATION_CONTEXT(2) 
PARAMETRIC_REPRESENTATION_CONTEXT() REPRESENTATION_CONTEXT('2D SPACE',''
  ) );
#12045 = ORIENTED_EDGE('',*,*,#9091,.T.);
#12046 = ADVANCED_FACE('',(#12047),#9079,.T.);
#12047 = FACE_BOUND('',#12048,.T.);
#12048 = EDGE_LOOP('',(#12049,#12072,#12073,#12074));
#12049 = ORIENTED_EDGE('',*,*,#12050,.T.);
#12050 = EDGE_CURVE('',#12051,#12003,#12053,.T.);
#12051 = VERTEX_POINT('',#12052);
#12052 = CARTESIAN_POINT('',(95.5,-8.5,26.));
#12053 = SURFACE_CURVE('',#12054,(#12058,#12065),.PCURVE_S1.);
#12054 = LINE('',#12055,#12056);
#12055 = CARTESIAN_POINT('',(95.5,-8.5,26.));
#12056 = VECTOR('',#12057,1.);
#12057 = DIRECTION('',(-0.,1.,-0.));
#12058 = PCURVE('',#9079,#12059);
#12059 = DEFINITIONAL_REPRESENTATION('',(#12060),#12064);
#12060 = LINE('',#12061,#12062);
#12061 = CARTESIAN_POINT('',(0.,0.));
#12062 = VECTOR('',#12063,1.);
#12063 = DIRECTION('',(0.,-1.));
#12064 = ( GEOMETRIC_REPRESENTATION_CONTEXT(2) 
PARAMETRIC_REPRESENTATION_CONTEXT() REPRESENTATION_CONTEXT('2D SPACE',''
  ) );
#12065 = PCURVE('',#11965,#12066);
#12066 = DEFINITIONAL_REPRESENTATION('',(#12067),#12071);
#12067 = LINE('',#12068,#12069);
#12068 = CARTESIAN_POINT('',(1.2,0.));
#12069 = VECTOR('',#12070,1.);
#12070 = DIRECTION('',(0.,-1.));
#12071 = ( GEOMETRIC_REPRESENTATION_CONTEXT(2) 
PARAMETRIC_REPRESENTATION_CONTEXT() REPRESENTATION_CONTEXT('2D SPACE',''
  ) );
#12072 = ORIENTED_EDGE('',*,*,#12025,.T.);
#12073 = ORIENTED_EDGE('',*,*,#9063,.F.);
#12074 = ORIENTED_EDGE('',*,*,#12075,.F.);
#12075 = EDGE_CURVE('',#12051,#9036,#12076,.T.);
#12076 = SURFACE_CURVE('',#12077,(#12081,#12088),.PCURVE_S1.);
#12077 = LINE('',#12078,#12079);
#12078 = CARTESIAN_POINT('',(95.5,-8.5,26.));
#12079 = VECTOR('',#12080,1.);
#12080 = DIRECTION('',(-1.,0.,0.));
#12081 = PCURVE('',#9079,#12082);
#12082 = DEFINITIONAL_REPRESENTATION('',(#12083),#12087);
#12083 = LINE('',#12084,#12085);
#12084 = CARTESIAN_POINT('',(0.,0.));
#12085 = VECTOR('',#12086,1.);
#12086 = DIRECTION('',(1.,0.));
#12087 = ( GEOMETRIC_REPRESENTATION_CONTEXT(2) 
PARAMETRIC_REPRESENTATION_CONTEXT() REPRESENTATION_CONTEXT('2D SPACE',''
  ) );
#12088 = PCURVE('',#9051,#12089);
#12089 = DEFINITIONAL_REPRESENTATION('',(#12090),#12094);
#12090 = LINE('',#12091,#12092);
#12091 = CARTESIAN_POINT('',(-1.155234317807,0.728188013257));
#12092 = VECTOR('',#12093,1.);
#12093 = DIRECTION('',(0.,-1.));
#12094 = ( GEOMETRIC_REPRESENTATION_CONTEXT(2) 
PARAMETRIC_REPRESENTATION_CONTEXT() REPRESENTATION_CONTEXT('2D SPACE',''
  ) );
#12095 = ADVANCED_FACE('',(#12096),#9051,.T.);
#12096 = FACE_BOUND('',#12097,.T.);
#12097 = EDGE_LOOP('',(#12098,#12099,#12120,#12121));
#12098 = ORIENTED_EDGE('',*,*,#11977,.T.);
#12099 = ORIENTED_EDGE('',*,*,#12100,.T.);
#12100 = EDGE_CURVE('',#11950,#12051,#12101,.T.);
#12101 = SURFACE_CURVE('',#12102,(#12106,#12113),.PCURVE_S1.);
#12102 = LINE('',#12103,#12104);
#12103 = CARTESIAN_POINT('',(95.5,-8.5,24.8));
#12104 = VECTOR('',#12105,1.);
#12105 = DIRECTION('',(0.,0.,1.));
#12106 = PCURVE('',#9051,#12107);
#12107 = DEFINITIONAL_REPRESENTATION('',(#12108),#12112);
#12108 = LINE('',#12109,#12110);
#12109 = CARTESIAN_POINT('',(4.476568219253E-02,0.728188013257));
#12110 = VECTOR('',#12111,1.);
#12111 = DIRECTION('',(-1.,0.));
#12112 = ( GEOMETRIC_REPRESENTATION_CONTEXT(2) 
PARAMETRIC_REPRESENTATION_CONTEXT() REPRESENTATION_CONTEXT('2D SPACE',''
  ) );
#12113 = PCURVE('',#11965,#12114);
#12114 = DEFINITIONAL_REPRESENTATION('',(#12115),#12119);
#12115 = LINE('',#12116,#12117);
#12116 = CARTESIAN_POINT('',(0.,0.));
#12117 = VECTOR('',#12118,1.);
#12118 = DIRECTION('',(1.,0.));
#12119 = ( GEOMETRIC_REPRESENTATION_CONTEXT(2) 
PARAMETRIC_REPRESENTATION_CONTEXT() REPRESENTATION_CONTEXT('2D SPACE',''
  ) );
#12120 = ORIENTED_EDGE('',*,*,#12075,.T.);
#12121 = ORIENTED_EDGE('',*,*,#9035,.T.);
#12122 = ADVANCED_FACE('',(#12123),#9497,.F.);
#12123 = FACE_BOUND('',#12124,.F.);
#12124 = EDGE_LOOP('',(#12125));
#12125 = ORIENTED_EDGE('',*,*,#9482,.T.);
#12126 = ADVANCED_FACE('',(#12127),#9552,.F.);
#12127 = FACE_BOUND('',#12128,.F.);
#12128 = EDGE_LOOP('',(#12129));
#12129 = ORIENTED_EDGE('',*,*,#9537,.T.);
#12130 = ADVANCED_FACE('',(#12131),#9607,.F.);
#12131 = FACE_BOUND('',#12132,.F.);
#12132 = EDGE_LOOP('',(#12133));
#12133 = ORIENTED_EDGE('',*,*,#9592,.T.);
#12134 = ADVANCED_FACE('',(#12135),#9679,.T.);
#12135 = FACE_BOUND('',#12136,.T.);
#12136 = EDGE_LOOP('',(#12137,#12158,#12159,#12160));
#12137 = ORIENTED_EDGE('',*,*,#12138,.F.);
#12138 = EDGE_CURVE('',#9840,#9742,#12139,.T.);
#12139 = SURFACE_CURVE('',#12140,(#12144,#12151),.PCURVE_S1.);
#12140 = LINE('',#12141,#12142);
#12141 = CARTESIAN_POINT('',(2.4,72.6,6.));
#12142 = VECTOR('',#12143,1.);
#12143 = DIRECTION('',(1.,0.,0.));
#12144 = PCURVE('',#9679,#12145);
#12145 = DEFINITIONAL_REPRESENTATION('',(#12146),#12150);
#12146 = LINE('',#12147,#12148);
#12147 = CARTESIAN_POINT('',(0.,145.2));
#12148 = VECTOR('',#12149,1.);
#12149 = DIRECTION('',(1.,0.));
#12150 = ( GEOMETRIC_REPRESENTATION_CONTEXT(2) 
PARAMETRIC_REPRESENTATION_CONTEXT() REPRESENTATION_CONTEXT('2D SPACE',''
  ) );
#12151 = PCURVE('',#9776,#12152);
#12152 = DEFINITIONAL_REPRESENTATION('',(#12153),#12157);
#12153 = LINE('',#12154,#12155);
#12154 = CARTESIAN_POINT('',(7.,0.));
#12155 = VECTOR('',#12156,1.);
#12156 = DIRECTION('',(0.,1.));
#12157 = ( GEOMETRIC_REPRESENTATION_CONTEXT(2) 
PARAMETRIC_REPRESENTATION_CONTEXT() REPRESENTATION_CONTEXT('2D SPACE',''
  ) );
#12158 = ORIENTED_EDGE('',*,*,#9839,.F.);
#12159 = ORIENTED_EDGE('',*,*,#9666,.F.);
#12160 = ORIENTED_EDGE('',*,*,#9741,.T.);
#12161 = ADVANCED_FACE('',(#12162),#9776,.F.);
#12162 = FACE_BOUND('',#12163,.F.);
#12163 = EDGE_LOOP('',(#12164,#12165,#12166,#12167));
#12164 = ORIENTED_EDGE('',*,*,#9762,.F.);
#12165 = ORIENTED_EDGE('',*,*,#12138,.F.);
#12166 = ORIENTED_EDGE('',*,*,#9860,.T.);
#12167 = ORIENTED_EDGE('',*,*,#11104,.T.);
#12168 = ADVANCED_FACE('',(#12169),#9952,.T.);
#12169 = FACE_BOUND('',#12170,.T.);
#12170 = EDGE_LOOP('',(#12171,#12192,#12193,#12194));
#12171 = ORIENTED_EDGE('',*,*,#12172,.T.);
#12172 = EDGE_CURVE('',#10224,#9910,#12173,.T.);
#12173 = SURFACE_CURVE('',#12174,(#12178,#12185),.PCURVE_S1.);
#12174 = LINE('',#12175,#12176);
#12175 = CARTESIAN_POINT('',(88.,-72.6,6.));
#12176 = VECTOR('',#12177,1.);
#12177 = DIRECTION('',(0.,1.,0.));
#12178 = PCURVE('',#9952,#12179);
#12179 = DEFINITIONAL_REPRESENTATION('',(#12180),#12184);
#12180 = LINE('',#12181,#12182);
#12181 = CARTESIAN_POINT('',(85.6,0.));
#12182 = VECTOR('',#12183,1.);
#12183 = DIRECTION('',(0.,1.));
#12184 = ( GEOMETRIC_REPRESENTATION_CONTEXT(2) 
PARAMETRIC_REPRESENTATION_CONTEXT() REPRESENTATION_CONTEXT('2D SPACE',''
  ) );
#12185 = PCURVE('',#9925,#12186);
#12186 = DEFINITIONAL_REPRESENTATION('',(#12187),#12191);
#12187 = LINE('',#12188,#12189);
#12188 = CARTESIAN_POINT('',(7.,0.));
#12189 = VECTOR('',#12190,1.);
#12190 = DIRECTION('',(0.,-1.));
#12191 = ( GEOMETRIC_REPRESENTATION_CONTEXT(2) 
PARAMETRIC_REPRESENTATION_CONTEXT() REPRESENTATION_CONTEXT('2D SPACE',''
  ) );
#12192 = ORIENTED_EDGE('',*,*,#9937,.T.);
#12193 = ORIENTED_EDGE('',*,*,#10109,.F.);
#12194 = ORIENTED_EDGE('',*,*,#10246,.F.);
#12195 = ADVANCED_FACE('',(#12196),#9925,.F.);
#12196 = FACE_BOUND('',#12197,.F.);
#12197 = EDGE_LOOP('',(#12198,#12199,#12200,#12201));
#12198 = ORIENTED_EDGE('',*,*,#10223,.F.);
#12199 = ORIENTED_EDGE('',*,*,#12172,.T.);
#12200 = ORIENTED_EDGE('',*,*,#9909,.T.);
#12201 = ORIENTED_EDGE('',*,*,#11081,.F.);
#12202 = ADVANCED_FACE('',(#12203),#10049,.T.);
#12203 = FACE_BOUND('',#12204,.T.);
#12204 = EDGE_LOOP('',(#12205,#12206,#12227,#12228));
#12205 = ORIENTED_EDGE('',*,*,#10292,.F.);
#12206 = ORIENTED_EDGE('',*,*,#12207,.T.);
#12207 = EDGE_CURVE('',#10272,#10008,#12208,.T.);
#12208 = SURFACE_CURVE('',#12209,(#12213,#12220),.PCURVE_S1.);
#12209 = LINE('',#12210,#12211);
#12210 = CARTESIAN_POINT('',(2.4,-72.6,6.));
#12211 = VECTOR('',#12212,1.);
#12212 = DIRECTION('',(0.,1.,0.));
#12213 = PCURVE('',#10049,#12214);
#12214 = DEFINITIONAL_REPRESENTATION('',(#12215),#12219);
#12215 = LINE('',#12216,#12217);
#12216 = CARTESIAN_POINT('',(7.,0.));
#12217 = VECTOR('',#12218,1.);
#12218 = DIRECTION('',(0.,-1.));
#12219 = ( GEOMETRIC_REPRESENTATION_CONTEXT(2) 
PARAMETRIC_REPRESENTATION_CONTEXT() REPRESENTATION_CONTEXT('2D SPACE',''
  ) );
#12220 = PCURVE('',#10022,#12221);
#12221 = DEFINITIONAL_REPRESENTATION('',(#12222),#12226);
#12222 = LINE('',#12223,#12224);
#12223 = CARTESIAN_POINT('',(0.,0.));
#12224 = VECTOR('',#12225,1.);
#12225 = DIRECTION('',(0.,1.));
#12226 = ( GEOMETRIC_REPRESENTATION_CONTEXT(2) 
PARAMETRIC_REPRESENTATION_CONTEXT() REPRESENTATION_CONTEXT('2D SPACE',''
  ) );
#12227 = ORIENTED_EDGE('',*,*,#10033,.T.);
#12228 = ORIENTED_EDGE('',*,*,#11055,.F.);
#12229 = ADVANCED_FACE('',(#12230),#10022,.T.);
#12230 = FACE_BOUND('',#12231,.T.);
#12231 = EDGE_LOOP('',(#12232,#12233,#12234,#12235));
#12232 = ORIENTED_EDGE('',*,*,#12207,.F.);
#12233 = ORIENTED_EDGE('',*,*,#10271,.F.);
#12234 = ORIENTED_EDGE('',*,*,#10154,.T.);
#12235 = ORIENTED_EDGE('',*,*,#10007,.T.);
#12236 = ADVANCED_FACE('',(#12237),#10560,.F.);
#12237 = FACE_BOUND('',#12238,.F.);
#12238 = EDGE_LOOP('',(#12239));
#12239 = ORIENTED_EDGE('',*,*,#10545,.T.);
#12240 = ADVANCED_FACE('',(#12241),#11169,.F.);
#12241 = FACE_BOUND('',#12242,.F.);
#12242 = EDGE_LOOP('',(#12243,#12244,#12245,#12246));
#12243 = ORIENTED_EDGE('',*,*,#11279,.T.);
#12244 = ORIENTED_EDGE('',*,*,#11305,.T.);
#12245 = ORIENTED_EDGE('',*,*,#11206,.F.);
#12246 = ORIENTED_EDGE('',*,*,#11153,.F.);
#12247 = ADVANCED_FACE('',(#12248),#11371,.F.);
#12248 = FACE_BOUND('',#12249,.F.);
#12249 = EDGE_LOOP('',(#12250,#12251,#12252,#12253));
#12250 = ORIENTED_EDGE('',*,*,#11355,.T.);
#12251 = ORIENTED_EDGE('',*,*,#11408,.T.);
#12252 = ORIENTED_EDGE('',*,*,#11456,.F.);
#12253 = ORIENTED_EDGE('',*,*,#11506,.F.);
#12254 = ADVANCED_FACE('',(#12255),#11571,.T.);
#12255 = FACE_BOUND('',#12256,.T.);
#12256 = EDGE_LOOP('',(#12257,#12258,#12259,#12260));
#12257 = ORIENTED_EDGE('',*,*,#11708,.T.);
#12258 = ORIENTED_EDGE('',*,*,#11680,.T.);
#12259 = ORIENTED_EDGE('',*,*,#11608,.F.);
#12260 = ORIENTED_EDGE('',*,*,#11555,.F.);
#12261 = ADVANCED_FACE('',(#12262),#11965,.T.);
#12262 = FACE_BOUND('',#12263,.T.);
#12263 = EDGE_LOOP('',(#12264,#12265,#12266,#12267));
#12264 = ORIENTED_EDGE('',*,*,#11949,.T.);
#12265 = ORIENTED_EDGE('',*,*,#12002,.T.);
#12266 = ORIENTED_EDGE('',*,*,#12050,.F.);
#12267 = ORIENTED_EDGE('',*,*,#12100,.F.);
#12268 = ( GEOMETRIC_REPRESENTATION_CONTEXT(3) 
GLOBAL_UNCERTAINTY_ASSIGNED_CONTEXT((#12272)) 
GLOBAL_UNIT_ASSIGNED_CONTEXT((#12269,#12270,#12271)) 
REPRESENTATION_CONTEXT('Context #1',
  '3D Context with UNIT and UNCERTAINTY') );
#12269 = ( LENGTH_UNIT() NAMED_UNIT(*) SI_UNIT(.MILLI.,.METRE.) );
#12270 = ( NAMED_UNIT(*) PLANE_ANGLE_UNIT() SI_UNIT($,.RADIAN.) );
#12271 = ( NAMED_UNIT(*) SI_UNIT($,.STERADIAN.) SOLID_ANGLE_UNIT() );
#12272 = UNCERTAINTY_MEASURE_WITH_UNIT(LENGTH_MEASURE(1.E-07),#12269,
  'distance_accuracy_value','confusion accuracy');
#12273 = PRODUCT_RELATED_PRODUCT_CATEGORY('part',$,(#7));
ENDSEC;
END-ISO-10303-21;
