ISO-10303-21;
HEADER;
FILE_DESCRIPTION(('Open CASCADE Model'),'2;1');
FILE_NAME('Open CASCADE Shape Model','2026-09-27T20:57:54',('Author'),(
    'Open CASCADE'),'Open CASCADE STEP processor 7.9','Open CASCADE 7.9'
  ,'Unknown');
FILE_SCHEMA(('AUTOMOTIVE_DESIGN { 1 0 10303 214 1 1 1 1 }'));
ENDSEC;
DATA;
#1 = APPLICATION_PROTOCOL_DEFINITION('international standard',
  'automotive_design',2000,#2);
#2 = APPLICATION_CONTEXT(
  'core data for automotive mechanical design processes');
#3 = SHAPE_DEFINITION_REPRESENTATION(#4,#10);
#4 = PRODUCT_DEFINITION_SHAPE('','',#5);
#5 = PRODUCT_DEFINITION('design','',#6,#9);
#6 = PRODUCT_DEFINITION_FORMATION('','',#7);
#7 = PRODUCT('Open CASCADE STEP translator 7.9 3',
  'Open CASCADE STEP translator 7.9 3','',(#8));
#8 = PRODUCT_CONTEXT('',#2,'mechanical');
#9 = PRODUCT_DEFINITION_CONTEXT('part definition',#2,'design');
#10 = ADVANCED_BREP_SHAPE_REPRESENTATION('',(#11,#15),#18063);
#11 = AXIS2_PLACEMENT_3D('',#12,#13,#14);
#12 = CARTESIAN_POINT('',(0.,0.,0.));
#13 = DIRECTION('',(0.,0.,1.));
#14 = DIRECTION('',(1.,0.,-0.));
#15 = MANIFOLD_SOLID_BREP('',#16);
#16 = CLOSED_SHELL('',(#17,#734,#897,#1131,#1973,#2044,#2093,#2142,#2169
    ,#2240,#2311,#2360,#2431,#2480,#2529,#2806,#2889,#2948,#2987,#3041,
    #3090,#3447,#3523,#3713,#3772,#3811,#3865,#3936,#3985,#4034,#4136,
    #4212,#4283,#4332,#4381,#4430,#4479,#4528,#4577,#4626,#4675,#4724,
    #4751,#4800,#4849,#4920,#4969,#5018,#5089,#5160,#5209,#5304,#5353,
    #5402,#5503,#5552,#5579,#5606,#5653,#5940,#5999,#6038,#6092,#6151,
    #6186,#6236,#6295,#6330,#6380,#6439,#6474,#6524,#6600,#6671,#6698,
    #6725,#6804,#6855,#6861,#8017,#8093,#8378,#8454,#8525,#8552,#8628,
    #8699,#8726,#8797,#8868,#8944,#9015,#9062,#9138,#9209,#9256,#9332,
    #9403,#9450,#9526,#9597,#9644,#9720,#9791,#9838,#9909,#9992,#10051,
    #10086,#10145,#10253,#10329,#10400,#10447,#10530,#10589,#10624,
    #10683,#10687,#10770,#10829,#10864,#11155,#11498,#11557,#11665,
    #11741,#11812,#11859,#12096,#12179,#12238,#12277,#12568,#12919,
    #12974,#13082,#13158,#13229,#13276,#13359,#13418,#13457,#13512,
    #13516,#13599,#13658,#13697,#13752,#13860,#13936,#14007,#14054,
    #14593,#14664,#14713,#14762,#14789,#14843,#14914,#14963,#15012,
    #15039,#15110,#15159,#15208,#15235,#15306,#15355,#15404,#15431,
    #15467,#15494,#15583,#15610,#15646,#16161,#16232,#16281,#16330,
    #16357,#16407,#16478,#16527,#16576,#16603,#16674,#16723,#16772,
    #16799,#16870,#16919,#16968,#16995,#17122,#17170,#17265,#17292,
    #17319,#17419,#17541,#17589,#17616,#17643,#17694,#17720,#17797,
    #17824,#17875,#17902,#17953,#17980,#18057));
#17 = ADVANCED_FACE('',(#18,#473,#699),#32,.F.);
#18 = FACE_BOUND('',#19,.F.);
#19 = EDGE_LOOP('',(#20,#55,#83,#111,#139,#167,#195,#223,#251,#279,#307,
    #335,#363,#391,#419,#447));
#20 = ORIENTED_EDGE('',*,*,#21,.F.);
#21 = EDGE_CURVE('',#22,#24,#26,.T.);
#22 = VERTEX_POINT('',#23);
#23 = CARTESIAN_POINT('',(200.,-55.,32.));
#24 = VERTEX_POINT('',#25);
#25 = CARTESIAN_POINT('',(200.,-53.44705882352,32.));
#26 = SURFACE_CURVE('',#27,(#31,#43),.PCURVE_S1.);
#27 = LINE('',#28,#29);
#28 = CARTESIAN_POINT('',(200.,-75.,32.));
#29 = VECTOR('',#30,1.);
#30 = DIRECTION('',(0.,1.,0.));
#31 = PCURVE('',#32,#37);
#32 = PLANE('',#33);
#33 = AXIS2_PLACEMENT_3D('',#34,#35,#36);
#34 = CARTESIAN_POINT('',(200.,-75.,0.));
#35 = DIRECTION('',(1.,0.,0.));
#36 = DIRECTION('',(0.,0.,1.));
#37 = DEFINITIONAL_REPRESENTATION('',(#38),#42);
#38 = LINE('',#39,#40);
#39 = CARTESIAN_POINT('',(32.,0.));
#40 = VECTOR('',#41,1.);
#41 = DIRECTION('',(0.,-1.));
#42 = ( GEOMETRIC_REPRESENTATION_CONTEXT(2) 
PARAMETRIC_REPRESENTATION_CONTEXT() REPRESENTATION_CONTEXT('2D SPACE',''
  ) );
#43 = PCURVE('',#44,#49);
#44 = PLANE('',#45);
#45 = AXIS2_PLACEMENT_3D('',#46,#47,#48);
#46 = CARTESIAN_POINT('',(200.,-75.,32.));
#47 = DIRECTION('',(0.,0.,1.));
#48 = DIRECTION('',(1.,0.,0.));
#49 = DEFINITIONAL_REPRESENTATION('',(#50),#54);
#50 = LINE('',#51,#52);
#51 = CARTESIAN_POINT('',(0.,0.));
#52 = VECTOR('',#53,1.);
#53 = DIRECTION('',(0.,1.));
#54 = ( GEOMETRIC_REPRESENTATION_CONTEXT(2) 
PARAMETRIC_REPRESENTATION_CONTEXT() REPRESENTATION_CONTEXT('2D SPACE',''
  ) );
#55 = ORIENTED_EDGE('',*,*,#56,.T.);
#56 = EDGE_CURVE('',#22,#57,#59,.T.);
#57 = VERTEX_POINT('',#58);
#58 = CARTESIAN_POINT('',(200.,-55.,149.));
#59 = SURFACE_CURVE('',#60,(#64,#71),.PCURVE_S1.);
#60 = LINE('',#61,#62);
#61 = CARTESIAN_POINT('',(200.,-55.,30.5));
#62 = VECTOR('',#63,1.);
#63 = DIRECTION('',(-0.,-0.,1.));
#64 = PCURVE('',#32,#65);
#65 = DEFINITIONAL_REPRESENTATION('',(#66),#70);
#66 = LINE('',#67,#68);
#67 = CARTESIAN_POINT('',(30.5,-20.));
#68 = VECTOR('',#69,1.);
#69 = DIRECTION('',(1.,0.));
#70 = ( GEOMETRIC_REPRESENTATION_CONTEXT(2) 
PARAMETRIC_REPRESENTATION_CONTEXT() REPRESENTATION_CONTEXT('2D SPACE',''
  ) );
#71 = PCURVE('',#72,#77);
#72 = PLANE('',#73);
#73 = AXIS2_PLACEMENT_3D('',#74,#75,#76);
#74 = CARTESIAN_POINT('',(200.,-55.,30.5));
#75 = DIRECTION('',(-0.,-1.,-0.));
#76 = DIRECTION('',(0.,0.,-1.));
#77 = DEFINITIONAL_REPRESENTATION('',(#78),#82);
#78 = LINE('',#79,#80);
#79 = CARTESIAN_POINT('',(-0.,0.));
#80 = VECTOR('',#81,1.);
#81 = DIRECTION('',(-1.,0.));
#82 = ( GEOMETRIC_REPRESENTATION_CONTEXT(2) 
PARAMETRIC_REPRESENTATION_CONTEXT() REPRESENTATION_CONTEXT('2D SPACE',''
  ) );
#83 = ORIENTED_EDGE('',*,*,#84,.T.);
#84 = EDGE_CURVE('',#57,#85,#87,.T.);
#85 = VERTEX_POINT('',#86);
#86 = CARTESIAN_POINT('',(200.,-53.8,149.));
#87 = SURFACE_CURVE('',#88,(#92,#99),.PCURVE_S1.);
#88 = LINE('',#89,#90);
#89 = CARTESIAN_POINT('',(200.,-55.,149.));
#90 = VECTOR('',#91,1.);
#91 = DIRECTION('',(0.,1.,0.));
#92 = PCURVE('',#32,#93);
#93 = DEFINITIONAL_REPRESENTATION('',(#94),#98);
#94 = LINE('',#95,#96);
#95 = CARTESIAN_POINT('',(149.,-20.));
#96 = VECTOR('',#97,1.);
#97 = DIRECTION('',(0.,-1.));
#98 = ( GEOMETRIC_REPRESENTATION_CONTEXT(2) 
PARAMETRIC_REPRESENTATION_CONTEXT() REPRESENTATION_CONTEXT('2D SPACE',''
  ) );
#99 = PCURVE('',#100,#105);
#100 = PLANE('',#101);
#101 = AXIS2_PLACEMENT_3D('',#102,#103,#104);
#102 = CARTESIAN_POINT('',(200.,-55.,149.));
#103 = DIRECTION('',(0.,0.,1.));
#104 = DIRECTION('',(1.,0.,0.));
#105 = DEFINITIONAL_REPRESENTATION('',(#106),#110);
#106 = LINE('',#107,#108);
#107 = CARTESIAN_POINT('',(0.,0.));
#108 = VECTOR('',#109,1.);
#109 = DIRECTION('',(0.,1.));
#110 = ( GEOMETRIC_REPRESENTATION_CONTEXT(2) 
PARAMETRIC_REPRESENTATION_CONTEXT() REPRESENTATION_CONTEXT('2D SPACE',''
  ) );
#111 = ORIENTED_EDGE('',*,*,#112,.T.);
#112 = EDGE_CURVE('',#85,#113,#115,.T.);
#113 = VERTEX_POINT('',#114);
#114 = CARTESIAN_POINT('',(200.,-53.8,152.));
#115 = SURFACE_CURVE('',#116,(#120,#127),.PCURVE_S1.);
#116 = LINE('',#117,#118);
#117 = CARTESIAN_POINT('',(200.,-53.8,149.));
#118 = VECTOR('',#119,1.);
#119 = DIRECTION('',(0.,0.,1.));
#120 = PCURVE('',#32,#121);
#121 = DEFINITIONAL_REPRESENTATION('',(#122),#126);
#122 = LINE('',#123,#124);
#123 = CARTESIAN_POINT('',(149.,-21.2));
#124 = VECTOR('',#125,1.);
#125 = DIRECTION('',(1.,0.));
#126 = ( GEOMETRIC_REPRESENTATION_CONTEXT(2) 
PARAMETRIC_REPRESENTATION_CONTEXT() REPRESENTATION_CONTEXT('2D SPACE',''
  ) );
#127 = PCURVE('',#128,#133);
#128 = PLANE('',#129);
#129 = AXIS2_PLACEMENT_3D('',#130,#131,#132);
#130 = CARTESIAN_POINT('',(200.,-53.8,149.));
#131 = DIRECTION('',(0.,1.,0.));
#132 = DIRECTION('',(0.,0.,1.));
#133 = DEFINITIONAL_REPRESENTATION('',(#134),#138);
#134 = LINE('',#135,#136);
#135 = CARTESIAN_POINT('',(0.,0.));
#136 = VECTOR('',#137,1.);
#137 = DIRECTION('',(1.,0.));
#138 = ( GEOMETRIC_REPRESENTATION_CONTEXT(2) 
PARAMETRIC_REPRESENTATION_CONTEXT() REPRESENTATION_CONTEXT('2D SPACE',''
  ) );
#139 = ORIENTED_EDGE('',*,*,#140,.T.);
#140 = EDGE_CURVE('',#113,#141,#143,.T.);
#141 = VERTEX_POINT('',#142);
#142 = CARTESIAN_POINT('',(200.,53.8,152.));
#143 = SURFACE_CURVE('',#144,(#148,#155),.PCURVE_S1.);
#144 = LINE('',#145,#146);
#145 = CARTESIAN_POINT('',(200.,-61.,152.));
#146 = VECTOR('',#147,1.);
#147 = DIRECTION('',(0.,1.,0.));
#148 = PCURVE('',#32,#149);
#149 = DEFINITIONAL_REPRESENTATION('',(#150),#154);
#150 = LINE('',#151,#152);
#151 = CARTESIAN_POINT('',(152.,-14.));
#152 = VECTOR('',#153,1.);
#153 = DIRECTION('',(0.,-1.));
#154 = ( GEOMETRIC_REPRESENTATION_CONTEXT(2) 
PARAMETRIC_REPRESENTATION_CONTEXT() REPRESENTATION_CONTEXT('2D SPACE',''
  ) );
#155 = PCURVE('',#156,#161);
#156 = PLANE('',#157);
#157 = AXIS2_PLACEMENT_3D('',#158,#159,#160);
#158 = CARTESIAN_POINT('',(200.,-61.,152.));
#159 = DIRECTION('',(0.,0.,1.));
#160 = DIRECTION('',(1.,0.,0.));
#161 = DEFINITIONAL_REPRESENTATION('',(#162),#166);
#162 = LINE('',#163,#164);
#163 = CARTESIAN_POINT('',(0.,0.));
#164 = VECTOR('',#165,1.);
#165 = DIRECTION('',(0.,1.));
#166 = ( GEOMETRIC_REPRESENTATION_CONTEXT(2) 
PARAMETRIC_REPRESENTATION_CONTEXT() REPRESENTATION_CONTEXT('2D SPACE',''
  ) );
#167 = ORIENTED_EDGE('',*,*,#168,.F.);
#168 = EDGE_CURVE('',#169,#141,#171,.T.);
#169 = VERTEX_POINT('',#170);
#170 = CARTESIAN_POINT('',(200.,53.8,149.));
#171 = SURFACE_CURVE('',#172,(#176,#183),.PCURVE_S1.);
#172 = LINE('',#173,#174);
#173 = CARTESIAN_POINT('',(200.,53.8,149.));
#174 = VECTOR('',#175,1.);
#175 = DIRECTION('',(0.,0.,1.));
#176 = PCURVE('',#32,#177);
#177 = DEFINITIONAL_REPRESENTATION('',(#178),#182);
#178 = LINE('',#179,#180);
#179 = CARTESIAN_POINT('',(149.,-128.8));
#180 = VECTOR('',#181,1.);
#181 = DIRECTION('',(1.,0.));
#182 = ( GEOMETRIC_REPRESENTATION_CONTEXT(2) 
PARAMETRIC_REPRESENTATION_CONTEXT() REPRESENTATION_CONTEXT('2D SPACE',''
  ) );
#183 = PCURVE('',#184,#189);
#184 = PLANE('',#185);
#185 = AXIS2_PLACEMENT_3D('',#186,#187,#188);
#186 = CARTESIAN_POINT('',(200.,53.8,149.));
#187 = DIRECTION('',(0.,1.,0.));
#188 = DIRECTION('',(0.,0.,1.));
#189 = DEFINITIONAL_REPRESENTATION('',(#190),#194);
#190 = LINE('',#191,#192);
#191 = CARTESIAN_POINT('',(0.,0.));
#192 = VECTOR('',#193,1.);
#193 = DIRECTION('',(1.,0.));
#194 = ( GEOMETRIC_REPRESENTATION_CONTEXT(2) 
PARAMETRIC_REPRESENTATION_CONTEXT() REPRESENTATION_CONTEXT('2D SPACE',''
  ) );
#195 = ORIENTED_EDGE('',*,*,#196,.T.);
#196 = EDGE_CURVE('',#169,#197,#199,.T.);
#197 = VERTEX_POINT('',#198);
#198 = CARTESIAN_POINT('',(200.,55.,149.));
#199 = SURFACE_CURVE('',#200,(#204,#211),.PCURVE_S1.);
#200 = LINE('',#201,#202);
#201 = CARTESIAN_POINT('',(200.,53.8,149.));
#202 = VECTOR('',#203,1.);
#203 = DIRECTION('',(0.,1.,0.));
#204 = PCURVE('',#32,#205);
#205 = DEFINITIONAL_REPRESENTATION('',(#206),#210);
#206 = LINE('',#207,#208);
#207 = CARTESIAN_POINT('',(149.,-128.8));
#208 = VECTOR('',#209,1.);
#209 = DIRECTION('',(0.,-1.));
#210 = ( GEOMETRIC_REPRESENTATION_CONTEXT(2) 
PARAMETRIC_REPRESENTATION_CONTEXT() REPRESENTATION_CONTEXT('2D SPACE',''
  ) );
#211 = PCURVE('',#212,#217);
#212 = PLANE('',#213);
#213 = AXIS2_PLACEMENT_3D('',#214,#215,#216);
#214 = CARTESIAN_POINT('',(200.,53.8,149.));
#215 = DIRECTION('',(0.,0.,1.));
#216 = DIRECTION('',(1.,0.,0.));
#217 = DEFINITIONAL_REPRESENTATION('',(#218),#222);
#218 = LINE('',#219,#220);
#219 = CARTESIAN_POINT('',(0.,0.));
#220 = VECTOR('',#221,1.);
#221 = DIRECTION('',(0.,1.));
#222 = ( GEOMETRIC_REPRESENTATION_CONTEXT(2) 
PARAMETRIC_REPRESENTATION_CONTEXT() REPRESENTATION_CONTEXT('2D SPACE',''
  ) );
#223 = ORIENTED_EDGE('',*,*,#224,.F.);
#224 = EDGE_CURVE('',#225,#197,#227,.T.);
#225 = VERTEX_POINT('',#226);
#226 = CARTESIAN_POINT('',(200.,55.,32.));
#227 = SURFACE_CURVE('',#228,(#232,#239),.PCURVE_S1.);
#228 = LINE('',#229,#230);
#229 = CARTESIAN_POINT('',(200.,55.,30.5));
#230 = VECTOR('',#231,1.);
#231 = DIRECTION('',(0.,0.,1.));
#232 = PCURVE('',#32,#233);
#233 = DEFINITIONAL_REPRESENTATION('',(#234),#238);
#234 = LINE('',#235,#236);
#235 = CARTESIAN_POINT('',(30.5,-130.));
#236 = VECTOR('',#237,1.);
#237 = DIRECTION('',(1.,0.));
#238 = ( GEOMETRIC_REPRESENTATION_CONTEXT(2) 
PARAMETRIC_REPRESENTATION_CONTEXT() REPRESENTATION_CONTEXT('2D SPACE',''
  ) );
#239 = PCURVE('',#240,#245);
#240 = PLANE('',#241);
#241 = AXIS2_PLACEMENT_3D('',#242,#243,#244);
#242 = CARTESIAN_POINT('',(200.,55.,30.5));
#243 = DIRECTION('',(0.,1.,0.));
#244 = DIRECTION('',(0.,0.,1.));
#245 = DEFINITIONAL_REPRESENTATION('',(#246),#250);
#246 = LINE('',#247,#248);
#247 = CARTESIAN_POINT('',(0.,0.));
#248 = VECTOR('',#249,1.);
#249 = DIRECTION('',(1.,0.));
#250 = ( GEOMETRIC_REPRESENTATION_CONTEXT(2) 
PARAMETRIC_REPRESENTATION_CONTEXT() REPRESENTATION_CONTEXT('2D SPACE',''
  ) );
#251 = ORIENTED_EDGE('',*,*,#252,.F.);
#252 = EDGE_CURVE('',#253,#225,#255,.T.);
#253 = VERTEX_POINT('',#254);
#254 = CARTESIAN_POINT('',(200.,53.447058823529,32.));
#255 = SURFACE_CURVE('',#256,(#260,#267),.PCURVE_S1.);
#256 = LINE('',#257,#258);
#257 = CARTESIAN_POINT('',(200.,-75.,32.));
#258 = VECTOR('',#259,1.);
#259 = DIRECTION('',(0.,1.,0.));
#260 = PCURVE('',#32,#261);
#261 = DEFINITIONAL_REPRESENTATION('',(#262),#266);
#262 = LINE('',#263,#264);
#263 = CARTESIAN_POINT('',(32.,0.));
#264 = VECTOR('',#265,1.);
#265 = DIRECTION('',(0.,-1.));
#266 = ( GEOMETRIC_REPRESENTATION_CONTEXT(2) 
PARAMETRIC_REPRESENTATION_CONTEXT() REPRESENTATION_CONTEXT('2D SPACE',''
  ) );
#267 = PCURVE('',#268,#273);
#268 = PLANE('',#269);
#269 = AXIS2_PLACEMENT_3D('',#270,#271,#272);
#270 = CARTESIAN_POINT('',(200.,-75.,32.));
#271 = DIRECTION('',(0.,0.,1.));
#272 = DIRECTION('',(1.,0.,0.));
#273 = DEFINITIONAL_REPRESENTATION('',(#274),#278);
#274 = LINE('',#275,#276);
#275 = CARTESIAN_POINT('',(0.,0.));
#276 = VECTOR('',#277,1.);
#277 = DIRECTION('',(0.,1.));
#278 = ( GEOMETRIC_REPRESENTATION_CONTEXT(2) 
PARAMETRIC_REPRESENTATION_CONTEXT() REPRESENTATION_CONTEXT('2D SPACE',''
  ) );
#279 = ORIENTED_EDGE('',*,*,#280,.T.);
#280 = EDGE_CURVE('',#253,#281,#283,.T.);
#281 = VERTEX_POINT('',#282);
#282 = CARTESIAN_POINT('',(200.,53.447058823529,2.));
#283 = SURFACE_CURVE('',#284,(#288,#295),.PCURVE_S1.);
#284 = LINE('',#285,#286);
#285 = CARTESIAN_POINT('',(200.,53.447058823529,1.));
#286 = VECTOR('',#287,1.);
#287 = DIRECTION('',(0.,0.,-1.));
#288 = PCURVE('',#32,#289);
#289 = DEFINITIONAL_REPRESENTATION('',(#290),#294);
#290 = LINE('',#291,#292);
#291 = CARTESIAN_POINT('',(1.,-128.4470588235));
#292 = VECTOR('',#293,1.);
#293 = DIRECTION('',(-1.,0.));
#294 = ( GEOMETRIC_REPRESENTATION_CONTEXT(2) 
PARAMETRIC_REPRESENTATION_CONTEXT() REPRESENTATION_CONTEXT('2D SPACE',''
  ) );
#295 = PCURVE('',#296,#301);
#296 = PLANE('',#297);
#297 = AXIS2_PLACEMENT_3D('',#298,#299,#300);
#298 = CARTESIAN_POINT('',(206.3,55.3,2.));
#299 = DIRECTION('',(0.282166323992,-0.959365501571,0.));
#300 = DIRECTION('',(-0.959365501571,-0.282166323992,0.));
#301 = DEFINITIONAL_REPRESENTATION('',(#302),#306);
#302 = LINE('',#303,#304);
#303 = CARTESIAN_POINT('',(6.566840260236,1.));
#304 = VECTOR('',#305,1.);
#305 = DIRECTION('',(-0.,1.));
#306 = ( GEOMETRIC_REPRESENTATION_CONTEXT(2) 
PARAMETRIC_REPRESENTATION_CONTEXT() REPRESENTATION_CONTEXT('2D SPACE',''
  ) );
#307 = ORIENTED_EDGE('',*,*,#308,.T.);
#308 = EDGE_CURVE('',#281,#309,#311,.T.);
#309 = VERTEX_POINT('',#310);
#310 = CARTESIAN_POINT('',(200.,42.552941176471,2.));
#311 = SURFACE_CURVE('',#312,(#316,#323),.PCURVE_S1.);
#312 = LINE('',#313,#314);
#313 = CARTESIAN_POINT('',(200.,-13.5,2.));
#314 = VECTOR('',#315,1.);
#315 = DIRECTION('',(0.,-1.,0.));
#316 = PCURVE('',#32,#317);
#317 = DEFINITIONAL_REPRESENTATION('',(#318),#322);
#318 = LINE('',#319,#320);
#319 = CARTESIAN_POINT('',(2.,-61.5));
#320 = VECTOR('',#321,1.);
#321 = DIRECTION('',(0.,1.));
#322 = ( GEOMETRIC_REPRESENTATION_CONTEXT(2) 
PARAMETRIC_REPRESENTATION_CONTEXT() REPRESENTATION_CONTEXT('2D SPACE',''
  ) );
#323 = PCURVE('',#324,#329);
#324 = PLANE('',#325);
#325 = AXIS2_PLACEMENT_3D('',#326,#327,#328);
#326 = CARTESIAN_POINT('',(203.24538773683,48.,2.));
#327 = DIRECTION('',(0.,0.,1.));
#328 = DIRECTION('',(1.,0.,-0.));
#329 = DEFINITIONAL_REPRESENTATION('',(#330),#334);
#330 = LINE('',#331,#332);
#331 = CARTESIAN_POINT('',(-3.245387736832,-61.5));
#332 = VECTOR('',#333,1.);
#333 = DIRECTION('',(0.,-1.));
#334 = ( GEOMETRIC_REPRESENTATION_CONTEXT(2) 
PARAMETRIC_REPRESENTATION_CONTEXT() REPRESENTATION_CONTEXT('2D SPACE',''
  ) );
#335 = ORIENTED_EDGE('',*,*,#336,.T.);
#336 = EDGE_CURVE('',#309,#337,#339,.T.);
#337 = VERTEX_POINT('',#338);
#338 = CARTESIAN_POINT('',(200.,42.552941176471,32.));
#339 = SURFACE_CURVE('',#340,(#344,#351),.PCURVE_S1.);
#340 = LINE('',#341,#342);
#341 = CARTESIAN_POINT('',(200.,42.552941176471,1.));
#342 = VECTOR('',#343,1.);
#343 = DIRECTION('',(-0.,0.,1.));
#344 = PCURVE('',#32,#345);
#345 = DEFINITIONAL_REPRESENTATION('',(#346),#350);
#346 = LINE('',#347,#348);
#347 = CARTESIAN_POINT('',(1.,-117.5529411764));
#348 = VECTOR('',#349,1.);
#349 = DIRECTION('',(1.,0.));
#350 = ( GEOMETRIC_REPRESENTATION_CONTEXT(2) 
PARAMETRIC_REPRESENTATION_CONTEXT() REPRESENTATION_CONTEXT('2D SPACE',''
  ) );
#351 = PCURVE('',#352,#357);
#352 = PLANE('',#353);
#353 = AXIS2_PLACEMENT_3D('',#354,#355,#356);
#354 = CARTESIAN_POINT('',(199.5,42.7,2.));
#355 = DIRECTION('',(0.282166323992,0.959365501571,-0.));
#356 = DIRECTION('',(0.959365501571,-0.282166323992,0.));
#357 = DEFINITIONAL_REPRESENTATION('',(#358),#362);
#358 = LINE('',#359,#360);
#359 = CARTESIAN_POINT('',(0.521177798431,1.));
#360 = VECTOR('',#361,1.);
#361 = DIRECTION('',(0.,-1.));
#362 = ( GEOMETRIC_REPRESENTATION_CONTEXT(2) 
PARAMETRIC_REPRESENTATION_CONTEXT() REPRESENTATION_CONTEXT('2D SPACE',''
  ) );
#363 = ORIENTED_EDGE('',*,*,#364,.F.);
#364 = EDGE_CURVE('',#365,#337,#367,.T.);
#365 = VERTEX_POINT('',#366);
#366 = CARTESIAN_POINT('',(200.,-42.55294117647,32.));
#367 = SURFACE_CURVE('',#368,(#372,#379),.PCURVE_S1.);
#368 = LINE('',#369,#370);
#369 = CARTESIAN_POINT('',(200.,-75.,32.));
#370 = VECTOR('',#371,1.);
#371 = DIRECTION('',(0.,1.,0.));
#372 = PCURVE('',#32,#373);
#373 = DEFINITIONAL_REPRESENTATION('',(#374),#378);
#374 = LINE('',#375,#376);
#375 = CARTESIAN_POINT('',(32.,0.));
#376 = VECTOR('',#377,1.);
#377 = DIRECTION('',(0.,-1.));
#378 = ( GEOMETRIC_REPRESENTATION_CONTEXT(2) 
PARAMETRIC_REPRESENTATION_CONTEXT() REPRESENTATION_CONTEXT('2D SPACE',''
  ) );
#379 = PCURVE('',#380,#385);
#380 = PLANE('',#381);
#381 = AXIS2_PLACEMENT_3D('',#382,#383,#384);
#382 = CARTESIAN_POINT('',(200.,-75.,32.));
#383 = DIRECTION('',(0.,0.,1.));
#384 = DIRECTION('',(1.,0.,0.));
#385 = DEFINITIONAL_REPRESENTATION('',(#386),#390);
#386 = LINE('',#387,#388);
#387 = CARTESIAN_POINT('',(0.,0.));
#388 = VECTOR('',#389,1.);
#389 = DIRECTION('',(0.,1.));
#390 = ( GEOMETRIC_REPRESENTATION_CONTEXT(2) 
PARAMETRIC_REPRESENTATION_CONTEXT() REPRESENTATION_CONTEXT('2D SPACE',''
  ) );
#391 = ORIENTED_EDGE('',*,*,#392,.T.);
#392 = EDGE_CURVE('',#365,#393,#395,.T.);
#393 = VERTEX_POINT('',#394);
#394 = CARTESIAN_POINT('',(200.,-42.55294117647,2.));
#395 = SURFACE_CURVE('',#396,(#400,#407),.PCURVE_S1.);
#396 = LINE('',#397,#398);
#397 = CARTESIAN_POINT('',(200.,-42.55294117647,1.));
#398 = VECTOR('',#399,1.);
#399 = DIRECTION('',(0.,0.,-1.));
#400 = PCURVE('',#32,#401);
#401 = DEFINITIONAL_REPRESENTATION('',(#402),#406);
#402 = LINE('',#403,#404);
#403 = CARTESIAN_POINT('',(1.,-32.44705882352));
#404 = VECTOR('',#405,1.);
#405 = DIRECTION('',(-1.,0.));
#406 = ( GEOMETRIC_REPRESENTATION_CONTEXT(2) 
PARAMETRIC_REPRESENTATION_CONTEXT() REPRESENTATION_CONTEXT('2D SPACE',''
  ) );
#407 = PCURVE('',#408,#413);
#408 = PLANE('',#409);
#409 = AXIS2_PLACEMENT_3D('',#410,#411,#412);
#410 = CARTESIAN_POINT('',(206.3,-40.7,2.));
#411 = DIRECTION('',(0.282166323992,-0.959365501571,0.));
#412 = DIRECTION('',(-0.959365501571,-0.282166323992,0.));
#413 = DEFINITIONAL_REPRESENTATION('',(#414),#418);
#414 = LINE('',#415,#416);
#415 = CARTESIAN_POINT('',(6.566840260236,1.));
#416 = VECTOR('',#417,1.);
#417 = DIRECTION('',(-0.,1.));
#418 = ( GEOMETRIC_REPRESENTATION_CONTEXT(2) 
PARAMETRIC_REPRESENTATION_CONTEXT() REPRESENTATION_CONTEXT('2D SPACE',''
  ) );
#419 = ORIENTED_EDGE('',*,*,#420,.T.);
#420 = EDGE_CURVE('',#393,#421,#423,.T.);
#421 = VERTEX_POINT('',#422);
#422 = CARTESIAN_POINT('',(200.,-53.44705882352,2.));
#423 = SURFACE_CURVE('',#424,(#428,#435),.PCURVE_S1.);
#424 = LINE('',#425,#426);
#425 = CARTESIAN_POINT('',(200.,-61.5,2.));
#426 = VECTOR('',#427,1.);
#427 = DIRECTION('',(0.,-1.,0.));
#428 = PCURVE('',#32,#429);
#429 = DEFINITIONAL_REPRESENTATION('',(#430),#434);
#430 = LINE('',#431,#432);
#431 = CARTESIAN_POINT('',(2.,-13.5));
#432 = VECTOR('',#433,1.);
#433 = DIRECTION('',(0.,1.));
#434 = ( GEOMETRIC_REPRESENTATION_CONTEXT(2) 
PARAMETRIC_REPRESENTATION_CONTEXT() REPRESENTATION_CONTEXT('2D SPACE',''
  ) );
#435 = PCURVE('',#436,#441);
#436 = PLANE('',#437);
#437 = AXIS2_PLACEMENT_3D('',#438,#439,#440);
#438 = CARTESIAN_POINT('',(203.24538773683,-48.,2.));
#439 = DIRECTION('',(0.,0.,1.));
#440 = DIRECTION('',(1.,0.,-0.));
#441 = DEFINITIONAL_REPRESENTATION('',(#442),#446);
#442 = LINE('',#443,#444);
#443 = CARTESIAN_POINT('',(-3.245387736832,-13.5));
#444 = VECTOR('',#445,1.);
#445 = DIRECTION('',(0.,-1.));
#446 = ( GEOMETRIC_REPRESENTATION_CONTEXT(2) 
PARAMETRIC_REPRESENTATION_CONTEXT() REPRESENTATION_CONTEXT('2D SPACE',''
  ) );
#447 = ORIENTED_EDGE('',*,*,#448,.T.);
#448 = EDGE_CURVE('',#421,#24,#449,.T.);
#449 = SURFACE_CURVE('',#450,(#454,#461),.PCURVE_S1.);
#450 = LINE('',#451,#452);
#451 = CARTESIAN_POINT('',(200.,-53.44705882352,1.));
#452 = VECTOR('',#453,1.);
#453 = DIRECTION('',(-0.,0.,1.));
#454 = PCURVE('',#32,#455);
#455 = DEFINITIONAL_REPRESENTATION('',(#456),#460);
#456 = LINE('',#457,#458);
#457 = CARTESIAN_POINT('',(1.,-21.55294117647));
#458 = VECTOR('',#459,1.);
#459 = DIRECTION('',(1.,0.));
#460 = ( GEOMETRIC_REPRESENTATION_CONTEXT(2) 
PARAMETRIC_REPRESENTATION_CONTEXT() REPRESENTATION_CONTEXT('2D SPACE',''
  ) );
#461 = PCURVE('',#462,#467);
#462 = PLANE('',#463);
#463 = AXIS2_PLACEMENT_3D('',#464,#465,#466);
#464 = CARTESIAN_POINT('',(199.5,-53.3,2.));
#465 = DIRECTION('',(0.282166323992,0.959365501571,-0.));
#466 = DIRECTION('',(0.959365501571,-0.282166323992,0.));
#467 = DEFINITIONAL_REPRESENTATION('',(#468),#472);
#468 = LINE('',#469,#470);
#469 = CARTESIAN_POINT('',(0.521177798431,1.));
#470 = VECTOR('',#471,1.);
#471 = DIRECTION('',(0.,-1.));
#472 = ( GEOMETRIC_REPRESENTATION_CONTEXT(2) 
PARAMETRIC_REPRESENTATION_CONTEXT() REPRESENTATION_CONTEXT('2D SPACE',''
  ) );
#473 = FACE_BOUND('',#474,.F.);
#474 = EDGE_LOOP('',(#475,#505,#533,#561,#589,#617,#645,#673));
#475 = ORIENTED_EDGE('',*,*,#476,.F.);
#476 = EDGE_CURVE('',#477,#479,#481,.T.);
#477 = VERTEX_POINT('',#478);
#478 = CARTESIAN_POINT('',(200.,-61.,36.));
#479 = VERTEX_POINT('',#480);
#480 = CARTESIAN_POINT('',(200.,-61.,158.));
#481 = SURFACE_CURVE('',#482,(#486,#493),.PCURVE_S1.);
#482 = LINE('',#483,#484);
#483 = CARTESIAN_POINT('',(200.,-61.,36.));
#484 = VECTOR('',#485,1.);
#485 = DIRECTION('',(0.,0.,1.));
#486 = PCURVE('',#32,#487);
#487 = DEFINITIONAL_REPRESENTATION('',(#488),#492);
#488 = LINE('',#489,#490);
#489 = CARTESIAN_POINT('',(36.,-14.));
#490 = VECTOR('',#491,1.);
#491 = DIRECTION('',(1.,0.));
#492 = ( GEOMETRIC_REPRESENTATION_CONTEXT(2) 
PARAMETRIC_REPRESENTATION_CONTEXT() REPRESENTATION_CONTEXT('2D SPACE',''
  ) );
#493 = PCURVE('',#494,#499);
#494 = PLANE('',#495);
#495 = AXIS2_PLACEMENT_3D('',#496,#497,#498);
#496 = CARTESIAN_POINT('',(200.,-61.,30.5));
#497 = DIRECTION('',(-0.,-1.,-0.));
#498 = DIRECTION('',(0.,0.,-1.));
#499 = DEFINITIONAL_REPRESENTATION('',(#500),#504);
#500 = LINE('',#501,#502);
#501 = CARTESIAN_POINT('',(-5.5,0.));
#502 = VECTOR('',#503,1.);
#503 = DIRECTION('',(-1.,0.));
#504 = ( GEOMETRIC_REPRESENTATION_CONTEXT(2) 
PARAMETRIC_REPRESENTATION_CONTEXT() REPRESENTATION_CONTEXT('2D SPACE',''
  ) );
#505 = ORIENTED_EDGE('',*,*,#506,.T.);
#506 = EDGE_CURVE('',#477,#507,#509,.T.);
#507 = VERTEX_POINT('',#508);
#508 = CARTESIAN_POINT('',(200.,-75.,36.));
#509 = SURFACE_CURVE('',#510,(#514,#521),.PCURVE_S1.);
#510 = LINE('',#511,#512);
#511 = CARTESIAN_POINT('',(200.,-55.,36.));
#512 = VECTOR('',#513,1.);
#513 = DIRECTION('',(0.,-1.,0.));
#514 = PCURVE('',#32,#515);
#515 = DEFINITIONAL_REPRESENTATION('',(#516),#520);
#516 = LINE('',#517,#518);
#517 = CARTESIAN_POINT('',(36.,-20.));
#518 = VECTOR('',#519,1.);
#519 = DIRECTION('',(0.,1.));
#520 = ( GEOMETRIC_REPRESENTATION_CONTEXT(2) 
PARAMETRIC_REPRESENTATION_CONTEXT() REPRESENTATION_CONTEXT('2D SPACE',''
  ) );
#521 = PCURVE('',#522,#527);
#522 = PLANE('',#523);
#523 = AXIS2_PLACEMENT_3D('',#524,#525,#526);
#524 = CARTESIAN_POINT('',(200.,-55.,36.));
#525 = DIRECTION('',(0.,0.,1.));
#526 = DIRECTION('',(-1.,-0.,0.));
#527 = DEFINITIONAL_REPRESENTATION('',(#528),#532);
#528 = LINE('',#529,#530);
#529 = CARTESIAN_POINT('',(-0.,-0.));
#530 = VECTOR('',#531,1.);
#531 = DIRECTION('',(-0.,1.));
#532 = ( GEOMETRIC_REPRESENTATION_CONTEXT(2) 
PARAMETRIC_REPRESENTATION_CONTEXT() REPRESENTATION_CONTEXT('2D SPACE',''
  ) );
#533 = ORIENTED_EDGE('',*,*,#534,.F.);
#534 = EDGE_CURVE('',#535,#507,#537,.T.);
#535 = VERTEX_POINT('',#536);
#536 = CARTESIAN_POINT('',(200.,-75.,0.));
#537 = SURFACE_CURVE('',#538,(#542,#549),.PCURVE_S1.);
#538 = LINE('',#539,#540);
#539 = CARTESIAN_POINT('',(200.,-75.,0.));
#540 = VECTOR('',#541,1.);
#541 = DIRECTION('',(0.,0.,1.));
#542 = PCURVE('',#32,#543);
#543 = DEFINITIONAL_REPRESENTATION('',(#544),#548);
#544 = LINE('',#545,#546);
#545 = CARTESIAN_POINT('',(0.,0.));
#546 = VECTOR('',#547,1.);
#547 = DIRECTION('',(1.,0.));
#548 = ( GEOMETRIC_REPRESENTATION_CONTEXT(2) 
PARAMETRIC_REPRESENTATION_CONTEXT() REPRESENTATION_CONTEXT('2D SPACE',''
  ) );
#549 = PCURVE('',#550,#555);
#550 = PLANE('',#551);
#551 = AXIS2_PLACEMENT_3D('',#552,#553,#554);
#552 = CARTESIAN_POINT('',(200.,-75.,0.));
#553 = DIRECTION('',(0.,1.,0.));
#554 = DIRECTION('',(0.,0.,1.));
#555 = DEFINITIONAL_REPRESENTATION('',(#556),#560);
#556 = LINE('',#557,#558);
#557 = CARTESIAN_POINT('',(0.,0.));
#558 = VECTOR('',#559,1.);
#559 = DIRECTION('',(1.,0.));
#560 = ( GEOMETRIC_REPRESENTATION_CONTEXT(2) 
PARAMETRIC_REPRESENTATION_CONTEXT() REPRESENTATION_CONTEXT('2D SPACE',''
  ) );
#561 = ORIENTED_EDGE('',*,*,#562,.F.);
#562 = EDGE_CURVE('',#563,#535,#565,.T.);
#563 = VERTEX_POINT('',#564);
#564 = CARTESIAN_POINT('',(200.,75.,0.));
#565 = SURFACE_CURVE('',#566,(#570,#577),.PCURVE_S1.);
#566 = LINE('',#567,#568);
#567 = CARTESIAN_POINT('',(200.,75.,0.));
#568 = VECTOR('',#569,1.);
#569 = DIRECTION('',(0.,-1.,0.));
#570 = PCURVE('',#32,#571);
#571 = DEFINITIONAL_REPRESENTATION('',(#572),#576);
#572 = LINE('',#573,#574);
#573 = CARTESIAN_POINT('',(0.,-150.));
#574 = VECTOR('',#575,1.);
#575 = DIRECTION('',(0.,1.));
#576 = ( GEOMETRIC_REPRESENTATION_CONTEXT(2) 
PARAMETRIC_REPRESENTATION_CONTEXT() REPRESENTATION_CONTEXT('2D SPACE',''
  ) );
#577 = PCURVE('',#578,#583);
#578 = PLANE('',#579);
#579 = AXIS2_PLACEMENT_3D('',#580,#581,#582);
#580 = CARTESIAN_POINT('',(200.,-75.,0.));
#581 = DIRECTION('',(0.,0.,1.));
#582 = DIRECTION('',(1.,0.,0.));
#583 = DEFINITIONAL_REPRESENTATION('',(#584),#588);
#584 = LINE('',#585,#586);
#585 = CARTESIAN_POINT('',(0.,150.));
#586 = VECTOR('',#587,1.);
#587 = DIRECTION('',(0.,-1.));
#588 = ( GEOMETRIC_REPRESENTATION_CONTEXT(2) 
PARAMETRIC_REPRESENTATION_CONTEXT() REPRESENTATION_CONTEXT('2D SPACE',''
  ) );
#589 = ORIENTED_EDGE('',*,*,#590,.F.);
#590 = EDGE_CURVE('',#591,#563,#593,.T.);
#591 = VERTEX_POINT('',#592);
#592 = CARTESIAN_POINT('',(200.,75.,36.));
#593 = SURFACE_CURVE('',#594,(#598,#605),.PCURVE_S1.);
#594 = LINE('',#595,#596);
#595 = CARTESIAN_POINT('',(200.,75.,36.));
#596 = VECTOR('',#597,1.);
#597 = DIRECTION('',(0.,0.,-1.));
#598 = PCURVE('',#32,#599);
#599 = DEFINITIONAL_REPRESENTATION('',(#600),#604);
#600 = LINE('',#601,#602);
#601 = CARTESIAN_POINT('',(36.,-150.));
#602 = VECTOR('',#603,1.);
#603 = DIRECTION('',(-1.,0.));
#604 = ( GEOMETRIC_REPRESENTATION_CONTEXT(2) 
PARAMETRIC_REPRESENTATION_CONTEXT() REPRESENTATION_CONTEXT('2D SPACE',''
  ) );
#605 = PCURVE('',#606,#611);
#606 = PLANE('',#607);
#607 = AXIS2_PLACEMENT_3D('',#608,#609,#610);
#608 = CARTESIAN_POINT('',(200.,75.,0.));
#609 = DIRECTION('',(0.,1.,0.));
#610 = DIRECTION('',(0.,0.,1.));
#611 = DEFINITIONAL_REPRESENTATION('',(#612),#616);
#612 = LINE('',#613,#614);
#613 = CARTESIAN_POINT('',(36.,0.));
#614 = VECTOR('',#615,1.);
#615 = DIRECTION('',(-1.,0.));
#616 = ( GEOMETRIC_REPRESENTATION_CONTEXT(2) 
PARAMETRIC_REPRESENTATION_CONTEXT() REPRESENTATION_CONTEXT('2D SPACE',''
  ) );
#617 = ORIENTED_EDGE('',*,*,#618,.F.);
#618 = EDGE_CURVE('',#619,#591,#621,.T.);
#619 = VERTEX_POINT('',#620);
#620 = CARTESIAN_POINT('',(200.,61.,36.));
#621 = SURFACE_CURVE('',#622,(#626,#633),.PCURVE_S1.);
#622 = LINE('',#623,#624);
#623 = CARTESIAN_POINT('',(200.,55.,36.));
#624 = VECTOR('',#625,1.);
#625 = DIRECTION('',(0.,1.,0.));
#626 = PCURVE('',#32,#627);
#627 = DEFINITIONAL_REPRESENTATION('',(#628),#632);
#628 = LINE('',#629,#630);
#629 = CARTESIAN_POINT('',(36.,-130.));
#630 = VECTOR('',#631,1.);
#631 = DIRECTION('',(0.,-1.));
#632 = ( GEOMETRIC_REPRESENTATION_CONTEXT(2) 
PARAMETRIC_REPRESENTATION_CONTEXT() REPRESENTATION_CONTEXT('2D SPACE',''
  ) );
#633 = PCURVE('',#634,#639);
#634 = PLANE('',#635);
#635 = AXIS2_PLACEMENT_3D('',#636,#637,#638);
#636 = CARTESIAN_POINT('',(200.,55.,36.));
#637 = DIRECTION('',(0.,0.,1.));
#638 = DIRECTION('',(1.,0.,0.));
#639 = DEFINITIONAL_REPRESENTATION('',(#640),#644);
#640 = LINE('',#641,#642);
#641 = CARTESIAN_POINT('',(0.,0.));
#642 = VECTOR('',#643,1.);
#643 = DIRECTION('',(0.,1.));
#644 = ( GEOMETRIC_REPRESENTATION_CONTEXT(2) 
PARAMETRIC_REPRESENTATION_CONTEXT() REPRESENTATION_CONTEXT('2D SPACE',''
  ) );
#645 = ORIENTED_EDGE('',*,*,#646,.F.);
#646 = EDGE_CURVE('',#647,#619,#649,.T.);
#647 = VERTEX_POINT('',#648);
#648 = CARTESIAN_POINT('',(200.,61.,158.));
#649 = SURFACE_CURVE('',#650,(#654,#661),.PCURVE_S1.);
#650 = LINE('',#651,#652);
#651 = CARTESIAN_POINT('',(200.,61.,158.));
#652 = VECTOR('',#653,1.);
#653 = DIRECTION('',(0.,0.,-1.));
#654 = PCURVE('',#32,#655);
#655 = DEFINITIONAL_REPRESENTATION('',(#656),#660);
#656 = LINE('',#657,#658);
#657 = CARTESIAN_POINT('',(158.,-136.));
#658 = VECTOR('',#659,1.);
#659 = DIRECTION('',(-1.,0.));
#660 = ( GEOMETRIC_REPRESENTATION_CONTEXT(2) 
PARAMETRIC_REPRESENTATION_CONTEXT() REPRESENTATION_CONTEXT('2D SPACE',''
  ) );
#661 = PCURVE('',#662,#667);
#662 = PLANE('',#663);
#663 = AXIS2_PLACEMENT_3D('',#664,#665,#666);
#664 = CARTESIAN_POINT('',(200.,61.,30.5));
#665 = DIRECTION('',(0.,1.,0.));
#666 = DIRECTION('',(0.,0.,1.));
#667 = DEFINITIONAL_REPRESENTATION('',(#668),#672);
#668 = LINE('',#669,#670);
#669 = CARTESIAN_POINT('',(127.5,0.));
#670 = VECTOR('',#671,1.);
#671 = DIRECTION('',(-1.,0.));
#672 = ( GEOMETRIC_REPRESENTATION_CONTEXT(2) 
PARAMETRIC_REPRESENTATION_CONTEXT() REPRESENTATION_CONTEXT('2D SPACE',''
  ) );
#673 = ORIENTED_EDGE('',*,*,#674,.F.);
#674 = EDGE_CURVE('',#479,#647,#675,.T.);
#675 = SURFACE_CURVE('',#676,(#680,#687),.PCURVE_S1.);
#676 = LINE('',#677,#678);
#677 = CARTESIAN_POINT('',(200.,-61.,158.));
#678 = VECTOR('',#679,1.);
#679 = DIRECTION('',(0.,1.,0.));
#680 = PCURVE('',#32,#681);
#681 = DEFINITIONAL_REPRESENTATION('',(#682),#686);
#682 = LINE('',#683,#684);
#683 = CARTESIAN_POINT('',(158.,-14.));
#684 = VECTOR('',#685,1.);
#685 = DIRECTION('',(0.,-1.));
#686 = ( GEOMETRIC_REPRESENTATION_CONTEXT(2) 
PARAMETRIC_REPRESENTATION_CONTEXT() REPRESENTATION_CONTEXT('2D SPACE',''
  ) );
#687 = PCURVE('',#688,#693);
#688 = PLANE('',#689);
#689 = AXIS2_PLACEMENT_3D('',#690,#691,#692);
#690 = CARTESIAN_POINT('',(200.,55.,158.));
#691 = DIRECTION('',(0.,0.,1.));
#692 = DIRECTION('',(1.,0.,0.));
#693 = DEFINITIONAL_REPRESENTATION('',(#694),#698);
#694 = LINE('',#695,#696);
#695 = CARTESIAN_POINT('',(0.,-116.));
#696 = VECTOR('',#697,1.);
#697 = DIRECTION('',(0.,1.));
#698 = ( GEOMETRIC_REPRESENTATION_CONTEXT(2) 
PARAMETRIC_REPRESENTATION_CONTEXT() REPRESENTATION_CONTEXT('2D SPACE',''
  ) );
#699 = FACE_BOUND('',#700,.F.);
#700 = EDGE_LOOP('',(#701));
#701 = ORIENTED_EDGE('',*,*,#702,.T.);
#702 = EDGE_CURVE('',#703,#703,#705,.T.);
#703 = VERTEX_POINT('',#704);
#704 = CARTESIAN_POINT('',(200.,-62.,10.));
#705 = SURFACE_CURVE('',#706,(#711,#722),.PCURVE_S1.);
#706 = CIRCLE('',#707,4.);
#707 = AXIS2_PLACEMENT_3D('',#708,#709,#710);
#708 = CARTESIAN_POINT('',(200.,-66.,10.));
#709 = DIRECTION('',(-1.,0.,0.));
#710 = DIRECTION('',(0.,1.,0.));
#711 = PCURVE('',#32,#712);
#712 = DEFINITIONAL_REPRESENTATION('',(#713),#721);
#713 = ( BOUNDED_CURVE() B_SPLINE_CURVE(2,(#714,#715,#716,#717,#718,#719
,#720),.UNSPECIFIED.,.T.,.F.) B_SPLINE_CURVE_WITH_KNOTS((1,2,2,2,2,1),(
    -2.094395102393,0.,2.094395102393,4.188790204786,6.28318530718,
8.377580409573),.UNSPECIFIED.) CURVE() GEOMETRIC_REPRESENTATION_ITEM() 
RATIONAL_B_SPLINE_CURVE((1.,0.5,1.,0.5,1.,0.5,1.)) REPRESENTATION_ITEM(
  '') );
#714 = CARTESIAN_POINT('',(10.,-13.));
#715 = CARTESIAN_POINT('',(3.071796769724,-13.));
#716 = CARTESIAN_POINT('',(6.535898384862,-7.));
#717 = CARTESIAN_POINT('',(10.,-1.));
#718 = CARTESIAN_POINT('',(13.464101615138,-7.));
#719 = CARTESIAN_POINT('',(16.928203230276,-13.));
#720 = CARTESIAN_POINT('',(10.,-13.));
#721 = ( GEOMETRIC_REPRESENTATION_CONTEXT(2) 
PARAMETRIC_REPRESENTATION_CONTEXT() REPRESENTATION_CONTEXT('2D SPACE',''
  ) );
#722 = PCURVE('',#723,#728);
#723 = CYLINDRICAL_SURFACE('',#724,4.);
#724 = AXIS2_PLACEMENT_3D('',#725,#726,#727);
#725 = CARTESIAN_POINT('',(199.,-66.,10.));
#726 = DIRECTION('',(-1.,-0.,-0.));
#727 = DIRECTION('',(0.,1.,0.));
#728 = DEFINITIONAL_REPRESENTATION('',(#729),#733);
#729 = LINE('',#730,#731);
#730 = CARTESIAN_POINT('',(-6.28318530718,-1.));
#731 = VECTOR('',#732,1.);
#732 = DIRECTION('',(1.,-0.));
#733 = ( GEOMETRIC_REPRESENTATION_CONTEXT(2) 
PARAMETRIC_REPRESENTATION_CONTEXT() REPRESENTATION_CONTEXT('2D SPACE',''
  ) );
#734 = ADVANCED_FACE('',(#735),#723,.F.);
#735 = FACE_BOUND('',#736,.T.);
#736 = EDGE_LOOP('',(#737,#738,#761,#790,#818,#851,#874,#896));
#737 = ORIENTED_EDGE('',*,*,#702,.T.);
#738 = ORIENTED_EDGE('',*,*,#739,.T.);
#739 = EDGE_CURVE('',#703,#740,#742,.T.);
#740 = VERTEX_POINT('',#741);
#741 = CARTESIAN_POINT('',(203.4,-62.,10.));
#742 = SEAM_CURVE('',#743,(#747,#754),.PCURVE_S1.);
#743 = LINE('',#744,#745);
#744 = CARTESIAN_POINT('',(199.,-62.,10.));
#745 = VECTOR('',#746,1.);
#746 = DIRECTION('',(1.,0.,0.));
#747 = PCURVE('',#723,#748);
#748 = DEFINITIONAL_REPRESENTATION('',(#749),#753);
#749 = LINE('',#750,#751);
#750 = CARTESIAN_POINT('',(-6.28318530718,0.));
#751 = VECTOR('',#752,1.);
#752 = DIRECTION('',(-0.,-1.));
#753 = ( GEOMETRIC_REPRESENTATION_CONTEXT(2) 
PARAMETRIC_REPRESENTATION_CONTEXT() REPRESENTATION_CONTEXT('2D SPACE',''
  ) );
#754 = PCURVE('',#723,#755);
#755 = DEFINITIONAL_REPRESENTATION('',(#756),#760);
#756 = LINE('',#757,#758);
#757 = CARTESIAN_POINT('',(-0.,0.));
#758 = VECTOR('',#759,1.);
#759 = DIRECTION('',(-0.,-1.));
#760 = ( GEOMETRIC_REPRESENTATION_CONTEXT(2) 
PARAMETRIC_REPRESENTATION_CONTEXT() REPRESENTATION_CONTEXT('2D SPACE',''
  ) );
#761 = ORIENTED_EDGE('',*,*,#762,.T.);
#762 = EDGE_CURVE('',#740,#763,#765,.T.);
#763 = VERTEX_POINT('',#764);
#764 = CARTESIAN_POINT('',(203.4,-63.2,12.856571371417));
#765 = SURFACE_CURVE('',#766,(#771,#778),.PCURVE_S1.);
#766 = CIRCLE('',#767,4.);
#767 = AXIS2_PLACEMENT_3D('',#768,#769,#770);
#768 = CARTESIAN_POINT('',(203.4,-66.,10.));
#769 = DIRECTION('',(1.,0.,0.));
#770 = DIRECTION('',(0.,1.,0.));
#771 = PCURVE('',#723,#772);
#772 = DEFINITIONAL_REPRESENTATION('',(#773),#777);
#773 = LINE('',#774,#775);
#774 = CARTESIAN_POINT('',(-0.,-4.4));
#775 = VECTOR('',#776,1.);
#776 = DIRECTION('',(-1.,0.));
#777 = ( GEOMETRIC_REPRESENTATION_CONTEXT(2) 
PARAMETRIC_REPRESENTATION_CONTEXT() REPRESENTATION_CONTEXT('2D SPACE',''
  ) );
#778 = PCURVE('',#779,#784);
#779 = PLANE('',#780);
#780 = AXIS2_PLACEMENT_3D('',#781,#782,#783);
#781 = CARTESIAN_POINT('',(203.4,-66.,10.));
#782 = DIRECTION('',(1.,0.,0.));
#783 = DIRECTION('',(-0.,0.,1.));
#784 = DEFINITIONAL_REPRESENTATION('',(#785),#789);
#785 = CIRCLE('',#786,4.);
#786 = AXIS2_PLACEMENT_2D('',#787,#788);
#787 = CARTESIAN_POINT('',(0.,0.));
#788 = DIRECTION('',(0.,-1.));
#789 = ( GEOMETRIC_REPRESENTATION_CONTEXT(2) 
PARAMETRIC_REPRESENTATION_CONTEXT() REPRESENTATION_CONTEXT('2D SPACE',''
  ) );
#790 = ORIENTED_EDGE('',*,*,#791,.T.);
#791 = EDGE_CURVE('',#763,#792,#794,.T.);
#792 = VERTEX_POINT('',#793);
#793 = CARTESIAN_POINT('',(202.4,-63.2,12.856571371417));
#794 = SURFACE_CURVE('',#795,(#799,#806),.PCURVE_S1.);
#795 = LINE('',#796,#797);
#796 = CARTESIAN_POINT('',(199.,-63.2,12.856571371417));
#797 = VECTOR('',#798,1.);
#798 = DIRECTION('',(-1.,-0.,-0.));
#799 = PCURVE('',#723,#800);
#800 = DEFINITIONAL_REPRESENTATION('',(#801),#805);
#801 = LINE('',#802,#803);
#802 = CARTESIAN_POINT('',(-0.795398830184,0.));
#803 = VECTOR('',#804,1.);
#804 = DIRECTION('',(-0.,1.));
#805 = ( GEOMETRIC_REPRESENTATION_CONTEXT(2) 
PARAMETRIC_REPRESENTATION_CONTEXT() REPRESENTATION_CONTEXT('2D SPACE',''
  ) );
#806 = PCURVE('',#807,#812);
#807 = PLANE('',#808);
#808 = AXIS2_PLACEMENT_3D('',#809,#810,#811);
#809 = CARTESIAN_POINT('',(202.4,-63.2,0.));
#810 = DIRECTION('',(0.,1.,0.));
#811 = DIRECTION('',(0.,0.,1.));
#812 = DEFINITIONAL_REPRESENTATION('',(#813),#817);
#813 = LINE('',#814,#815);
#814 = CARTESIAN_POINT('',(12.856571371417,-3.4));
#815 = VECTOR('',#816,1.);
#816 = DIRECTION('',(0.,-1.));
#817 = ( GEOMETRIC_REPRESENTATION_CONTEXT(2) 
PARAMETRIC_REPRESENTATION_CONTEXT() REPRESENTATION_CONTEXT('2D SPACE',''
  ) );
#818 = ORIENTED_EDGE('',*,*,#819,.F.);
#819 = EDGE_CURVE('',#820,#792,#822,.T.);
#820 = VERTEX_POINT('',#821);
#821 = CARTESIAN_POINT('',(202.4,-63.2,7.143428628583));
#822 = SURFACE_CURVE('',#823,(#828,#835),.PCURVE_S1.);
#823 = CIRCLE('',#824,4.);
#824 = AXIS2_PLACEMENT_3D('',#825,#826,#827);
#825 = CARTESIAN_POINT('',(202.4,-66.,10.));
#826 = DIRECTION('',(-1.,0.,0.));
#827 = DIRECTION('',(0.,1.,0.));
#828 = PCURVE('',#723,#829);
#829 = DEFINITIONAL_REPRESENTATION('',(#830),#834);
#830 = LINE('',#831,#832);
#831 = CARTESIAN_POINT('',(-6.28318530718,-3.4));
#832 = VECTOR('',#833,1.);
#833 = DIRECTION('',(1.,-0.));
#834 = ( GEOMETRIC_REPRESENTATION_CONTEXT(2) 
PARAMETRIC_REPRESENTATION_CONTEXT() REPRESENTATION_CONTEXT('2D SPACE',''
  ) );
#835 = PCURVE('',#836,#841);
#836 = PLANE('',#837);
#837 = AXIS2_PLACEMENT_3D('',#838,#839,#840);
#838 = CARTESIAN_POINT('',(202.4,-72.6,-1.));
#839 = DIRECTION('',(1.,0.,0.));
#840 = DIRECTION('',(0.,0.,1.));
#841 = DEFINITIONAL_REPRESENTATION('',(#842),#850);
#842 = ( BOUNDED_CURVE() B_SPLINE_CURVE(2,(#843,#844,#845,#846,#847,#848
,#849),.UNSPECIFIED.,.T.,.F.) B_SPLINE_CURVE_WITH_KNOTS((1,2,2,2,2,1),(
    -2.094395102393,0.,2.094395102393,4.188790204786,6.28318530718,
8.377580409573),.UNSPECIFIED.) CURVE() GEOMETRIC_REPRESENTATION_ITEM() 
RATIONAL_B_SPLINE_CURVE((1.,0.5,1.,0.5,1.,0.5,1.)) REPRESENTATION_ITEM(
  '') );
#843 = CARTESIAN_POINT('',(11.,-10.6));
#844 = CARTESIAN_POINT('',(4.071796769724,-10.6));
#845 = CARTESIAN_POINT('',(7.535898384862,-4.6));
#846 = CARTESIAN_POINT('',(11.,1.4));
#847 = CARTESIAN_POINT('',(14.464101615138,-4.6));
#848 = CARTESIAN_POINT('',(17.928203230276,-10.6));
#849 = CARTESIAN_POINT('',(11.,-10.6));
#850 = ( GEOMETRIC_REPRESENTATION_CONTEXT(2) 
PARAMETRIC_REPRESENTATION_CONTEXT() REPRESENTATION_CONTEXT('2D SPACE',''
  ) );
#851 = ORIENTED_EDGE('',*,*,#852,.F.);
#852 = EDGE_CURVE('',#853,#820,#855,.T.);
#853 = VERTEX_POINT('',#854);
#854 = CARTESIAN_POINT('',(203.4,-63.2,7.143428628583));
#855 = SURFACE_CURVE('',#856,(#860,#867),.PCURVE_S1.);
#856 = LINE('',#857,#858);
#857 = CARTESIAN_POINT('',(199.,-63.2,7.143428628583));
#858 = VECTOR('',#859,1.);
#859 = DIRECTION('',(-1.,-0.,-0.));
#860 = PCURVE('',#723,#861);
#861 = DEFINITIONAL_REPRESENTATION('',(#862),#866);
#862 = LINE('',#863,#864);
#863 = CARTESIAN_POINT('',(-5.487786476995,0.));
#864 = VECTOR('',#865,1.);
#865 = DIRECTION('',(-0.,1.));
#866 = ( GEOMETRIC_REPRESENTATION_CONTEXT(2) 
PARAMETRIC_REPRESENTATION_CONTEXT() REPRESENTATION_CONTEXT('2D SPACE',''
  ) );
#867 = PCURVE('',#807,#868);
#868 = DEFINITIONAL_REPRESENTATION('',(#869),#873);
#869 = LINE('',#870,#871);
#870 = CARTESIAN_POINT('',(7.143428628583,-3.4));
#871 = VECTOR('',#872,1.);
#872 = DIRECTION('',(0.,-1.));
#873 = ( GEOMETRIC_REPRESENTATION_CONTEXT(2) 
PARAMETRIC_REPRESENTATION_CONTEXT() REPRESENTATION_CONTEXT('2D SPACE',''
  ) );
#874 = ORIENTED_EDGE('',*,*,#875,.T.);
#875 = EDGE_CURVE('',#853,#740,#876,.T.);
#876 = SURFACE_CURVE('',#877,(#882,#889),.PCURVE_S1.);
#877 = CIRCLE('',#878,4.);
#878 = AXIS2_PLACEMENT_3D('',#879,#880,#881);
#879 = CARTESIAN_POINT('',(203.4,-66.,10.));
#880 = DIRECTION('',(1.,0.,0.));
#881 = DIRECTION('',(0.,1.,0.));
#882 = PCURVE('',#723,#883);
#883 = DEFINITIONAL_REPRESENTATION('',(#884),#888);
#884 = LINE('',#885,#886);
#885 = CARTESIAN_POINT('',(-0.,-4.4));
#886 = VECTOR('',#887,1.);
#887 = DIRECTION('',(-1.,0.));
#888 = ( GEOMETRIC_REPRESENTATION_CONTEXT(2) 
PARAMETRIC_REPRESENTATION_CONTEXT() REPRESENTATION_CONTEXT('2D SPACE',''
  ) );
#889 = PCURVE('',#779,#890);
#890 = DEFINITIONAL_REPRESENTATION('',(#891),#895);
#891 = CIRCLE('',#892,4.);
#892 = AXIS2_PLACEMENT_2D('',#893,#894);
#893 = CARTESIAN_POINT('',(0.,0.));
#894 = DIRECTION('',(0.,-1.));
#895 = ( GEOMETRIC_REPRESENTATION_CONTEXT(2) 
PARAMETRIC_REPRESENTATION_CONTEXT() REPRESENTATION_CONTEXT('2D SPACE',''
  ) );
#896 = ORIENTED_EDGE('',*,*,#739,.F.);
#897 = ADVANCED_FACE('',(#898),#836,.T.);
#898 = FACE_BOUND('',#899,.T.);
#899 = EDGE_LOOP('',(#900,#930,#953,#974,#975,#998,#1026,#1054,#1077,
    #1105));
#900 = ORIENTED_EDGE('',*,*,#901,.F.);
#901 = EDGE_CURVE('',#902,#904,#906,.T.);
#902 = VERTEX_POINT('',#903);
#903 = CARTESIAN_POINT('',(202.4,-72.6,0.));
#904 = VERTEX_POINT('',#905);
#905 = CARTESIAN_POINT('',(202.4,-72.6,28.));
#906 = SURFACE_CURVE('',#907,(#911,#918),.PCURVE_S1.);
#907 = LINE('',#908,#909);
#908 = CARTESIAN_POINT('',(202.4,-72.6,-1.));
#909 = VECTOR('',#910,1.);
#910 = DIRECTION('',(0.,0.,1.));
#911 = PCURVE('',#836,#912);
#912 = DEFINITIONAL_REPRESENTATION('',(#913),#917);
#913 = LINE('',#914,#915);
#914 = CARTESIAN_POINT('',(0.,0.));
#915 = VECTOR('',#916,1.);
#916 = DIRECTION('',(1.,0.));
#917 = ( GEOMETRIC_REPRESENTATION_CONTEXT(2) 
PARAMETRIC_REPRESENTATION_CONTEXT() REPRESENTATION_CONTEXT('2D SPACE',''
  ) );
#918 = PCURVE('',#919,#924);
#919 = PLANE('',#920);
#920 = AXIS2_PLACEMENT_3D('',#921,#922,#923);
#921 = CARTESIAN_POINT('',(202.4,-72.6,-1.));
#922 = DIRECTION('',(0.,1.,0.));
#923 = DIRECTION('',(0.,0.,1.));
#924 = DEFINITIONAL_REPRESENTATION('',(#925),#929);
#925 = LINE('',#926,#927);
#926 = CARTESIAN_POINT('',(0.,0.));
#927 = VECTOR('',#928,1.);
#928 = DIRECTION('',(1.,0.));
#929 = ( GEOMETRIC_REPRESENTATION_CONTEXT(2) 
PARAMETRIC_REPRESENTATION_CONTEXT() REPRESENTATION_CONTEXT('2D SPACE',''
  ) );
#930 = ORIENTED_EDGE('',*,*,#931,.T.);
#931 = EDGE_CURVE('',#902,#932,#934,.T.);
#932 = VERTEX_POINT('',#933);
#933 = CARTESIAN_POINT('',(202.4,-63.2,0.));
#934 = SURFACE_CURVE('',#935,(#939,#946),.PCURVE_S1.);
#935 = LINE('',#936,#937);
#936 = CARTESIAN_POINT('',(202.4,-73.8,0.));
#937 = VECTOR('',#938,1.);
#938 = DIRECTION('',(0.,1.,0.));
#939 = PCURVE('',#836,#940);
#940 = DEFINITIONAL_REPRESENTATION('',(#941),#945);
#941 = LINE('',#942,#943);
#942 = CARTESIAN_POINT('',(1.,1.2));
#943 = VECTOR('',#944,1.);
#944 = DIRECTION('',(0.,-1.));
#945 = ( GEOMETRIC_REPRESENTATION_CONTEXT(2) 
PARAMETRIC_REPRESENTATION_CONTEXT() REPRESENTATION_CONTEXT('2D SPACE',''
  ) );
#946 = PCURVE('',#578,#947);
#947 = DEFINITIONAL_REPRESENTATION('',(#948),#952);
#948 = LINE('',#949,#950);
#949 = CARTESIAN_POINT('',(2.4,1.2));
#950 = VECTOR('',#951,1.);
#951 = DIRECTION('',(0.,1.));
#952 = ( GEOMETRIC_REPRESENTATION_CONTEXT(2) 
PARAMETRIC_REPRESENTATION_CONTEXT() REPRESENTATION_CONTEXT('2D SPACE',''
  ) );
#953 = ORIENTED_EDGE('',*,*,#954,.T.);
#954 = EDGE_CURVE('',#932,#820,#955,.T.);
#955 = SURFACE_CURVE('',#956,(#960,#967),.PCURVE_S1.);
#956 = LINE('',#957,#958);
#957 = CARTESIAN_POINT('',(202.4,-63.2,0.));
#958 = VECTOR('',#959,1.);
#959 = DIRECTION('',(0.,0.,1.));
#960 = PCURVE('',#836,#961);
#961 = DEFINITIONAL_REPRESENTATION('',(#962),#966);
#962 = LINE('',#963,#964);
#963 = CARTESIAN_POINT('',(1.,-9.4));
#964 = VECTOR('',#965,1.);
#965 = DIRECTION('',(1.,0.));
#966 = ( GEOMETRIC_REPRESENTATION_CONTEXT(2) 
PARAMETRIC_REPRESENTATION_CONTEXT() REPRESENTATION_CONTEXT('2D SPACE',''
  ) );
#967 = PCURVE('',#807,#968);
#968 = DEFINITIONAL_REPRESENTATION('',(#969),#973);
#969 = LINE('',#970,#971);
#970 = CARTESIAN_POINT('',(0.,0.));
#971 = VECTOR('',#972,1.);
#972 = DIRECTION('',(1.,0.));
#973 = ( GEOMETRIC_REPRESENTATION_CONTEXT(2) 
PARAMETRIC_REPRESENTATION_CONTEXT() REPRESENTATION_CONTEXT('2D SPACE',''
  ) );
#974 = ORIENTED_EDGE('',*,*,#819,.T.);
#975 = ORIENTED_EDGE('',*,*,#976,.T.);
#976 = EDGE_CURVE('',#792,#977,#979,.T.);
#977 = VERTEX_POINT('',#978);
#978 = CARTESIAN_POINT('',(202.4,-63.2,20.));
#979 = SURFACE_CURVE('',#980,(#984,#991),.PCURVE_S1.);
#980 = LINE('',#981,#982);
#981 = CARTESIAN_POINT('',(202.4,-63.2,0.));
#982 = VECTOR('',#983,1.);
#983 = DIRECTION('',(0.,0.,1.));
#984 = PCURVE('',#836,#985);
#985 = DEFINITIONAL_REPRESENTATION('',(#986),#990);
#986 = LINE('',#987,#988);
#987 = CARTESIAN_POINT('',(1.,-9.4));
#988 = VECTOR('',#989,1.);
#989 = DIRECTION('',(1.,0.));
#990 = ( GEOMETRIC_REPRESENTATION_CONTEXT(2) 
PARAMETRIC_REPRESENTATION_CONTEXT() REPRESENTATION_CONTEXT('2D SPACE',''
  ) );
#991 = PCURVE('',#807,#992);
#992 = DEFINITIONAL_REPRESENTATION('',(#993),#997);
#993 = LINE('',#994,#995);
#994 = CARTESIAN_POINT('',(0.,0.));
#995 = VECTOR('',#996,1.);
#996 = DIRECTION('',(1.,0.));
#997 = ( GEOMETRIC_REPRESENTATION_CONTEXT(2) 
PARAMETRIC_REPRESENTATION_CONTEXT() REPRESENTATION_CONTEXT('2D SPACE',''
  ) );
#998 = ORIENTED_EDGE('',*,*,#999,.T.);
#999 = EDGE_CURVE('',#977,#1000,#1002,.T.);
#1000 = VERTEX_POINT('',#1001);
#1001 = CARTESIAN_POINT('',(202.4,-60.8,20.));
#1002 = SURFACE_CURVE('',#1003,(#1007,#1014),.PCURVE_S1.);
#1003 = LINE('',#1004,#1005);
#1004 = CARTESIAN_POINT('',(202.4,-63.2,20.));
#1005 = VECTOR('',#1006,1.);
#1006 = DIRECTION('',(0.,1.,0.));
#1007 = PCURVE('',#836,#1008);
#1008 = DEFINITIONAL_REPRESENTATION('',(#1009),#1013);
#1009 = LINE('',#1010,#1011);
#1010 = CARTESIAN_POINT('',(21.,-9.4));
#1011 = VECTOR('',#1012,1.);
#1012 = DIRECTION('',(0.,-1.));
#1013 = ( GEOMETRIC_REPRESENTATION_CONTEXT(2) 
PARAMETRIC_REPRESENTATION_CONTEXT() REPRESENTATION_CONTEXT('2D SPACE',''
  ) );
#1014 = PCURVE('',#1015,#1020);
#1015 = PLANE('',#1016);
#1016 = AXIS2_PLACEMENT_3D('',#1017,#1018,#1019);
#1017 = CARTESIAN_POINT('',(202.4,60.8,20.));
#1018 = DIRECTION('',(0.,0.,1.));
#1019 = DIRECTION('',(1.,0.,0.));
#1020 = DEFINITIONAL_REPRESENTATION('',(#1021),#1025);
#1021 = LINE('',#1022,#1023);
#1022 = CARTESIAN_POINT('',(0.,-124.));
#1023 = VECTOR('',#1024,1.);
#1024 = DIRECTION('',(0.,1.));
#1025 = ( GEOMETRIC_REPRESENTATION_CONTEXT(2) 
PARAMETRIC_REPRESENTATION_CONTEXT() REPRESENTATION_CONTEXT('2D SPACE',''
  ) );
#1026 = ORIENTED_EDGE('',*,*,#1027,.F.);
#1027 = EDGE_CURVE('',#1028,#1000,#1030,.T.);
#1028 = VERTEX_POINT('',#1029);
#1029 = CARTESIAN_POINT('',(202.4,-60.8,0.));
#1030 = SURFACE_CURVE('',#1031,(#1035,#1042),.PCURVE_S1.);
#1031 = LINE('',#1032,#1033);
#1032 = CARTESIAN_POINT('',(202.4,-60.8,0.));
#1033 = VECTOR('',#1034,1.);
#1034 = DIRECTION('',(0.,0.,1.));
#1035 = PCURVE('',#836,#1036);
#1036 = DEFINITIONAL_REPRESENTATION('',(#1037),#1041);
#1037 = LINE('',#1038,#1039);
#1038 = CARTESIAN_POINT('',(1.,-11.8));
#1039 = VECTOR('',#1040,1.);
#1040 = DIRECTION('',(1.,0.));
#1041 = ( GEOMETRIC_REPRESENTATION_CONTEXT(2) 
PARAMETRIC_REPRESENTATION_CONTEXT() REPRESENTATION_CONTEXT('2D SPACE',''
  ) );
#1042 = PCURVE('',#1043,#1048);
#1043 = PLANE('',#1044);
#1044 = AXIS2_PLACEMENT_3D('',#1045,#1046,#1047);
#1045 = CARTESIAN_POINT('',(202.4,-60.8,0.));
#1046 = DIRECTION('',(0.,1.,0.));
#1047 = DIRECTION('',(0.,0.,1.));
#1048 = DEFINITIONAL_REPRESENTATION('',(#1049),#1053);
#1049 = LINE('',#1050,#1051);
#1050 = CARTESIAN_POINT('',(0.,0.));
#1051 = VECTOR('',#1052,1.);
#1052 = DIRECTION('',(1.,0.));
#1053 = ( GEOMETRIC_REPRESENTATION_CONTEXT(2) 
PARAMETRIC_REPRESENTATION_CONTEXT() REPRESENTATION_CONTEXT('2D SPACE',''
  ) );
#1054 = ORIENTED_EDGE('',*,*,#1055,.T.);
#1055 = EDGE_CURVE('',#1028,#1056,#1058,.T.);
#1056 = VERTEX_POINT('',#1057);
#1057 = CARTESIAN_POINT('',(202.4,-60.,0.));
#1058 = SURFACE_CURVE('',#1059,(#1063,#1070),.PCURVE_S1.);
#1059 = LINE('',#1060,#1061);
#1060 = CARTESIAN_POINT('',(202.4,-73.8,0.));
#1061 = VECTOR('',#1062,1.);
#1062 = DIRECTION('',(0.,1.,0.));
#1063 = PCURVE('',#836,#1064);
#1064 = DEFINITIONAL_REPRESENTATION('',(#1065),#1069);
#1065 = LINE('',#1066,#1067);
#1066 = CARTESIAN_POINT('',(1.,1.2));
#1067 = VECTOR('',#1068,1.);
#1068 = DIRECTION('',(0.,-1.));
#1069 = ( GEOMETRIC_REPRESENTATION_CONTEXT(2) 
PARAMETRIC_REPRESENTATION_CONTEXT() REPRESENTATION_CONTEXT('2D SPACE',''
  ) );
#1070 = PCURVE('',#578,#1071);
#1071 = DEFINITIONAL_REPRESENTATION('',(#1072),#1076);
#1072 = LINE('',#1073,#1074);
#1073 = CARTESIAN_POINT('',(2.4,1.2));
#1074 = VECTOR('',#1075,1.);
#1075 = DIRECTION('',(0.,1.));
#1076 = ( GEOMETRIC_REPRESENTATION_CONTEXT(2) 
PARAMETRIC_REPRESENTATION_CONTEXT() REPRESENTATION_CONTEXT('2D SPACE',''
  ) );
#1077 = ORIENTED_EDGE('',*,*,#1078,.T.);
#1078 = EDGE_CURVE('',#1056,#1079,#1081,.T.);
#1079 = VERTEX_POINT('',#1080);
#1080 = CARTESIAN_POINT('',(202.4,-60.,28.));
#1081 = SURFACE_CURVE('',#1082,(#1086,#1093),.PCURVE_S1.);
#1082 = LINE('',#1083,#1084);
#1083 = CARTESIAN_POINT('',(202.4,-60.,-0.5));
#1084 = VECTOR('',#1085,1.);
#1085 = DIRECTION('',(0.,0.,1.));
#1086 = PCURVE('',#836,#1087);
#1087 = DEFINITIONAL_REPRESENTATION('',(#1088),#1092);
#1088 = LINE('',#1089,#1090);
#1089 = CARTESIAN_POINT('',(0.5,-12.6));
#1090 = VECTOR('',#1091,1.);
#1091 = DIRECTION('',(1.,0.));
#1092 = ( GEOMETRIC_REPRESENTATION_CONTEXT(2) 
PARAMETRIC_REPRESENTATION_CONTEXT() REPRESENTATION_CONTEXT('2D SPACE',''
  ) );
#1093 = PCURVE('',#1094,#1099);
#1094 = PLANE('',#1095);
#1095 = AXIS2_PLACEMENT_3D('',#1096,#1097,#1098);
#1096 = CARTESIAN_POINT('',(200.,-60.,0.));
#1097 = DIRECTION('',(0.,1.,0.));
#1098 = DIRECTION('',(0.,0.,1.));
#1099 = DEFINITIONAL_REPRESENTATION('',(#1100),#1104);
#1100 = LINE('',#1101,#1102);
#1101 = CARTESIAN_POINT('',(-0.5,2.4));
#1102 = VECTOR('',#1103,1.);
#1103 = DIRECTION('',(1.,0.));
#1104 = ( GEOMETRIC_REPRESENTATION_CONTEXT(2) 
PARAMETRIC_REPRESENTATION_CONTEXT() REPRESENTATION_CONTEXT('2D SPACE',''
  ) );
#1105 = ORIENTED_EDGE('',*,*,#1106,.F.);
#1106 = EDGE_CURVE('',#904,#1079,#1107,.T.);
#1107 = SURFACE_CURVE('',#1108,(#1112,#1119),.PCURVE_S1.);
#1108 = LINE('',#1109,#1110);
#1109 = CARTESIAN_POINT('',(202.4,-72.6,28.));
#1110 = VECTOR('',#1111,1.);
#1111 = DIRECTION('',(0.,1.,0.));
#1112 = PCURVE('',#836,#1113);
#1113 = DEFINITIONAL_REPRESENTATION('',(#1114),#1118);
#1114 = LINE('',#1115,#1116);
#1115 = CARTESIAN_POINT('',(29.,0.));
#1116 = VECTOR('',#1117,1.);
#1117 = DIRECTION('',(0.,-1.));
#1118 = ( GEOMETRIC_REPRESENTATION_CONTEXT(2) 
PARAMETRIC_REPRESENTATION_CONTEXT() REPRESENTATION_CONTEXT('2D SPACE',''
  ) );
#1119 = PCURVE('',#1120,#1125);
#1120 = PLANE('',#1121);
#1121 = AXIS2_PLACEMENT_3D('',#1122,#1123,#1124);
#1122 = CARTESIAN_POINT('',(202.4,-72.6,28.));
#1123 = DIRECTION('',(0.,0.,1.));
#1124 = DIRECTION('',(1.,0.,0.));
#1125 = DEFINITIONAL_REPRESENTATION('',(#1126),#1130);
#1126 = LINE('',#1127,#1128);
#1127 = CARTESIAN_POINT('',(0.,0.));
#1128 = VECTOR('',#1129,1.);
#1129 = DIRECTION('',(0.,1.));
#1130 = ( GEOMETRIC_REPRESENTATION_CONTEXT(2) 
PARAMETRIC_REPRESENTATION_CONTEXT() REPRESENTATION_CONTEXT('2D SPACE',''
  ) );
#1131 = ADVANCED_FACE('',(#1132,#1859),#1015,.T.);
#1132 = FACE_BOUND('',#1133,.T.);
#1133 = EDGE_LOOP('',(#1134,#1164,#1192,#1220,#1248,#1276,#1304,#1332,
    #1360,#1381,#1382,#1405,#1433,#1456,#1484,#1512,#1540,#1563,#1591,
    #1619,#1647,#1675,#1703,#1731,#1754,#1782,#1810,#1833));
#1134 = ORIENTED_EDGE('',*,*,#1135,.F.);
#1135 = EDGE_CURVE('',#1136,#1138,#1140,.T.);
#1136 = VERTEX_POINT('',#1137);
#1137 = CARTESIAN_POINT('',(221.2,63.2,20.));
#1138 = VERTEX_POINT('',#1139);
#1139 = CARTESIAN_POINT('',(328.8,63.2,20.));
#1140 = SURFACE_CURVE('',#1141,(#1145,#1152),.PCURVE_S1.);
#1141 = LINE('',#1142,#1143);
#1142 = CARTESIAN_POINT('',(202.4,63.2,20.));
#1143 = VECTOR('',#1144,1.);
#1144 = DIRECTION('',(1.,0.,0.));
#1145 = PCURVE('',#1015,#1146);
#1146 = DEFINITIONAL_REPRESENTATION('',(#1147),#1151);
#1147 = LINE('',#1148,#1149);
#1148 = CARTESIAN_POINT('',(0.,2.4));
#1149 = VECTOR('',#1150,1.);
#1150 = DIRECTION('',(1.,0.));
#1151 = ( GEOMETRIC_REPRESENTATION_CONTEXT(2) 
PARAMETRIC_REPRESENTATION_CONTEXT() REPRESENTATION_CONTEXT('2D SPACE',''
  ) );
#1152 = PCURVE('',#1153,#1158);
#1153 = PLANE('',#1154);
#1154 = AXIS2_PLACEMENT_3D('',#1155,#1156,#1157);
#1155 = CARTESIAN_POINT('',(202.4,63.2,0.));
#1156 = DIRECTION('',(0.,1.,0.));
#1157 = DIRECTION('',(0.,0.,1.));
#1158 = DEFINITIONAL_REPRESENTATION('',(#1159),#1163);
#1159 = LINE('',#1160,#1161);
#1160 = CARTESIAN_POINT('',(20.,0.));
#1161 = VECTOR('',#1162,1.);
#1162 = DIRECTION('',(0.,1.));
#1163 = ( GEOMETRIC_REPRESENTATION_CONTEXT(2) 
PARAMETRIC_REPRESENTATION_CONTEXT() REPRESENTATION_CONTEXT('2D SPACE',''
  ) );
#1164 = ORIENTED_EDGE('',*,*,#1165,.T.);
#1165 = EDGE_CURVE('',#1136,#1166,#1168,.T.);
#1166 = VERTEX_POINT('',#1167);
#1167 = CARTESIAN_POINT('',(221.2,72.6,20.));
#1168 = SURFACE_CURVE('',#1169,(#1173,#1180),.PCURVE_S1.);
#1169 = LINE('',#1170,#1171);
#1170 = CARTESIAN_POINT('',(221.2,-72.6,20.));
#1171 = VECTOR('',#1172,1.);
#1172 = DIRECTION('',(0.,1.,0.));
#1173 = PCURVE('',#1015,#1174);
#1174 = DEFINITIONAL_REPRESENTATION('',(#1175),#1179);
#1175 = LINE('',#1176,#1177);
#1176 = CARTESIAN_POINT('',(18.8,-133.4));
#1177 = VECTOR('',#1178,1.);
#1178 = DIRECTION('',(0.,1.));
#1179 = ( GEOMETRIC_REPRESENTATION_CONTEXT(2) 
PARAMETRIC_REPRESENTATION_CONTEXT() REPRESENTATION_CONTEXT('2D SPACE',''
  ) );
#1180 = PCURVE('',#1181,#1186);
#1181 = PLANE('',#1182);
#1182 = AXIS2_PLACEMENT_3D('',#1183,#1184,#1185);
#1183 = CARTESIAN_POINT('',(221.2,-72.6,0.));
#1184 = DIRECTION('',(1.,0.,0.));
#1185 = DIRECTION('',(0.,0.,1.));
#1186 = DEFINITIONAL_REPRESENTATION('',(#1187),#1191);
#1187 = LINE('',#1188,#1189);
#1188 = CARTESIAN_POINT('',(20.,0.));
#1189 = VECTOR('',#1190,1.);
#1190 = DIRECTION('',(0.,-1.));
#1191 = ( GEOMETRIC_REPRESENTATION_CONTEXT(2) 
PARAMETRIC_REPRESENTATION_CONTEXT() REPRESENTATION_CONTEXT('2D SPACE',''
  ) );
#1192 = ORIENTED_EDGE('',*,*,#1193,.F.);
#1193 = EDGE_CURVE('',#1194,#1166,#1196,.T.);
#1194 = VERTEX_POINT('',#1195);
#1195 = CARTESIAN_POINT('',(218.8,72.6,20.));
#1196 = SURFACE_CURVE('',#1197,(#1201,#1208),.PCURVE_S1.);
#1197 = LINE('',#1198,#1199);
#1198 = CARTESIAN_POINT('',(218.8,72.6,20.));
#1199 = VECTOR('',#1200,1.);
#1200 = DIRECTION('',(1.,0.,0.));
#1201 = PCURVE('',#1015,#1202);
#1202 = DEFINITIONAL_REPRESENTATION('',(#1203),#1207);
#1203 = LINE('',#1204,#1205);
#1204 = CARTESIAN_POINT('',(16.4,11.8));
#1205 = VECTOR('',#1206,1.);
#1206 = DIRECTION('',(1.,0.));
#1207 = ( GEOMETRIC_REPRESENTATION_CONTEXT(2) 
PARAMETRIC_REPRESENTATION_CONTEXT() REPRESENTATION_CONTEXT('2D SPACE',''
  ) );
#1208 = PCURVE('',#1209,#1214);
#1209 = PLANE('',#1210);
#1210 = AXIS2_PLACEMENT_3D('',#1211,#1212,#1213);
#1211 = CARTESIAN_POINT('',(202.4,72.6,-1.));
#1212 = DIRECTION('',(0.,1.,0.));
#1213 = DIRECTION('',(0.,0.,1.));
#1214 = DEFINITIONAL_REPRESENTATION('',(#1215),#1219);
#1215 = LINE('',#1216,#1217);
#1216 = CARTESIAN_POINT('',(21.,16.4));
#1217 = VECTOR('',#1218,1.);
#1218 = DIRECTION('',(0.,1.));
#1219 = ( GEOMETRIC_REPRESENTATION_CONTEXT(2) 
PARAMETRIC_REPRESENTATION_CONTEXT() REPRESENTATION_CONTEXT('2D SPACE',''
  ) );
#1220 = ORIENTED_EDGE('',*,*,#1221,.F.);
#1221 = EDGE_CURVE('',#1222,#1194,#1224,.T.);
#1222 = VERTEX_POINT('',#1223);
#1223 = CARTESIAN_POINT('',(218.8,63.2,20.));
#1224 = SURFACE_CURVE('',#1225,(#1229,#1236),.PCURVE_S1.);
#1225 = LINE('',#1226,#1227);
#1226 = CARTESIAN_POINT('',(218.8,-72.6,20.));
#1227 = VECTOR('',#1228,1.);
#1228 = DIRECTION('',(0.,1.,0.));
#1229 = PCURVE('',#1015,#1230);
#1230 = DEFINITIONAL_REPRESENTATION('',(#1231),#1235);
#1231 = LINE('',#1232,#1233);
#1232 = CARTESIAN_POINT('',(16.4,-133.4));
#1233 = VECTOR('',#1234,1.);
#1234 = DIRECTION('',(0.,1.));
#1235 = ( GEOMETRIC_REPRESENTATION_CONTEXT(2) 
PARAMETRIC_REPRESENTATION_CONTEXT() REPRESENTATION_CONTEXT('2D SPACE',''
  ) );
#1236 = PCURVE('',#1237,#1242);
#1237 = PLANE('',#1238);
#1238 = AXIS2_PLACEMENT_3D('',#1239,#1240,#1241);
#1239 = CARTESIAN_POINT('',(218.8,-72.6,0.));
#1240 = DIRECTION('',(1.,0.,0.));
#1241 = DIRECTION('',(0.,0.,1.));
#1242 = DEFINITIONAL_REPRESENTATION('',(#1243),#1247);
#1243 = LINE('',#1244,#1245);
#1244 = CARTESIAN_POINT('',(20.,0.));
#1245 = VECTOR('',#1246,1.);
#1246 = DIRECTION('',(0.,-1.));
#1247 = ( GEOMETRIC_REPRESENTATION_CONTEXT(2) 
PARAMETRIC_REPRESENTATION_CONTEXT() REPRESENTATION_CONTEXT('2D SPACE',''
  ) );
#1248 = ORIENTED_EDGE('',*,*,#1249,.F.);
#1249 = EDGE_CURVE('',#1250,#1222,#1252,.T.);
#1250 = VERTEX_POINT('',#1251);
#1251 = CARTESIAN_POINT('',(202.4,63.2,20.));
#1252 = SURFACE_CURVE('',#1253,(#1257,#1264),.PCURVE_S1.);
#1253 = LINE('',#1254,#1255);
#1254 = CARTESIAN_POINT('',(202.4,63.2,20.));
#1255 = VECTOR('',#1256,1.);
#1256 = DIRECTION('',(1.,0.,0.));
#1257 = PCURVE('',#1015,#1258);
#1258 = DEFINITIONAL_REPRESENTATION('',(#1259),#1263);
#1259 = LINE('',#1260,#1261);
#1260 = CARTESIAN_POINT('',(0.,2.4));
#1261 = VECTOR('',#1262,1.);
#1262 = DIRECTION('',(1.,0.));
#1263 = ( GEOMETRIC_REPRESENTATION_CONTEXT(2) 
PARAMETRIC_REPRESENTATION_CONTEXT() REPRESENTATION_CONTEXT('2D SPACE',''
  ) );
#1264 = PCURVE('',#1265,#1270);
#1265 = PLANE('',#1266);
#1266 = AXIS2_PLACEMENT_3D('',#1267,#1268,#1269);
#1267 = CARTESIAN_POINT('',(202.4,63.2,0.));
#1268 = DIRECTION('',(0.,1.,0.));
#1269 = DIRECTION('',(0.,0.,1.));
#1270 = DEFINITIONAL_REPRESENTATION('',(#1271),#1275);
#1271 = LINE('',#1272,#1273);
#1272 = CARTESIAN_POINT('',(20.,0.));
#1273 = VECTOR('',#1274,1.);
#1274 = DIRECTION('',(0.,1.));
#1275 = ( GEOMETRIC_REPRESENTATION_CONTEXT(2) 
PARAMETRIC_REPRESENTATION_CONTEXT() REPRESENTATION_CONTEXT('2D SPACE',''
  ) );
#1276 = ORIENTED_EDGE('',*,*,#1277,.F.);
#1277 = EDGE_CURVE('',#1278,#1250,#1280,.T.);
#1278 = VERTEX_POINT('',#1279);
#1279 = CARTESIAN_POINT('',(202.4,60.8,20.));
#1280 = SURFACE_CURVE('',#1281,(#1285,#1292),.PCURVE_S1.);
#1281 = LINE('',#1282,#1283);
#1282 = CARTESIAN_POINT('',(202.4,60.8,20.));
#1283 = VECTOR('',#1284,1.);
#1284 = DIRECTION('',(0.,1.,0.));
#1285 = PCURVE('',#1015,#1286);
#1286 = DEFINITIONAL_REPRESENTATION('',(#1287),#1291);
#1287 = LINE('',#1288,#1289);
#1288 = CARTESIAN_POINT('',(0.,0.));
#1289 = VECTOR('',#1290,1.);
#1290 = DIRECTION('',(0.,1.));
#1291 = ( GEOMETRIC_REPRESENTATION_CONTEXT(2) 
PARAMETRIC_REPRESENTATION_CONTEXT() REPRESENTATION_CONTEXT('2D SPACE',''
  ) );
#1292 = PCURVE('',#1293,#1298);
#1293 = PLANE('',#1294);
#1294 = AXIS2_PLACEMENT_3D('',#1295,#1296,#1297);
#1295 = CARTESIAN_POINT('',(202.4,-72.6,-1.));
#1296 = DIRECTION('',(1.,0.,0.));
#1297 = DIRECTION('',(0.,0.,1.));
#1298 = DEFINITIONAL_REPRESENTATION('',(#1299),#1303);
#1299 = LINE('',#1300,#1301);
#1300 = CARTESIAN_POINT('',(21.,-133.4));
#1301 = VECTOR('',#1302,1.);
#1302 = DIRECTION('',(0.,-1.));
#1303 = ( GEOMETRIC_REPRESENTATION_CONTEXT(2) 
PARAMETRIC_REPRESENTATION_CONTEXT() REPRESENTATION_CONTEXT('2D SPACE',''
  ) );
#1304 = ORIENTED_EDGE('',*,*,#1305,.T.);
#1305 = EDGE_CURVE('',#1278,#1306,#1308,.T.);
#1306 = VERTEX_POINT('',#1307);
#1307 = CARTESIAN_POINT('',(218.8,60.8,20.));
#1308 = SURFACE_CURVE('',#1309,(#1313,#1320),.PCURVE_S1.);
#1309 = LINE('',#1310,#1311);
#1310 = CARTESIAN_POINT('',(202.4,60.8,20.));
#1311 = VECTOR('',#1312,1.);
#1312 = DIRECTION('',(1.,0.,0.));
#1313 = PCURVE('',#1015,#1314);
#1314 = DEFINITIONAL_REPRESENTATION('',(#1315),#1319);
#1315 = LINE('',#1316,#1317);
#1316 = CARTESIAN_POINT('',(0.,0.));
#1317 = VECTOR('',#1318,1.);
#1318 = DIRECTION('',(1.,0.));
#1319 = ( GEOMETRIC_REPRESENTATION_CONTEXT(2) 
PARAMETRIC_REPRESENTATION_CONTEXT() REPRESENTATION_CONTEXT('2D SPACE',''
  ) );
#1320 = PCURVE('',#1321,#1326);
#1321 = PLANE('',#1322);
#1322 = AXIS2_PLACEMENT_3D('',#1323,#1324,#1325);
#1323 = CARTESIAN_POINT('',(202.4,60.8,0.));
#1324 = DIRECTION('',(0.,1.,0.));
#1325 = DIRECTION('',(0.,0.,1.));
#1326 = DEFINITIONAL_REPRESENTATION('',(#1327),#1331);
#1327 = LINE('',#1328,#1329);
#1328 = CARTESIAN_POINT('',(20.,0.));
#1329 = VECTOR('',#1330,1.);
#1330 = DIRECTION('',(0.,1.));
#1331 = ( GEOMETRIC_REPRESENTATION_CONTEXT(2) 
PARAMETRIC_REPRESENTATION_CONTEXT() REPRESENTATION_CONTEXT('2D SPACE',''
  ) );
#1332 = ORIENTED_EDGE('',*,*,#1333,.F.);
#1333 = EDGE_CURVE('',#1334,#1306,#1336,.T.);
#1334 = VERTEX_POINT('',#1335);
#1335 = CARTESIAN_POINT('',(218.8,-60.8,20.));
#1336 = SURFACE_CURVE('',#1337,(#1341,#1348),.PCURVE_S1.);
#1337 = LINE('',#1338,#1339);
#1338 = CARTESIAN_POINT('',(218.8,-72.6,20.));
#1339 = VECTOR('',#1340,1.);
#1340 = DIRECTION('',(0.,1.,0.));
#1341 = PCURVE('',#1015,#1342);
#1342 = DEFINITIONAL_REPRESENTATION('',(#1343),#1347);
#1343 = LINE('',#1344,#1345);
#1344 = CARTESIAN_POINT('',(16.4,-133.4));
#1345 = VECTOR('',#1346,1.);
#1346 = DIRECTION('',(0.,1.));
#1347 = ( GEOMETRIC_REPRESENTATION_CONTEXT(2) 
PARAMETRIC_REPRESENTATION_CONTEXT() REPRESENTATION_CONTEXT('2D SPACE',''
  ) );
#1348 = PCURVE('',#1349,#1354);
#1349 = PLANE('',#1350);
#1350 = AXIS2_PLACEMENT_3D('',#1351,#1352,#1353);
#1351 = CARTESIAN_POINT('',(218.8,-72.6,0.));
#1352 = DIRECTION('',(1.,0.,0.));
#1353 = DIRECTION('',(0.,0.,1.));
#1354 = DEFINITIONAL_REPRESENTATION('',(#1355),#1359);
#1355 = LINE('',#1356,#1357);
#1356 = CARTESIAN_POINT('',(20.,0.));
#1357 = VECTOR('',#1358,1.);
#1358 = DIRECTION('',(0.,-1.));
#1359 = ( GEOMETRIC_REPRESENTATION_CONTEXT(2) 
PARAMETRIC_REPRESENTATION_CONTEXT() REPRESENTATION_CONTEXT('2D SPACE',''
  ) );
#1360 = ORIENTED_EDGE('',*,*,#1361,.F.);
#1361 = EDGE_CURVE('',#1000,#1334,#1362,.T.);
#1362 = SURFACE_CURVE('',#1363,(#1367,#1374),.PCURVE_S1.);
#1363 = LINE('',#1364,#1365);
#1364 = CARTESIAN_POINT('',(202.4,-60.8,20.));
#1365 = VECTOR('',#1366,1.);
#1366 = DIRECTION('',(1.,0.,0.));
#1367 = PCURVE('',#1015,#1368);
#1368 = DEFINITIONAL_REPRESENTATION('',(#1369),#1373);
#1369 = LINE('',#1370,#1371);
#1370 = CARTESIAN_POINT('',(0.,-121.6));
#1371 = VECTOR('',#1372,1.);
#1372 = DIRECTION('',(1.,0.));
#1373 = ( GEOMETRIC_REPRESENTATION_CONTEXT(2) 
PARAMETRIC_REPRESENTATION_CONTEXT() REPRESENTATION_CONTEXT('2D SPACE',''
  ) );
#1374 = PCURVE('',#1043,#1375);
#1375 = DEFINITIONAL_REPRESENTATION('',(#1376),#1380);
#1376 = LINE('',#1377,#1378);
#1377 = CARTESIAN_POINT('',(20.,0.));
#1378 = VECTOR('',#1379,1.);
#1379 = DIRECTION('',(0.,1.));
#1380 = ( GEOMETRIC_REPRESENTATION_CONTEXT(2) 
PARAMETRIC_REPRESENTATION_CONTEXT() REPRESENTATION_CONTEXT('2D SPACE',''
  ) );
#1381 = ORIENTED_EDGE('',*,*,#999,.F.);
#1382 = ORIENTED_EDGE('',*,*,#1383,.T.);
#1383 = EDGE_CURVE('',#977,#1384,#1386,.T.);
#1384 = VERTEX_POINT('',#1385);
#1385 = CARTESIAN_POINT('',(218.8,-63.2,20.));
#1386 = SURFACE_CURVE('',#1387,(#1391,#1398),.PCURVE_S1.);
#1387 = LINE('',#1388,#1389);
#1388 = CARTESIAN_POINT('',(202.4,-63.2,20.));
#1389 = VECTOR('',#1390,1.);
#1390 = DIRECTION('',(1.,0.,0.));
#1391 = PCURVE('',#1015,#1392);
#1392 = DEFINITIONAL_REPRESENTATION('',(#1393),#1397);
#1393 = LINE('',#1394,#1395);
#1394 = CARTESIAN_POINT('',(0.,-124.));
#1395 = VECTOR('',#1396,1.);
#1396 = DIRECTION('',(1.,0.));
#1397 = ( GEOMETRIC_REPRESENTATION_CONTEXT(2) 
PARAMETRIC_REPRESENTATION_CONTEXT() REPRESENTATION_CONTEXT('2D SPACE',''
  ) );
#1398 = PCURVE('',#807,#1399);
#1399 = DEFINITIONAL_REPRESENTATION('',(#1400),#1404);
#1400 = LINE('',#1401,#1402);
#1401 = CARTESIAN_POINT('',(20.,0.));
#1402 = VECTOR('',#1403,1.);
#1403 = DIRECTION('',(0.,1.));
#1404 = ( GEOMETRIC_REPRESENTATION_CONTEXT(2) 
PARAMETRIC_REPRESENTATION_CONTEXT() REPRESENTATION_CONTEXT('2D SPACE',''
  ) );
#1405 = ORIENTED_EDGE('',*,*,#1406,.F.);
#1406 = EDGE_CURVE('',#1407,#1384,#1409,.T.);
#1407 = VERTEX_POINT('',#1408);
#1408 = CARTESIAN_POINT('',(218.8,-72.6,20.));
#1409 = SURFACE_CURVE('',#1410,(#1414,#1421),.PCURVE_S1.);
#1410 = LINE('',#1411,#1412);
#1411 = CARTESIAN_POINT('',(218.8,-72.6,20.));
#1412 = VECTOR('',#1413,1.);
#1413 = DIRECTION('',(0.,1.,0.));
#1414 = PCURVE('',#1015,#1415);
#1415 = DEFINITIONAL_REPRESENTATION('',(#1416),#1420);
#1416 = LINE('',#1417,#1418);
#1417 = CARTESIAN_POINT('',(16.4,-133.4));
#1418 = VECTOR('',#1419,1.);
#1419 = DIRECTION('',(0.,1.));
#1420 = ( GEOMETRIC_REPRESENTATION_CONTEXT(2) 
PARAMETRIC_REPRESENTATION_CONTEXT() REPRESENTATION_CONTEXT('2D SPACE',''
  ) );
#1421 = PCURVE('',#1422,#1427);
#1422 = PLANE('',#1423);
#1423 = AXIS2_PLACEMENT_3D('',#1424,#1425,#1426);
#1424 = CARTESIAN_POINT('',(218.8,-72.6,0.));
#1425 = DIRECTION('',(1.,0.,0.));
#1426 = DIRECTION('',(0.,0.,1.));
#1427 = DEFINITIONAL_REPRESENTATION('',(#1428),#1432);
#1428 = LINE('',#1429,#1430);
#1429 = CARTESIAN_POINT('',(20.,0.));
#1430 = VECTOR('',#1431,1.);
#1431 = DIRECTION('',(0.,-1.));
#1432 = ( GEOMETRIC_REPRESENTATION_CONTEXT(2) 
PARAMETRIC_REPRESENTATION_CONTEXT() REPRESENTATION_CONTEXT('2D SPACE',''
  ) );
#1433 = ORIENTED_EDGE('',*,*,#1434,.T.);
#1434 = EDGE_CURVE('',#1407,#1435,#1437,.T.);
#1435 = VERTEX_POINT('',#1436);
#1436 = CARTESIAN_POINT('',(221.2,-72.6,20.));
#1437 = SURFACE_CURVE('',#1438,(#1442,#1449),.PCURVE_S1.);
#1438 = LINE('',#1439,#1440);
#1439 = CARTESIAN_POINT('',(218.8,-72.6,20.));
#1440 = VECTOR('',#1441,1.);
#1441 = DIRECTION('',(1.,0.,0.));
#1442 = PCURVE('',#1015,#1443);
#1443 = DEFINITIONAL_REPRESENTATION('',(#1444),#1448);
#1444 = LINE('',#1445,#1446);
#1445 = CARTESIAN_POINT('',(16.4,-133.4));
#1446 = VECTOR('',#1447,1.);
#1447 = DIRECTION('',(1.,0.));
#1448 = ( GEOMETRIC_REPRESENTATION_CONTEXT(2) 
PARAMETRIC_REPRESENTATION_CONTEXT() REPRESENTATION_CONTEXT('2D SPACE',''
  ) );
#1449 = PCURVE('',#919,#1450);
#1450 = DEFINITIONAL_REPRESENTATION('',(#1451),#1455);
#1451 = LINE('',#1452,#1453);
#1452 = CARTESIAN_POINT('',(21.,16.4));
#1453 = VECTOR('',#1454,1.);
#1454 = DIRECTION('',(0.,1.));
#1455 = ( GEOMETRIC_REPRESENTATION_CONTEXT(2) 
PARAMETRIC_REPRESENTATION_CONTEXT() REPRESENTATION_CONTEXT('2D SPACE',''
  ) );
#1456 = ORIENTED_EDGE('',*,*,#1457,.T.);
#1457 = EDGE_CURVE('',#1435,#1458,#1460,.T.);
#1458 = VERTEX_POINT('',#1459);
#1459 = CARTESIAN_POINT('',(221.2,-63.2,20.));
#1460 = SURFACE_CURVE('',#1461,(#1465,#1472),.PCURVE_S1.);
#1461 = LINE('',#1462,#1463);
#1462 = CARTESIAN_POINT('',(221.2,-72.6,20.));
#1463 = VECTOR('',#1464,1.);
#1464 = DIRECTION('',(0.,1.,0.));
#1465 = PCURVE('',#1015,#1466);
#1466 = DEFINITIONAL_REPRESENTATION('',(#1467),#1471);
#1467 = LINE('',#1468,#1469);
#1468 = CARTESIAN_POINT('',(18.8,-133.4));
#1469 = VECTOR('',#1470,1.);
#1470 = DIRECTION('',(0.,1.));
#1471 = ( GEOMETRIC_REPRESENTATION_CONTEXT(2) 
PARAMETRIC_REPRESENTATION_CONTEXT() REPRESENTATION_CONTEXT('2D SPACE',''
  ) );
#1472 = PCURVE('',#1473,#1478);
#1473 = PLANE('',#1474);
#1474 = AXIS2_PLACEMENT_3D('',#1475,#1476,#1477);
#1475 = CARTESIAN_POINT('',(221.2,-72.6,0.));
#1476 = DIRECTION('',(1.,0.,0.));
#1477 = DIRECTION('',(0.,0.,1.));
#1478 = DEFINITIONAL_REPRESENTATION('',(#1479),#1483);
#1479 = LINE('',#1480,#1481);
#1480 = CARTESIAN_POINT('',(20.,0.));
#1481 = VECTOR('',#1482,1.);
#1482 = DIRECTION('',(0.,-1.));
#1483 = ( GEOMETRIC_REPRESENTATION_CONTEXT(2) 
PARAMETRIC_REPRESENTATION_CONTEXT() REPRESENTATION_CONTEXT('2D SPACE',''
  ) );
#1484 = ORIENTED_EDGE('',*,*,#1485,.F.);
#1485 = EDGE_CURVE('',#1486,#1458,#1488,.T.);
#1486 = VERTEX_POINT('',#1487);
#1487 = CARTESIAN_POINT('',(328.8,-63.2,20.));
#1488 = SURFACE_CURVE('',#1489,(#1493,#1500),.PCURVE_S1.);
#1489 = LINE('',#1490,#1491);
#1490 = CARTESIAN_POINT('',(328.8,-63.2,20.));
#1491 = VECTOR('',#1492,1.);
#1492 = DIRECTION('',(-1.,0.,0.));
#1493 = PCURVE('',#1015,#1494);
#1494 = DEFINITIONAL_REPRESENTATION('',(#1495),#1499);
#1495 = LINE('',#1496,#1497);
#1496 = CARTESIAN_POINT('',(126.4,-124.));
#1497 = VECTOR('',#1498,1.);
#1498 = DIRECTION('',(-1.,0.));
#1499 = ( GEOMETRIC_REPRESENTATION_CONTEXT(2) 
PARAMETRIC_REPRESENTATION_CONTEXT() REPRESENTATION_CONTEXT('2D SPACE',''
  ) );
#1500 = PCURVE('',#1501,#1506);
#1501 = PLANE('',#1502);
#1502 = AXIS2_PLACEMENT_3D('',#1503,#1504,#1505);
#1503 = CARTESIAN_POINT('',(202.4,-63.2,0.));
#1504 = DIRECTION('',(0.,1.,0.));
#1505 = DIRECTION('',(0.,0.,1.));
#1506 = DEFINITIONAL_REPRESENTATION('',(#1507),#1511);
#1507 = LINE('',#1508,#1509);
#1508 = CARTESIAN_POINT('',(20.,126.4));
#1509 = VECTOR('',#1510,1.);
#1510 = DIRECTION('',(0.,-1.));
#1511 = ( GEOMETRIC_REPRESENTATION_CONTEXT(2) 
PARAMETRIC_REPRESENTATION_CONTEXT() REPRESENTATION_CONTEXT('2D SPACE',''
  ) );
#1512 = ORIENTED_EDGE('',*,*,#1513,.F.);
#1513 = EDGE_CURVE('',#1514,#1486,#1516,.T.);
#1514 = VERTEX_POINT('',#1515);
#1515 = CARTESIAN_POINT('',(328.8,-72.6,20.));
#1516 = SURFACE_CURVE('',#1517,(#1521,#1528),.PCURVE_S1.);
#1517 = LINE('',#1518,#1519);
#1518 = CARTESIAN_POINT('',(328.8,-72.6,20.));
#1519 = VECTOR('',#1520,1.);
#1520 = DIRECTION('',(0.,1.,0.));
#1521 = PCURVE('',#1015,#1522);
#1522 = DEFINITIONAL_REPRESENTATION('',(#1523),#1527);
#1523 = LINE('',#1524,#1525);
#1524 = CARTESIAN_POINT('',(126.4,-133.4));
#1525 = VECTOR('',#1526,1.);
#1526 = DIRECTION('',(0.,1.));
#1527 = ( GEOMETRIC_REPRESENTATION_CONTEXT(2) 
PARAMETRIC_REPRESENTATION_CONTEXT() REPRESENTATION_CONTEXT('2D SPACE',''
  ) );
#1528 = PCURVE('',#1529,#1534);
#1529 = PLANE('',#1530);
#1530 = AXIS2_PLACEMENT_3D('',#1531,#1532,#1533);
#1531 = CARTESIAN_POINT('',(328.8,-72.6,0.));
#1532 = DIRECTION('',(1.,0.,0.));
#1533 = DIRECTION('',(0.,0.,1.));
#1534 = DEFINITIONAL_REPRESENTATION('',(#1535),#1539);
#1535 = LINE('',#1536,#1537);
#1536 = CARTESIAN_POINT('',(20.,0.));
#1537 = VECTOR('',#1538,1.);
#1538 = DIRECTION('',(0.,-1.));
#1539 = ( GEOMETRIC_REPRESENTATION_CONTEXT(2) 
PARAMETRIC_REPRESENTATION_CONTEXT() REPRESENTATION_CONTEXT('2D SPACE',''
  ) );
#1540 = ORIENTED_EDGE('',*,*,#1541,.T.);
#1541 = EDGE_CURVE('',#1514,#1542,#1544,.T.);
#1542 = VERTEX_POINT('',#1543);
#1543 = CARTESIAN_POINT('',(331.2,-72.6,20.));
#1544 = SURFACE_CURVE('',#1545,(#1549,#1556),.PCURVE_S1.);
#1545 = LINE('',#1546,#1547);
#1546 = CARTESIAN_POINT('',(328.8,-72.6,20.));
#1547 = VECTOR('',#1548,1.);
#1548 = DIRECTION('',(1.,0.,0.));
#1549 = PCURVE('',#1015,#1550);
#1550 = DEFINITIONAL_REPRESENTATION('',(#1551),#1555);
#1551 = LINE('',#1552,#1553);
#1552 = CARTESIAN_POINT('',(126.4,-133.4));
#1553 = VECTOR('',#1554,1.);
#1554 = DIRECTION('',(1.,0.));
#1555 = ( GEOMETRIC_REPRESENTATION_CONTEXT(2) 
PARAMETRIC_REPRESENTATION_CONTEXT() REPRESENTATION_CONTEXT('2D SPACE',''
  ) );
#1556 = PCURVE('',#919,#1557);
#1557 = DEFINITIONAL_REPRESENTATION('',(#1558),#1562);
#1558 = LINE('',#1559,#1560);
#1559 = CARTESIAN_POINT('',(21.,126.4));
#1560 = VECTOR('',#1561,1.);
#1561 = DIRECTION('',(0.,1.));
#1562 = ( GEOMETRIC_REPRESENTATION_CONTEXT(2) 
PARAMETRIC_REPRESENTATION_CONTEXT() REPRESENTATION_CONTEXT('2D SPACE',''
  ) );
#1563 = ORIENTED_EDGE('',*,*,#1564,.T.);
#1564 = EDGE_CURVE('',#1542,#1565,#1567,.T.);
#1565 = VERTEX_POINT('',#1566);
#1566 = CARTESIAN_POINT('',(331.2,-63.2,20.));
#1567 = SURFACE_CURVE('',#1568,(#1572,#1579),.PCURVE_S1.);
#1568 = LINE('',#1569,#1570);
#1569 = CARTESIAN_POINT('',(331.2,-72.6,20.));
#1570 = VECTOR('',#1571,1.);
#1571 = DIRECTION('',(0.,1.,0.));
#1572 = PCURVE('',#1015,#1573);
#1573 = DEFINITIONAL_REPRESENTATION('',(#1574),#1578);
#1574 = LINE('',#1575,#1576);
#1575 = CARTESIAN_POINT('',(128.8,-133.4));
#1576 = VECTOR('',#1577,1.);
#1577 = DIRECTION('',(0.,1.));
#1578 = ( GEOMETRIC_REPRESENTATION_CONTEXT(2) 
PARAMETRIC_REPRESENTATION_CONTEXT() REPRESENTATION_CONTEXT('2D SPACE',''
  ) );
#1579 = PCURVE('',#1580,#1585);
#1580 = PLANE('',#1581);
#1581 = AXIS2_PLACEMENT_3D('',#1582,#1583,#1584);
#1582 = CARTESIAN_POINT('',(331.2,-72.6,0.));
#1583 = DIRECTION('',(1.,0.,0.));
#1584 = DIRECTION('',(0.,0.,1.));
#1585 = DEFINITIONAL_REPRESENTATION('',(#1586),#1590);
#1586 = LINE('',#1587,#1588);
#1587 = CARTESIAN_POINT('',(20.,0.));
#1588 = VECTOR('',#1589,1.);
#1589 = DIRECTION('',(0.,-1.));
#1590 = ( GEOMETRIC_REPRESENTATION_CONTEXT(2) 
PARAMETRIC_REPRESENTATION_CONTEXT() REPRESENTATION_CONTEXT('2D SPACE',''
  ) );
#1591 = ORIENTED_EDGE('',*,*,#1592,.T.);
#1592 = EDGE_CURVE('',#1565,#1593,#1595,.T.);
#1593 = VERTEX_POINT('',#1594);
#1594 = CARTESIAN_POINT('',(347.6,-63.2,20.));
#1595 = SURFACE_CURVE('',#1596,(#1600,#1607),.PCURVE_S1.);
#1596 = LINE('',#1597,#1598);
#1597 = CARTESIAN_POINT('',(202.4,-63.2,20.));
#1598 = VECTOR('',#1599,1.);
#1599 = DIRECTION('',(1.,0.,0.));
#1600 = PCURVE('',#1015,#1601);
#1601 = DEFINITIONAL_REPRESENTATION('',(#1602),#1606);
#1602 = LINE('',#1603,#1604);
#1603 = CARTESIAN_POINT('',(0.,-124.));
#1604 = VECTOR('',#1605,1.);
#1605 = DIRECTION('',(1.,0.));
#1606 = ( GEOMETRIC_REPRESENTATION_CONTEXT(2) 
PARAMETRIC_REPRESENTATION_CONTEXT() REPRESENTATION_CONTEXT('2D SPACE',''
  ) );
#1607 = PCURVE('',#1608,#1613);
#1608 = PLANE('',#1609);
#1609 = AXIS2_PLACEMENT_3D('',#1610,#1611,#1612);
#1610 = CARTESIAN_POINT('',(202.4,-63.2,0.));
#1611 = DIRECTION('',(0.,1.,0.));
#1612 = DIRECTION('',(0.,0.,1.));
#1613 = DEFINITIONAL_REPRESENTATION('',(#1614),#1618);
#1614 = LINE('',#1615,#1616);
#1615 = CARTESIAN_POINT('',(20.,0.));
#1616 = VECTOR('',#1617,1.);
#1617 = DIRECTION('',(0.,1.));
#1618 = ( GEOMETRIC_REPRESENTATION_CONTEXT(2) 
PARAMETRIC_REPRESENTATION_CONTEXT() REPRESENTATION_CONTEXT('2D SPACE',''
  ) );
#1619 = ORIENTED_EDGE('',*,*,#1620,.T.);
#1620 = EDGE_CURVE('',#1593,#1621,#1623,.T.);
#1621 = VERTEX_POINT('',#1622);
#1622 = CARTESIAN_POINT('',(347.6,-60.8,20.));
#1623 = SURFACE_CURVE('',#1624,(#1628,#1635),.PCURVE_S1.);
#1624 = LINE('',#1625,#1626);
#1625 = CARTESIAN_POINT('',(347.6,-63.2,20.));
#1626 = VECTOR('',#1627,1.);
#1627 = DIRECTION('',(0.,1.,0.));
#1628 = PCURVE('',#1015,#1629);
#1629 = DEFINITIONAL_REPRESENTATION('',(#1630),#1634);
#1630 = LINE('',#1631,#1632);
#1631 = CARTESIAN_POINT('',(145.2,-124.));
#1632 = VECTOR('',#1633,1.);
#1633 = DIRECTION('',(0.,1.));
#1634 = ( GEOMETRIC_REPRESENTATION_CONTEXT(2) 
PARAMETRIC_REPRESENTATION_CONTEXT() REPRESENTATION_CONTEXT('2D SPACE',''
  ) );
#1635 = PCURVE('',#1636,#1641);
#1636 = PLANE('',#1637);
#1637 = AXIS2_PLACEMENT_3D('',#1638,#1639,#1640);
#1638 = CARTESIAN_POINT('',(347.6,-72.6,-1.));
#1639 = DIRECTION('',(1.,0.,0.));
#1640 = DIRECTION('',(0.,0.,1.));
#1641 = DEFINITIONAL_REPRESENTATION('',(#1642),#1646);
#1642 = LINE('',#1643,#1644);
#1643 = CARTESIAN_POINT('',(21.,-9.4));
#1644 = VECTOR('',#1645,1.);
#1645 = DIRECTION('',(0.,-1.));
#1646 = ( GEOMETRIC_REPRESENTATION_CONTEXT(2) 
PARAMETRIC_REPRESENTATION_CONTEXT() REPRESENTATION_CONTEXT('2D SPACE',''
  ) );
#1647 = ORIENTED_EDGE('',*,*,#1648,.F.);
#1648 = EDGE_CURVE('',#1649,#1621,#1651,.T.);
#1649 = VERTEX_POINT('',#1650);
#1650 = CARTESIAN_POINT('',(331.2,-60.8,20.));
#1651 = SURFACE_CURVE('',#1652,(#1656,#1663),.PCURVE_S1.);
#1652 = LINE('',#1653,#1654);
#1653 = CARTESIAN_POINT('',(202.4,-60.8,20.));
#1654 = VECTOR('',#1655,1.);
#1655 = DIRECTION('',(1.,0.,0.));
#1656 = PCURVE('',#1015,#1657);
#1657 = DEFINITIONAL_REPRESENTATION('',(#1658),#1662);
#1658 = LINE('',#1659,#1660);
#1659 = CARTESIAN_POINT('',(0.,-121.6));
#1660 = VECTOR('',#1661,1.);
#1661 = DIRECTION('',(1.,0.));
#1662 = ( GEOMETRIC_REPRESENTATION_CONTEXT(2) 
PARAMETRIC_REPRESENTATION_CONTEXT() REPRESENTATION_CONTEXT('2D SPACE',''
  ) );
#1663 = PCURVE('',#1664,#1669);
#1664 = PLANE('',#1665);
#1665 = AXIS2_PLACEMENT_3D('',#1666,#1667,#1668);
#1666 = CARTESIAN_POINT('',(202.4,-60.8,0.));
#1667 = DIRECTION('',(0.,1.,0.));
#1668 = DIRECTION('',(0.,0.,1.));
#1669 = DEFINITIONAL_REPRESENTATION('',(#1670),#1674);
#1670 = LINE('',#1671,#1672);
#1671 = CARTESIAN_POINT('',(20.,0.));
#1672 = VECTOR('',#1673,1.);
#1673 = DIRECTION('',(0.,1.));
#1674 = ( GEOMETRIC_REPRESENTATION_CONTEXT(2) 
PARAMETRIC_REPRESENTATION_CONTEXT() REPRESENTATION_CONTEXT('2D SPACE',''
  ) );
#1675 = ORIENTED_EDGE('',*,*,#1676,.T.);
#1676 = EDGE_CURVE('',#1649,#1677,#1679,.T.);
#1677 = VERTEX_POINT('',#1678);
#1678 = CARTESIAN_POINT('',(331.2,60.8,20.));
#1679 = SURFACE_CURVE('',#1680,(#1684,#1691),.PCURVE_S1.);
#1680 = LINE('',#1681,#1682);
#1681 = CARTESIAN_POINT('',(331.2,-72.6,20.));
#1682 = VECTOR('',#1683,1.);
#1683 = DIRECTION('',(0.,1.,0.));
#1684 = PCURVE('',#1015,#1685);
#1685 = DEFINITIONAL_REPRESENTATION('',(#1686),#1690);
#1686 = LINE('',#1687,#1688);
#1687 = CARTESIAN_POINT('',(128.8,-133.4));
#1688 = VECTOR('',#1689,1.);
#1689 = DIRECTION('',(0.,1.));
#1690 = ( GEOMETRIC_REPRESENTATION_CONTEXT(2) 
PARAMETRIC_REPRESENTATION_CONTEXT() REPRESENTATION_CONTEXT('2D SPACE',''
  ) );
#1691 = PCURVE('',#1692,#1697);
#1692 = PLANE('',#1693);
#1693 = AXIS2_PLACEMENT_3D('',#1694,#1695,#1696);
#1694 = CARTESIAN_POINT('',(331.2,-72.6,0.));
#1695 = DIRECTION('',(1.,0.,0.));
#1696 = DIRECTION('',(0.,0.,1.));
#1697 = DEFINITIONAL_REPRESENTATION('',(#1698),#1702);
#1698 = LINE('',#1699,#1700);
#1699 = CARTESIAN_POINT('',(20.,0.));
#1700 = VECTOR('',#1701,1.);
#1701 = DIRECTION('',(0.,-1.));
#1702 = ( GEOMETRIC_REPRESENTATION_CONTEXT(2) 
PARAMETRIC_REPRESENTATION_CONTEXT() REPRESENTATION_CONTEXT('2D SPACE',''
  ) );
#1703 = ORIENTED_EDGE('',*,*,#1704,.T.);
#1704 = EDGE_CURVE('',#1677,#1705,#1707,.T.);
#1705 = VERTEX_POINT('',#1706);
#1706 = CARTESIAN_POINT('',(347.6,60.8,20.));
#1707 = SURFACE_CURVE('',#1708,(#1712,#1719),.PCURVE_S1.);
#1708 = LINE('',#1709,#1710);
#1709 = CARTESIAN_POINT('',(202.4,60.8,20.));
#1710 = VECTOR('',#1711,1.);
#1711 = DIRECTION('',(1.,0.,0.));
#1712 = PCURVE('',#1015,#1713);
#1713 = DEFINITIONAL_REPRESENTATION('',(#1714),#1718);
#1714 = LINE('',#1715,#1716);
#1715 = CARTESIAN_POINT('',(0.,0.));
#1716 = VECTOR('',#1717,1.);
#1717 = DIRECTION('',(1.,0.));
#1718 = ( GEOMETRIC_REPRESENTATION_CONTEXT(2) 
PARAMETRIC_REPRESENTATION_CONTEXT() REPRESENTATION_CONTEXT('2D SPACE',''
  ) );
#1719 = PCURVE('',#1720,#1725);
#1720 = PLANE('',#1721);
#1721 = AXIS2_PLACEMENT_3D('',#1722,#1723,#1724);
#1722 = CARTESIAN_POINT('',(202.4,60.8,0.));
#1723 = DIRECTION('',(0.,1.,0.));
#1724 = DIRECTION('',(0.,0.,1.));
#1725 = DEFINITIONAL_REPRESENTATION('',(#1726),#1730);
#1726 = LINE('',#1727,#1728);
#1727 = CARTESIAN_POINT('',(20.,0.));
#1728 = VECTOR('',#1729,1.);
#1729 = DIRECTION('',(0.,1.));
#1730 = ( GEOMETRIC_REPRESENTATION_CONTEXT(2) 
PARAMETRIC_REPRESENTATION_CONTEXT() REPRESENTATION_CONTEXT('2D SPACE',''
  ) );
#1731 = ORIENTED_EDGE('',*,*,#1732,.T.);
#1732 = EDGE_CURVE('',#1705,#1733,#1735,.T.);
#1733 = VERTEX_POINT('',#1734);
#1734 = CARTESIAN_POINT('',(347.6,63.2,20.));
#1735 = SURFACE_CURVE('',#1736,(#1740,#1747),.PCURVE_S1.);
#1736 = LINE('',#1737,#1738);
#1737 = CARTESIAN_POINT('',(347.6,60.8,20.));
#1738 = VECTOR('',#1739,1.);
#1739 = DIRECTION('',(0.,1.,0.));
#1740 = PCURVE('',#1015,#1741);
#1741 = DEFINITIONAL_REPRESENTATION('',(#1742),#1746);
#1742 = LINE('',#1743,#1744);
#1743 = CARTESIAN_POINT('',(145.2,0.));
#1744 = VECTOR('',#1745,1.);
#1745 = DIRECTION('',(0.,1.));
#1746 = ( GEOMETRIC_REPRESENTATION_CONTEXT(2) 
PARAMETRIC_REPRESENTATION_CONTEXT() REPRESENTATION_CONTEXT('2D SPACE',''
  ) );
#1747 = PCURVE('',#1636,#1748);
#1748 = DEFINITIONAL_REPRESENTATION('',(#1749),#1753);
#1749 = LINE('',#1750,#1751);
#1750 = CARTESIAN_POINT('',(21.,-133.4));
#1751 = VECTOR('',#1752,1.);
#1752 = DIRECTION('',(0.,-1.));
#1753 = ( GEOMETRIC_REPRESENTATION_CONTEXT(2) 
PARAMETRIC_REPRESENTATION_CONTEXT() REPRESENTATION_CONTEXT('2D SPACE',''
  ) );
#1754 = ORIENTED_EDGE('',*,*,#1755,.F.);
#1755 = EDGE_CURVE('',#1756,#1733,#1758,.T.);
#1756 = VERTEX_POINT('',#1757);
#1757 = CARTESIAN_POINT('',(331.2,63.2,20.));
#1758 = SURFACE_CURVE('',#1759,(#1763,#1770),.PCURVE_S1.);
#1759 = LINE('',#1760,#1761);
#1760 = CARTESIAN_POINT('',(202.4,63.2,20.));
#1761 = VECTOR('',#1762,1.);
#1762 = DIRECTION('',(1.,0.,0.));
#1763 = PCURVE('',#1015,#1764);
#1764 = DEFINITIONAL_REPRESENTATION('',(#1765),#1769);
#1765 = LINE('',#1766,#1767);
#1766 = CARTESIAN_POINT('',(0.,2.4));
#1767 = VECTOR('',#1768,1.);
#1768 = DIRECTION('',(1.,0.));
#1769 = ( GEOMETRIC_REPRESENTATION_CONTEXT(2) 
PARAMETRIC_REPRESENTATION_CONTEXT() REPRESENTATION_CONTEXT('2D SPACE',''
  ) );
#1770 = PCURVE('',#1771,#1776);
#1771 = PLANE('',#1772);
#1772 = AXIS2_PLACEMENT_3D('',#1773,#1774,#1775);
#1773 = CARTESIAN_POINT('',(202.4,63.2,0.));
#1774 = DIRECTION('',(0.,1.,0.));
#1775 = DIRECTION('',(0.,0.,1.));
#1776 = DEFINITIONAL_REPRESENTATION('',(#1777),#1781);
#1777 = LINE('',#1778,#1779);
#1778 = CARTESIAN_POINT('',(20.,0.));
#1779 = VECTOR('',#1780,1.);
#1780 = DIRECTION('',(0.,1.));
#1781 = ( GEOMETRIC_REPRESENTATION_CONTEXT(2) 
PARAMETRIC_REPRESENTATION_CONTEXT() REPRESENTATION_CONTEXT('2D SPACE',''
  ) );
#1782 = ORIENTED_EDGE('',*,*,#1783,.T.);
#1783 = EDGE_CURVE('',#1756,#1784,#1786,.T.);
#1784 = VERTEX_POINT('',#1785);
#1785 = CARTESIAN_POINT('',(331.2,72.6,20.));
#1786 = SURFACE_CURVE('',#1787,(#1791,#1798),.PCURVE_S1.);
#1787 = LINE('',#1788,#1789);
#1788 = CARTESIAN_POINT('',(331.2,-72.6,20.));
#1789 = VECTOR('',#1790,1.);
#1790 = DIRECTION('',(0.,1.,0.));
#1791 = PCURVE('',#1015,#1792);
#1792 = DEFINITIONAL_REPRESENTATION('',(#1793),#1797);
#1793 = LINE('',#1794,#1795);
#1794 = CARTESIAN_POINT('',(128.8,-133.4));
#1795 = VECTOR('',#1796,1.);
#1796 = DIRECTION('',(0.,1.));
#1797 = ( GEOMETRIC_REPRESENTATION_CONTEXT(2) 
PARAMETRIC_REPRESENTATION_CONTEXT() REPRESENTATION_CONTEXT('2D SPACE',''
  ) );
#1798 = PCURVE('',#1799,#1804);
#1799 = PLANE('',#1800);
#1800 = AXIS2_PLACEMENT_3D('',#1801,#1802,#1803);
#1801 = CARTESIAN_POINT('',(331.2,-72.6,0.));
#1802 = DIRECTION('',(1.,0.,0.));
#1803 = DIRECTION('',(0.,0.,1.));
#1804 = DEFINITIONAL_REPRESENTATION('',(#1805),#1809);
#1805 = LINE('',#1806,#1807);
#1806 = CARTESIAN_POINT('',(20.,0.));
#1807 = VECTOR('',#1808,1.);
#1808 = DIRECTION('',(0.,-1.));
#1809 = ( GEOMETRIC_REPRESENTATION_CONTEXT(2) 
PARAMETRIC_REPRESENTATION_CONTEXT() REPRESENTATION_CONTEXT('2D SPACE',''
  ) );
#1810 = ORIENTED_EDGE('',*,*,#1811,.F.);
#1811 = EDGE_CURVE('',#1812,#1784,#1814,.T.);
#1812 = VERTEX_POINT('',#1813);
#1813 = CARTESIAN_POINT('',(328.8,72.6,20.));
#1814 = SURFACE_CURVE('',#1815,(#1819,#1826),.PCURVE_S1.);
#1815 = LINE('',#1816,#1817);
#1816 = CARTESIAN_POINT('',(328.8,72.6,20.));
#1817 = VECTOR('',#1818,1.);
#1818 = DIRECTION('',(1.,0.,0.));
#1819 = PCURVE('',#1015,#1820);
#1820 = DEFINITIONAL_REPRESENTATION('',(#1821),#1825);
#1821 = LINE('',#1822,#1823);
#1822 = CARTESIAN_POINT('',(126.4,11.8));
#1823 = VECTOR('',#1824,1.);
#1824 = DIRECTION('',(1.,0.));
#1825 = ( GEOMETRIC_REPRESENTATION_CONTEXT(2) 
PARAMETRIC_REPRESENTATION_CONTEXT() REPRESENTATION_CONTEXT('2D SPACE',''
  ) );
#1826 = PCURVE('',#1209,#1827);
#1827 = DEFINITIONAL_REPRESENTATION('',(#1828),#1832);
#1828 = LINE('',#1829,#1830);
#1829 = CARTESIAN_POINT('',(21.,126.4));
#1830 = VECTOR('',#1831,1.);
#1831 = DIRECTION('',(0.,1.));
#1832 = ( GEOMETRIC_REPRESENTATION_CONTEXT(2) 
PARAMETRIC_REPRESENTATION_CONTEXT() REPRESENTATION_CONTEXT('2D SPACE',''
  ) );
#1833 = ORIENTED_EDGE('',*,*,#1834,.F.);
#1834 = EDGE_CURVE('',#1138,#1812,#1835,.T.);
#1835 = SURFACE_CURVE('',#1836,(#1840,#1847),.PCURVE_S1.);
#1836 = LINE('',#1837,#1838);
#1837 = CARTESIAN_POINT('',(328.8,-72.6,20.));
#1838 = VECTOR('',#1839,1.);
#1839 = DIRECTION('',(0.,1.,0.));
#1840 = PCURVE('',#1015,#1841);
#1841 = DEFINITIONAL_REPRESENTATION('',(#1842),#1846);
#1842 = LINE('',#1843,#1844);
#1843 = CARTESIAN_POINT('',(126.4,-133.4));
#1844 = VECTOR('',#1845,1.);
#1845 = DIRECTION('',(0.,1.));
#1846 = ( GEOMETRIC_REPRESENTATION_CONTEXT(2) 
PARAMETRIC_REPRESENTATION_CONTEXT() REPRESENTATION_CONTEXT('2D SPACE',''
  ) );
#1847 = PCURVE('',#1848,#1853);
#1848 = PLANE('',#1849);
#1849 = AXIS2_PLACEMENT_3D('',#1850,#1851,#1852);
#1850 = CARTESIAN_POINT('',(328.8,-72.6,0.));
#1851 = DIRECTION('',(1.,0.,0.));
#1852 = DIRECTION('',(0.,0.,1.));
#1853 = DEFINITIONAL_REPRESENTATION('',(#1854),#1858);
#1854 = LINE('',#1855,#1856);
#1855 = CARTESIAN_POINT('',(20.,0.));
#1856 = VECTOR('',#1857,1.);
#1857 = DIRECTION('',(0.,-1.));
#1858 = ( GEOMETRIC_REPRESENTATION_CONTEXT(2) 
PARAMETRIC_REPRESENTATION_CONTEXT() REPRESENTATION_CONTEXT('2D SPACE',''
  ) );
#1859 = FACE_BOUND('',#1860,.T.);
#1860 = EDGE_LOOP('',(#1861,#1891,#1919,#1947));
#1861 = ORIENTED_EDGE('',*,*,#1862,.F.);
#1862 = EDGE_CURVE('',#1863,#1865,#1867,.T.);
#1863 = VERTEX_POINT('',#1864);
#1864 = CARTESIAN_POINT('',(221.2,-60.8,20.));
#1865 = VERTEX_POINT('',#1866);
#1866 = CARTESIAN_POINT('',(328.8,-60.8,20.));
#1867 = SURFACE_CURVE('',#1868,(#1872,#1879),.PCURVE_S1.);
#1868 = LINE('',#1869,#1870);
#1869 = CARTESIAN_POINT('',(221.2,-60.8,20.));
#1870 = VECTOR('',#1871,1.);
#1871 = DIRECTION('',(1.,0.,0.));
#1872 = PCURVE('',#1015,#1873);
#1873 = DEFINITIONAL_REPRESENTATION('',(#1874),#1878);
#1874 = LINE('',#1875,#1876);
#1875 = CARTESIAN_POINT('',(18.8,-121.6));
#1876 = VECTOR('',#1877,1.);
#1877 = DIRECTION('',(1.,0.));
#1878 = ( GEOMETRIC_REPRESENTATION_CONTEXT(2) 
PARAMETRIC_REPRESENTATION_CONTEXT() REPRESENTATION_CONTEXT('2D SPACE',''
  ) );
#1879 = PCURVE('',#1880,#1885);
#1880 = PLANE('',#1881);
#1881 = AXIS2_PLACEMENT_3D('',#1882,#1883,#1884);
#1882 = CARTESIAN_POINT('',(202.4,-60.8,0.));
#1883 = DIRECTION('',(0.,1.,0.));
#1884 = DIRECTION('',(0.,0.,1.));
#1885 = DEFINITIONAL_REPRESENTATION('',(#1886),#1890);
#1886 = LINE('',#1887,#1888);
#1887 = CARTESIAN_POINT('',(20.,18.8));
#1888 = VECTOR('',#1889,1.);
#1889 = DIRECTION('',(0.,1.));
#1890 = ( GEOMETRIC_REPRESENTATION_CONTEXT(2) 
PARAMETRIC_REPRESENTATION_CONTEXT() REPRESENTATION_CONTEXT('2D SPACE',''
  ) );
#1891 = ORIENTED_EDGE('',*,*,#1892,.T.);
#1892 = EDGE_CURVE('',#1863,#1893,#1895,.T.);
#1893 = VERTEX_POINT('',#1894);
#1894 = CARTESIAN_POINT('',(221.2,60.8,20.));
#1895 = SURFACE_CURVE('',#1896,(#1900,#1907),.PCURVE_S1.);
#1896 = LINE('',#1897,#1898);
#1897 = CARTESIAN_POINT('',(221.2,-72.6,20.));
#1898 = VECTOR('',#1899,1.);
#1899 = DIRECTION('',(0.,1.,0.));
#1900 = PCURVE('',#1015,#1901);
#1901 = DEFINITIONAL_REPRESENTATION('',(#1902),#1906);
#1902 = LINE('',#1903,#1904);
#1903 = CARTESIAN_POINT('',(18.8,-133.4));
#1904 = VECTOR('',#1905,1.);
#1905 = DIRECTION('',(0.,1.));
#1906 = ( GEOMETRIC_REPRESENTATION_CONTEXT(2) 
PARAMETRIC_REPRESENTATION_CONTEXT() REPRESENTATION_CONTEXT('2D SPACE',''
  ) );
#1907 = PCURVE('',#1908,#1913);
#1908 = PLANE('',#1909);
#1909 = AXIS2_PLACEMENT_3D('',#1910,#1911,#1912);
#1910 = CARTESIAN_POINT('',(221.2,-72.6,0.));
#1911 = DIRECTION('',(1.,0.,0.));
#1912 = DIRECTION('',(0.,0.,1.));
#1913 = DEFINITIONAL_REPRESENTATION('',(#1914),#1918);
#1914 = LINE('',#1915,#1916);
#1915 = CARTESIAN_POINT('',(20.,0.));
#1916 = VECTOR('',#1917,1.);
#1917 = DIRECTION('',(0.,-1.));
#1918 = ( GEOMETRIC_REPRESENTATION_CONTEXT(2) 
PARAMETRIC_REPRESENTATION_CONTEXT() REPRESENTATION_CONTEXT('2D SPACE',''
  ) );
#1919 = ORIENTED_EDGE('',*,*,#1920,.T.);
#1920 = EDGE_CURVE('',#1893,#1921,#1923,.T.);
#1921 = VERTEX_POINT('',#1922);
#1922 = CARTESIAN_POINT('',(328.8,60.8,20.));
#1923 = SURFACE_CURVE('',#1924,(#1928,#1935),.PCURVE_S1.);
#1924 = LINE('',#1925,#1926);
#1925 = CARTESIAN_POINT('',(202.4,60.8,20.));
#1926 = VECTOR('',#1927,1.);
#1927 = DIRECTION('',(1.,0.,0.));
#1928 = PCURVE('',#1015,#1929);
#1929 = DEFINITIONAL_REPRESENTATION('',(#1930),#1934);
#1930 = LINE('',#1931,#1932);
#1931 = CARTESIAN_POINT('',(0.,0.));
#1932 = VECTOR('',#1933,1.);
#1933 = DIRECTION('',(1.,0.));
#1934 = ( GEOMETRIC_REPRESENTATION_CONTEXT(2) 
PARAMETRIC_REPRESENTATION_CONTEXT() REPRESENTATION_CONTEXT('2D SPACE',''
  ) );
#1935 = PCURVE('',#1936,#1941);
#1936 = PLANE('',#1937);
#1937 = AXIS2_PLACEMENT_3D('',#1938,#1939,#1940);
#1938 = CARTESIAN_POINT('',(202.4,60.8,0.));
#1939 = DIRECTION('',(0.,1.,0.));
#1940 = DIRECTION('',(0.,0.,1.));
#1941 = DEFINITIONAL_REPRESENTATION('',(#1942),#1946);
#1942 = LINE('',#1943,#1944);
#1943 = CARTESIAN_POINT('',(20.,0.));
#1944 = VECTOR('',#1945,1.);
#1945 = DIRECTION('',(0.,1.));
#1946 = ( GEOMETRIC_REPRESENTATION_CONTEXT(2) 
PARAMETRIC_REPRESENTATION_CONTEXT() REPRESENTATION_CONTEXT('2D SPACE',''
  ) );
#1947 = ORIENTED_EDGE('',*,*,#1948,.F.);
#1948 = EDGE_CURVE('',#1865,#1921,#1949,.T.);
#1949 = SURFACE_CURVE('',#1950,(#1954,#1961),.PCURVE_S1.);
#1950 = LINE('',#1951,#1952);
#1951 = CARTESIAN_POINT('',(328.8,-72.6,20.));
#1952 = VECTOR('',#1953,1.);
#1953 = DIRECTION('',(0.,1.,0.));
#1954 = PCURVE('',#1015,#1955);
#1955 = DEFINITIONAL_REPRESENTATION('',(#1956),#1960);
#1956 = LINE('',#1957,#1958);
#1957 = CARTESIAN_POINT('',(126.4,-133.4));
#1958 = VECTOR('',#1959,1.);
#1959 = DIRECTION('',(0.,1.));
#1960 = ( GEOMETRIC_REPRESENTATION_CONTEXT(2) 
PARAMETRIC_REPRESENTATION_CONTEXT() REPRESENTATION_CONTEXT('2D SPACE',''
  ) );
#1961 = PCURVE('',#1962,#1967);
#1962 = PLANE('',#1963);
#1963 = AXIS2_PLACEMENT_3D('',#1964,#1965,#1966);
#1964 = CARTESIAN_POINT('',(328.8,-72.6,0.));
#1965 = DIRECTION('',(1.,0.,0.));
#1966 = DIRECTION('',(0.,0.,1.));
#1967 = DEFINITIONAL_REPRESENTATION('',(#1968),#1972);
#1968 = LINE('',#1969,#1970);
#1969 = CARTESIAN_POINT('',(20.,0.));
#1970 = VECTOR('',#1971,1.);
#1971 = DIRECTION('',(0.,-1.));
#1972 = ( GEOMETRIC_REPRESENTATION_CONTEXT(2) 
PARAMETRIC_REPRESENTATION_CONTEXT() REPRESENTATION_CONTEXT('2D SPACE',''
  ) );
#1973 = ADVANCED_FACE('',(#1974),#1962,.F.);
#1974 = FACE_BOUND('',#1975,.F.);
#1975 = EDGE_LOOP('',(#1976,#1977,#2000,#2023));
#1976 = ORIENTED_EDGE('',*,*,#1948,.F.);
#1977 = ORIENTED_EDGE('',*,*,#1978,.T.);
#1978 = EDGE_CURVE('',#1865,#1979,#1981,.T.);
#1979 = VERTEX_POINT('',#1980);
#1980 = CARTESIAN_POINT('',(328.8,-60.8,0.));
#1981 = SURFACE_CURVE('',#1982,(#1986,#1993),.PCURVE_S1.);
#1982 = LINE('',#1983,#1984);
#1983 = CARTESIAN_POINT('',(328.8,-60.8,0.));
#1984 = VECTOR('',#1985,1.);
#1985 = DIRECTION('',(0.,0.,-1.));
#1986 = PCURVE('',#1962,#1987);
#1987 = DEFINITIONAL_REPRESENTATION('',(#1988),#1992);
#1988 = LINE('',#1989,#1990);
#1989 = CARTESIAN_POINT('',(0.,-11.8));
#1990 = VECTOR('',#1991,1.);
#1991 = DIRECTION('',(-1.,0.));
#1992 = ( GEOMETRIC_REPRESENTATION_CONTEXT(2) 
PARAMETRIC_REPRESENTATION_CONTEXT() REPRESENTATION_CONTEXT('2D SPACE',''
  ) );
#1993 = PCURVE('',#1880,#1994);
#1994 = DEFINITIONAL_REPRESENTATION('',(#1995),#1999);
#1995 = LINE('',#1996,#1997);
#1996 = CARTESIAN_POINT('',(0.,126.4));
#1997 = VECTOR('',#1998,1.);
#1998 = DIRECTION('',(-1.,0.));
#1999 = ( GEOMETRIC_REPRESENTATION_CONTEXT(2) 
PARAMETRIC_REPRESENTATION_CONTEXT() REPRESENTATION_CONTEXT('2D SPACE',''
  ) );
#2000 = ORIENTED_EDGE('',*,*,#2001,.T.);
#2001 = EDGE_CURVE('',#1979,#2002,#2004,.T.);
#2002 = VERTEX_POINT('',#2003);
#2003 = CARTESIAN_POINT('',(328.8,60.8,0.));
#2004 = SURFACE_CURVE('',#2005,(#2009,#2016),.PCURVE_S1.);
#2005 = LINE('',#2006,#2007);
#2006 = CARTESIAN_POINT('',(328.8,-72.6,0.));
#2007 = VECTOR('',#2008,1.);
#2008 = DIRECTION('',(0.,1.,0.));
#2009 = PCURVE('',#1962,#2010);
#2010 = DEFINITIONAL_REPRESENTATION('',(#2011),#2015);
#2011 = LINE('',#2012,#2013);
#2012 = CARTESIAN_POINT('',(0.,0.));
#2013 = VECTOR('',#2014,1.);
#2014 = DIRECTION('',(0.,-1.));
#2015 = ( GEOMETRIC_REPRESENTATION_CONTEXT(2) 
PARAMETRIC_REPRESENTATION_CONTEXT() REPRESENTATION_CONTEXT('2D SPACE',''
  ) );
#2016 = PCURVE('',#578,#2017);
#2017 = DEFINITIONAL_REPRESENTATION('',(#2018),#2022);
#2018 = LINE('',#2019,#2020);
#2019 = CARTESIAN_POINT('',(128.8,2.4));
#2020 = VECTOR('',#2021,1.);
#2021 = DIRECTION('',(0.,1.));
#2022 = ( GEOMETRIC_REPRESENTATION_CONTEXT(2) 
PARAMETRIC_REPRESENTATION_CONTEXT() REPRESENTATION_CONTEXT('2D SPACE',''
  ) );
#2023 = ORIENTED_EDGE('',*,*,#2024,.F.);
#2024 = EDGE_CURVE('',#1921,#2002,#2025,.T.);
#2025 = SURFACE_CURVE('',#2026,(#2030,#2037),.PCURVE_S1.);
#2026 = LINE('',#2027,#2028);
#2027 = CARTESIAN_POINT('',(328.8,60.8,0.));
#2028 = VECTOR('',#2029,1.);
#2029 = DIRECTION('',(0.,0.,-1.));
#2030 = PCURVE('',#1962,#2031);
#2031 = DEFINITIONAL_REPRESENTATION('',(#2032),#2036);
#2032 = LINE('',#2033,#2034);
#2033 = CARTESIAN_POINT('',(0.,-133.4));
#2034 = VECTOR('',#2035,1.);
#2035 = DIRECTION('',(-1.,0.));
#2036 = ( GEOMETRIC_REPRESENTATION_CONTEXT(2) 
PARAMETRIC_REPRESENTATION_CONTEXT() REPRESENTATION_CONTEXT('2D SPACE',''
  ) );
#2037 = PCURVE('',#1936,#2038);
#2038 = DEFINITIONAL_REPRESENTATION('',(#2039),#2043);
#2039 = LINE('',#2040,#2041);
#2040 = CARTESIAN_POINT('',(0.,126.4));
#2041 = VECTOR('',#2042,1.);
#2042 = DIRECTION('',(-1.,0.));
#2043 = ( GEOMETRIC_REPRESENTATION_CONTEXT(2) 
PARAMETRIC_REPRESENTATION_CONTEXT() REPRESENTATION_CONTEXT('2D SPACE',''
  ) );
#2044 = ADVANCED_FACE('',(#2045),#1936,.F.);
#2045 = FACE_BOUND('',#2046,.F.);
#2046 = EDGE_LOOP('',(#2047,#2070,#2091,#2092));
#2047 = ORIENTED_EDGE('',*,*,#2048,.F.);
#2048 = EDGE_CURVE('',#2049,#2002,#2051,.T.);
#2049 = VERTEX_POINT('',#2050);
#2050 = CARTESIAN_POINT('',(221.2,60.8,0.));
#2051 = SURFACE_CURVE('',#2052,(#2056,#2063),.PCURVE_S1.);
#2052 = LINE('',#2053,#2054);
#2053 = CARTESIAN_POINT('',(202.4,60.8,0.));
#2054 = VECTOR('',#2055,1.);
#2055 = DIRECTION('',(1.,0.,0.));
#2056 = PCURVE('',#1936,#2057);
#2057 = DEFINITIONAL_REPRESENTATION('',(#2058),#2062);
#2058 = LINE('',#2059,#2060);
#2059 = CARTESIAN_POINT('',(0.,0.));
#2060 = VECTOR('',#2061,1.);
#2061 = DIRECTION('',(0.,1.));
#2062 = ( GEOMETRIC_REPRESENTATION_CONTEXT(2) 
PARAMETRIC_REPRESENTATION_CONTEXT() REPRESENTATION_CONTEXT('2D SPACE',''
  ) );
#2063 = PCURVE('',#578,#2064);
#2064 = DEFINITIONAL_REPRESENTATION('',(#2065),#2069);
#2065 = LINE('',#2066,#2067);
#2066 = CARTESIAN_POINT('',(2.4,135.8));
#2067 = VECTOR('',#2068,1.);
#2068 = DIRECTION('',(1.,0.));
#2069 = ( GEOMETRIC_REPRESENTATION_CONTEXT(2) 
PARAMETRIC_REPRESENTATION_CONTEXT() REPRESENTATION_CONTEXT('2D SPACE',''
  ) );
#2070 = ORIENTED_EDGE('',*,*,#2071,.F.);
#2071 = EDGE_CURVE('',#1893,#2049,#2072,.T.);
#2072 = SURFACE_CURVE('',#2073,(#2077,#2084),.PCURVE_S1.);
#2073 = LINE('',#2074,#2075);
#2074 = CARTESIAN_POINT('',(221.2,60.8,0.));
#2075 = VECTOR('',#2076,1.);
#2076 = DIRECTION('',(0.,0.,-1.));
#2077 = PCURVE('',#1936,#2078);
#2078 = DEFINITIONAL_REPRESENTATION('',(#2079),#2083);
#2079 = LINE('',#2080,#2081);
#2080 = CARTESIAN_POINT('',(0.,18.8));
#2081 = VECTOR('',#2082,1.);
#2082 = DIRECTION('',(-1.,0.));
#2083 = ( GEOMETRIC_REPRESENTATION_CONTEXT(2) 
PARAMETRIC_REPRESENTATION_CONTEXT() REPRESENTATION_CONTEXT('2D SPACE',''
  ) );
#2084 = PCURVE('',#1908,#2085);
#2085 = DEFINITIONAL_REPRESENTATION('',(#2086),#2090);
#2086 = LINE('',#2087,#2088);
#2087 = CARTESIAN_POINT('',(0.,-133.4));
#2088 = VECTOR('',#2089,1.);
#2089 = DIRECTION('',(-1.,0.));
#2090 = ( GEOMETRIC_REPRESENTATION_CONTEXT(2) 
PARAMETRIC_REPRESENTATION_CONTEXT() REPRESENTATION_CONTEXT('2D SPACE',''
  ) );
#2091 = ORIENTED_EDGE('',*,*,#1920,.T.);
#2092 = ORIENTED_EDGE('',*,*,#2024,.T.);
#2093 = ADVANCED_FACE('',(#2094),#1908,.T.);
#2094 = FACE_BOUND('',#2095,.T.);
#2095 = EDGE_LOOP('',(#2096,#2097,#2120,#2141));
#2096 = ORIENTED_EDGE('',*,*,#1892,.F.);
#2097 = ORIENTED_EDGE('',*,*,#2098,.T.);
#2098 = EDGE_CURVE('',#1863,#2099,#2101,.T.);
#2099 = VERTEX_POINT('',#2100);
#2100 = CARTESIAN_POINT('',(221.2,-60.8,0.));
#2101 = SURFACE_CURVE('',#2102,(#2106,#2113),.PCURVE_S1.);
#2102 = LINE('',#2103,#2104);
#2103 = CARTESIAN_POINT('',(221.2,-60.8,0.));
#2104 = VECTOR('',#2105,1.);
#2105 = DIRECTION('',(0.,0.,-1.));
#2106 = PCURVE('',#1908,#2107);
#2107 = DEFINITIONAL_REPRESENTATION('',(#2108),#2112);
#2108 = LINE('',#2109,#2110);
#2109 = CARTESIAN_POINT('',(0.,-11.8));
#2110 = VECTOR('',#2111,1.);
#2111 = DIRECTION('',(-1.,0.));
#2112 = ( GEOMETRIC_REPRESENTATION_CONTEXT(2) 
PARAMETRIC_REPRESENTATION_CONTEXT() REPRESENTATION_CONTEXT('2D SPACE',''
  ) );
#2113 = PCURVE('',#1880,#2114);
#2114 = DEFINITIONAL_REPRESENTATION('',(#2115),#2119);
#2115 = LINE('',#2116,#2117);
#2116 = CARTESIAN_POINT('',(0.,18.8));
#2117 = VECTOR('',#2118,1.);
#2118 = DIRECTION('',(-1.,0.));
#2119 = ( GEOMETRIC_REPRESENTATION_CONTEXT(2) 
PARAMETRIC_REPRESENTATION_CONTEXT() REPRESENTATION_CONTEXT('2D SPACE',''
  ) );
#2120 = ORIENTED_EDGE('',*,*,#2121,.T.);
#2121 = EDGE_CURVE('',#2099,#2049,#2122,.T.);
#2122 = SURFACE_CURVE('',#2123,(#2127,#2134),.PCURVE_S1.);
#2123 = LINE('',#2124,#2125);
#2124 = CARTESIAN_POINT('',(221.2,-72.6,0.));
#2125 = VECTOR('',#2126,1.);
#2126 = DIRECTION('',(0.,1.,0.));
#2127 = PCURVE('',#1908,#2128);
#2128 = DEFINITIONAL_REPRESENTATION('',(#2129),#2133);
#2129 = LINE('',#2130,#2131);
#2130 = CARTESIAN_POINT('',(0.,0.));
#2131 = VECTOR('',#2132,1.);
#2132 = DIRECTION('',(0.,-1.));
#2133 = ( GEOMETRIC_REPRESENTATION_CONTEXT(2) 
PARAMETRIC_REPRESENTATION_CONTEXT() REPRESENTATION_CONTEXT('2D SPACE',''
  ) );
#2134 = PCURVE('',#578,#2135);
#2135 = DEFINITIONAL_REPRESENTATION('',(#2136),#2140);
#2136 = LINE('',#2137,#2138);
#2137 = CARTESIAN_POINT('',(21.2,2.4));
#2138 = VECTOR('',#2139,1.);
#2139 = DIRECTION('',(0.,1.));
#2140 = ( GEOMETRIC_REPRESENTATION_CONTEXT(2) 
PARAMETRIC_REPRESENTATION_CONTEXT() REPRESENTATION_CONTEXT('2D SPACE',''
  ) );
#2141 = ORIENTED_EDGE('',*,*,#2071,.F.);
#2142 = ADVANCED_FACE('',(#2143),#1880,.T.);
#2143 = FACE_BOUND('',#2144,.T.);
#2144 = EDGE_LOOP('',(#2145,#2166,#2167,#2168));
#2145 = ORIENTED_EDGE('',*,*,#2146,.F.);
#2146 = EDGE_CURVE('',#2099,#1979,#2147,.T.);
#2147 = SURFACE_CURVE('',#2148,(#2152,#2159),.PCURVE_S1.);
#2148 = LINE('',#2149,#2150);
#2149 = CARTESIAN_POINT('',(202.4,-60.8,0.));
#2150 = VECTOR('',#2151,1.);
#2151 = DIRECTION('',(1.,0.,0.));
#2152 = PCURVE('',#1880,#2153);
#2153 = DEFINITIONAL_REPRESENTATION('',(#2154),#2158);
#2154 = LINE('',#2155,#2156);
#2155 = CARTESIAN_POINT('',(0.,0.));
#2156 = VECTOR('',#2157,1.);
#2157 = DIRECTION('',(0.,1.));
#2158 = ( GEOMETRIC_REPRESENTATION_CONTEXT(2) 
PARAMETRIC_REPRESENTATION_CONTEXT() REPRESENTATION_CONTEXT('2D SPACE',''
  ) );
#2159 = PCURVE('',#578,#2160);
#2160 = DEFINITIONAL_REPRESENTATION('',(#2161),#2165);
#2161 = LINE('',#2162,#2163);
#2162 = CARTESIAN_POINT('',(2.4,14.2));
#2163 = VECTOR('',#2164,1.);
#2164 = DIRECTION('',(1.,0.));
#2165 = ( GEOMETRIC_REPRESENTATION_CONTEXT(2) 
PARAMETRIC_REPRESENTATION_CONTEXT() REPRESENTATION_CONTEXT('2D SPACE',''
  ) );
#2166 = ORIENTED_EDGE('',*,*,#2098,.F.);
#2167 = ORIENTED_EDGE('',*,*,#1862,.T.);
#2168 = ORIENTED_EDGE('',*,*,#1978,.T.);
#2169 = ADVANCED_FACE('',(#2170),#1848,.F.);
#2170 = FACE_BOUND('',#2171,.F.);
#2171 = EDGE_LOOP('',(#2172,#2173,#2196,#2219));
#2172 = ORIENTED_EDGE('',*,*,#1834,.F.);
#2173 = ORIENTED_EDGE('',*,*,#2174,.T.);
#2174 = EDGE_CURVE('',#1138,#2175,#2177,.T.);
#2175 = VERTEX_POINT('',#2176);
#2176 = CARTESIAN_POINT('',(328.8,63.2,0.));
#2177 = SURFACE_CURVE('',#2178,(#2182,#2189),.PCURVE_S1.);
#2178 = LINE('',#2179,#2180);
#2179 = CARTESIAN_POINT('',(328.8,63.2,0.));
#2180 = VECTOR('',#2181,1.);
#2181 = DIRECTION('',(0.,0.,-1.));
#2182 = PCURVE('',#1848,#2183);
#2183 = DEFINITIONAL_REPRESENTATION('',(#2184),#2188);
#2184 = LINE('',#2185,#2186);
#2185 = CARTESIAN_POINT('',(0.,-135.8));
#2186 = VECTOR('',#2187,1.);
#2187 = DIRECTION('',(-1.,0.));
#2188 = ( GEOMETRIC_REPRESENTATION_CONTEXT(2) 
PARAMETRIC_REPRESENTATION_CONTEXT() REPRESENTATION_CONTEXT('2D SPACE',''
  ) );
#2189 = PCURVE('',#1153,#2190);
#2190 = DEFINITIONAL_REPRESENTATION('',(#2191),#2195);
#2191 = LINE('',#2192,#2193);
#2192 = CARTESIAN_POINT('',(0.,126.4));
#2193 = VECTOR('',#2194,1.);
#2194 = DIRECTION('',(-1.,0.));
#2195 = ( GEOMETRIC_REPRESENTATION_CONTEXT(2) 
PARAMETRIC_REPRESENTATION_CONTEXT() REPRESENTATION_CONTEXT('2D SPACE',''
  ) );
#2196 = ORIENTED_EDGE('',*,*,#2197,.T.);
#2197 = EDGE_CURVE('',#2175,#2198,#2200,.T.);
#2198 = VERTEX_POINT('',#2199);
#2199 = CARTESIAN_POINT('',(328.8,72.6,0.));
#2200 = SURFACE_CURVE('',#2201,(#2205,#2212),.PCURVE_S1.);
#2201 = LINE('',#2202,#2203);
#2202 = CARTESIAN_POINT('',(328.8,-72.6,0.));
#2203 = VECTOR('',#2204,1.);
#2204 = DIRECTION('',(0.,1.,0.));
#2205 = PCURVE('',#1848,#2206);
#2206 = DEFINITIONAL_REPRESENTATION('',(#2207),#2211);
#2207 = LINE('',#2208,#2209);
#2208 = CARTESIAN_POINT('',(0.,0.));
#2209 = VECTOR('',#2210,1.);
#2210 = DIRECTION('',(0.,-1.));
#2211 = ( GEOMETRIC_REPRESENTATION_CONTEXT(2) 
PARAMETRIC_REPRESENTATION_CONTEXT() REPRESENTATION_CONTEXT('2D SPACE',''
  ) );
#2212 = PCURVE('',#578,#2213);
#2213 = DEFINITIONAL_REPRESENTATION('',(#2214),#2218);
#2214 = LINE('',#2215,#2216);
#2215 = CARTESIAN_POINT('',(128.8,2.4));
#2216 = VECTOR('',#2217,1.);
#2217 = DIRECTION('',(0.,1.));
#2218 = ( GEOMETRIC_REPRESENTATION_CONTEXT(2) 
PARAMETRIC_REPRESENTATION_CONTEXT() REPRESENTATION_CONTEXT('2D SPACE',''
  ) );
#2219 = ORIENTED_EDGE('',*,*,#2220,.T.);
#2220 = EDGE_CURVE('',#2198,#1812,#2221,.T.);
#2221 = SURFACE_CURVE('',#2222,(#2226,#2233),.PCURVE_S1.);
#2222 = LINE('',#2223,#2224);
#2223 = CARTESIAN_POINT('',(328.8,72.6,0.));
#2224 = VECTOR('',#2225,1.);
#2225 = DIRECTION('',(0.,0.,1.));
#2226 = PCURVE('',#1848,#2227);
#2227 = DEFINITIONAL_REPRESENTATION('',(#2228),#2232);
#2228 = LINE('',#2229,#2230);
#2229 = CARTESIAN_POINT('',(0.,-145.2));
#2230 = VECTOR('',#2231,1.);
#2231 = DIRECTION('',(1.,0.));
#2232 = ( GEOMETRIC_REPRESENTATION_CONTEXT(2) 
PARAMETRIC_REPRESENTATION_CONTEXT() REPRESENTATION_CONTEXT('2D SPACE',''
  ) );
#2233 = PCURVE('',#1209,#2234);
#2234 = DEFINITIONAL_REPRESENTATION('',(#2235),#2239);
#2235 = LINE('',#2236,#2237);
#2236 = CARTESIAN_POINT('',(1.,126.4));
#2237 = VECTOR('',#2238,1.);
#2238 = DIRECTION('',(1.,0.));
#2239 = ( GEOMETRIC_REPRESENTATION_CONTEXT(2) 
PARAMETRIC_REPRESENTATION_CONTEXT() REPRESENTATION_CONTEXT('2D SPACE',''
  ) );
#2240 = ADVANCED_FACE('',(#2241),#1799,.T.);
#2241 = FACE_BOUND('',#2242,.T.);
#2242 = EDGE_LOOP('',(#2243,#2244,#2267,#2290));
#2243 = ORIENTED_EDGE('',*,*,#1783,.F.);
#2244 = ORIENTED_EDGE('',*,*,#2245,.T.);
#2245 = EDGE_CURVE('',#1756,#2246,#2248,.T.);
#2246 = VERTEX_POINT('',#2247);
#2247 = CARTESIAN_POINT('',(331.2,63.2,0.));
#2248 = SURFACE_CURVE('',#2249,(#2253,#2260),.PCURVE_S1.);
#2249 = LINE('',#2250,#2251);
#2250 = CARTESIAN_POINT('',(331.2,63.2,0.));
#2251 = VECTOR('',#2252,1.);
#2252 = DIRECTION('',(0.,0.,-1.));
#2253 = PCURVE('',#1799,#2254);
#2254 = DEFINITIONAL_REPRESENTATION('',(#2255),#2259);
#2255 = LINE('',#2256,#2257);
#2256 = CARTESIAN_POINT('',(0.,-135.8));
#2257 = VECTOR('',#2258,1.);
#2258 = DIRECTION('',(-1.,0.));
#2259 = ( GEOMETRIC_REPRESENTATION_CONTEXT(2) 
PARAMETRIC_REPRESENTATION_CONTEXT() REPRESENTATION_CONTEXT('2D SPACE',''
  ) );
#2260 = PCURVE('',#1771,#2261);
#2261 = DEFINITIONAL_REPRESENTATION('',(#2262),#2266);
#2262 = LINE('',#2263,#2264);
#2263 = CARTESIAN_POINT('',(0.,128.8));
#2264 = VECTOR('',#2265,1.);
#2265 = DIRECTION('',(-1.,0.));
#2266 = ( GEOMETRIC_REPRESENTATION_CONTEXT(2) 
PARAMETRIC_REPRESENTATION_CONTEXT() REPRESENTATION_CONTEXT('2D SPACE',''
  ) );
#2267 = ORIENTED_EDGE('',*,*,#2268,.T.);
#2268 = EDGE_CURVE('',#2246,#2269,#2271,.T.);
#2269 = VERTEX_POINT('',#2270);
#2270 = CARTESIAN_POINT('',(331.2,72.6,0.));
#2271 = SURFACE_CURVE('',#2272,(#2276,#2283),.PCURVE_S1.);
#2272 = LINE('',#2273,#2274);
#2273 = CARTESIAN_POINT('',(331.2,-72.6,0.));
#2274 = VECTOR('',#2275,1.);
#2275 = DIRECTION('',(0.,1.,0.));
#2276 = PCURVE('',#1799,#2277);
#2277 = DEFINITIONAL_REPRESENTATION('',(#2278),#2282);
#2278 = LINE('',#2279,#2280);
#2279 = CARTESIAN_POINT('',(0.,0.));
#2280 = VECTOR('',#2281,1.);
#2281 = DIRECTION('',(0.,-1.));
#2282 = ( GEOMETRIC_REPRESENTATION_CONTEXT(2) 
PARAMETRIC_REPRESENTATION_CONTEXT() REPRESENTATION_CONTEXT('2D SPACE',''
  ) );
#2283 = PCURVE('',#578,#2284);
#2284 = DEFINITIONAL_REPRESENTATION('',(#2285),#2289);
#2285 = LINE('',#2286,#2287);
#2286 = CARTESIAN_POINT('',(131.2,2.4));
#2287 = VECTOR('',#2288,1.);
#2288 = DIRECTION('',(0.,1.));
#2289 = ( GEOMETRIC_REPRESENTATION_CONTEXT(2) 
PARAMETRIC_REPRESENTATION_CONTEXT() REPRESENTATION_CONTEXT('2D SPACE',''
  ) );
#2290 = ORIENTED_EDGE('',*,*,#2291,.T.);
#2291 = EDGE_CURVE('',#2269,#1784,#2292,.T.);
#2292 = SURFACE_CURVE('',#2293,(#2297,#2304),.PCURVE_S1.);
#2293 = LINE('',#2294,#2295);
#2294 = CARTESIAN_POINT('',(331.2,72.6,0.));
#2295 = VECTOR('',#2296,1.);
#2296 = DIRECTION('',(0.,0.,1.));
#2297 = PCURVE('',#1799,#2298);
#2298 = DEFINITIONAL_REPRESENTATION('',(#2299),#2303);
#2299 = LINE('',#2300,#2301);
#2300 = CARTESIAN_POINT('',(0.,-145.2));
#2301 = VECTOR('',#2302,1.);
#2302 = DIRECTION('',(1.,0.));
#2303 = ( GEOMETRIC_REPRESENTATION_CONTEXT(2) 
PARAMETRIC_REPRESENTATION_CONTEXT() REPRESENTATION_CONTEXT('2D SPACE',''
  ) );
#2304 = PCURVE('',#1209,#2305);
#2305 = DEFINITIONAL_REPRESENTATION('',(#2306),#2310);
#2306 = LINE('',#2307,#2308);
#2307 = CARTESIAN_POINT('',(1.,128.8));
#2308 = VECTOR('',#2309,1.);
#2309 = DIRECTION('',(1.,0.));
#2310 = ( GEOMETRIC_REPRESENTATION_CONTEXT(2) 
PARAMETRIC_REPRESENTATION_CONTEXT() REPRESENTATION_CONTEXT('2D SPACE',''
  ) );
#2311 = ADVANCED_FACE('',(#2312),#1771,.T.);
#2312 = FACE_BOUND('',#2313,.T.);
#2313 = EDGE_LOOP('',(#2314,#2337,#2338,#2339));
#2314 = ORIENTED_EDGE('',*,*,#2315,.F.);
#2315 = EDGE_CURVE('',#2246,#2316,#2318,.T.);
#2316 = VERTEX_POINT('',#2317);
#2317 = CARTESIAN_POINT('',(347.6,63.2,0.));
#2318 = SURFACE_CURVE('',#2319,(#2323,#2330),.PCURVE_S1.);
#2319 = LINE('',#2320,#2321);
#2320 = CARTESIAN_POINT('',(202.4,63.2,0.));
#2321 = VECTOR('',#2322,1.);
#2322 = DIRECTION('',(1.,0.,0.));
#2323 = PCURVE('',#1771,#2324);
#2324 = DEFINITIONAL_REPRESENTATION('',(#2325),#2329);
#2325 = LINE('',#2326,#2327);
#2326 = CARTESIAN_POINT('',(0.,0.));
#2327 = VECTOR('',#2328,1.);
#2328 = DIRECTION('',(0.,1.));
#2329 = ( GEOMETRIC_REPRESENTATION_CONTEXT(2) 
PARAMETRIC_REPRESENTATION_CONTEXT() REPRESENTATION_CONTEXT('2D SPACE',''
  ) );
#2330 = PCURVE('',#578,#2331);
#2331 = DEFINITIONAL_REPRESENTATION('',(#2332),#2336);
#2332 = LINE('',#2333,#2334);
#2333 = CARTESIAN_POINT('',(2.4,138.2));
#2334 = VECTOR('',#2335,1.);
#2335 = DIRECTION('',(1.,0.));
#2336 = ( GEOMETRIC_REPRESENTATION_CONTEXT(2) 
PARAMETRIC_REPRESENTATION_CONTEXT() REPRESENTATION_CONTEXT('2D SPACE',''
  ) );
#2337 = ORIENTED_EDGE('',*,*,#2245,.F.);
#2338 = ORIENTED_EDGE('',*,*,#1755,.T.);
#2339 = ORIENTED_EDGE('',*,*,#2340,.F.);
#2340 = EDGE_CURVE('',#2316,#1733,#2341,.T.);
#2341 = SURFACE_CURVE('',#2342,(#2346,#2353),.PCURVE_S1.);
#2342 = LINE('',#2343,#2344);
#2343 = CARTESIAN_POINT('',(347.6,63.2,0.));
#2344 = VECTOR('',#2345,1.);
#2345 = DIRECTION('',(0.,0.,1.));
#2346 = PCURVE('',#1771,#2347);
#2347 = DEFINITIONAL_REPRESENTATION('',(#2348),#2352);
#2348 = LINE('',#2349,#2350);
#2349 = CARTESIAN_POINT('',(0.,145.2));
#2350 = VECTOR('',#2351,1.);
#2351 = DIRECTION('',(1.,0.));
#2352 = ( GEOMETRIC_REPRESENTATION_CONTEXT(2) 
PARAMETRIC_REPRESENTATION_CONTEXT() REPRESENTATION_CONTEXT('2D SPACE',''
  ) );
#2353 = PCURVE('',#1636,#2354);
#2354 = DEFINITIONAL_REPRESENTATION('',(#2355),#2359);
#2355 = LINE('',#2356,#2357);
#2356 = CARTESIAN_POINT('',(1.,-135.8));
#2357 = VECTOR('',#2358,1.);
#2358 = DIRECTION('',(1.,0.));
#2359 = ( GEOMETRIC_REPRESENTATION_CONTEXT(2) 
PARAMETRIC_REPRESENTATION_CONTEXT() REPRESENTATION_CONTEXT('2D SPACE',''
  ) );
#2360 = ADVANCED_FACE('',(#2361),#1720,.F.);
#2361 = FACE_BOUND('',#2362,.F.);
#2362 = EDGE_LOOP('',(#2363,#2388,#2409,#2410));
#2363 = ORIENTED_EDGE('',*,*,#2364,.F.);
#2364 = EDGE_CURVE('',#2365,#2367,#2369,.T.);
#2365 = VERTEX_POINT('',#2366);
#2366 = CARTESIAN_POINT('',(331.2,60.8,0.));
#2367 = VERTEX_POINT('',#2368);
#2368 = CARTESIAN_POINT('',(347.6,60.8,0.));
#2369 = SURFACE_CURVE('',#2370,(#2374,#2381),.PCURVE_S1.);
#2370 = LINE('',#2371,#2372);
#2371 = CARTESIAN_POINT('',(202.4,60.8,0.));
#2372 = VECTOR('',#2373,1.);
#2373 = DIRECTION('',(1.,0.,0.));
#2374 = PCURVE('',#1720,#2375);
#2375 = DEFINITIONAL_REPRESENTATION('',(#2376),#2380);
#2376 = LINE('',#2377,#2378);
#2377 = CARTESIAN_POINT('',(0.,0.));
#2378 = VECTOR('',#2379,1.);
#2379 = DIRECTION('',(0.,1.));
#2380 = ( GEOMETRIC_REPRESENTATION_CONTEXT(2) 
PARAMETRIC_REPRESENTATION_CONTEXT() REPRESENTATION_CONTEXT('2D SPACE',''
  ) );
#2381 = PCURVE('',#578,#2382);
#2382 = DEFINITIONAL_REPRESENTATION('',(#2383),#2387);
#2383 = LINE('',#2384,#2385);
#2384 = CARTESIAN_POINT('',(2.4,135.8));
#2385 = VECTOR('',#2386,1.);
#2386 = DIRECTION('',(1.,0.));
#2387 = ( GEOMETRIC_REPRESENTATION_CONTEXT(2) 
PARAMETRIC_REPRESENTATION_CONTEXT() REPRESENTATION_CONTEXT('2D SPACE',''
  ) );
#2388 = ORIENTED_EDGE('',*,*,#2389,.F.);
#2389 = EDGE_CURVE('',#1677,#2365,#2390,.T.);
#2390 = SURFACE_CURVE('',#2391,(#2395,#2402),.PCURVE_S1.);
#2391 = LINE('',#2392,#2393);
#2392 = CARTESIAN_POINT('',(331.2,60.8,0.));
#2393 = VECTOR('',#2394,1.);
#2394 = DIRECTION('',(0.,0.,-1.));
#2395 = PCURVE('',#1720,#2396);
#2396 = DEFINITIONAL_REPRESENTATION('',(#2397),#2401);
#2397 = LINE('',#2398,#2399);
#2398 = CARTESIAN_POINT('',(0.,128.8));
#2399 = VECTOR('',#2400,1.);
#2400 = DIRECTION('',(-1.,0.));
#2401 = ( GEOMETRIC_REPRESENTATION_CONTEXT(2) 
PARAMETRIC_REPRESENTATION_CONTEXT() REPRESENTATION_CONTEXT('2D SPACE',''
  ) );
#2402 = PCURVE('',#1692,#2403);
#2403 = DEFINITIONAL_REPRESENTATION('',(#2404),#2408);
#2404 = LINE('',#2405,#2406);
#2405 = CARTESIAN_POINT('',(0.,-133.4));
#2406 = VECTOR('',#2407,1.);
#2407 = DIRECTION('',(-1.,0.));
#2408 = ( GEOMETRIC_REPRESENTATION_CONTEXT(2) 
PARAMETRIC_REPRESENTATION_CONTEXT() REPRESENTATION_CONTEXT('2D SPACE',''
  ) );
#2409 = ORIENTED_EDGE('',*,*,#1704,.T.);
#2410 = ORIENTED_EDGE('',*,*,#2411,.F.);
#2411 = EDGE_CURVE('',#2367,#1705,#2412,.T.);
#2412 = SURFACE_CURVE('',#2413,(#2417,#2424),.PCURVE_S1.);
#2413 = LINE('',#2414,#2415);
#2414 = CARTESIAN_POINT('',(347.6,60.8,0.));
#2415 = VECTOR('',#2416,1.);
#2416 = DIRECTION('',(0.,0.,1.));
#2417 = PCURVE('',#1720,#2418);
#2418 = DEFINITIONAL_REPRESENTATION('',(#2419),#2423);
#2419 = LINE('',#2420,#2421);
#2420 = CARTESIAN_POINT('',(0.,145.2));
#2421 = VECTOR('',#2422,1.);
#2422 = DIRECTION('',(1.,0.));
#2423 = ( GEOMETRIC_REPRESENTATION_CONTEXT(2) 
PARAMETRIC_REPRESENTATION_CONTEXT() REPRESENTATION_CONTEXT('2D SPACE',''
  ) );
#2424 = PCURVE('',#1636,#2425);
#2425 = DEFINITIONAL_REPRESENTATION('',(#2426),#2430);
#2426 = LINE('',#2427,#2428);
#2427 = CARTESIAN_POINT('',(1.,-133.4));
#2428 = VECTOR('',#2429,1.);
#2429 = DIRECTION('',(1.,0.));
#2430 = ( GEOMETRIC_REPRESENTATION_CONTEXT(2) 
PARAMETRIC_REPRESENTATION_CONTEXT() REPRESENTATION_CONTEXT('2D SPACE',''
  ) );
#2431 = ADVANCED_FACE('',(#2432),#1692,.T.);
#2432 = FACE_BOUND('',#2433,.T.);
#2433 = EDGE_LOOP('',(#2434,#2435,#2458,#2479));
#2434 = ORIENTED_EDGE('',*,*,#1676,.F.);
#2435 = ORIENTED_EDGE('',*,*,#2436,.T.);
#2436 = EDGE_CURVE('',#1649,#2437,#2439,.T.);
#2437 = VERTEX_POINT('',#2438);
#2438 = CARTESIAN_POINT('',(331.2,-60.8,0.));
#2439 = SURFACE_CURVE('',#2440,(#2444,#2451),.PCURVE_S1.);
#2440 = LINE('',#2441,#2442);
#2441 = CARTESIAN_POINT('',(331.2,-60.8,0.));
#2442 = VECTOR('',#2443,1.);
#2443 = DIRECTION('',(0.,0.,-1.));
#2444 = PCURVE('',#1692,#2445);
#2445 = DEFINITIONAL_REPRESENTATION('',(#2446),#2450);
#2446 = LINE('',#2447,#2448);
#2447 = CARTESIAN_POINT('',(0.,-11.8));
#2448 = VECTOR('',#2449,1.);
#2449 = DIRECTION('',(-1.,0.));
#2450 = ( GEOMETRIC_REPRESENTATION_CONTEXT(2) 
PARAMETRIC_REPRESENTATION_CONTEXT() REPRESENTATION_CONTEXT('2D SPACE',''
  ) );
#2451 = PCURVE('',#1664,#2452);
#2452 = DEFINITIONAL_REPRESENTATION('',(#2453),#2457);
#2453 = LINE('',#2454,#2455);
#2454 = CARTESIAN_POINT('',(0.,128.8));
#2455 = VECTOR('',#2456,1.);
#2456 = DIRECTION('',(-1.,0.));
#2457 = ( GEOMETRIC_REPRESENTATION_CONTEXT(2) 
PARAMETRIC_REPRESENTATION_CONTEXT() REPRESENTATION_CONTEXT('2D SPACE',''
  ) );
#2458 = ORIENTED_EDGE('',*,*,#2459,.T.);
#2459 = EDGE_CURVE('',#2437,#2365,#2460,.T.);
#2460 = SURFACE_CURVE('',#2461,(#2465,#2472),.PCURVE_S1.);
#2461 = LINE('',#2462,#2463);
#2462 = CARTESIAN_POINT('',(331.2,-72.6,0.));
#2463 = VECTOR('',#2464,1.);
#2464 = DIRECTION('',(0.,1.,0.));
#2465 = PCURVE('',#1692,#2466);
#2466 = DEFINITIONAL_REPRESENTATION('',(#2467),#2471);
#2467 = LINE('',#2468,#2469);
#2468 = CARTESIAN_POINT('',(0.,0.));
#2469 = VECTOR('',#2470,1.);
#2470 = DIRECTION('',(0.,-1.));
#2471 = ( GEOMETRIC_REPRESENTATION_CONTEXT(2) 
PARAMETRIC_REPRESENTATION_CONTEXT() REPRESENTATION_CONTEXT('2D SPACE',''
  ) );
#2472 = PCURVE('',#578,#2473);
#2473 = DEFINITIONAL_REPRESENTATION('',(#2474),#2478);
#2474 = LINE('',#2475,#2476);
#2475 = CARTESIAN_POINT('',(131.2,2.4));
#2476 = VECTOR('',#2477,1.);
#2477 = DIRECTION('',(0.,1.));
#2478 = ( GEOMETRIC_REPRESENTATION_CONTEXT(2) 
PARAMETRIC_REPRESENTATION_CONTEXT() REPRESENTATION_CONTEXT('2D SPACE',''
  ) );
#2479 = ORIENTED_EDGE('',*,*,#2389,.F.);
#2480 = ADVANCED_FACE('',(#2481),#1664,.T.);
#2481 = FACE_BOUND('',#2482,.T.);
#2482 = EDGE_LOOP('',(#2483,#2506,#2507,#2508));
#2483 = ORIENTED_EDGE('',*,*,#2484,.F.);
#2484 = EDGE_CURVE('',#2437,#2485,#2487,.T.);
#2485 = VERTEX_POINT('',#2486);
#2486 = CARTESIAN_POINT('',(347.6,-60.8,0.));
#2487 = SURFACE_CURVE('',#2488,(#2492,#2499),.PCURVE_S1.);
#2488 = LINE('',#2489,#2490);
#2489 = CARTESIAN_POINT('',(202.4,-60.8,0.));
#2490 = VECTOR('',#2491,1.);
#2491 = DIRECTION('',(1.,0.,0.));
#2492 = PCURVE('',#1664,#2493);
#2493 = DEFINITIONAL_REPRESENTATION('',(#2494),#2498);
#2494 = LINE('',#2495,#2496);
#2495 = CARTESIAN_POINT('',(0.,0.));
#2496 = VECTOR('',#2497,1.);
#2497 = DIRECTION('',(0.,1.));
#2498 = ( GEOMETRIC_REPRESENTATION_CONTEXT(2) 
PARAMETRIC_REPRESENTATION_CONTEXT() REPRESENTATION_CONTEXT('2D SPACE',''
  ) );
#2499 = PCURVE('',#578,#2500);
#2500 = DEFINITIONAL_REPRESENTATION('',(#2501),#2505);
#2501 = LINE('',#2502,#2503);
#2502 = CARTESIAN_POINT('',(2.4,14.2));
#2503 = VECTOR('',#2504,1.);
#2504 = DIRECTION('',(1.,0.));
#2505 = ( GEOMETRIC_REPRESENTATION_CONTEXT(2) 
PARAMETRIC_REPRESENTATION_CONTEXT() REPRESENTATION_CONTEXT('2D SPACE',''
  ) );
#2506 = ORIENTED_EDGE('',*,*,#2436,.F.);
#2507 = ORIENTED_EDGE('',*,*,#1648,.T.);
#2508 = ORIENTED_EDGE('',*,*,#2509,.F.);
#2509 = EDGE_CURVE('',#2485,#1621,#2510,.T.);
#2510 = SURFACE_CURVE('',#2511,(#2515,#2522),.PCURVE_S1.);
#2511 = LINE('',#2512,#2513);
#2512 = CARTESIAN_POINT('',(347.6,-60.8,0.));
#2513 = VECTOR('',#2514,1.);
#2514 = DIRECTION('',(0.,0.,1.));
#2515 = PCURVE('',#1664,#2516);
#2516 = DEFINITIONAL_REPRESENTATION('',(#2517),#2521);
#2517 = LINE('',#2518,#2519);
#2518 = CARTESIAN_POINT('',(0.,145.2));
#2519 = VECTOR('',#2520,1.);
#2520 = DIRECTION('',(1.,0.));
#2521 = ( GEOMETRIC_REPRESENTATION_CONTEXT(2) 
PARAMETRIC_REPRESENTATION_CONTEXT() REPRESENTATION_CONTEXT('2D SPACE',''
  ) );
#2522 = PCURVE('',#1636,#2523);
#2523 = DEFINITIONAL_REPRESENTATION('',(#2524),#2528);
#2524 = LINE('',#2525,#2526);
#2525 = CARTESIAN_POINT('',(1.,-11.8));
#2526 = VECTOR('',#2527,1.);
#2527 = DIRECTION('',(1.,0.));
#2528 = ( GEOMETRIC_REPRESENTATION_CONTEXT(2) 
PARAMETRIC_REPRESENTATION_CONTEXT() REPRESENTATION_CONTEXT('2D SPACE',''
  ) );
#2529 = ADVANCED_FACE('',(#2530),#1636,.F.);
#2530 = FACE_BOUND('',#2531,.F.);
#2531 = EDGE_LOOP('',(#2532,#2557,#2580,#2601,#2602,#2603,#2624,#2625,
    #2626,#2627,#2650,#2673,#2701,#2729,#2757,#2785));
#2532 = ORIENTED_EDGE('',*,*,#2533,.F.);
#2533 = EDGE_CURVE('',#2534,#2536,#2538,.T.);
#2534 = VERTEX_POINT('',#2535);
#2535 = CARTESIAN_POINT('',(347.6,-72.6,0.));
#2536 = VERTEX_POINT('',#2537);
#2537 = CARTESIAN_POINT('',(347.6,-72.6,28.));
#2538 = SURFACE_CURVE('',#2539,(#2543,#2550),.PCURVE_S1.);
#2539 = LINE('',#2540,#2541);
#2540 = CARTESIAN_POINT('',(347.6,-72.6,-1.));
#2541 = VECTOR('',#2542,1.);
#2542 = DIRECTION('',(0.,0.,1.));
#2543 = PCURVE('',#1636,#2544);
#2544 = DEFINITIONAL_REPRESENTATION('',(#2545),#2549);
#2545 = LINE('',#2546,#2547);
#2546 = CARTESIAN_POINT('',(0.,0.));
#2547 = VECTOR('',#2548,1.);
#2548 = DIRECTION('',(1.,0.));
#2549 = ( GEOMETRIC_REPRESENTATION_CONTEXT(2) 
PARAMETRIC_REPRESENTATION_CONTEXT() REPRESENTATION_CONTEXT('2D SPACE',''
  ) );
#2550 = PCURVE('',#919,#2551);
#2551 = DEFINITIONAL_REPRESENTATION('',(#2552),#2556);
#2552 = LINE('',#2553,#2554);
#2553 = CARTESIAN_POINT('',(0.,145.2));
#2554 = VECTOR('',#2555,1.);
#2555 = DIRECTION('',(1.,0.));
#2556 = ( GEOMETRIC_REPRESENTATION_CONTEXT(2) 
PARAMETRIC_REPRESENTATION_CONTEXT() REPRESENTATION_CONTEXT('2D SPACE',''
  ) );
#2557 = ORIENTED_EDGE('',*,*,#2558,.T.);
#2558 = EDGE_CURVE('',#2534,#2559,#2561,.T.);
#2559 = VERTEX_POINT('',#2560);
#2560 = CARTESIAN_POINT('',(347.6,-63.2,0.));
#2561 = SURFACE_CURVE('',#2562,(#2566,#2573),.PCURVE_S1.);
#2562 = LINE('',#2563,#2564);
#2563 = CARTESIAN_POINT('',(347.6,-73.8,0.));
#2564 = VECTOR('',#2565,1.);
#2565 = DIRECTION('',(0.,1.,0.));
#2566 = PCURVE('',#1636,#2567);
#2567 = DEFINITIONAL_REPRESENTATION('',(#2568),#2572);
#2568 = LINE('',#2569,#2570);
#2569 = CARTESIAN_POINT('',(1.,1.2));
#2570 = VECTOR('',#2571,1.);
#2571 = DIRECTION('',(0.,-1.));
#2572 = ( GEOMETRIC_REPRESENTATION_CONTEXT(2) 
PARAMETRIC_REPRESENTATION_CONTEXT() REPRESENTATION_CONTEXT('2D SPACE',''
  ) );
#2573 = PCURVE('',#578,#2574);
#2574 = DEFINITIONAL_REPRESENTATION('',(#2575),#2579);
#2575 = LINE('',#2576,#2577);
#2576 = CARTESIAN_POINT('',(147.6,1.2));
#2577 = VECTOR('',#2578,1.);
#2578 = DIRECTION('',(0.,1.));
#2579 = ( GEOMETRIC_REPRESENTATION_CONTEXT(2) 
PARAMETRIC_REPRESENTATION_CONTEXT() REPRESENTATION_CONTEXT('2D SPACE',''
  ) );
#2580 = ORIENTED_EDGE('',*,*,#2581,.T.);
#2581 = EDGE_CURVE('',#2559,#1593,#2582,.T.);
#2582 = SURFACE_CURVE('',#2583,(#2587,#2594),.PCURVE_S1.);
#2583 = LINE('',#2584,#2585);
#2584 = CARTESIAN_POINT('',(347.6,-63.2,0.));
#2585 = VECTOR('',#2586,1.);
#2586 = DIRECTION('',(0.,0.,1.));
#2587 = PCURVE('',#1636,#2588);
#2588 = DEFINITIONAL_REPRESENTATION('',(#2589),#2593);
#2589 = LINE('',#2590,#2591);
#2590 = CARTESIAN_POINT('',(1.,-9.4));
#2591 = VECTOR('',#2592,1.);
#2592 = DIRECTION('',(1.,0.));
#2593 = ( GEOMETRIC_REPRESENTATION_CONTEXT(2) 
PARAMETRIC_REPRESENTATION_CONTEXT() REPRESENTATION_CONTEXT('2D SPACE',''
  ) );
#2594 = PCURVE('',#1608,#2595);
#2595 = DEFINITIONAL_REPRESENTATION('',(#2596),#2600);
#2596 = LINE('',#2597,#2598);
#2597 = CARTESIAN_POINT('',(0.,145.2));
#2598 = VECTOR('',#2599,1.);
#2599 = DIRECTION('',(1.,0.));
#2600 = ( GEOMETRIC_REPRESENTATION_CONTEXT(2) 
PARAMETRIC_REPRESENTATION_CONTEXT() REPRESENTATION_CONTEXT('2D SPACE',''
  ) );
#2601 = ORIENTED_EDGE('',*,*,#1620,.T.);
#2602 = ORIENTED_EDGE('',*,*,#2509,.F.);
#2603 = ORIENTED_EDGE('',*,*,#2604,.T.);
#2604 = EDGE_CURVE('',#2485,#2367,#2605,.T.);
#2605 = SURFACE_CURVE('',#2606,(#2610,#2617),.PCURVE_S1.);
#2606 = LINE('',#2607,#2608);
#2607 = CARTESIAN_POINT('',(347.6,-73.8,0.));
#2608 = VECTOR('',#2609,1.);
#2609 = DIRECTION('',(0.,1.,0.));
#2610 = PCURVE('',#1636,#2611);
#2611 = DEFINITIONAL_REPRESENTATION('',(#2612),#2616);
#2612 = LINE('',#2613,#2614);
#2613 = CARTESIAN_POINT('',(1.,1.2));
#2614 = VECTOR('',#2615,1.);
#2615 = DIRECTION('',(0.,-1.));
#2616 = ( GEOMETRIC_REPRESENTATION_CONTEXT(2) 
PARAMETRIC_REPRESENTATION_CONTEXT() REPRESENTATION_CONTEXT('2D SPACE',''
  ) );
#2617 = PCURVE('',#578,#2618);
#2618 = DEFINITIONAL_REPRESENTATION('',(#2619),#2623);
#2619 = LINE('',#2620,#2621);
#2620 = CARTESIAN_POINT('',(147.6,1.2));
#2621 = VECTOR('',#2622,1.);
#2622 = DIRECTION('',(0.,1.));
#2623 = ( GEOMETRIC_REPRESENTATION_CONTEXT(2) 
PARAMETRIC_REPRESENTATION_CONTEXT() REPRESENTATION_CONTEXT('2D SPACE',''
  ) );
#2624 = ORIENTED_EDGE('',*,*,#2411,.T.);
#2625 = ORIENTED_EDGE('',*,*,#1732,.T.);
#2626 = ORIENTED_EDGE('',*,*,#2340,.F.);
#2627 = ORIENTED_EDGE('',*,*,#2628,.T.);
#2628 = EDGE_CURVE('',#2316,#2629,#2631,.T.);
#2629 = VERTEX_POINT('',#2630);
#2630 = CARTESIAN_POINT('',(347.6,72.6,0.));
#2631 = SURFACE_CURVE('',#2632,(#2636,#2643),.PCURVE_S1.);
#2632 = LINE('',#2633,#2634);
#2633 = CARTESIAN_POINT('',(347.6,-73.8,0.));
#2634 = VECTOR('',#2635,1.);
#2635 = DIRECTION('',(0.,1.,0.));
#2636 = PCURVE('',#1636,#2637);
#2637 = DEFINITIONAL_REPRESENTATION('',(#2638),#2642);
#2638 = LINE('',#2639,#2640);
#2639 = CARTESIAN_POINT('',(1.,1.2));
#2640 = VECTOR('',#2641,1.);
#2641 = DIRECTION('',(0.,-1.));
#2642 = ( GEOMETRIC_REPRESENTATION_CONTEXT(2) 
PARAMETRIC_REPRESENTATION_CONTEXT() REPRESENTATION_CONTEXT('2D SPACE',''
  ) );
#2643 = PCURVE('',#578,#2644);
#2644 = DEFINITIONAL_REPRESENTATION('',(#2645),#2649);
#2645 = LINE('',#2646,#2647);
#2646 = CARTESIAN_POINT('',(147.6,1.2));
#2647 = VECTOR('',#2648,1.);
#2648 = DIRECTION('',(0.,1.));
#2649 = ( GEOMETRIC_REPRESENTATION_CONTEXT(2) 
PARAMETRIC_REPRESENTATION_CONTEXT() REPRESENTATION_CONTEXT('2D SPACE',''
  ) );
#2650 = ORIENTED_EDGE('',*,*,#2651,.T.);
#2651 = EDGE_CURVE('',#2629,#2652,#2654,.T.);
#2652 = VERTEX_POINT('',#2653);
#2653 = CARTESIAN_POINT('',(347.6,72.6,28.));
#2654 = SURFACE_CURVE('',#2655,(#2659,#2666),.PCURVE_S1.);
#2655 = LINE('',#2656,#2657);
#2656 = CARTESIAN_POINT('',(347.6,72.6,-1.));
#2657 = VECTOR('',#2658,1.);
#2658 = DIRECTION('',(0.,0.,1.));
#2659 = PCURVE('',#1636,#2660);
#2660 = DEFINITIONAL_REPRESENTATION('',(#2661),#2665);
#2661 = LINE('',#2662,#2663);
#2662 = CARTESIAN_POINT('',(0.,-145.2));
#2663 = VECTOR('',#2664,1.);
#2664 = DIRECTION('',(1.,0.));
#2665 = ( GEOMETRIC_REPRESENTATION_CONTEXT(2) 
PARAMETRIC_REPRESENTATION_CONTEXT() REPRESENTATION_CONTEXT('2D SPACE',''
  ) );
#2666 = PCURVE('',#1209,#2667);
#2667 = DEFINITIONAL_REPRESENTATION('',(#2668),#2672);
#2668 = LINE('',#2669,#2670);
#2669 = CARTESIAN_POINT('',(0.,145.2));
#2670 = VECTOR('',#2671,1.);
#2671 = DIRECTION('',(1.,0.));
#2672 = ( GEOMETRIC_REPRESENTATION_CONTEXT(2) 
PARAMETRIC_REPRESENTATION_CONTEXT() REPRESENTATION_CONTEXT('2D SPACE',''
  ) );
#2673 = ORIENTED_EDGE('',*,*,#2674,.F.);
#2674 = EDGE_CURVE('',#2675,#2652,#2677,.T.);
#2675 = VERTEX_POINT('',#2676);
#2676 = CARTESIAN_POINT('',(347.6,2.070476093299,28.));
#2677 = SURFACE_CURVE('',#2678,(#2682,#2689),.PCURVE_S1.);
#2678 = LINE('',#2679,#2680);
#2679 = CARTESIAN_POINT('',(347.6,-72.6,28.));
#2680 = VECTOR('',#2681,1.);
#2681 = DIRECTION('',(0.,1.,0.));
#2682 = PCURVE('',#1636,#2683);
#2683 = DEFINITIONAL_REPRESENTATION('',(#2684),#2688);
#2684 = LINE('',#2685,#2686);
#2685 = CARTESIAN_POINT('',(29.,0.));
#2686 = VECTOR('',#2687,1.);
#2687 = DIRECTION('',(0.,-1.));
#2688 = ( GEOMETRIC_REPRESENTATION_CONTEXT(2) 
PARAMETRIC_REPRESENTATION_CONTEXT() REPRESENTATION_CONTEXT('2D SPACE',''
  ) );
#2689 = PCURVE('',#2690,#2695);
#2690 = PLANE('',#2691);
#2691 = AXIS2_PLACEMENT_3D('',#2692,#2693,#2694);
#2692 = CARTESIAN_POINT('',(202.4,-72.6,28.));
#2693 = DIRECTION('',(0.,0.,1.));
#2694 = DIRECTION('',(1.,0.,0.));
#2695 = DEFINITIONAL_REPRESENTATION('',(#2696),#2700);
#2696 = LINE('',#2697,#2698);
#2697 = CARTESIAN_POINT('',(145.2,0.));
#2698 = VECTOR('',#2699,1.);
#2699 = DIRECTION('',(0.,1.));
#2700 = ( GEOMETRIC_REPRESENTATION_CONTEXT(2) 
PARAMETRIC_REPRESENTATION_CONTEXT() REPRESENTATION_CONTEXT('2D SPACE',''
  ) );
#2701 = ORIENTED_EDGE('',*,*,#2702,.T.);
#2702 = EDGE_CURVE('',#2675,#2703,#2705,.T.);
#2703 = VERTEX_POINT('',#2704);
#2704 = CARTESIAN_POINT('',(347.6,2.070476093299,22.));
#2705 = SURFACE_CURVE('',#2706,(#2710,#2717),.PCURVE_S1.);
#2706 = LINE('',#2707,#2708);
#2707 = CARTESIAN_POINT('',(347.6,2.070476093299,10.5));
#2708 = VECTOR('',#2709,1.);
#2709 = DIRECTION('',(0.,-0.,-1.));
#2710 = PCURVE('',#1636,#2711);
#2711 = DEFINITIONAL_REPRESENTATION('',(#2712),#2716);
#2712 = LINE('',#2713,#2714);
#2713 = CARTESIAN_POINT('',(11.5,-74.67047609329));
#2714 = VECTOR('',#2715,1.);
#2715 = DIRECTION('',(-1.,0.));
#2716 = ( GEOMETRIC_REPRESENTATION_CONTEXT(2) 
PARAMETRIC_REPRESENTATION_CONTEXT() REPRESENTATION_CONTEXT('2D SPACE',''
  ) );
#2717 = PCURVE('',#2718,#2723);
#2718 = PLANE('',#2719);
#2719 = AXIS2_PLACEMENT_3D('',#2720,#2721,#2722);
#2720 = CARTESIAN_POINT('',(349.67047609329,0.,22.));
#2721 = DIRECTION('',(-0.707106781187,-0.707106781187,0.));
#2722 = DIRECTION('',(-0.707106781187,0.707106781187,0.));
#2723 = DEFINITIONAL_REPRESENTATION('',(#2724),#2728);
#2724 = LINE('',#2725,#2726);
#2725 = CARTESIAN_POINT('',(2.928095371713,11.5));
#2726 = VECTOR('',#2727,1.);
#2727 = DIRECTION('',(0.,1.));
#2728 = ( GEOMETRIC_REPRESENTATION_CONTEXT(2) 
PARAMETRIC_REPRESENTATION_CONTEXT() REPRESENTATION_CONTEXT('2D SPACE',''
  ) );
#2729 = ORIENTED_EDGE('',*,*,#2730,.T.);
#2730 = EDGE_CURVE('',#2703,#2731,#2733,.T.);
#2731 = VERTEX_POINT('',#2732);
#2732 = CARTESIAN_POINT('',(347.6,-2.070476093299,22.));
#2733 = SURFACE_CURVE('',#2734,(#2738,#2745),.PCURVE_S1.);
#2734 = LINE('',#2735,#2736);
#2735 = CARTESIAN_POINT('',(347.6,-36.3,22.));
#2736 = VECTOR('',#2737,1.);
#2737 = DIRECTION('',(0.,-1.,0.));
#2738 = PCURVE('',#1636,#2739);
#2739 = DEFINITIONAL_REPRESENTATION('',(#2740),#2744);
#2740 = LINE('',#2741,#2742);
#2741 = CARTESIAN_POINT('',(23.,-36.3));
#2742 = VECTOR('',#2743,1.);
#2743 = DIRECTION('',(0.,1.));
#2744 = ( GEOMETRIC_REPRESENTATION_CONTEXT(2) 
PARAMETRIC_REPRESENTATION_CONTEXT() REPRESENTATION_CONTEXT('2D SPACE',''
  ) );
#2745 = PCURVE('',#2746,#2751);
#2746 = PLANE('',#2747);
#2747 = AXIS2_PLACEMENT_3D('',#2748,#2749,#2750);
#2748 = CARTESIAN_POINT('',(275.,2.153159805334E-15,22.));
#2749 = DIRECTION('',(0.,0.,1.));
#2750 = DIRECTION('',(1.,0.,-0.));
#2751 = DEFINITIONAL_REPRESENTATION('',(#2752),#2756);
#2752 = LINE('',#2753,#2754);
#2753 = CARTESIAN_POINT('',(72.6,-36.3));
#2754 = VECTOR('',#2755,1.);
#2755 = DIRECTION('',(0.,-1.));
#2756 = ( GEOMETRIC_REPRESENTATION_CONTEXT(2) 
PARAMETRIC_REPRESENTATION_CONTEXT() REPRESENTATION_CONTEXT('2D SPACE',''
  ) );
#2757 = ORIENTED_EDGE('',*,*,#2758,.T.);
#2758 = EDGE_CURVE('',#2731,#2759,#2761,.T.);
#2759 = VERTEX_POINT('',#2760);
#2760 = CARTESIAN_POINT('',(347.6,-2.070476093299,28.));
#2761 = SURFACE_CURVE('',#2762,(#2766,#2773),.PCURVE_S1.);
#2762 = LINE('',#2763,#2764);
#2763 = CARTESIAN_POINT('',(347.6,-2.070476093299,10.5));
#2764 = VECTOR('',#2765,1.);
#2765 = DIRECTION('',(0.,-0.,1.));
#2766 = PCURVE('',#1636,#2767);
#2767 = DEFINITIONAL_REPRESENTATION('',(#2768),#2772);
#2768 = LINE('',#2769,#2770);
#2769 = CARTESIAN_POINT('',(11.5,-70.5295239067));
#2770 = VECTOR('',#2771,1.);
#2771 = DIRECTION('',(1.,0.));
#2772 = ( GEOMETRIC_REPRESENTATION_CONTEXT(2) 
PARAMETRIC_REPRESENTATION_CONTEXT() REPRESENTATION_CONTEXT('2D SPACE',''
  ) );
#2773 = PCURVE('',#2774,#2779);
#2774 = PLANE('',#2775);
#2775 = AXIS2_PLACEMENT_3D('',#2776,#2777,#2778);
#2776 = CARTESIAN_POINT('',(275.,-74.67047609329,22.));
#2777 = DIRECTION('',(-0.707106781187,0.707106781187,0.));
#2778 = DIRECTION('',(0.707106781187,0.707106781187,0.));
#2779 = DEFINITIONAL_REPRESENTATION('',(#2780),#2784);
#2780 = LINE('',#2781,#2782);
#2781 = CARTESIAN_POINT('',(102.67190462828,11.5));
#2782 = VECTOR('',#2783,1.);
#2783 = DIRECTION('',(0.,-1.));
#2784 = ( GEOMETRIC_REPRESENTATION_CONTEXT(2) 
PARAMETRIC_REPRESENTATION_CONTEXT() REPRESENTATION_CONTEXT('2D SPACE',''
  ) );
#2785 = ORIENTED_EDGE('',*,*,#2786,.F.);
#2786 = EDGE_CURVE('',#2536,#2759,#2787,.T.);
#2787 = SURFACE_CURVE('',#2788,(#2792,#2799),.PCURVE_S1.);
#2788 = LINE('',#2789,#2790);
#2789 = CARTESIAN_POINT('',(347.6,-72.6,28.));
#2790 = VECTOR('',#2791,1.);
#2791 = DIRECTION('',(0.,1.,0.));
#2792 = PCURVE('',#1636,#2793);
#2793 = DEFINITIONAL_REPRESENTATION('',(#2794),#2798);
#2794 = LINE('',#2795,#2796);
#2795 = CARTESIAN_POINT('',(29.,0.));
#2796 = VECTOR('',#2797,1.);
#2797 = DIRECTION('',(0.,-1.));
#2798 = ( GEOMETRIC_REPRESENTATION_CONTEXT(2) 
PARAMETRIC_REPRESENTATION_CONTEXT() REPRESENTATION_CONTEXT('2D SPACE',''
  ) );
#2799 = PCURVE('',#1120,#2800);
#2800 = DEFINITIONAL_REPRESENTATION('',(#2801),#2805);
#2801 = LINE('',#2802,#2803);
#2802 = CARTESIAN_POINT('',(145.2,0.));
#2803 = VECTOR('',#2804,1.);
#2804 = DIRECTION('',(0.,1.));
#2805 = ( GEOMETRIC_REPRESENTATION_CONTEXT(2) 
PARAMETRIC_REPRESENTATION_CONTEXT() REPRESENTATION_CONTEXT('2D SPACE',''
  ) );
#2806 = ADVANCED_FACE('',(#2807,#2854),#2690,.F.);
#2807 = FACE_BOUND('',#2808,.F.);
#2808 = EDGE_LOOP('',(#2809,#2832,#2853));
#2809 = ORIENTED_EDGE('',*,*,#2810,.F.);
#2810 = EDGE_CURVE('',#2811,#2652,#2813,.T.);
#2811 = VERTEX_POINT('',#2812);
#2812 = CARTESIAN_POINT('',(277.07047609329,72.6,28.));
#2813 = SURFACE_CURVE('',#2814,(#2818,#2825),.PCURVE_S1.);
#2814 = LINE('',#2815,#2816);
#2815 = CARTESIAN_POINT('',(202.4,72.6,28.));
#2816 = VECTOR('',#2817,1.);
#2817 = DIRECTION('',(1.,0.,0.));
#2818 = PCURVE('',#2690,#2819);
#2819 = DEFINITIONAL_REPRESENTATION('',(#2820),#2824);
#2820 = LINE('',#2821,#2822);
#2821 = CARTESIAN_POINT('',(0.,145.2));
#2822 = VECTOR('',#2823,1.);
#2823 = DIRECTION('',(1.,0.));
#2824 = ( GEOMETRIC_REPRESENTATION_CONTEXT(2) 
PARAMETRIC_REPRESENTATION_CONTEXT() REPRESENTATION_CONTEXT('2D SPACE',''
  ) );
#2825 = PCURVE('',#1209,#2826);
#2826 = DEFINITIONAL_REPRESENTATION('',(#2827),#2831);
#2827 = LINE('',#2828,#2829);
#2828 = CARTESIAN_POINT('',(29.,0.));
#2829 = VECTOR('',#2830,1.);
#2830 = DIRECTION('',(0.,1.));
#2831 = ( GEOMETRIC_REPRESENTATION_CONTEXT(2) 
PARAMETRIC_REPRESENTATION_CONTEXT() REPRESENTATION_CONTEXT('2D SPACE',''
  ) );
#2832 = ORIENTED_EDGE('',*,*,#2833,.F.);
#2833 = EDGE_CURVE('',#2675,#2811,#2834,.T.);
#2834 = SURFACE_CURVE('',#2835,(#2839,#2846),.PCURVE_S1.);
#2835 = LINE('',#2836,#2837);
#2836 = CARTESIAN_POINT('',(349.67047609329,0.,28.));
#2837 = VECTOR('',#2838,1.);
#2838 = DIRECTION('',(-0.707106781187,0.707106781187,0.));
#2839 = PCURVE('',#2690,#2840);
#2840 = DEFINITIONAL_REPRESENTATION('',(#2841),#2845);
#2841 = LINE('',#2842,#2843);
#2842 = CARTESIAN_POINT('',(147.27047609329,72.6));
#2843 = VECTOR('',#2844,1.);
#2844 = DIRECTION('',(-0.707106781187,0.707106781187));
#2845 = ( GEOMETRIC_REPRESENTATION_CONTEXT(2) 
PARAMETRIC_REPRESENTATION_CONTEXT() REPRESENTATION_CONTEXT('2D SPACE',''
  ) );
#2846 = PCURVE('',#2718,#2847);
#2847 = DEFINITIONAL_REPRESENTATION('',(#2848),#2852);
#2848 = LINE('',#2849,#2850);
#2849 = CARTESIAN_POINT('',(0.,-6.));
#2850 = VECTOR('',#2851,1.);
#2851 = DIRECTION('',(1.,0.));
#2852 = ( GEOMETRIC_REPRESENTATION_CONTEXT(2) 
PARAMETRIC_REPRESENTATION_CONTEXT() REPRESENTATION_CONTEXT('2D SPACE',''
  ) );
#2853 = ORIENTED_EDGE('',*,*,#2674,.T.);
#2854 = FACE_BOUND('',#2855,.F.);
#2855 = EDGE_LOOP('',(#2856));
#2856 = ORIENTED_EDGE('',*,*,#2857,.T.);
#2857 = EDGE_CURVE('',#2858,#2858,#2860,.T.);
#2858 = VERTEX_POINT('',#2859);
#2859 = CARTESIAN_POINT('',(339.7,68.,28.));
#2860 = SURFACE_CURVE('',#2861,(#2866,#2877),.PCURVE_S1.);
#2861 = CIRCLE('',#2862,1.7);
#2862 = AXIS2_PLACEMENT_3D('',#2863,#2864,#2865);
#2863 = CARTESIAN_POINT('',(338.,68.,28.));
#2864 = DIRECTION('',(0.,0.,-1.));
#2865 = DIRECTION('',(1.,0.,0.));
#2866 = PCURVE('',#2690,#2867);
#2867 = DEFINITIONAL_REPRESENTATION('',(#2868),#2876);
#2868 = ( BOUNDED_CURVE() B_SPLINE_CURVE(2,(#2869,#2870,#2871,#2872,
#2873,#2874,#2875),.UNSPECIFIED.,.T.,.F.) B_SPLINE_CURVE_WITH_KNOTS((1,2
    ,2,2,2,1),(-2.094395102393,0.,2.094395102393,4.188790204786,
6.28318530718,8.377580409573),.UNSPECIFIED.) CURVE() 
GEOMETRIC_REPRESENTATION_ITEM() RATIONAL_B_SPLINE_CURVE((1.,0.5,1.,0.5,
1.,0.5,1.)) REPRESENTATION_ITEM('') );
#2869 = CARTESIAN_POINT('',(137.3,140.6));
#2870 = CARTESIAN_POINT('',(137.3,137.65551362713));
#2871 = CARTESIAN_POINT('',(134.75,139.12775681356));
#2872 = CARTESIAN_POINT('',(132.2,140.6));
#2873 = CARTESIAN_POINT('',(134.75,142.07224318643));
#2874 = CARTESIAN_POINT('',(137.3,143.54448637286));
#2875 = CARTESIAN_POINT('',(137.3,140.6));
#2876 = ( GEOMETRIC_REPRESENTATION_CONTEXT(2) 
PARAMETRIC_REPRESENTATION_CONTEXT() REPRESENTATION_CONTEXT('2D SPACE',''
  ) );
#2877 = PCURVE('',#2878,#2883);
#2878 = CYLINDRICAL_SURFACE('',#2879,1.7);
#2879 = AXIS2_PLACEMENT_3D('',#2880,#2881,#2882);
#2880 = CARTESIAN_POINT('',(338.,68.,27.));
#2881 = DIRECTION('',(-0.,-0.,-1.));
#2882 = DIRECTION('',(1.,0.,0.));
#2883 = DEFINITIONAL_REPRESENTATION('',(#2884),#2888);
#2884 = LINE('',#2885,#2886);
#2885 = CARTESIAN_POINT('',(-6.28318530718,-1.));
#2886 = VECTOR('',#2887,1.);
#2887 = DIRECTION('',(1.,-0.));
#2888 = ( GEOMETRIC_REPRESENTATION_CONTEXT(2) 
PARAMETRIC_REPRESENTATION_CONTEXT() REPRESENTATION_CONTEXT('2D SPACE',''
  ) );
#2889 = ADVANCED_FACE('',(#2890),#2878,.F.);
#2890 = FACE_BOUND('',#2891,.T.);
#2891 = EDGE_LOOP('',(#2892,#2893,#2916,#2947));
#2892 = ORIENTED_EDGE('',*,*,#2857,.T.);
#2893 = ORIENTED_EDGE('',*,*,#2894,.T.);
#2894 = EDGE_CURVE('',#2858,#2895,#2897,.T.);
#2895 = VERTEX_POINT('',#2896);
#2896 = CARTESIAN_POINT('',(339.7,68.,32.));
#2897 = SEAM_CURVE('',#2898,(#2902,#2909),.PCURVE_S1.);
#2898 = LINE('',#2899,#2900);
#2899 = CARTESIAN_POINT('',(339.7,68.,27.));
#2900 = VECTOR('',#2901,1.);
#2901 = DIRECTION('',(0.,0.,1.));
#2902 = PCURVE('',#2878,#2903);
#2903 = DEFINITIONAL_REPRESENTATION('',(#2904),#2908);
#2904 = LINE('',#2905,#2906);
#2905 = CARTESIAN_POINT('',(-6.28318530718,0.));
#2906 = VECTOR('',#2907,1.);
#2907 = DIRECTION('',(-0.,-1.));
#2908 = ( GEOMETRIC_REPRESENTATION_CONTEXT(2) 
PARAMETRIC_REPRESENTATION_CONTEXT() REPRESENTATION_CONTEXT('2D SPACE',''
  ) );
#2909 = PCURVE('',#2878,#2910);
#2910 = DEFINITIONAL_REPRESENTATION('',(#2911),#2915);
#2911 = LINE('',#2912,#2913);
#2912 = CARTESIAN_POINT('',(-0.,0.));
#2913 = VECTOR('',#2914,1.);
#2914 = DIRECTION('',(-0.,-1.));
#2915 = ( GEOMETRIC_REPRESENTATION_CONTEXT(2) 
PARAMETRIC_REPRESENTATION_CONTEXT() REPRESENTATION_CONTEXT('2D SPACE',''
  ) );
#2916 = ORIENTED_EDGE('',*,*,#2917,.F.);
#2917 = EDGE_CURVE('',#2895,#2895,#2918,.T.);
#2918 = SURFACE_CURVE('',#2919,(#2924,#2931),.PCURVE_S1.);
#2919 = CIRCLE('',#2920,1.7);
#2920 = AXIS2_PLACEMENT_3D('',#2921,#2922,#2923);
#2921 = CARTESIAN_POINT('',(338.,68.,32.));
#2922 = DIRECTION('',(0.,0.,-1.));
#2923 = DIRECTION('',(1.,0.,0.));
#2924 = PCURVE('',#2878,#2925);
#2925 = DEFINITIONAL_REPRESENTATION('',(#2926),#2930);
#2926 = LINE('',#2927,#2928);
#2927 = CARTESIAN_POINT('',(-6.28318530718,-5.));
#2928 = VECTOR('',#2929,1.);
#2929 = DIRECTION('',(1.,-0.));
#2930 = ( GEOMETRIC_REPRESENTATION_CONTEXT(2) 
PARAMETRIC_REPRESENTATION_CONTEXT() REPRESENTATION_CONTEXT('2D SPACE',''
  ) );
#2931 = PCURVE('',#2932,#2937);
#2932 = PLANE('',#2933);
#2933 = AXIS2_PLACEMENT_3D('',#2934,#2935,#2936);
#2934 = CARTESIAN_POINT('',(200.,-75.,32.));
#2935 = DIRECTION('',(0.,0.,1.));
#2936 = DIRECTION('',(1.,0.,0.));
#2937 = DEFINITIONAL_REPRESENTATION('',(#2938),#2946);
#2938 = ( BOUNDED_CURVE() B_SPLINE_CURVE(2,(#2939,#2940,#2941,#2942,
#2943,#2944,#2945),.UNSPECIFIED.,.T.,.F.) B_SPLINE_CURVE_WITH_KNOTS((1,2
    ,2,2,2,1),(-2.094395102393,0.,2.094395102393,4.188790204786,
6.28318530718,8.377580409573),.UNSPECIFIED.) CURVE() 
GEOMETRIC_REPRESENTATION_ITEM() RATIONAL_B_SPLINE_CURVE((1.,0.5,1.,0.5,
1.,0.5,1.)) REPRESENTATION_ITEM('') );
#2939 = CARTESIAN_POINT('',(139.7,143.));
#2940 = CARTESIAN_POINT('',(139.7,140.05551362713));
#2941 = CARTESIAN_POINT('',(137.15,141.52775681356));
#2942 = CARTESIAN_POINT('',(134.6,143.));
#2943 = CARTESIAN_POINT('',(137.15,144.47224318643));
#2944 = CARTESIAN_POINT('',(139.7,145.94448637286));
#2945 = CARTESIAN_POINT('',(139.7,143.));
#2946 = ( GEOMETRIC_REPRESENTATION_CONTEXT(2) 
PARAMETRIC_REPRESENTATION_CONTEXT() REPRESENTATION_CONTEXT('2D SPACE',''
  ) );
#2947 = ORIENTED_EDGE('',*,*,#2894,.F.);
#2948 = ADVANCED_FACE('',(#2949,#2984),#2932,.T.);
#2949 = FACE_BOUND('',#2950,.T.);
#2950 = EDGE_LOOP('',(#2951));
#2951 = ORIENTED_EDGE('',*,*,#2952,.F.);
#2952 = EDGE_CURVE('',#2953,#2953,#2955,.T.);
#2953 = VERTEX_POINT('',#2954);
#2954 = CARTESIAN_POINT('',(339.8,68.,32.));
#2955 = SURFACE_CURVE('',#2956,(#2961,#2972),.PCURVE_S1.);
#2956 = CIRCLE('',#2957,1.8);
#2957 = AXIS2_PLACEMENT_3D('',#2958,#2959,#2960);
#2958 = CARTESIAN_POINT('',(338.,68.,32.));
#2959 = DIRECTION('',(0.,0.,-1.));
#2960 = DIRECTION('',(1.,0.,0.));
#2961 = PCURVE('',#2932,#2962);
#2962 = DEFINITIONAL_REPRESENTATION('',(#2963),#2971);
#2963 = ( BOUNDED_CURVE() B_SPLINE_CURVE(2,(#2964,#2965,#2966,#2967,
#2968,#2969,#2970),.UNSPECIFIED.,.T.,.F.) B_SPLINE_CURVE_WITH_KNOTS((1,2
    ,2,2,2,1),(-2.094395102393,0.,2.094395102393,4.188790204786,
6.28318530718,8.377580409573),.UNSPECIFIED.) CURVE() 
GEOMETRIC_REPRESENTATION_ITEM() RATIONAL_B_SPLINE_CURVE((1.,0.5,1.,0.5,
1.,0.5,1.)) REPRESENTATION_ITEM('') );
#2964 = CARTESIAN_POINT('',(139.8,143.));
#2965 = CARTESIAN_POINT('',(139.8,139.88230854637));
#2966 = CARTESIAN_POINT('',(137.1,141.44115427318));
#2967 = CARTESIAN_POINT('',(134.4,143.));
#2968 = CARTESIAN_POINT('',(137.1,144.55884572681));
#2969 = CARTESIAN_POINT('',(139.8,146.11769145362));
#2970 = CARTESIAN_POINT('',(139.8,143.));
#2971 = ( GEOMETRIC_REPRESENTATION_CONTEXT(2) 
PARAMETRIC_REPRESENTATION_CONTEXT() REPRESENTATION_CONTEXT('2D SPACE',''
  ) );
#2972 = PCURVE('',#2973,#2978);
#2973 = CYLINDRICAL_SURFACE('',#2974,1.8);
#2974 = AXIS2_PLACEMENT_3D('',#2975,#2976,#2977);
#2975 = CARTESIAN_POINT('',(338.,68.,31.));
#2976 = DIRECTION('',(-0.,-0.,-1.));
#2977 = DIRECTION('',(1.,0.,0.));
#2978 = DEFINITIONAL_REPRESENTATION('',(#2979),#2983);
#2979 = LINE('',#2980,#2981);
#2980 = CARTESIAN_POINT('',(-6.28318530718,-1.));
#2981 = VECTOR('',#2982,1.);
#2982 = DIRECTION('',(1.,-0.));
#2983 = ( GEOMETRIC_REPRESENTATION_CONTEXT(2) 
PARAMETRIC_REPRESENTATION_CONTEXT() REPRESENTATION_CONTEXT('2D SPACE',''
  ) );
#2984 = FACE_BOUND('',#2985,.T.);
#2985 = EDGE_LOOP('',(#2986));
#2986 = ORIENTED_EDGE('',*,*,#2917,.T.);
#2987 = ADVANCED_FACE('',(#2988),#2973,.F.);
#2988 = FACE_BOUND('',#2989,.T.);
#2989 = EDGE_LOOP('',(#2990,#2991,#3014,#3040));
#2990 = ORIENTED_EDGE('',*,*,#2952,.T.);
#2991 = ORIENTED_EDGE('',*,*,#2992,.T.);
#2992 = EDGE_CURVE('',#2953,#2993,#2995,.T.);
#2993 = VERTEX_POINT('',#2994);
#2994 = CARTESIAN_POINT('',(339.8,68.,36.));
#2995 = SEAM_CURVE('',#2996,(#3000,#3007),.PCURVE_S1.);
#2996 = LINE('',#2997,#2998);
#2997 = CARTESIAN_POINT('',(339.8,68.,31.));
#2998 = VECTOR('',#2999,1.);
#2999 = DIRECTION('',(0.,0.,1.));
#3000 = PCURVE('',#2973,#3001);
#3001 = DEFINITIONAL_REPRESENTATION('',(#3002),#3006);
#3002 = LINE('',#3003,#3004);
#3003 = CARTESIAN_POINT('',(-6.28318530718,0.));
#3004 = VECTOR('',#3005,1.);
#3005 = DIRECTION('',(-0.,-1.));
#3006 = ( GEOMETRIC_REPRESENTATION_CONTEXT(2) 
PARAMETRIC_REPRESENTATION_CONTEXT() REPRESENTATION_CONTEXT('2D SPACE',''
  ) );
#3007 = PCURVE('',#2973,#3008);
#3008 = DEFINITIONAL_REPRESENTATION('',(#3009),#3013);
#3009 = LINE('',#3010,#3011);
#3010 = CARTESIAN_POINT('',(-0.,0.));
#3011 = VECTOR('',#3012,1.);
#3012 = DIRECTION('',(-0.,-1.));
#3013 = ( GEOMETRIC_REPRESENTATION_CONTEXT(2) 
PARAMETRIC_REPRESENTATION_CONTEXT() REPRESENTATION_CONTEXT('2D SPACE',''
  ) );
#3014 = ORIENTED_EDGE('',*,*,#3015,.F.);
#3015 = EDGE_CURVE('',#2993,#2993,#3016,.T.);
#3016 = SURFACE_CURVE('',#3017,(#3022,#3029),.PCURVE_S1.);
#3017 = CIRCLE('',#3018,1.8);
#3018 = AXIS2_PLACEMENT_3D('',#3019,#3020,#3021);
#3019 = CARTESIAN_POINT('',(338.,68.,36.));
#3020 = DIRECTION('',(0.,0.,-1.));
#3021 = DIRECTION('',(1.,0.,0.));
#3022 = PCURVE('',#2973,#3023);
#3023 = DEFINITIONAL_REPRESENTATION('',(#3024),#3028);
#3024 = LINE('',#3025,#3026);
#3025 = CARTESIAN_POINT('',(-6.28318530718,-5.));
#3026 = VECTOR('',#3027,1.);
#3027 = DIRECTION('',(1.,-0.));
#3028 = ( GEOMETRIC_REPRESENTATION_CONTEXT(2) 
PARAMETRIC_REPRESENTATION_CONTEXT() REPRESENTATION_CONTEXT('2D SPACE',''
  ) );
#3029 = PCURVE('',#634,#3030);
#3030 = DEFINITIONAL_REPRESENTATION('',(#3031),#3039);
#3031 = ( BOUNDED_CURVE() B_SPLINE_CURVE(2,(#3032,#3033,#3034,#3035,
#3036,#3037,#3038),.UNSPECIFIED.,.T.,.F.) B_SPLINE_CURVE_WITH_KNOTS((1,2
    ,2,2,2,1),(-2.094395102393,0.,2.094395102393,4.188790204786,
6.28318530718,8.377580409573),.UNSPECIFIED.) CURVE() 
GEOMETRIC_REPRESENTATION_ITEM() RATIONAL_B_SPLINE_CURVE((1.,0.5,1.,0.5,
1.,0.5,1.)) REPRESENTATION_ITEM('') );
#3032 = CARTESIAN_POINT('',(139.8,13.));
#3033 = CARTESIAN_POINT('',(139.8,9.882308546376));
#3034 = CARTESIAN_POINT('',(137.1,11.441154273188));
#3035 = CARTESIAN_POINT('',(134.4,13.));
#3036 = CARTESIAN_POINT('',(137.1,14.558845726812));
#3037 = CARTESIAN_POINT('',(139.8,16.117691453624));
#3038 = CARTESIAN_POINT('',(139.8,13.));
#3039 = ( GEOMETRIC_REPRESENTATION_CONTEXT(2) 
PARAMETRIC_REPRESENTATION_CONTEXT() REPRESENTATION_CONTEXT('2D SPACE',''
  ) );
#3040 = ORIENTED_EDGE('',*,*,#2992,.F.);
#3041 = ADVANCED_FACE('',(#3042),#2718,.F.);
#3042 = FACE_BOUND('',#3043,.F.);
#3043 = EDGE_LOOP('',(#3044,#3067,#3068,#3069));
#3044 = ORIENTED_EDGE('',*,*,#3045,.F.);
#3045 = EDGE_CURVE('',#2703,#3046,#3048,.T.);
#3046 = VERTEX_POINT('',#3047);
#3047 = CARTESIAN_POINT('',(277.07047609329,72.6,22.));
#3048 = SURFACE_CURVE('',#3049,(#3053,#3060),.PCURVE_S1.);
#3049 = LINE('',#3050,#3051);
#3050 = CARTESIAN_POINT('',(349.67047609329,0.,22.));
#3051 = VECTOR('',#3052,1.);
#3052 = DIRECTION('',(-0.707106781187,0.707106781187,0.));
#3053 = PCURVE('',#2718,#3054);
#3054 = DEFINITIONAL_REPRESENTATION('',(#3055),#3059);
#3055 = LINE('',#3056,#3057);
#3056 = CARTESIAN_POINT('',(0.,0.));
#3057 = VECTOR('',#3058,1.);
#3058 = DIRECTION('',(1.,0.));
#3059 = ( GEOMETRIC_REPRESENTATION_CONTEXT(2) 
PARAMETRIC_REPRESENTATION_CONTEXT() REPRESENTATION_CONTEXT('2D SPACE',''
  ) );
#3060 = PCURVE('',#2746,#3061);
#3061 = DEFINITIONAL_REPRESENTATION('',(#3062),#3066);
#3062 = LINE('',#3063,#3064);
#3063 = CARTESIAN_POINT('',(74.670476093299,-2.153159805334E-15));
#3064 = VECTOR('',#3065,1.);
#3065 = DIRECTION('',(-0.707106781187,0.707106781187));
#3066 = ( GEOMETRIC_REPRESENTATION_CONTEXT(2) 
PARAMETRIC_REPRESENTATION_CONTEXT() REPRESENTATION_CONTEXT('2D SPACE',''
  ) );
#3067 = ORIENTED_EDGE('',*,*,#2702,.F.);
#3068 = ORIENTED_EDGE('',*,*,#2833,.T.);
#3069 = ORIENTED_EDGE('',*,*,#3070,.F.);
#3070 = EDGE_CURVE('',#3046,#2811,#3071,.T.);
#3071 = SURFACE_CURVE('',#3072,(#3076,#3083),.PCURVE_S1.);
#3072 = LINE('',#3073,#3074);
#3073 = CARTESIAN_POINT('',(277.07047609329,72.6,10.5));
#3074 = VECTOR('',#3075,1.);
#3075 = DIRECTION('',(0.,-0.,1.));
#3076 = PCURVE('',#2718,#3077);
#3077 = DEFINITIONAL_REPRESENTATION('',(#3078),#3082);
#3078 = LINE('',#3079,#3080);
#3079 = CARTESIAN_POINT('',(102.67190462828,11.5));
#3080 = VECTOR('',#3081,1.);
#3081 = DIRECTION('',(0.,-1.));
#3082 = ( GEOMETRIC_REPRESENTATION_CONTEXT(2) 
PARAMETRIC_REPRESENTATION_CONTEXT() REPRESENTATION_CONTEXT('2D SPACE',''
  ) );
#3083 = PCURVE('',#1209,#3084);
#3084 = DEFINITIONAL_REPRESENTATION('',(#3085),#3089);
#3085 = LINE('',#3086,#3087);
#3086 = CARTESIAN_POINT('',(11.5,74.670476093299));
#3087 = VECTOR('',#3088,1.);
#3088 = DIRECTION('',(1.,0.));
#3089 = ( GEOMETRIC_REPRESENTATION_CONTEXT(2) 
PARAMETRIC_REPRESENTATION_CONTEXT() REPRESENTATION_CONTEXT('2D SPACE',''
  ) );
#3090 = ADVANCED_FACE('',(#3091),#2746,.F.);
#3091 = FACE_BOUND('',#3092,.F.);
#3092 = EDGE_LOOP('',(#3093,#3094,#3095,#3118,#3146,#3174,#3202,#3230,
    #3258,#3286,#3314,#3342,#3370,#3398,#3426));
#3093 = ORIENTED_EDGE('',*,*,#2730,.F.);
#3094 = ORIENTED_EDGE('',*,*,#3045,.T.);
#3095 = ORIENTED_EDGE('',*,*,#3096,.F.);
#3096 = EDGE_CURVE('',#3097,#3046,#3099,.T.);
#3097 = VERTEX_POINT('',#3098);
#3098 = CARTESIAN_POINT('',(272.9295239067,72.6,22.));
#3099 = SURFACE_CURVE('',#3100,(#3104,#3111),.PCURVE_S1.);
#3100 = LINE('',#3101,#3102);
#3101 = CARTESIAN_POINT('',(238.7,72.6,22.));
#3102 = VECTOR('',#3103,1.);
#3103 = DIRECTION('',(1.,0.,0.));
#3104 = PCURVE('',#2746,#3105);
#3105 = DEFINITIONAL_REPRESENTATION('',(#3106),#3110);
#3106 = LINE('',#3107,#3108);
#3107 = CARTESIAN_POINT('',(-36.3,72.6));
#3108 = VECTOR('',#3109,1.);
#3109 = DIRECTION('',(1.,0.));
#3110 = ( GEOMETRIC_REPRESENTATION_CONTEXT(2) 
PARAMETRIC_REPRESENTATION_CONTEXT() REPRESENTATION_CONTEXT('2D SPACE',''
  ) );
#3111 = PCURVE('',#1209,#3112);
#3112 = DEFINITIONAL_REPRESENTATION('',(#3113),#3117);
#3113 = LINE('',#3114,#3115);
#3114 = CARTESIAN_POINT('',(23.,36.3));
#3115 = VECTOR('',#3116,1.);
#3116 = DIRECTION('',(0.,1.));
#3117 = ( GEOMETRIC_REPRESENTATION_CONTEXT(2) 
PARAMETRIC_REPRESENTATION_CONTEXT() REPRESENTATION_CONTEXT('2D SPACE',''
  ) );
#3118 = ORIENTED_EDGE('',*,*,#3119,.T.);
#3119 = EDGE_CURVE('',#3097,#3120,#3122,.T.);
#3120 = VERTEX_POINT('',#3121);
#3121 = CARTESIAN_POINT('',(202.4,2.070476093299,22.));
#3122 = SURFACE_CURVE('',#3123,(#3127,#3134),.PCURVE_S1.);
#3123 = LINE('',#3124,#3125);
#3124 = CARTESIAN_POINT('',(275.,74.670476093299,22.));
#3125 = VECTOR('',#3126,1.);
#3126 = DIRECTION('',(-0.707106781187,-0.707106781187,0.));
#3127 = PCURVE('',#2746,#3128);
#3128 = DEFINITIONAL_REPRESENTATION('',(#3129),#3133);
#3129 = LINE('',#3130,#3131);
#3130 = CARTESIAN_POINT('',(0.,74.670476093299));
#3131 = VECTOR('',#3132,1.);
#3132 = DIRECTION('',(-0.707106781187,-0.707106781187));
#3133 = ( GEOMETRIC_REPRESENTATION_CONTEXT(2) 
PARAMETRIC_REPRESENTATION_CONTEXT() REPRESENTATION_CONTEXT('2D SPACE',''
  ) );
#3134 = PCURVE('',#3135,#3140);
#3135 = PLANE('',#3136);
#3136 = AXIS2_PLACEMENT_3D('',#3137,#3138,#3139);
#3137 = CARTESIAN_POINT('',(275.,74.670476093299,22.));
#3138 = DIRECTION('',(0.707106781187,-0.707106781187,0.));
#3139 = DIRECTION('',(-0.707106781187,-0.707106781187,0.));
#3140 = DEFINITIONAL_REPRESENTATION('',(#3141),#3145);
#3141 = LINE('',#3142,#3143);
#3142 = CARTESIAN_POINT('',(0.,0.));
#3143 = VECTOR('',#3144,1.);
#3144 = DIRECTION('',(1.,0.));
#3145 = ( GEOMETRIC_REPRESENTATION_CONTEXT(2) 
PARAMETRIC_REPRESENTATION_CONTEXT() REPRESENTATION_CONTEXT('2D SPACE',''
  ) );
#3146 = ORIENTED_EDGE('',*,*,#3147,.T.);
#3147 = EDGE_CURVE('',#3120,#3148,#3150,.T.);
#3148 = VERTEX_POINT('',#3149);
#3149 = CARTESIAN_POINT('',(202.4,-2.070476093299,22.));
#3150 = SURFACE_CURVE('',#3151,(#3155,#3162),.PCURVE_S1.);
#3151 = LINE('',#3152,#3153);
#3152 = CARTESIAN_POINT('',(202.4,-36.3,22.));
#3153 = VECTOR('',#3154,1.);
#3154 = DIRECTION('',(0.,-1.,0.));
#3155 = PCURVE('',#2746,#3156);
#3156 = DEFINITIONAL_REPRESENTATION('',(#3157),#3161);
#3157 = LINE('',#3158,#3159);
#3158 = CARTESIAN_POINT('',(-72.6,-36.3));
#3159 = VECTOR('',#3160,1.);
#3160 = DIRECTION('',(0.,-1.));
#3161 = ( GEOMETRIC_REPRESENTATION_CONTEXT(2) 
PARAMETRIC_REPRESENTATION_CONTEXT() REPRESENTATION_CONTEXT('2D SPACE',''
  ) );
#3162 = PCURVE('',#3163,#3168);
#3163 = PLANE('',#3164);
#3164 = AXIS2_PLACEMENT_3D('',#3165,#3166,#3167);
#3165 = CARTESIAN_POINT('',(202.4,-72.6,-1.));
#3166 = DIRECTION('',(1.,0.,0.));
#3167 = DIRECTION('',(0.,0.,1.));
#3168 = DEFINITIONAL_REPRESENTATION('',(#3169),#3173);
#3169 = LINE('',#3170,#3171);
#3170 = CARTESIAN_POINT('',(23.,-36.3));
#3171 = VECTOR('',#3172,1.);
#3172 = DIRECTION('',(0.,1.));
#3173 = ( GEOMETRIC_REPRESENTATION_CONTEXT(2) 
PARAMETRIC_REPRESENTATION_CONTEXT() REPRESENTATION_CONTEXT('2D SPACE',''
  ) );
#3174 = ORIENTED_EDGE('',*,*,#3175,.T.);
#3175 = EDGE_CURVE('',#3148,#3176,#3178,.T.);
#3176 = VERTEX_POINT('',#3177);
#3177 = CARTESIAN_POINT('',(255.,-54.67047609329,22.));
#3178 = SURFACE_CURVE('',#3179,(#3183,#3190),.PCURVE_S1.);
#3179 = LINE('',#3180,#3181);
#3180 = CARTESIAN_POINT('',(200.3295239067,9.144495953847E-15,22.));
#3181 = VECTOR('',#3182,1.);
#3182 = DIRECTION('',(0.707106781187,-0.707106781187,0.));
#3183 = PCURVE('',#2746,#3184);
#3184 = DEFINITIONAL_REPRESENTATION('',(#3185),#3189);
#3185 = LINE('',#3186,#3187);
#3186 = CARTESIAN_POINT('',(-74.67047609329,6.991336148513E-15));
#3187 = VECTOR('',#3188,1.);
#3188 = DIRECTION('',(0.707106781187,-0.707106781187));
#3189 = ( GEOMETRIC_REPRESENTATION_CONTEXT(2) 
PARAMETRIC_REPRESENTATION_CONTEXT() REPRESENTATION_CONTEXT('2D SPACE',''
  ) );
#3190 = PCURVE('',#3191,#3196);
#3191 = PLANE('',#3192);
#3192 = AXIS2_PLACEMENT_3D('',#3193,#3194,#3195);
#3193 = CARTESIAN_POINT('',(200.3295239067,9.144495953847E-15,22.));
#3194 = DIRECTION('',(0.707106781187,0.707106781187,-0.));
#3195 = DIRECTION('',(0.707106781187,-0.707106781187,0.));
#3196 = DEFINITIONAL_REPRESENTATION('',(#3197),#3201);
#3197 = LINE('',#3198,#3199);
#3198 = CARTESIAN_POINT('',(0.,0.));
#3199 = VECTOR('',#3200,1.);
#3200 = DIRECTION('',(1.,0.));
#3201 = ( GEOMETRIC_REPRESENTATION_CONTEXT(2) 
PARAMETRIC_REPRESENTATION_CONTEXT() REPRESENTATION_CONTEXT('2D SPACE',''
  ) );
#3202 = ORIENTED_EDGE('',*,*,#3203,.T.);
#3203 = EDGE_CURVE('',#3176,#3204,#3206,.T.);
#3204 = VERTEX_POINT('',#3205);
#3205 = CARTESIAN_POINT('',(255.,-51.6,22.));
#3206 = SURFACE_CURVE('',#3207,(#3211,#3218),.PCURVE_S1.);
#3207 = LINE('',#3208,#3209);
#3208 = CARTESIAN_POINT('',(255.,-35.8,22.));
#3209 = VECTOR('',#3210,1.);
#3210 = DIRECTION('',(0.,1.,0.));
#3211 = PCURVE('',#2746,#3212);
#3212 = DEFINITIONAL_REPRESENTATION('',(#3213),#3217);
#3213 = LINE('',#3214,#3215);
#3214 = CARTESIAN_POINT('',(-20.,-35.8));
#3215 = VECTOR('',#3216,1.);
#3216 = DIRECTION('',(0.,1.));
#3217 = ( GEOMETRIC_REPRESENTATION_CONTEXT(2) 
PARAMETRIC_REPRESENTATION_CONTEXT() REPRESENTATION_CONTEXT('2D SPACE',''
  ) );
#3218 = PCURVE('',#3219,#3224);
#3219 = PLANE('',#3220);
#3220 = AXIS2_PLACEMENT_3D('',#3221,#3222,#3223);
#3221 = CARTESIAN_POINT('',(255.,-71.6,20.));
#3222 = DIRECTION('',(1.,0.,0.));
#3223 = DIRECTION('',(0.,0.,1.));
#3224 = DEFINITIONAL_REPRESENTATION('',(#3225),#3229);
#3225 = LINE('',#3226,#3227);
#3226 = CARTESIAN_POINT('',(2.,-35.8));
#3227 = VECTOR('',#3228,1.);
#3228 = DIRECTION('',(0.,-1.));
#3229 = ( GEOMETRIC_REPRESENTATION_CONTEXT(2) 
PARAMETRIC_REPRESENTATION_CONTEXT() REPRESENTATION_CONTEXT('2D SPACE',''
  ) );
#3230 = ORIENTED_EDGE('',*,*,#3231,.F.);
#3231 = EDGE_CURVE('',#3232,#3204,#3234,.T.);
#3232 = VERTEX_POINT('',#3233);
#3233 = CARTESIAN_POINT('',(255.32363645639,-51.6,22.));
#3234 = SURFACE_CURVE('',#3235,(#3239,#3246),.PCURVE_S1.);
#3235 = LINE('',#3236,#3237);
#3236 = CARTESIAN_POINT('',(265.,-51.6,22.));
#3237 = VECTOR('',#3238,1.);
#3238 = DIRECTION('',(-1.,0.,0.));
#3239 = PCURVE('',#2746,#3240);
#3240 = DEFINITIONAL_REPRESENTATION('',(#3241),#3245);
#3241 = LINE('',#3242,#3243);
#3242 = CARTESIAN_POINT('',(-10.,-51.6));
#3243 = VECTOR('',#3244,1.);
#3244 = DIRECTION('',(-1.,0.));
#3245 = ( GEOMETRIC_REPRESENTATION_CONTEXT(2) 
PARAMETRIC_REPRESENTATION_CONTEXT() REPRESENTATION_CONTEXT('2D SPACE',''
  ) );
#3246 = PCURVE('',#3247,#3252);
#3247 = PLANE('',#3248);
#3248 = AXIS2_PLACEMENT_3D('',#3249,#3250,#3251);
#3249 = CARTESIAN_POINT('',(255.,-51.6,20.));
#3250 = DIRECTION('',(0.,1.,0.));
#3251 = DIRECTION('',(0.,0.,1.));
#3252 = DEFINITIONAL_REPRESENTATION('',(#3253),#3257);
#3253 = LINE('',#3254,#3255);
#3254 = CARTESIAN_POINT('',(2.,10.));
#3255 = VECTOR('',#3256,1.);
#3256 = DIRECTION('',(0.,-1.));
#3257 = ( GEOMETRIC_REPRESENTATION_CONTEXT(2) 
PARAMETRIC_REPRESENTATION_CONTEXT() REPRESENTATION_CONTEXT('2D SPACE',''
  ) );
#3258 = ORIENTED_EDGE('',*,*,#3259,.T.);
#3259 = EDGE_CURVE('',#3232,#3260,#3262,.T.);
#3260 = VERTEX_POINT('',#3261);
#3261 = CARTESIAN_POINT('',(203.72363645639,8.728837046854E-15,22.));
#3262 = SURFACE_CURVE('',#3263,(#3267,#3274),.PCURVE_S1.);
#3263 = LINE('',#3264,#3265);
#3264 = CARTESIAN_POINT('',(221.54272734229,-17.8190908859,22.));
#3265 = VECTOR('',#3266,1.);
#3266 = DIRECTION('',(-0.707106781187,0.707106781187,0.));
#3267 = PCURVE('',#2746,#3268);
#3268 = DEFINITIONAL_REPRESENTATION('',(#3269),#3273);
#3269 = LINE('',#3270,#3271);
#3270 = CARTESIAN_POINT('',(-53.4572726577,-17.8190908859));
#3271 = VECTOR('',#3272,1.);
#3272 = DIRECTION('',(-0.707106781187,0.707106781187));
#3273 = ( GEOMETRIC_REPRESENTATION_CONTEXT(2) 
PARAMETRIC_REPRESENTATION_CONTEXT() REPRESENTATION_CONTEXT('2D SPACE',''
  ) );
#3274 = PCURVE('',#3275,#3280);
#3275 = PLANE('',#3276);
#3276 = AXIS2_PLACEMENT_3D('',#3277,#3278,#3279);
#3277 = CARTESIAN_POINT('',(203.72363645639,8.728837046854E-15,21.));
#3278 = DIRECTION('',(0.707106781187,0.707106781187,-0.));
#3279 = DIRECTION('',(0.707106781187,-0.707106781187,0.));
#3280 = DEFINITIONAL_REPRESENTATION('',(#3281),#3285);
#3281 = LINE('',#3282,#3283);
#3282 = CARTESIAN_POINT('',(25.2,-1.));
#3283 = VECTOR('',#3284,1.);
#3284 = DIRECTION('',(-1.,-0.));
#3285 = ( GEOMETRIC_REPRESENTATION_CONTEXT(2) 
PARAMETRIC_REPRESENTATION_CONTEXT() REPRESENTATION_CONTEXT('2D SPACE',''
  ) );
#3286 = ORIENTED_EDGE('',*,*,#3287,.T.);
#3287 = EDGE_CURVE('',#3260,#3288,#3290,.T.);
#3288 = VERTEX_POINT('',#3289);
#3289 = CARTESIAN_POINT('',(275.,71.276363543604,22.));
#3290 = SURFACE_CURVE('',#3291,(#3295,#3302),.PCURVE_S1.);
#3291 = LINE('',#3292,#3293);
#3292 = CARTESIAN_POINT('',(257.18090911409,53.457272657703,22.));
#3293 = VECTOR('',#3294,1.);
#3294 = DIRECTION('',(0.707106781187,0.707106781187,-0.));
#3295 = PCURVE('',#2746,#3296);
#3296 = DEFINITIONAL_REPRESENTATION('',(#3297),#3301);
#3297 = LINE('',#3298,#3299);
#3298 = CARTESIAN_POINT('',(-17.8190908859,53.457272657703));
#3299 = VECTOR('',#3300,1.);
#3300 = DIRECTION('',(0.707106781187,0.707106781187));
#3301 = ( GEOMETRIC_REPRESENTATION_CONTEXT(2) 
PARAMETRIC_REPRESENTATION_CONTEXT() REPRESENTATION_CONTEXT('2D SPACE',''
  ) );
#3302 = PCURVE('',#3303,#3308);
#3303 = PLANE('',#3304);
#3304 = AXIS2_PLACEMENT_3D('',#3305,#3306,#3307);
#3305 = CARTESIAN_POINT('',(275.,71.276363543604,21.));
#3306 = DIRECTION('',(0.707106781187,-0.707106781187,0.));
#3307 = DIRECTION('',(-0.707106781187,-0.707106781187,0.));
#3308 = DEFINITIONAL_REPRESENTATION('',(#3309),#3313);
#3309 = LINE('',#3310,#3311);
#3310 = CARTESIAN_POINT('',(25.2,-1.));
#3311 = VECTOR('',#3312,1.);
#3312 = DIRECTION('',(-1.,0.));
#3313 = ( GEOMETRIC_REPRESENTATION_CONTEXT(2) 
PARAMETRIC_REPRESENTATION_CONTEXT() REPRESENTATION_CONTEXT('2D SPACE',''
  ) );
#3314 = ORIENTED_EDGE('',*,*,#3315,.T.);
#3315 = EDGE_CURVE('',#3288,#3316,#3318,.T.);
#3316 = VERTEX_POINT('',#3317);
#3317 = CARTESIAN_POINT('',(346.2763635436,0.,22.));
#3318 = SURFACE_CURVE('',#3319,(#3323,#3330),.PCURVE_S1.);
#3319 = LINE('',#3320,#3321);
#3320 = CARTESIAN_POINT('',(328.4572726577,17.819090885901,22.));
#3321 = VECTOR('',#3322,1.);
#3322 = DIRECTION('',(0.707106781187,-0.707106781187,0.));
#3323 = PCURVE('',#2746,#3324);
#3324 = DEFINITIONAL_REPRESENTATION('',(#3325),#3329);
#3325 = LINE('',#3326,#3327);
#3326 = CARTESIAN_POINT('',(53.457272657703,17.819090885901));
#3327 = VECTOR('',#3328,1.);
#3328 = DIRECTION('',(0.707106781187,-0.707106781187));
#3329 = ( GEOMETRIC_REPRESENTATION_CONTEXT(2) 
PARAMETRIC_REPRESENTATION_CONTEXT() REPRESENTATION_CONTEXT('2D SPACE',''
  ) );
#3330 = PCURVE('',#3331,#3336);
#3331 = PLANE('',#3332);
#3332 = AXIS2_PLACEMENT_3D('',#3333,#3334,#3335);
#3333 = CARTESIAN_POINT('',(346.2763635436,0.,21.));
#3334 = DIRECTION('',(-0.707106781187,-0.707106781187,0.));
#3335 = DIRECTION('',(-0.707106781187,0.707106781187,0.));
#3336 = DEFINITIONAL_REPRESENTATION('',(#3337),#3341);
#3337 = LINE('',#3338,#3339);
#3338 = CARTESIAN_POINT('',(25.2,-1.));
#3339 = VECTOR('',#3340,1.);
#3340 = DIRECTION('',(-1.,-0.));
#3341 = ( GEOMETRIC_REPRESENTATION_CONTEXT(2) 
PARAMETRIC_REPRESENTATION_CONTEXT() REPRESENTATION_CONTEXT('2D SPACE',''
  ) );
#3342 = ORIENTED_EDGE('',*,*,#3343,.T.);
#3343 = EDGE_CURVE('',#3316,#3344,#3346,.T.);
#3344 = VERTEX_POINT('',#3345);
#3345 = CARTESIAN_POINT('',(294.6763635436,-51.6,22.));
#3346 = SURFACE_CURVE('',#3347,(#3351,#3358),.PCURVE_S1.);
#3347 = LINE('',#3348,#3349);
#3348 = CARTESIAN_POINT('',(292.8190908859,-53.4572726577,22.));
#3349 = VECTOR('',#3350,1.);
#3350 = DIRECTION('',(-0.707106781187,-0.707106781187,0.));
#3351 = PCURVE('',#2746,#3352);
#3352 = DEFINITIONAL_REPRESENTATION('',(#3353),#3357);
#3353 = LINE('',#3354,#3355);
#3354 = CARTESIAN_POINT('',(17.819090885901,-53.4572726577));
#3355 = VECTOR('',#3356,1.);
#3356 = DIRECTION('',(-0.707106781187,-0.707106781187));
#3357 = ( GEOMETRIC_REPRESENTATION_CONTEXT(2) 
PARAMETRIC_REPRESENTATION_CONTEXT() REPRESENTATION_CONTEXT('2D SPACE',''
  ) );
#3358 = PCURVE('',#3359,#3364);
#3359 = PLANE('',#3360);
#3360 = AXIS2_PLACEMENT_3D('',#3361,#3362,#3363);
#3361 = CARTESIAN_POINT('',(275.,-71.2763635436,21.));
#3362 = DIRECTION('',(-0.707106781187,0.707106781187,0.));
#3363 = DIRECTION('',(0.707106781187,0.707106781187,0.));
#3364 = DEFINITIONAL_REPRESENTATION('',(#3365),#3369);
#3365 = LINE('',#3366,#3367);
#3366 = CARTESIAN_POINT('',(25.2,-1.));
#3367 = VECTOR('',#3368,1.);
#3368 = DIRECTION('',(-1.,-0.));
#3369 = ( GEOMETRIC_REPRESENTATION_CONTEXT(2) 
PARAMETRIC_REPRESENTATION_CONTEXT() REPRESENTATION_CONTEXT('2D SPACE',''
  ) );
#3370 = ORIENTED_EDGE('',*,*,#3371,.F.);
#3371 = EDGE_CURVE('',#3372,#3344,#3374,.T.);
#3372 = VERTEX_POINT('',#3373);
#3373 = CARTESIAN_POINT('',(295.,-51.6,22.));
#3374 = SURFACE_CURVE('',#3375,(#3379,#3386),.PCURVE_S1.);
#3375 = LINE('',#3376,#3377);
#3376 = CARTESIAN_POINT('',(265.,-51.6,22.));
#3377 = VECTOR('',#3378,1.);
#3378 = DIRECTION('',(-1.,0.,0.));
#3379 = PCURVE('',#2746,#3380);
#3380 = DEFINITIONAL_REPRESENTATION('',(#3381),#3385);
#3381 = LINE('',#3382,#3383);
#3382 = CARTESIAN_POINT('',(-10.,-51.6));
#3383 = VECTOR('',#3384,1.);
#3384 = DIRECTION('',(-1.,0.));
#3385 = ( GEOMETRIC_REPRESENTATION_CONTEXT(2) 
PARAMETRIC_REPRESENTATION_CONTEXT() REPRESENTATION_CONTEXT('2D SPACE',''
  ) );
#3386 = PCURVE('',#3387,#3392);
#3387 = PLANE('',#3388);
#3388 = AXIS2_PLACEMENT_3D('',#3389,#3390,#3391);
#3389 = CARTESIAN_POINT('',(255.,-51.6,20.));
#3390 = DIRECTION('',(0.,1.,0.));
#3391 = DIRECTION('',(0.,0.,1.));
#3392 = DEFINITIONAL_REPRESENTATION('',(#3393),#3397);
#3393 = LINE('',#3394,#3395);
#3394 = CARTESIAN_POINT('',(2.,10.));
#3395 = VECTOR('',#3396,1.);
#3396 = DIRECTION('',(0.,-1.));
#3397 = ( GEOMETRIC_REPRESENTATION_CONTEXT(2) 
PARAMETRIC_REPRESENTATION_CONTEXT() REPRESENTATION_CONTEXT('2D SPACE',''
  ) );
#3398 = ORIENTED_EDGE('',*,*,#3399,.F.);
#3399 = EDGE_CURVE('',#3400,#3372,#3402,.T.);
#3400 = VERTEX_POINT('',#3401);
#3401 = CARTESIAN_POINT('',(295.,-54.67047609329,22.));
#3402 = SURFACE_CURVE('',#3403,(#3407,#3414),.PCURVE_S1.);
#3403 = LINE('',#3404,#3405);
#3404 = CARTESIAN_POINT('',(295.,-35.8,22.));
#3405 = VECTOR('',#3406,1.);
#3406 = DIRECTION('',(0.,1.,0.));
#3407 = PCURVE('',#2746,#3408);
#3408 = DEFINITIONAL_REPRESENTATION('',(#3409),#3413);
#3409 = LINE('',#3410,#3411);
#3410 = CARTESIAN_POINT('',(20.,-35.8));
#3411 = VECTOR('',#3412,1.);
#3412 = DIRECTION('',(0.,1.));
#3413 = ( GEOMETRIC_REPRESENTATION_CONTEXT(2) 
PARAMETRIC_REPRESENTATION_CONTEXT() REPRESENTATION_CONTEXT('2D SPACE',''
  ) );
#3414 = PCURVE('',#3415,#3420);
#3415 = PLANE('',#3416);
#3416 = AXIS2_PLACEMENT_3D('',#3417,#3418,#3419);
#3417 = CARTESIAN_POINT('',(295.,-71.6,20.));
#3418 = DIRECTION('',(1.,0.,0.));
#3419 = DIRECTION('',(0.,0.,1.));
#3420 = DEFINITIONAL_REPRESENTATION('',(#3421),#3425);
#3421 = LINE('',#3422,#3423);
#3422 = CARTESIAN_POINT('',(2.,-35.8));
#3423 = VECTOR('',#3424,1.);
#3424 = DIRECTION('',(0.,-1.));
#3425 = ( GEOMETRIC_REPRESENTATION_CONTEXT(2) 
PARAMETRIC_REPRESENTATION_CONTEXT() REPRESENTATION_CONTEXT('2D SPACE',''
  ) );
#3426 = ORIENTED_EDGE('',*,*,#3427,.T.);
#3427 = EDGE_CURVE('',#3400,#2731,#3428,.T.);
#3428 = SURFACE_CURVE('',#3429,(#3433,#3440),.PCURVE_S1.);
#3429 = LINE('',#3430,#3431);
#3430 = CARTESIAN_POINT('',(275.,-74.67047609329,22.));
#3431 = VECTOR('',#3432,1.);
#3432 = DIRECTION('',(0.707106781187,0.707106781187,0.));
#3433 = PCURVE('',#2746,#3434);
#3434 = DEFINITIONAL_REPRESENTATION('',(#3435),#3439);
#3435 = LINE('',#3436,#3437);
#3436 = CARTESIAN_POINT('',(0.,-74.67047609329));
#3437 = VECTOR('',#3438,1.);
#3438 = DIRECTION('',(0.707106781187,0.707106781187));
#3439 = ( GEOMETRIC_REPRESENTATION_CONTEXT(2) 
PARAMETRIC_REPRESENTATION_CONTEXT() REPRESENTATION_CONTEXT('2D SPACE',''
  ) );
#3440 = PCURVE('',#2774,#3441);
#3441 = DEFINITIONAL_REPRESENTATION('',(#3442),#3446);
#3442 = LINE('',#3443,#3444);
#3443 = CARTESIAN_POINT('',(0.,0.));
#3444 = VECTOR('',#3445,1.);
#3445 = DIRECTION('',(1.,0.));
#3446 = ( GEOMETRIC_REPRESENTATION_CONTEXT(2) 
PARAMETRIC_REPRESENTATION_CONTEXT() REPRESENTATION_CONTEXT('2D SPACE',''
  ) );
#3447 = ADVANCED_FACE('',(#3448),#3135,.F.);
#3448 = FACE_BOUND('',#3449,.F.);
#3449 = EDGE_LOOP('',(#3450,#3451,#3474,#3502));
#3450 = ORIENTED_EDGE('',*,*,#3119,.F.);
#3451 = ORIENTED_EDGE('',*,*,#3452,.F.);
#3452 = EDGE_CURVE('',#3453,#3097,#3455,.T.);
#3453 = VERTEX_POINT('',#3454);
#3454 = CARTESIAN_POINT('',(272.9295239067,72.6,28.));
#3455 = SURFACE_CURVE('',#3456,(#3460,#3467),.PCURVE_S1.);
#3456 = LINE('',#3457,#3458);
#3457 = CARTESIAN_POINT('',(272.9295239067,72.6,10.5));
#3458 = VECTOR('',#3459,1.);
#3459 = DIRECTION('',(0.,0.,-1.));
#3460 = PCURVE('',#3135,#3461);
#3461 = DEFINITIONAL_REPRESENTATION('',(#3462),#3466);
#3462 = LINE('',#3463,#3464);
#3463 = CARTESIAN_POINT('',(2.928095371713,11.5));
#3464 = VECTOR('',#3465,1.);
#3465 = DIRECTION('',(-0.,1.));
#3466 = ( GEOMETRIC_REPRESENTATION_CONTEXT(2) 
PARAMETRIC_REPRESENTATION_CONTEXT() REPRESENTATION_CONTEXT('2D SPACE',''
  ) );
#3467 = PCURVE('',#1209,#3468);
#3468 = DEFINITIONAL_REPRESENTATION('',(#3469),#3473);
#3469 = LINE('',#3470,#3471);
#3470 = CARTESIAN_POINT('',(11.5,70.529523906701));
#3471 = VECTOR('',#3472,1.);
#3472 = DIRECTION('',(-1.,0.));
#3473 = ( GEOMETRIC_REPRESENTATION_CONTEXT(2) 
PARAMETRIC_REPRESENTATION_CONTEXT() REPRESENTATION_CONTEXT('2D SPACE',''
  ) );
#3474 = ORIENTED_EDGE('',*,*,#3475,.T.);
#3475 = EDGE_CURVE('',#3453,#3476,#3478,.T.);
#3476 = VERTEX_POINT('',#3477);
#3477 = CARTESIAN_POINT('',(202.4,2.070476093299,28.));
#3478 = SURFACE_CURVE('',#3479,(#3483,#3490),.PCURVE_S1.);
#3479 = LINE('',#3480,#3481);
#3480 = CARTESIAN_POINT('',(275.,74.670476093299,28.));
#3481 = VECTOR('',#3482,1.);
#3482 = DIRECTION('',(-0.707106781187,-0.707106781187,0.));
#3483 = PCURVE('',#3135,#3484);
#3484 = DEFINITIONAL_REPRESENTATION('',(#3485),#3489);
#3485 = LINE('',#3486,#3487);
#3486 = CARTESIAN_POINT('',(0.,-6.));
#3487 = VECTOR('',#3488,1.);
#3488 = DIRECTION('',(1.,0.));
#3489 = ( GEOMETRIC_REPRESENTATION_CONTEXT(2) 
PARAMETRIC_REPRESENTATION_CONTEXT() REPRESENTATION_CONTEXT('2D SPACE',''
  ) );
#3490 = PCURVE('',#3491,#3496);
#3491 = PLANE('',#3492);
#3492 = AXIS2_PLACEMENT_3D('',#3493,#3494,#3495);
#3493 = CARTESIAN_POINT('',(202.4,-72.6,28.));
#3494 = DIRECTION('',(0.,0.,1.));
#3495 = DIRECTION('',(1.,0.,0.));
#3496 = DEFINITIONAL_REPRESENTATION('',(#3497),#3501);
#3497 = LINE('',#3498,#3499);
#3498 = CARTESIAN_POINT('',(72.6,147.27047609329));
#3499 = VECTOR('',#3500,1.);
#3500 = DIRECTION('',(-0.707106781187,-0.707106781187));
#3501 = ( GEOMETRIC_REPRESENTATION_CONTEXT(2) 
PARAMETRIC_REPRESENTATION_CONTEXT() REPRESENTATION_CONTEXT('2D SPACE',''
  ) );
#3502 = ORIENTED_EDGE('',*,*,#3503,.T.);
#3503 = EDGE_CURVE('',#3476,#3120,#3504,.T.);
#3504 = SURFACE_CURVE('',#3505,(#3509,#3516),.PCURVE_S1.);
#3505 = LINE('',#3506,#3507);
#3506 = CARTESIAN_POINT('',(202.4,2.070476093299,10.5));
#3507 = VECTOR('',#3508,1.);
#3508 = DIRECTION('',(0.,0.,-1.));
#3509 = PCURVE('',#3135,#3510);
#3510 = DEFINITIONAL_REPRESENTATION('',(#3511),#3515);
#3511 = LINE('',#3512,#3513);
#3512 = CARTESIAN_POINT('',(102.67190462828,11.5));
#3513 = VECTOR('',#3514,1.);
#3514 = DIRECTION('',(-0.,1.));
#3515 = ( GEOMETRIC_REPRESENTATION_CONTEXT(2) 
PARAMETRIC_REPRESENTATION_CONTEXT() REPRESENTATION_CONTEXT('2D SPACE',''
  ) );
#3516 = PCURVE('',#3163,#3517);
#3517 = DEFINITIONAL_REPRESENTATION('',(#3518),#3522);
#3518 = LINE('',#3519,#3520);
#3519 = CARTESIAN_POINT('',(11.5,-74.67047609329));
#3520 = VECTOR('',#3521,1.);
#3521 = DIRECTION('',(-1.,0.));
#3522 = ( GEOMETRIC_REPRESENTATION_CONTEXT(2) 
PARAMETRIC_REPRESENTATION_CONTEXT() REPRESENTATION_CONTEXT('2D SPACE',''
  ) );
#3523 = ADVANCED_FACE('',(#3524,#3678),#3491,.F.);
#3524 = FACE_BOUND('',#3525,.F.);
#3525 = EDGE_LOOP('',(#3526,#3549,#3550,#3573,#3596,#3624,#3652));
#3526 = ORIENTED_EDGE('',*,*,#3527,.F.);
#3527 = EDGE_CURVE('',#3476,#3528,#3530,.T.);
#3528 = VERTEX_POINT('',#3529);
#3529 = CARTESIAN_POINT('',(202.4,36.,28.));
#3530 = SURFACE_CURVE('',#3531,(#3535,#3542),.PCURVE_S1.);
#3531 = LINE('',#3532,#3533);
#3532 = CARTESIAN_POINT('',(202.4,-72.6,28.));
#3533 = VECTOR('',#3534,1.);
#3534 = DIRECTION('',(0.,1.,0.));
#3535 = PCURVE('',#3491,#3536);
#3536 = DEFINITIONAL_REPRESENTATION('',(#3537),#3541);
#3537 = LINE('',#3538,#3539);
#3538 = CARTESIAN_POINT('',(0.,0.));
#3539 = VECTOR('',#3540,1.);
#3540 = DIRECTION('',(0.,1.));
#3541 = ( GEOMETRIC_REPRESENTATION_CONTEXT(2) 
PARAMETRIC_REPRESENTATION_CONTEXT() REPRESENTATION_CONTEXT('2D SPACE',''
  ) );
#3542 = PCURVE('',#3163,#3543);
#3543 = DEFINITIONAL_REPRESENTATION('',(#3544),#3548);
#3544 = LINE('',#3545,#3546);
#3545 = CARTESIAN_POINT('',(29.,0.));
#3546 = VECTOR('',#3547,1.);
#3547 = DIRECTION('',(0.,-1.));
#3548 = ( GEOMETRIC_REPRESENTATION_CONTEXT(2) 
PARAMETRIC_REPRESENTATION_CONTEXT() REPRESENTATION_CONTEXT('2D SPACE',''
  ) );
#3549 = ORIENTED_EDGE('',*,*,#3475,.F.);
#3550 = ORIENTED_EDGE('',*,*,#3551,.F.);
#3551 = EDGE_CURVE('',#3552,#3453,#3554,.T.);
#3552 = VERTEX_POINT('',#3553);
#3553 = CARTESIAN_POINT('',(202.4,72.6,28.));
#3554 = SURFACE_CURVE('',#3555,(#3559,#3566),.PCURVE_S1.);
#3555 = LINE('',#3556,#3557);
#3556 = CARTESIAN_POINT('',(202.4,72.6,28.));
#3557 = VECTOR('',#3558,1.);
#3558 = DIRECTION('',(1.,0.,0.));
#3559 = PCURVE('',#3491,#3560);
#3560 = DEFINITIONAL_REPRESENTATION('',(#3561),#3565);
#3561 = LINE('',#3562,#3563);
#3562 = CARTESIAN_POINT('',(0.,145.2));
#3563 = VECTOR('',#3564,1.);
#3564 = DIRECTION('',(1.,0.));
#3565 = ( GEOMETRIC_REPRESENTATION_CONTEXT(2) 
PARAMETRIC_REPRESENTATION_CONTEXT() REPRESENTATION_CONTEXT('2D SPACE',''
  ) );
#3566 = PCURVE('',#1209,#3567);
#3567 = DEFINITIONAL_REPRESENTATION('',(#3568),#3572);
#3568 = LINE('',#3569,#3570);
#3569 = CARTESIAN_POINT('',(29.,0.));
#3570 = VECTOR('',#3571,1.);
#3571 = DIRECTION('',(0.,1.));
#3572 = ( GEOMETRIC_REPRESENTATION_CONTEXT(2) 
PARAMETRIC_REPRESENTATION_CONTEXT() REPRESENTATION_CONTEXT('2D SPACE',''
  ) );
#3573 = ORIENTED_EDGE('',*,*,#3574,.F.);
#3574 = EDGE_CURVE('',#3575,#3552,#3577,.T.);
#3575 = VERTEX_POINT('',#3576);
#3576 = CARTESIAN_POINT('',(202.4,60.,28.));
#3577 = SURFACE_CURVE('',#3578,(#3582,#3589),.PCURVE_S1.);
#3578 = LINE('',#3579,#3580);
#3579 = CARTESIAN_POINT('',(202.4,-72.6,28.));
#3580 = VECTOR('',#3581,1.);
#3581 = DIRECTION('',(0.,1.,0.));
#3582 = PCURVE('',#3491,#3583);
#3583 = DEFINITIONAL_REPRESENTATION('',(#3584),#3588);
#3584 = LINE('',#3585,#3586);
#3585 = CARTESIAN_POINT('',(0.,0.));
#3586 = VECTOR('',#3587,1.);
#3587 = DIRECTION('',(0.,1.));
#3588 = ( GEOMETRIC_REPRESENTATION_CONTEXT(2) 
PARAMETRIC_REPRESENTATION_CONTEXT() REPRESENTATION_CONTEXT('2D SPACE',''
  ) );
#3589 = PCURVE('',#1293,#3590);
#3590 = DEFINITIONAL_REPRESENTATION('',(#3591),#3595);
#3591 = LINE('',#3592,#3593);
#3592 = CARTESIAN_POINT('',(29.,0.));
#3593 = VECTOR('',#3594,1.);
#3594 = DIRECTION('',(0.,-1.));
#3595 = ( GEOMETRIC_REPRESENTATION_CONTEXT(2) 
PARAMETRIC_REPRESENTATION_CONTEXT() REPRESENTATION_CONTEXT('2D SPACE',''
  ) );
#3596 = ORIENTED_EDGE('',*,*,#3597,.F.);
#3597 = EDGE_CURVE('',#3598,#3575,#3600,.T.);
#3598 = VERTEX_POINT('',#3599);
#3599 = CARTESIAN_POINT('',(208.,60.,28.));
#3600 = SURFACE_CURVE('',#3601,(#3605,#3612),.PCURVE_S1.);
#3601 = LINE('',#3602,#3603);
#3602 = CARTESIAN_POINT('',(201.2,60.,28.));
#3603 = VECTOR('',#3604,1.);
#3604 = DIRECTION('',(-1.,0.,0.));
#3605 = PCURVE('',#3491,#3606);
#3606 = DEFINITIONAL_REPRESENTATION('',(#3607),#3611);
#3607 = LINE('',#3608,#3609);
#3608 = CARTESIAN_POINT('',(-1.2,132.6));
#3609 = VECTOR('',#3610,1.);
#3610 = DIRECTION('',(-1.,0.));
#3611 = ( GEOMETRIC_REPRESENTATION_CONTEXT(2) 
PARAMETRIC_REPRESENTATION_CONTEXT() REPRESENTATION_CONTEXT('2D SPACE',''
  ) );
#3612 = PCURVE('',#3613,#3618);
#3613 = PLANE('',#3614);
#3614 = AXIS2_PLACEMENT_3D('',#3615,#3616,#3617);
#3615 = CARTESIAN_POINT('',(200.,60.,0.));
#3616 = DIRECTION('',(0.,1.,0.));
#3617 = DIRECTION('',(0.,0.,1.));
#3618 = DEFINITIONAL_REPRESENTATION('',(#3619),#3623);
#3619 = LINE('',#3620,#3621);
#3620 = CARTESIAN_POINT('',(28.,1.2));
#3621 = VECTOR('',#3622,1.);
#3622 = DIRECTION('',(0.,-1.));
#3623 = ( GEOMETRIC_REPRESENTATION_CONTEXT(2) 
PARAMETRIC_REPRESENTATION_CONTEXT() REPRESENTATION_CONTEXT('2D SPACE',''
  ) );
#3624 = ORIENTED_EDGE('',*,*,#3625,.F.);
#3625 = EDGE_CURVE('',#3626,#3598,#3628,.T.);
#3626 = VERTEX_POINT('',#3627);
#3627 = CARTESIAN_POINT('',(208.,36.,28.));
#3628 = SURFACE_CURVE('',#3629,(#3633,#3640),.PCURVE_S1.);
#3629 = LINE('',#3630,#3631);
#3630 = CARTESIAN_POINT('',(208.,-18.3,28.));
#3631 = VECTOR('',#3632,1.);
#3632 = DIRECTION('',(0.,1.,0.));
#3633 = PCURVE('',#3491,#3634);
#3634 = DEFINITIONAL_REPRESENTATION('',(#3635),#3639);
#3635 = LINE('',#3636,#3637);
#3636 = CARTESIAN_POINT('',(5.6,54.3));
#3637 = VECTOR('',#3638,1.);
#3638 = DIRECTION('',(0.,1.));
#3639 = ( GEOMETRIC_REPRESENTATION_CONTEXT(2) 
PARAMETRIC_REPRESENTATION_CONTEXT() REPRESENTATION_CONTEXT('2D SPACE',''
  ) );
#3640 = PCURVE('',#3641,#3646);
#3641 = PLANE('',#3642);
#3642 = AXIS2_PLACEMENT_3D('',#3643,#3644,#3645);
#3643 = CARTESIAN_POINT('',(208.,36.,0.));
#3644 = DIRECTION('',(1.,0.,0.));
#3645 = DIRECTION('',(0.,0.,1.));
#3646 = DEFINITIONAL_REPRESENTATION('',(#3647),#3651);
#3647 = LINE('',#3648,#3649);
#3648 = CARTESIAN_POINT('',(28.,54.3));
#3649 = VECTOR('',#3650,1.);
#3650 = DIRECTION('',(0.,-1.));
#3651 = ( GEOMETRIC_REPRESENTATION_CONTEXT(2) 
PARAMETRIC_REPRESENTATION_CONTEXT() REPRESENTATION_CONTEXT('2D SPACE',''
  ) );
#3652 = ORIENTED_EDGE('',*,*,#3653,.T.);
#3653 = EDGE_CURVE('',#3626,#3528,#3654,.T.);
#3654 = SURFACE_CURVE('',#3655,(#3659,#3666),.PCURVE_S1.);
#3655 = LINE('',#3656,#3657);
#3656 = CARTESIAN_POINT('',(201.2,36.,28.));
#3657 = VECTOR('',#3658,1.);
#3658 = DIRECTION('',(-1.,0.,0.));
#3659 = PCURVE('',#3491,#3660);
#3660 = DEFINITIONAL_REPRESENTATION('',(#3661),#3665);
#3661 = LINE('',#3662,#3663);
#3662 = CARTESIAN_POINT('',(-1.2,108.6));
#3663 = VECTOR('',#3664,1.);
#3664 = DIRECTION('',(-1.,0.));
#3665 = ( GEOMETRIC_REPRESENTATION_CONTEXT(2) 
PARAMETRIC_REPRESENTATION_CONTEXT() REPRESENTATION_CONTEXT('2D SPACE',''
  ) );
#3666 = PCURVE('',#3667,#3672);
#3667 = PLANE('',#3668);
#3668 = AXIS2_PLACEMENT_3D('',#3669,#3670,#3671);
#3669 = CARTESIAN_POINT('',(200.,36.,0.));
#3670 = DIRECTION('',(0.,1.,0.));
#3671 = DIRECTION('',(0.,0.,1.));
#3672 = DEFINITIONAL_REPRESENTATION('',(#3673),#3677);
#3673 = LINE('',#3674,#3675);
#3674 = CARTESIAN_POINT('',(28.,1.2));
#3675 = VECTOR('',#3676,1.);
#3676 = DIRECTION('',(0.,-1.));
#3677 = ( GEOMETRIC_REPRESENTATION_CONTEXT(2) 
PARAMETRIC_REPRESENTATION_CONTEXT() REPRESENTATION_CONTEXT('2D SPACE',''
  ) );
#3678 = FACE_BOUND('',#3679,.F.);
#3679 = EDGE_LOOP('',(#3680));
#3680 = ORIENTED_EDGE('',*,*,#3681,.T.);
#3681 = EDGE_CURVE('',#3682,#3682,#3684,.T.);
#3682 = VERTEX_POINT('',#3683);
#3683 = CARTESIAN_POINT('',(213.7,68.,28.));
#3684 = SURFACE_CURVE('',#3685,(#3690,#3701),.PCURVE_S1.);
#3685 = CIRCLE('',#3686,1.7);
#3686 = AXIS2_PLACEMENT_3D('',#3687,#3688,#3689);
#3687 = CARTESIAN_POINT('',(212.,68.,28.));
#3688 = DIRECTION('',(0.,0.,-1.));
#3689 = DIRECTION('',(1.,0.,0.));
#3690 = PCURVE('',#3491,#3691);
#3691 = DEFINITIONAL_REPRESENTATION('',(#3692),#3700);
#3692 = ( BOUNDED_CURVE() B_SPLINE_CURVE(2,(#3693,#3694,#3695,#3696,
#3697,#3698,#3699),.UNSPECIFIED.,.T.,.F.) B_SPLINE_CURVE_WITH_KNOTS((1,2
    ,2,2,2,1),(-2.094395102393,0.,2.094395102393,4.188790204786,
6.28318530718,8.377580409573),.UNSPECIFIED.) CURVE() 
GEOMETRIC_REPRESENTATION_ITEM() RATIONAL_B_SPLINE_CURVE((1.,0.5,1.,0.5,
1.,0.5,1.)) REPRESENTATION_ITEM('') );
#3693 = CARTESIAN_POINT('',(11.3,140.6));
#3694 = CARTESIAN_POINT('',(11.3,137.65551362713));
#3695 = CARTESIAN_POINT('',(8.75,139.12775681356));
#3696 = CARTESIAN_POINT('',(6.2,140.6));
#3697 = CARTESIAN_POINT('',(8.75,142.07224318643));
#3698 = CARTESIAN_POINT('',(11.3,143.54448637286));
#3699 = CARTESIAN_POINT('',(11.3,140.6));
#3700 = ( GEOMETRIC_REPRESENTATION_CONTEXT(2) 
PARAMETRIC_REPRESENTATION_CONTEXT() REPRESENTATION_CONTEXT('2D SPACE',''
  ) );
#3701 = PCURVE('',#3702,#3707);
#3702 = CYLINDRICAL_SURFACE('',#3703,1.7);
#3703 = AXIS2_PLACEMENT_3D('',#3704,#3705,#3706);
#3704 = CARTESIAN_POINT('',(212.,68.,27.));
#3705 = DIRECTION('',(-0.,-0.,-1.));
#3706 = DIRECTION('',(1.,0.,0.));
#3707 = DEFINITIONAL_REPRESENTATION('',(#3708),#3712);
#3708 = LINE('',#3709,#3710);
#3709 = CARTESIAN_POINT('',(-6.28318530718,-1.));
#3710 = VECTOR('',#3711,1.);
#3711 = DIRECTION('',(1.,-0.));
#3712 = ( GEOMETRIC_REPRESENTATION_CONTEXT(2) 
PARAMETRIC_REPRESENTATION_CONTEXT() REPRESENTATION_CONTEXT('2D SPACE',''
  ) );
#3713 = ADVANCED_FACE('',(#3714),#3702,.F.);
#3714 = FACE_BOUND('',#3715,.T.);
#3715 = EDGE_LOOP('',(#3716,#3717,#3740,#3771));
#3716 = ORIENTED_EDGE('',*,*,#3681,.T.);
#3717 = ORIENTED_EDGE('',*,*,#3718,.T.);
#3718 = EDGE_CURVE('',#3682,#3719,#3721,.T.);
#3719 = VERTEX_POINT('',#3720);
#3720 = CARTESIAN_POINT('',(213.7,68.,32.));
#3721 = SEAM_CURVE('',#3722,(#3726,#3733),.PCURVE_S1.);
#3722 = LINE('',#3723,#3724);
#3723 = CARTESIAN_POINT('',(213.7,68.,27.));
#3724 = VECTOR('',#3725,1.);
#3725 = DIRECTION('',(0.,0.,1.));
#3726 = PCURVE('',#3702,#3727);
#3727 = DEFINITIONAL_REPRESENTATION('',(#3728),#3732);
#3728 = LINE('',#3729,#3730);
#3729 = CARTESIAN_POINT('',(-6.28318530718,0.));
#3730 = VECTOR('',#3731,1.);
#3731 = DIRECTION('',(-0.,-1.));
#3732 = ( GEOMETRIC_REPRESENTATION_CONTEXT(2) 
PARAMETRIC_REPRESENTATION_CONTEXT() REPRESENTATION_CONTEXT('2D SPACE',''
  ) );
#3733 = PCURVE('',#3702,#3734);
#3734 = DEFINITIONAL_REPRESENTATION('',(#3735),#3739);
#3735 = LINE('',#3736,#3737);
#3736 = CARTESIAN_POINT('',(-0.,0.));
#3737 = VECTOR('',#3738,1.);
#3738 = DIRECTION('',(-0.,-1.));
#3739 = ( GEOMETRIC_REPRESENTATION_CONTEXT(2) 
PARAMETRIC_REPRESENTATION_CONTEXT() REPRESENTATION_CONTEXT('2D SPACE',''
  ) );
#3740 = ORIENTED_EDGE('',*,*,#3741,.F.);
#3741 = EDGE_CURVE('',#3719,#3719,#3742,.T.);
#3742 = SURFACE_CURVE('',#3743,(#3748,#3755),.PCURVE_S1.);
#3743 = CIRCLE('',#3744,1.7);
#3744 = AXIS2_PLACEMENT_3D('',#3745,#3746,#3747);
#3745 = CARTESIAN_POINT('',(212.,68.,32.));
#3746 = DIRECTION('',(0.,0.,-1.));
#3747 = DIRECTION('',(1.,0.,0.));
#3748 = PCURVE('',#3702,#3749);
#3749 = DEFINITIONAL_REPRESENTATION('',(#3750),#3754);
#3750 = LINE('',#3751,#3752);
#3751 = CARTESIAN_POINT('',(-6.28318530718,-5.));
#3752 = VECTOR('',#3753,1.);
#3753 = DIRECTION('',(1.,-0.));
#3754 = ( GEOMETRIC_REPRESENTATION_CONTEXT(2) 
PARAMETRIC_REPRESENTATION_CONTEXT() REPRESENTATION_CONTEXT('2D SPACE',''
  ) );
#3755 = PCURVE('',#3756,#3761);
#3756 = PLANE('',#3757);
#3757 = AXIS2_PLACEMENT_3D('',#3758,#3759,#3760);
#3758 = CARTESIAN_POINT('',(200.,-75.,32.));
#3759 = DIRECTION('',(0.,0.,1.));
#3760 = DIRECTION('',(1.,0.,0.));
#3761 = DEFINITIONAL_REPRESENTATION('',(#3762),#3770);
#3762 = ( BOUNDED_CURVE() B_SPLINE_CURVE(2,(#3763,#3764,#3765,#3766,
#3767,#3768,#3769),.UNSPECIFIED.,.T.,.F.) B_SPLINE_CURVE_WITH_KNOTS((1,2
    ,2,2,2,1),(-2.094395102393,0.,2.094395102393,4.188790204786,
6.28318530718,8.377580409573),.UNSPECIFIED.) CURVE() 
GEOMETRIC_REPRESENTATION_ITEM() RATIONAL_B_SPLINE_CURVE((1.,0.5,1.,0.5,
1.,0.5,1.)) REPRESENTATION_ITEM('') );
#3763 = CARTESIAN_POINT('',(13.7,143.));
#3764 = CARTESIAN_POINT('',(13.7,140.05551362713));
#3765 = CARTESIAN_POINT('',(11.15,141.52775681356));
#3766 = CARTESIAN_POINT('',(8.6,143.));
#3767 = CARTESIAN_POINT('',(11.15,144.47224318643));
#3768 = CARTESIAN_POINT('',(13.7,145.94448637286));
#3769 = CARTESIAN_POINT('',(13.7,143.));
#3770 = ( GEOMETRIC_REPRESENTATION_CONTEXT(2) 
PARAMETRIC_REPRESENTATION_CONTEXT() REPRESENTATION_CONTEXT('2D SPACE',''
  ) );
#3771 = ORIENTED_EDGE('',*,*,#3718,.F.);
#3772 = ADVANCED_FACE('',(#3773,#3808),#3756,.T.);
#3773 = FACE_BOUND('',#3774,.T.);
#3774 = EDGE_LOOP('',(#3775));
#3775 = ORIENTED_EDGE('',*,*,#3776,.F.);
#3776 = EDGE_CURVE('',#3777,#3777,#3779,.T.);
#3777 = VERTEX_POINT('',#3778);
#3778 = CARTESIAN_POINT('',(213.8,68.,32.));
#3779 = SURFACE_CURVE('',#3780,(#3785,#3796),.PCURVE_S1.);
#3780 = CIRCLE('',#3781,1.8);
#3781 = AXIS2_PLACEMENT_3D('',#3782,#3783,#3784);
#3782 = CARTESIAN_POINT('',(212.,68.,32.));
#3783 = DIRECTION('',(0.,0.,-1.));
#3784 = DIRECTION('',(1.,0.,0.));
#3785 = PCURVE('',#3756,#3786);
#3786 = DEFINITIONAL_REPRESENTATION('',(#3787),#3795);
#3787 = ( BOUNDED_CURVE() B_SPLINE_CURVE(2,(#3788,#3789,#3790,#3791,
#3792,#3793,#3794),.UNSPECIFIED.,.T.,.F.) B_SPLINE_CURVE_WITH_KNOTS((1,2
    ,2,2,2,1),(-2.094395102393,0.,2.094395102393,4.188790204786,
6.28318530718,8.377580409573),.UNSPECIFIED.) CURVE() 
GEOMETRIC_REPRESENTATION_ITEM() RATIONAL_B_SPLINE_CURVE((1.,0.5,1.,0.5,
1.,0.5,1.)) REPRESENTATION_ITEM('') );
#3788 = CARTESIAN_POINT('',(13.8,143.));
#3789 = CARTESIAN_POINT('',(13.8,139.88230854637));
#3790 = CARTESIAN_POINT('',(11.1,141.44115427318));
#3791 = CARTESIAN_POINT('',(8.4,143.));
#3792 = CARTESIAN_POINT('',(11.1,144.55884572681));
#3793 = CARTESIAN_POINT('',(13.8,146.11769145362));
#3794 = CARTESIAN_POINT('',(13.8,143.));
#3795 = ( GEOMETRIC_REPRESENTATION_CONTEXT(2) 
PARAMETRIC_REPRESENTATION_CONTEXT() REPRESENTATION_CONTEXT('2D SPACE',''
  ) );
#3796 = PCURVE('',#3797,#3802);
#3797 = CYLINDRICAL_SURFACE('',#3798,1.8);
#3798 = AXIS2_PLACEMENT_3D('',#3799,#3800,#3801);
#3799 = CARTESIAN_POINT('',(212.,68.,31.));
#3800 = DIRECTION('',(-0.,-0.,-1.));
#3801 = DIRECTION('',(1.,0.,0.));
#3802 = DEFINITIONAL_REPRESENTATION('',(#3803),#3807);
#3803 = LINE('',#3804,#3805);
#3804 = CARTESIAN_POINT('',(-6.28318530718,-1.));
#3805 = VECTOR('',#3806,1.);
#3806 = DIRECTION('',(1.,-0.));
#3807 = ( GEOMETRIC_REPRESENTATION_CONTEXT(2) 
PARAMETRIC_REPRESENTATION_CONTEXT() REPRESENTATION_CONTEXT('2D SPACE',''
  ) );
#3808 = FACE_BOUND('',#3809,.T.);
#3809 = EDGE_LOOP('',(#3810));
#3810 = ORIENTED_EDGE('',*,*,#3741,.T.);
#3811 = ADVANCED_FACE('',(#3812),#3797,.F.);
#3812 = FACE_BOUND('',#3813,.T.);
#3813 = EDGE_LOOP('',(#3814,#3815,#3838,#3864));
#3814 = ORIENTED_EDGE('',*,*,#3776,.T.);
#3815 = ORIENTED_EDGE('',*,*,#3816,.T.);
#3816 = EDGE_CURVE('',#3777,#3817,#3819,.T.);
#3817 = VERTEX_POINT('',#3818);
#3818 = CARTESIAN_POINT('',(213.8,68.,36.));
#3819 = SEAM_CURVE('',#3820,(#3824,#3831),.PCURVE_S1.);
#3820 = LINE('',#3821,#3822);
#3821 = CARTESIAN_POINT('',(213.8,68.,31.));
#3822 = VECTOR('',#3823,1.);
#3823 = DIRECTION('',(0.,0.,1.));
#3824 = PCURVE('',#3797,#3825);
#3825 = DEFINITIONAL_REPRESENTATION('',(#3826),#3830);
#3826 = LINE('',#3827,#3828);
#3827 = CARTESIAN_POINT('',(-6.28318530718,0.));
#3828 = VECTOR('',#3829,1.);
#3829 = DIRECTION('',(-0.,-1.));
#3830 = ( GEOMETRIC_REPRESENTATION_CONTEXT(2) 
PARAMETRIC_REPRESENTATION_CONTEXT() REPRESENTATION_CONTEXT('2D SPACE',''
  ) );
#3831 = PCURVE('',#3797,#3832);
#3832 = DEFINITIONAL_REPRESENTATION('',(#3833),#3837);
#3833 = LINE('',#3834,#3835);
#3834 = CARTESIAN_POINT('',(-0.,0.));
#3835 = VECTOR('',#3836,1.);
#3836 = DIRECTION('',(-0.,-1.));
#3837 = ( GEOMETRIC_REPRESENTATION_CONTEXT(2) 
PARAMETRIC_REPRESENTATION_CONTEXT() REPRESENTATION_CONTEXT('2D SPACE',''
  ) );
#3838 = ORIENTED_EDGE('',*,*,#3839,.F.);
#3839 = EDGE_CURVE('',#3817,#3817,#3840,.T.);
#3840 = SURFACE_CURVE('',#3841,(#3846,#3853),.PCURVE_S1.);
#3841 = CIRCLE('',#3842,1.8);
#3842 = AXIS2_PLACEMENT_3D('',#3843,#3844,#3845);
#3843 = CARTESIAN_POINT('',(212.,68.,36.));
#3844 = DIRECTION('',(0.,0.,-1.));
#3845 = DIRECTION('',(1.,0.,0.));
#3846 = PCURVE('',#3797,#3847);
#3847 = DEFINITIONAL_REPRESENTATION('',(#3848),#3852);
#3848 = LINE('',#3849,#3850);
#3849 = CARTESIAN_POINT('',(-6.28318530718,-5.));
#3850 = VECTOR('',#3851,1.);
#3851 = DIRECTION('',(1.,-0.));
#3852 = ( GEOMETRIC_REPRESENTATION_CONTEXT(2) 
PARAMETRIC_REPRESENTATION_CONTEXT() REPRESENTATION_CONTEXT('2D SPACE',''
  ) );
#3853 = PCURVE('',#634,#3854);
#3854 = DEFINITIONAL_REPRESENTATION('',(#3855),#3863);
#3855 = ( BOUNDED_CURVE() B_SPLINE_CURVE(2,(#3856,#3857,#3858,#3859,
#3860,#3861,#3862),.UNSPECIFIED.,.T.,.F.) B_SPLINE_CURVE_WITH_KNOTS((1,2
    ,2,2,2,1),(-2.094395102393,0.,2.094395102393,4.188790204786,
6.28318530718,8.377580409573),.UNSPECIFIED.) CURVE() 
GEOMETRIC_REPRESENTATION_ITEM() RATIONAL_B_SPLINE_CURVE((1.,0.5,1.,0.5,
1.,0.5,1.)) REPRESENTATION_ITEM('') );
#3856 = CARTESIAN_POINT('',(13.8,13.));
#3857 = CARTESIAN_POINT('',(13.8,9.882308546376));
#3858 = CARTESIAN_POINT('',(11.1,11.441154273188));
#3859 = CARTESIAN_POINT('',(8.4,13.));
#3860 = CARTESIAN_POINT('',(11.1,14.558845726812));
#3861 = CARTESIAN_POINT('',(13.8,16.117691453624));
#3862 = CARTESIAN_POINT('',(13.8,13.));
#3863 = ( GEOMETRIC_REPRESENTATION_CONTEXT(2) 
PARAMETRIC_REPRESENTATION_CONTEXT() REPRESENTATION_CONTEXT('2D SPACE',''
  ) );
#3864 = ORIENTED_EDGE('',*,*,#3816,.F.);
#3865 = ADVANCED_FACE('',(#3866),#3613,.T.);
#3866 = FACE_BOUND('',#3867,.T.);
#3867 = EDGE_LOOP('',(#3868,#3893,#3914,#3915));
#3868 = ORIENTED_EDGE('',*,*,#3869,.F.);
#3869 = EDGE_CURVE('',#3870,#3872,#3874,.T.);
#3870 = VERTEX_POINT('',#3871);
#3871 = CARTESIAN_POINT('',(202.4,60.,0.));
#3872 = VERTEX_POINT('',#3873);
#3873 = CARTESIAN_POINT('',(208.,60.,0.));
#3874 = SURFACE_CURVE('',#3875,(#3879,#3886),.PCURVE_S1.);
#3875 = LINE('',#3876,#3877);
#3876 = CARTESIAN_POINT('',(200.,60.,0.));
#3877 = VECTOR('',#3878,1.);
#3878 = DIRECTION('',(1.,0.,0.));
#3879 = PCURVE('',#3613,#3880);
#3880 = DEFINITIONAL_REPRESENTATION('',(#3881),#3885);
#3881 = LINE('',#3882,#3883);
#3882 = CARTESIAN_POINT('',(0.,0.));
#3883 = VECTOR('',#3884,1.);
#3884 = DIRECTION('',(0.,1.));
#3885 = ( GEOMETRIC_REPRESENTATION_CONTEXT(2) 
PARAMETRIC_REPRESENTATION_CONTEXT() REPRESENTATION_CONTEXT('2D SPACE',''
  ) );
#3886 = PCURVE('',#578,#3887);
#3887 = DEFINITIONAL_REPRESENTATION('',(#3888),#3892);
#3888 = LINE('',#3889,#3890);
#3889 = CARTESIAN_POINT('',(0.,135.));
#3890 = VECTOR('',#3891,1.);
#3891 = DIRECTION('',(1.,0.));
#3892 = ( GEOMETRIC_REPRESENTATION_CONTEXT(2) 
PARAMETRIC_REPRESENTATION_CONTEXT() REPRESENTATION_CONTEXT('2D SPACE',''
  ) );
#3893 = ORIENTED_EDGE('',*,*,#3894,.T.);
#3894 = EDGE_CURVE('',#3870,#3575,#3895,.T.);
#3895 = SURFACE_CURVE('',#3896,(#3900,#3907),.PCURVE_S1.);
#3896 = LINE('',#3897,#3898);
#3897 = CARTESIAN_POINT('',(202.4,60.,-0.5));
#3898 = VECTOR('',#3899,1.);
#3899 = DIRECTION('',(0.,0.,1.));
#3900 = PCURVE('',#3613,#3901);
#3901 = DEFINITIONAL_REPRESENTATION('',(#3902),#3906);
#3902 = LINE('',#3903,#3904);
#3903 = CARTESIAN_POINT('',(-0.5,2.4));
#3904 = VECTOR('',#3905,1.);
#3905 = DIRECTION('',(1.,0.));
#3906 = ( GEOMETRIC_REPRESENTATION_CONTEXT(2) 
PARAMETRIC_REPRESENTATION_CONTEXT() REPRESENTATION_CONTEXT('2D SPACE',''
  ) );
#3907 = PCURVE('',#1293,#3908);
#3908 = DEFINITIONAL_REPRESENTATION('',(#3909),#3913);
#3909 = LINE('',#3910,#3911);
#3910 = CARTESIAN_POINT('',(0.5,-132.6));
#3911 = VECTOR('',#3912,1.);
#3912 = DIRECTION('',(1.,0.));
#3913 = ( GEOMETRIC_REPRESENTATION_CONTEXT(2) 
PARAMETRIC_REPRESENTATION_CONTEXT() REPRESENTATION_CONTEXT('2D SPACE',''
  ) );
#3914 = ORIENTED_EDGE('',*,*,#3597,.F.);
#3915 = ORIENTED_EDGE('',*,*,#3916,.F.);
#3916 = EDGE_CURVE('',#3872,#3598,#3917,.T.);
#3917 = SURFACE_CURVE('',#3918,(#3922,#3929),.PCURVE_S1.);
#3918 = LINE('',#3919,#3920);
#3919 = CARTESIAN_POINT('',(208.,60.,0.));
#3920 = VECTOR('',#3921,1.);
#3921 = DIRECTION('',(0.,0.,1.));
#3922 = PCURVE('',#3613,#3923);
#3923 = DEFINITIONAL_REPRESENTATION('',(#3924),#3928);
#3924 = LINE('',#3925,#3926);
#3925 = CARTESIAN_POINT('',(0.,8.));
#3926 = VECTOR('',#3927,1.);
#3927 = DIRECTION('',(1.,0.));
#3928 = ( GEOMETRIC_REPRESENTATION_CONTEXT(2) 
PARAMETRIC_REPRESENTATION_CONTEXT() REPRESENTATION_CONTEXT('2D SPACE',''
  ) );
#3929 = PCURVE('',#3641,#3930);
#3930 = DEFINITIONAL_REPRESENTATION('',(#3931),#3935);
#3931 = LINE('',#3932,#3933);
#3932 = CARTESIAN_POINT('',(0.,-24.));
#3933 = VECTOR('',#3934,1.);
#3934 = DIRECTION('',(1.,0.));
#3935 = ( GEOMETRIC_REPRESENTATION_CONTEXT(2) 
PARAMETRIC_REPRESENTATION_CONTEXT() REPRESENTATION_CONTEXT('2D SPACE',''
  ) );
#3936 = ADVANCED_FACE('',(#3937),#3641,.T.);
#3937 = FACE_BOUND('',#3938,.T.);
#3938 = EDGE_LOOP('',(#3939,#3962,#3983,#3984));
#3939 = ORIENTED_EDGE('',*,*,#3940,.F.);
#3940 = EDGE_CURVE('',#3941,#3626,#3943,.T.);
#3941 = VERTEX_POINT('',#3942);
#3942 = CARTESIAN_POINT('',(208.,36.,0.));
#3943 = SURFACE_CURVE('',#3944,(#3948,#3955),.PCURVE_S1.);
#3944 = LINE('',#3945,#3946);
#3945 = CARTESIAN_POINT('',(208.,36.,0.));
#3946 = VECTOR('',#3947,1.);
#3947 = DIRECTION('',(0.,0.,1.));
#3948 = PCURVE('',#3641,#3949);
#3949 = DEFINITIONAL_REPRESENTATION('',(#3950),#3954);
#3950 = LINE('',#3951,#3952);
#3951 = CARTESIAN_POINT('',(0.,0.));
#3952 = VECTOR('',#3953,1.);
#3953 = DIRECTION('',(1.,0.));
#3954 = ( GEOMETRIC_REPRESENTATION_CONTEXT(2) 
PARAMETRIC_REPRESENTATION_CONTEXT() REPRESENTATION_CONTEXT('2D SPACE',''
  ) );
#3955 = PCURVE('',#3667,#3956);
#3956 = DEFINITIONAL_REPRESENTATION('',(#3957),#3961);
#3957 = LINE('',#3958,#3959);
#3958 = CARTESIAN_POINT('',(0.,8.));
#3959 = VECTOR('',#3960,1.);
#3960 = DIRECTION('',(1.,0.));
#3961 = ( GEOMETRIC_REPRESENTATION_CONTEXT(2) 
PARAMETRIC_REPRESENTATION_CONTEXT() REPRESENTATION_CONTEXT('2D SPACE',''
  ) );
#3962 = ORIENTED_EDGE('',*,*,#3963,.T.);
#3963 = EDGE_CURVE('',#3941,#3872,#3964,.T.);
#3964 = SURFACE_CURVE('',#3965,(#3969,#3976),.PCURVE_S1.);
#3965 = LINE('',#3966,#3967);
#3966 = CARTESIAN_POINT('',(208.,36.,0.));
#3967 = VECTOR('',#3968,1.);
#3968 = DIRECTION('',(0.,1.,0.));
#3969 = PCURVE('',#3641,#3970);
#3970 = DEFINITIONAL_REPRESENTATION('',(#3971),#3975);
#3971 = LINE('',#3972,#3973);
#3972 = CARTESIAN_POINT('',(0.,0.));
#3973 = VECTOR('',#3974,1.);
#3974 = DIRECTION('',(0.,-1.));
#3975 = ( GEOMETRIC_REPRESENTATION_CONTEXT(2) 
PARAMETRIC_REPRESENTATION_CONTEXT() REPRESENTATION_CONTEXT('2D SPACE',''
  ) );
#3976 = PCURVE('',#578,#3977);
#3977 = DEFINITIONAL_REPRESENTATION('',(#3978),#3982);
#3978 = LINE('',#3979,#3980);
#3979 = CARTESIAN_POINT('',(8.,111.));
#3980 = VECTOR('',#3981,1.);
#3981 = DIRECTION('',(0.,1.));
#3982 = ( GEOMETRIC_REPRESENTATION_CONTEXT(2) 
PARAMETRIC_REPRESENTATION_CONTEXT() REPRESENTATION_CONTEXT('2D SPACE',''
  ) );
#3983 = ORIENTED_EDGE('',*,*,#3916,.T.);
#3984 = ORIENTED_EDGE('',*,*,#3625,.F.);
#3985 = ADVANCED_FACE('',(#3986),#3667,.F.);
#3986 = FACE_BOUND('',#3987,.F.);
#3987 = EDGE_LOOP('',(#3988,#4011,#4032,#4033));
#3988 = ORIENTED_EDGE('',*,*,#3989,.F.);
#3989 = EDGE_CURVE('',#3990,#3941,#3992,.T.);
#3990 = VERTEX_POINT('',#3991);
#3991 = CARTESIAN_POINT('',(202.4,36.,0.));
#3992 = SURFACE_CURVE('',#3993,(#3997,#4004),.PCURVE_S1.);
#3993 = LINE('',#3994,#3995);
#3994 = CARTESIAN_POINT('',(200.,36.,0.));
#3995 = VECTOR('',#3996,1.);
#3996 = DIRECTION('',(1.,0.,0.));
#3997 = PCURVE('',#3667,#3998);
#3998 = DEFINITIONAL_REPRESENTATION('',(#3999),#4003);
#3999 = LINE('',#4000,#4001);
#4000 = CARTESIAN_POINT('',(0.,0.));
#4001 = VECTOR('',#4002,1.);
#4002 = DIRECTION('',(0.,1.));
#4003 = ( GEOMETRIC_REPRESENTATION_CONTEXT(2) 
PARAMETRIC_REPRESENTATION_CONTEXT() REPRESENTATION_CONTEXT('2D SPACE',''
  ) );
#4004 = PCURVE('',#578,#4005);
#4005 = DEFINITIONAL_REPRESENTATION('',(#4006),#4010);
#4006 = LINE('',#4007,#4008);
#4007 = CARTESIAN_POINT('',(0.,111.));
#4008 = VECTOR('',#4009,1.);
#4009 = DIRECTION('',(1.,0.));
#4010 = ( GEOMETRIC_REPRESENTATION_CONTEXT(2) 
PARAMETRIC_REPRESENTATION_CONTEXT() REPRESENTATION_CONTEXT('2D SPACE',''
  ) );
#4011 = ORIENTED_EDGE('',*,*,#4012,.T.);
#4012 = EDGE_CURVE('',#3990,#3528,#4013,.T.);
#4013 = SURFACE_CURVE('',#4014,(#4018,#4025),.PCURVE_S1.);
#4014 = LINE('',#4015,#4016);
#4015 = CARTESIAN_POINT('',(202.4,36.,-0.5));
#4016 = VECTOR('',#4017,1.);
#4017 = DIRECTION('',(0.,0.,1.));
#4018 = PCURVE('',#3667,#4019);
#4019 = DEFINITIONAL_REPRESENTATION('',(#4020),#4024);
#4020 = LINE('',#4021,#4022);
#4021 = CARTESIAN_POINT('',(-0.5,2.4));
#4022 = VECTOR('',#4023,1.);
#4023 = DIRECTION('',(1.,0.));
#4024 = ( GEOMETRIC_REPRESENTATION_CONTEXT(2) 
PARAMETRIC_REPRESENTATION_CONTEXT() REPRESENTATION_CONTEXT('2D SPACE',''
  ) );
#4025 = PCURVE('',#3163,#4026);
#4026 = DEFINITIONAL_REPRESENTATION('',(#4027),#4031);
#4027 = LINE('',#4028,#4029);
#4028 = CARTESIAN_POINT('',(0.5,-108.6));
#4029 = VECTOR('',#4030,1.);
#4030 = DIRECTION('',(1.,0.));
#4031 = ( GEOMETRIC_REPRESENTATION_CONTEXT(2) 
PARAMETRIC_REPRESENTATION_CONTEXT() REPRESENTATION_CONTEXT('2D SPACE',''
  ) );
#4032 = ORIENTED_EDGE('',*,*,#3653,.F.);
#4033 = ORIENTED_EDGE('',*,*,#3940,.F.);
#4034 = ADVANCED_FACE('',(#4035),#3163,.T.);
#4035 = FACE_BOUND('',#4036,.T.);
#4036 = EDGE_LOOP('',(#4037,#4062,#4090,#4111,#4112,#4113,#4114,#4115));
#4037 = ORIENTED_EDGE('',*,*,#4038,.F.);
#4038 = EDGE_CURVE('',#4039,#4041,#4043,.T.);
#4039 = VERTEX_POINT('',#4040);
#4040 = CARTESIAN_POINT('',(202.4,-36.,28.));
#4041 = VERTEX_POINT('',#4042);
#4042 = CARTESIAN_POINT('',(202.4,-2.070476093299,28.));
#4043 = SURFACE_CURVE('',#4044,(#4048,#4055),.PCURVE_S1.);
#4044 = LINE('',#4045,#4046);
#4045 = CARTESIAN_POINT('',(202.4,-72.6,28.));
#4046 = VECTOR('',#4047,1.);
#4047 = DIRECTION('',(0.,1.,0.));
#4048 = PCURVE('',#3163,#4049);
#4049 = DEFINITIONAL_REPRESENTATION('',(#4050),#4054);
#4050 = LINE('',#4051,#4052);
#4051 = CARTESIAN_POINT('',(29.,0.));
#4052 = VECTOR('',#4053,1.);
#4053 = DIRECTION('',(0.,-1.));
#4054 = ( GEOMETRIC_REPRESENTATION_CONTEXT(2) 
PARAMETRIC_REPRESENTATION_CONTEXT() REPRESENTATION_CONTEXT('2D SPACE',''
  ) );
#4055 = PCURVE('',#1120,#4056);
#4056 = DEFINITIONAL_REPRESENTATION('',(#4057),#4061);
#4057 = LINE('',#4058,#4059);
#4058 = CARTESIAN_POINT('',(0.,0.));
#4059 = VECTOR('',#4060,1.);
#4060 = DIRECTION('',(0.,1.));
#4061 = ( GEOMETRIC_REPRESENTATION_CONTEXT(2) 
PARAMETRIC_REPRESENTATION_CONTEXT() REPRESENTATION_CONTEXT('2D SPACE',''
  ) );
#4062 = ORIENTED_EDGE('',*,*,#4063,.F.);
#4063 = EDGE_CURVE('',#4064,#4039,#4066,.T.);
#4064 = VERTEX_POINT('',#4065);
#4065 = CARTESIAN_POINT('',(202.4,-36.,0.));
#4066 = SURFACE_CURVE('',#4067,(#4071,#4078),.PCURVE_S1.);
#4067 = LINE('',#4068,#4069);
#4068 = CARTESIAN_POINT('',(202.4,-36.,-0.5));
#4069 = VECTOR('',#4070,1.);
#4070 = DIRECTION('',(0.,0.,1.));
#4071 = PCURVE('',#3163,#4072);
#4072 = DEFINITIONAL_REPRESENTATION('',(#4073),#4077);
#4073 = LINE('',#4074,#4075);
#4074 = CARTESIAN_POINT('',(0.5,-36.6));
#4075 = VECTOR('',#4076,1.);
#4076 = DIRECTION('',(1.,0.));
#4077 = ( GEOMETRIC_REPRESENTATION_CONTEXT(2) 
PARAMETRIC_REPRESENTATION_CONTEXT() REPRESENTATION_CONTEXT('2D SPACE',''
  ) );
#4078 = PCURVE('',#4079,#4084);
#4079 = PLANE('',#4080);
#4080 = AXIS2_PLACEMENT_3D('',#4081,#4082,#4083);
#4081 = CARTESIAN_POINT('',(200.,-36.,0.));
#4082 = DIRECTION('',(0.,1.,0.));
#4083 = DIRECTION('',(0.,0.,1.));
#4084 = DEFINITIONAL_REPRESENTATION('',(#4085),#4089);
#4085 = LINE('',#4086,#4087);
#4086 = CARTESIAN_POINT('',(-0.5,2.4));
#4087 = VECTOR('',#4088,1.);
#4088 = DIRECTION('',(1.,0.));
#4089 = ( GEOMETRIC_REPRESENTATION_CONTEXT(2) 
PARAMETRIC_REPRESENTATION_CONTEXT() REPRESENTATION_CONTEXT('2D SPACE',''
  ) );
#4090 = ORIENTED_EDGE('',*,*,#4091,.T.);
#4091 = EDGE_CURVE('',#4064,#3990,#4092,.T.);
#4092 = SURFACE_CURVE('',#4093,(#4097,#4104),.PCURVE_S1.);
#4093 = LINE('',#4094,#4095);
#4094 = CARTESIAN_POINT('',(202.4,-73.8,0.));
#4095 = VECTOR('',#4096,1.);
#4096 = DIRECTION('',(0.,1.,0.));
#4097 = PCURVE('',#3163,#4098);
#4098 = DEFINITIONAL_REPRESENTATION('',(#4099),#4103);
#4099 = LINE('',#4100,#4101);
#4100 = CARTESIAN_POINT('',(1.,1.2));
#4101 = VECTOR('',#4102,1.);
#4102 = DIRECTION('',(0.,-1.));
#4103 = ( GEOMETRIC_REPRESENTATION_CONTEXT(2) 
PARAMETRIC_REPRESENTATION_CONTEXT() REPRESENTATION_CONTEXT('2D SPACE',''
  ) );
#4104 = PCURVE('',#578,#4105);
#4105 = DEFINITIONAL_REPRESENTATION('',(#4106),#4110);
#4106 = LINE('',#4107,#4108);
#4107 = CARTESIAN_POINT('',(2.4,1.2));
#4108 = VECTOR('',#4109,1.);
#4109 = DIRECTION('',(0.,1.));
#4110 = ( GEOMETRIC_REPRESENTATION_CONTEXT(2) 
PARAMETRIC_REPRESENTATION_CONTEXT() REPRESENTATION_CONTEXT('2D SPACE',''
  ) );
#4111 = ORIENTED_EDGE('',*,*,#4012,.T.);
#4112 = ORIENTED_EDGE('',*,*,#3527,.F.);
#4113 = ORIENTED_EDGE('',*,*,#3503,.T.);
#4114 = ORIENTED_EDGE('',*,*,#3147,.T.);
#4115 = ORIENTED_EDGE('',*,*,#4116,.T.);
#4116 = EDGE_CURVE('',#3148,#4041,#4117,.T.);
#4117 = SURFACE_CURVE('',#4118,(#4122,#4129),.PCURVE_S1.);
#4118 = LINE('',#4119,#4120);
#4119 = CARTESIAN_POINT('',(202.4,-2.070476093299,10.5));
#4120 = VECTOR('',#4121,1.);
#4121 = DIRECTION('',(-0.,0.,1.));
#4122 = PCURVE('',#3163,#4123);
#4123 = DEFINITIONAL_REPRESENTATION('',(#4124),#4128);
#4124 = LINE('',#4125,#4126);
#4125 = CARTESIAN_POINT('',(11.5,-70.5295239067));
#4126 = VECTOR('',#4127,1.);
#4127 = DIRECTION('',(1.,0.));
#4128 = ( GEOMETRIC_REPRESENTATION_CONTEXT(2) 
PARAMETRIC_REPRESENTATION_CONTEXT() REPRESENTATION_CONTEXT('2D SPACE',''
  ) );
#4129 = PCURVE('',#3191,#4130);
#4130 = DEFINITIONAL_REPRESENTATION('',(#4131),#4135);
#4131 = LINE('',#4132,#4133);
#4132 = CARTESIAN_POINT('',(2.928095371713,11.5));
#4133 = VECTOR('',#4134,1.);
#4134 = DIRECTION('',(0.,-1.));
#4135 = ( GEOMETRIC_REPRESENTATION_CONTEXT(2) 
PARAMETRIC_REPRESENTATION_CONTEXT() REPRESENTATION_CONTEXT('2D SPACE',''
  ) );
#4136 = ADVANCED_FACE('',(#4137),#4079,.T.);
#4137 = FACE_BOUND('',#4138,.T.);
#4138 = EDGE_LOOP('',(#4139,#4162,#4163,#4186));
#4139 = ORIENTED_EDGE('',*,*,#4140,.F.);
#4140 = EDGE_CURVE('',#4064,#4141,#4143,.T.);
#4141 = VERTEX_POINT('',#4142);
#4142 = CARTESIAN_POINT('',(208.,-36.,0.));
#4143 = SURFACE_CURVE('',#4144,(#4148,#4155),.PCURVE_S1.);
#4144 = LINE('',#4145,#4146);
#4145 = CARTESIAN_POINT('',(200.,-36.,0.));
#4146 = VECTOR('',#4147,1.);
#4147 = DIRECTION('',(1.,0.,0.));
#4148 = PCURVE('',#4079,#4149);
#4149 = DEFINITIONAL_REPRESENTATION('',(#4150),#4154);
#4150 = LINE('',#4151,#4152);
#4151 = CARTESIAN_POINT('',(0.,0.));
#4152 = VECTOR('',#4153,1.);
#4153 = DIRECTION('',(0.,1.));
#4154 = ( GEOMETRIC_REPRESENTATION_CONTEXT(2) 
PARAMETRIC_REPRESENTATION_CONTEXT() REPRESENTATION_CONTEXT('2D SPACE',''
  ) );
#4155 = PCURVE('',#578,#4156);
#4156 = DEFINITIONAL_REPRESENTATION('',(#4157),#4161);
#4157 = LINE('',#4158,#4159);
#4158 = CARTESIAN_POINT('',(0.,39.));
#4159 = VECTOR('',#4160,1.);
#4160 = DIRECTION('',(1.,0.));
#4161 = ( GEOMETRIC_REPRESENTATION_CONTEXT(2) 
PARAMETRIC_REPRESENTATION_CONTEXT() REPRESENTATION_CONTEXT('2D SPACE',''
  ) );
#4162 = ORIENTED_EDGE('',*,*,#4063,.T.);
#4163 = ORIENTED_EDGE('',*,*,#4164,.F.);
#4164 = EDGE_CURVE('',#4165,#4039,#4167,.T.);
#4165 = VERTEX_POINT('',#4166);
#4166 = CARTESIAN_POINT('',(208.,-36.,28.));
#4167 = SURFACE_CURVE('',#4168,(#4172,#4179),.PCURVE_S1.);
#4168 = LINE('',#4169,#4170);
#4169 = CARTESIAN_POINT('',(201.2,-36.,28.));
#4170 = VECTOR('',#4171,1.);
#4171 = DIRECTION('',(-1.,0.,0.));
#4172 = PCURVE('',#4079,#4173);
#4173 = DEFINITIONAL_REPRESENTATION('',(#4174),#4178);
#4174 = LINE('',#4175,#4176);
#4175 = CARTESIAN_POINT('',(28.,1.2));
#4176 = VECTOR('',#4177,1.);
#4177 = DIRECTION('',(0.,-1.));
#4178 = ( GEOMETRIC_REPRESENTATION_CONTEXT(2) 
PARAMETRIC_REPRESENTATION_CONTEXT() REPRESENTATION_CONTEXT('2D SPACE',''
  ) );
#4179 = PCURVE('',#1120,#4180);
#4180 = DEFINITIONAL_REPRESENTATION('',(#4181),#4185);
#4181 = LINE('',#4182,#4183);
#4182 = CARTESIAN_POINT('',(-1.2,36.6));
#4183 = VECTOR('',#4184,1.);
#4184 = DIRECTION('',(-1.,0.));
#4185 = ( GEOMETRIC_REPRESENTATION_CONTEXT(2) 
PARAMETRIC_REPRESENTATION_CONTEXT() REPRESENTATION_CONTEXT('2D SPACE',''
  ) );
#4186 = ORIENTED_EDGE('',*,*,#4187,.F.);
#4187 = EDGE_CURVE('',#4141,#4165,#4188,.T.);
#4188 = SURFACE_CURVE('',#4189,(#4193,#4200),.PCURVE_S1.);
#4189 = LINE('',#4190,#4191);
#4190 = CARTESIAN_POINT('',(208.,-36.,0.));
#4191 = VECTOR('',#4192,1.);
#4192 = DIRECTION('',(0.,0.,1.));
#4193 = PCURVE('',#4079,#4194);
#4194 = DEFINITIONAL_REPRESENTATION('',(#4195),#4199);
#4195 = LINE('',#4196,#4197);
#4196 = CARTESIAN_POINT('',(0.,8.));
#4197 = VECTOR('',#4198,1.);
#4198 = DIRECTION('',(1.,0.));
#4199 = ( GEOMETRIC_REPRESENTATION_CONTEXT(2) 
PARAMETRIC_REPRESENTATION_CONTEXT() REPRESENTATION_CONTEXT('2D SPACE',''
  ) );
#4200 = PCURVE('',#4201,#4206);
#4201 = PLANE('',#4202);
#4202 = AXIS2_PLACEMENT_3D('',#4203,#4204,#4205);
#4203 = CARTESIAN_POINT('',(208.,-60.,0.));
#4204 = DIRECTION('',(1.,0.,0.));
#4205 = DIRECTION('',(0.,0.,1.));
#4206 = DEFINITIONAL_REPRESENTATION('',(#4207),#4211);
#4207 = LINE('',#4208,#4209);
#4208 = CARTESIAN_POINT('',(0.,-24.));
#4209 = VECTOR('',#4210,1.);
#4210 = DIRECTION('',(1.,0.));
#4211 = ( GEOMETRIC_REPRESENTATION_CONTEXT(2) 
PARAMETRIC_REPRESENTATION_CONTEXT() REPRESENTATION_CONTEXT('2D SPACE',''
  ) );
#4212 = ADVANCED_FACE('',(#4213),#4201,.T.);
#4213 = FACE_BOUND('',#4214,.T.);
#4214 = EDGE_LOOP('',(#4215,#4240,#4261,#4262));
#4215 = ORIENTED_EDGE('',*,*,#4216,.F.);
#4216 = EDGE_CURVE('',#4217,#4219,#4221,.T.);
#4217 = VERTEX_POINT('',#4218);
#4218 = CARTESIAN_POINT('',(208.,-60.,0.));
#4219 = VERTEX_POINT('',#4220);
#4220 = CARTESIAN_POINT('',(208.,-60.,28.));
#4221 = SURFACE_CURVE('',#4222,(#4226,#4233),.PCURVE_S1.);
#4222 = LINE('',#4223,#4224);
#4223 = CARTESIAN_POINT('',(208.,-60.,0.));
#4224 = VECTOR('',#4225,1.);
#4225 = DIRECTION('',(0.,0.,1.));
#4226 = PCURVE('',#4201,#4227);
#4227 = DEFINITIONAL_REPRESENTATION('',(#4228),#4232);
#4228 = LINE('',#4229,#4230);
#4229 = CARTESIAN_POINT('',(0.,0.));
#4230 = VECTOR('',#4231,1.);
#4231 = DIRECTION('',(1.,0.));
#4232 = ( GEOMETRIC_REPRESENTATION_CONTEXT(2) 
PARAMETRIC_REPRESENTATION_CONTEXT() REPRESENTATION_CONTEXT('2D SPACE',''
  ) );
#4233 = PCURVE('',#1094,#4234);
#4234 = DEFINITIONAL_REPRESENTATION('',(#4235),#4239);
#4235 = LINE('',#4236,#4237);
#4236 = CARTESIAN_POINT('',(0.,8.));
#4237 = VECTOR('',#4238,1.);
#4238 = DIRECTION('',(1.,0.));
#4239 = ( GEOMETRIC_REPRESENTATION_CONTEXT(2) 
PARAMETRIC_REPRESENTATION_CONTEXT() REPRESENTATION_CONTEXT('2D SPACE',''
  ) );
#4240 = ORIENTED_EDGE('',*,*,#4241,.T.);
#4241 = EDGE_CURVE('',#4217,#4141,#4242,.T.);
#4242 = SURFACE_CURVE('',#4243,(#4247,#4254),.PCURVE_S1.);
#4243 = LINE('',#4244,#4245);
#4244 = CARTESIAN_POINT('',(208.,-60.,0.));
#4245 = VECTOR('',#4246,1.);
#4246 = DIRECTION('',(0.,1.,0.));
#4247 = PCURVE('',#4201,#4248);
#4248 = DEFINITIONAL_REPRESENTATION('',(#4249),#4253);
#4249 = LINE('',#4250,#4251);
#4250 = CARTESIAN_POINT('',(0.,0.));
#4251 = VECTOR('',#4252,1.);
#4252 = DIRECTION('',(0.,-1.));
#4253 = ( GEOMETRIC_REPRESENTATION_CONTEXT(2) 
PARAMETRIC_REPRESENTATION_CONTEXT() REPRESENTATION_CONTEXT('2D SPACE',''
  ) );
#4254 = PCURVE('',#578,#4255);
#4255 = DEFINITIONAL_REPRESENTATION('',(#4256),#4260);
#4256 = LINE('',#4257,#4258);
#4257 = CARTESIAN_POINT('',(8.,15.));
#4258 = VECTOR('',#4259,1.);
#4259 = DIRECTION('',(0.,1.));
#4260 = ( GEOMETRIC_REPRESENTATION_CONTEXT(2) 
PARAMETRIC_REPRESENTATION_CONTEXT() REPRESENTATION_CONTEXT('2D SPACE',''
  ) );
#4261 = ORIENTED_EDGE('',*,*,#4187,.T.);
#4262 = ORIENTED_EDGE('',*,*,#4263,.F.);
#4263 = EDGE_CURVE('',#4219,#4165,#4264,.T.);
#4264 = SURFACE_CURVE('',#4265,(#4269,#4276),.PCURVE_S1.);
#4265 = LINE('',#4266,#4267);
#4266 = CARTESIAN_POINT('',(208.,-66.3,28.));
#4267 = VECTOR('',#4268,1.);
#4268 = DIRECTION('',(0.,1.,0.));
#4269 = PCURVE('',#4201,#4270);
#4270 = DEFINITIONAL_REPRESENTATION('',(#4271),#4275);
#4271 = LINE('',#4272,#4273);
#4272 = CARTESIAN_POINT('',(28.,6.3));
#4273 = VECTOR('',#4274,1.);
#4274 = DIRECTION('',(0.,-1.));
#4275 = ( GEOMETRIC_REPRESENTATION_CONTEXT(2) 
PARAMETRIC_REPRESENTATION_CONTEXT() REPRESENTATION_CONTEXT('2D SPACE',''
  ) );
#4276 = PCURVE('',#1120,#4277);
#4277 = DEFINITIONAL_REPRESENTATION('',(#4278),#4282);
#4278 = LINE('',#4279,#4280);
#4279 = CARTESIAN_POINT('',(5.6,6.3));
#4280 = VECTOR('',#4281,1.);
#4281 = DIRECTION('',(0.,1.));
#4282 = ( GEOMETRIC_REPRESENTATION_CONTEXT(2) 
PARAMETRIC_REPRESENTATION_CONTEXT() REPRESENTATION_CONTEXT('2D SPACE',''
  ) );
#4283 = ADVANCED_FACE('',(#4284),#3191,.F.);
#4284 = FACE_BOUND('',#4285,.F.);
#4285 = EDGE_LOOP('',(#4286,#4287,#4288,#4311));
#4286 = ORIENTED_EDGE('',*,*,#3175,.F.);
#4287 = ORIENTED_EDGE('',*,*,#4116,.T.);
#4288 = ORIENTED_EDGE('',*,*,#4289,.T.);
#4289 = EDGE_CURVE('',#4041,#4290,#4292,.T.);
#4290 = VERTEX_POINT('',#4291);
#4291 = CARTESIAN_POINT('',(255.,-54.67047609329,28.));
#4292 = SURFACE_CURVE('',#4293,(#4297,#4304),.PCURVE_S1.);
#4293 = LINE('',#4294,#4295);
#4294 = CARTESIAN_POINT('',(200.3295239067,9.144495953847E-15,28.));
#4295 = VECTOR('',#4296,1.);
#4296 = DIRECTION('',(0.707106781187,-0.707106781187,0.));
#4297 = PCURVE('',#3191,#4298);
#4298 = DEFINITIONAL_REPRESENTATION('',(#4299),#4303);
#4299 = LINE('',#4300,#4301);
#4300 = CARTESIAN_POINT('',(0.,-6.));
#4301 = VECTOR('',#4302,1.);
#4302 = DIRECTION('',(1.,0.));
#4303 = ( GEOMETRIC_REPRESENTATION_CONTEXT(2) 
PARAMETRIC_REPRESENTATION_CONTEXT() REPRESENTATION_CONTEXT('2D SPACE',''
  ) );
#4304 = PCURVE('',#1120,#4305);
#4305 = DEFINITIONAL_REPRESENTATION('',(#4306),#4310);
#4306 = LINE('',#4307,#4308);
#4307 = CARTESIAN_POINT('',(-2.070476093299,72.6));
#4308 = VECTOR('',#4309,1.);
#4309 = DIRECTION('',(0.707106781187,-0.707106781187));
#4310 = ( GEOMETRIC_REPRESENTATION_CONTEXT(2) 
PARAMETRIC_REPRESENTATION_CONTEXT() REPRESENTATION_CONTEXT('2D SPACE',''
  ) );
#4311 = ORIENTED_EDGE('',*,*,#4312,.T.);
#4312 = EDGE_CURVE('',#4290,#3176,#4313,.T.);
#4313 = SURFACE_CURVE('',#4314,(#4318,#4325),.PCURVE_S1.);
#4314 = LINE('',#4315,#4316);
#4315 = CARTESIAN_POINT('',(255.,-54.67047609329,21.));
#4316 = VECTOR('',#4317,1.);
#4317 = DIRECTION('',(0.,-0.,-1.));
#4318 = PCURVE('',#3191,#4319);
#4319 = DEFINITIONAL_REPRESENTATION('',(#4320),#4324);
#4320 = LINE('',#4321,#4322);
#4321 = CARTESIAN_POINT('',(77.315728752538,1.));
#4322 = VECTOR('',#4323,1.);
#4323 = DIRECTION('',(0.,1.));
#4324 = ( GEOMETRIC_REPRESENTATION_CONTEXT(2) 
PARAMETRIC_REPRESENTATION_CONTEXT() REPRESENTATION_CONTEXT('2D SPACE',''
  ) );
#4325 = PCURVE('',#3219,#4326);
#4326 = DEFINITIONAL_REPRESENTATION('',(#4327),#4331);
#4327 = LINE('',#4328,#4329);
#4328 = CARTESIAN_POINT('',(1.,-16.9295239067));
#4329 = VECTOR('',#4330,1.);
#4330 = DIRECTION('',(-1.,0.));
#4331 = ( GEOMETRIC_REPRESENTATION_CONTEXT(2) 
PARAMETRIC_REPRESENTATION_CONTEXT() REPRESENTATION_CONTEXT('2D SPACE',''
  ) );
#4332 = ADVANCED_FACE('',(#4333),#3219,.T.);
#4333 = FACE_BOUND('',#4334,.T.);
#4334 = EDGE_LOOP('',(#4335,#4358,#4359,#4360));
#4335 = ORIENTED_EDGE('',*,*,#4336,.F.);
#4336 = EDGE_CURVE('',#4290,#4337,#4339,.T.);
#4337 = VERTEX_POINT('',#4338);
#4338 = CARTESIAN_POINT('',(255.,-51.6,28.));
#4339 = SURFACE_CURVE('',#4340,(#4344,#4351),.PCURVE_S1.);
#4340 = LINE('',#4341,#4342);
#4341 = CARTESIAN_POINT('',(255.,-71.6,28.));
#4342 = VECTOR('',#4343,1.);
#4343 = DIRECTION('',(0.,1.,0.));
#4344 = PCURVE('',#3219,#4345);
#4345 = DEFINITIONAL_REPRESENTATION('',(#4346),#4350);
#4346 = LINE('',#4347,#4348);
#4347 = CARTESIAN_POINT('',(8.,0.));
#4348 = VECTOR('',#4349,1.);
#4349 = DIRECTION('',(0.,-1.));
#4350 = ( GEOMETRIC_REPRESENTATION_CONTEXT(2) 
PARAMETRIC_REPRESENTATION_CONTEXT() REPRESENTATION_CONTEXT('2D SPACE',''
  ) );
#4351 = PCURVE('',#1120,#4352);
#4352 = DEFINITIONAL_REPRESENTATION('',(#4353),#4357);
#4353 = LINE('',#4354,#4355);
#4354 = CARTESIAN_POINT('',(52.6,1.));
#4355 = VECTOR('',#4356,1.);
#4356 = DIRECTION('',(0.,1.));
#4357 = ( GEOMETRIC_REPRESENTATION_CONTEXT(2) 
PARAMETRIC_REPRESENTATION_CONTEXT() REPRESENTATION_CONTEXT('2D SPACE',''
  ) );
#4358 = ORIENTED_EDGE('',*,*,#4312,.T.);
#4359 = ORIENTED_EDGE('',*,*,#3203,.T.);
#4360 = ORIENTED_EDGE('',*,*,#4361,.T.);
#4361 = EDGE_CURVE('',#3204,#4337,#4362,.T.);
#4362 = SURFACE_CURVE('',#4363,(#4367,#4374),.PCURVE_S1.);
#4363 = LINE('',#4364,#4365);
#4364 = CARTESIAN_POINT('',(255.,-51.6,20.));
#4365 = VECTOR('',#4366,1.);
#4366 = DIRECTION('',(0.,0.,1.));
#4367 = PCURVE('',#3219,#4368);
#4368 = DEFINITIONAL_REPRESENTATION('',(#4369),#4373);
#4369 = LINE('',#4370,#4371);
#4370 = CARTESIAN_POINT('',(0.,-20.));
#4371 = VECTOR('',#4372,1.);
#4372 = DIRECTION('',(1.,0.));
#4373 = ( GEOMETRIC_REPRESENTATION_CONTEXT(2) 
PARAMETRIC_REPRESENTATION_CONTEXT() REPRESENTATION_CONTEXT('2D SPACE',''
  ) );
#4374 = PCURVE('',#3247,#4375);
#4375 = DEFINITIONAL_REPRESENTATION('',(#4376),#4380);
#4376 = LINE('',#4377,#4378);
#4377 = CARTESIAN_POINT('',(0.,0.));
#4378 = VECTOR('',#4379,1.);
#4379 = DIRECTION('',(1.,0.));
#4380 = ( GEOMETRIC_REPRESENTATION_CONTEXT(2) 
PARAMETRIC_REPRESENTATION_CONTEXT() REPRESENTATION_CONTEXT('2D SPACE',''
  ) );
#4381 = ADVANCED_FACE('',(#4382),#3247,.F.);
#4382 = FACE_BOUND('',#4383,.F.);
#4383 = EDGE_LOOP('',(#4384,#4385,#4386,#4409));
#4384 = ORIENTED_EDGE('',*,*,#3231,.T.);
#4385 = ORIENTED_EDGE('',*,*,#4361,.T.);
#4386 = ORIENTED_EDGE('',*,*,#4387,.T.);
#4387 = EDGE_CURVE('',#4337,#4388,#4390,.T.);
#4388 = VERTEX_POINT('',#4389);
#4389 = CARTESIAN_POINT('',(255.32363645639,-51.6,28.));
#4390 = SURFACE_CURVE('',#4391,(#4395,#4402),.PCURVE_S1.);
#4391 = LINE('',#4392,#4393);
#4392 = CARTESIAN_POINT('',(255.,-51.6,28.));
#4393 = VECTOR('',#4394,1.);
#4394 = DIRECTION('',(1.,0.,0.));
#4395 = PCURVE('',#3247,#4396);
#4396 = DEFINITIONAL_REPRESENTATION('',(#4397),#4401);
#4397 = LINE('',#4398,#4399);
#4398 = CARTESIAN_POINT('',(8.,0.));
#4399 = VECTOR('',#4400,1.);
#4400 = DIRECTION('',(0.,1.));
#4401 = ( GEOMETRIC_REPRESENTATION_CONTEXT(2) 
PARAMETRIC_REPRESENTATION_CONTEXT() REPRESENTATION_CONTEXT('2D SPACE',''
  ) );
#4402 = PCURVE('',#1120,#4403);
#4403 = DEFINITIONAL_REPRESENTATION('',(#4404),#4408);
#4404 = LINE('',#4405,#4406);
#4405 = CARTESIAN_POINT('',(52.6,21.));
#4406 = VECTOR('',#4407,1.);
#4407 = DIRECTION('',(1.,0.));
#4408 = ( GEOMETRIC_REPRESENTATION_CONTEXT(2) 
PARAMETRIC_REPRESENTATION_CONTEXT() REPRESENTATION_CONTEXT('2D SPACE',''
  ) );
#4409 = ORIENTED_EDGE('',*,*,#4410,.F.);
#4410 = EDGE_CURVE('',#3232,#4388,#4411,.T.);
#4411 = SURFACE_CURVE('',#4412,(#4416,#4423),.PCURVE_S1.);
#4412 = LINE('',#4413,#4414);
#4413 = CARTESIAN_POINT('',(255.32363645639,-51.6,20.5));
#4414 = VECTOR('',#4415,1.);
#4415 = DIRECTION('',(0.,-0.,1.));
#4416 = PCURVE('',#3247,#4417);
#4417 = DEFINITIONAL_REPRESENTATION('',(#4418),#4422);
#4418 = LINE('',#4419,#4420);
#4419 = CARTESIAN_POINT('',(0.5,0.323636456396));
#4420 = VECTOR('',#4421,1.);
#4421 = DIRECTION('',(1.,0.));
#4422 = ( GEOMETRIC_REPRESENTATION_CONTEXT(2) 
PARAMETRIC_REPRESENTATION_CONTEXT() REPRESENTATION_CONTEXT('2D SPACE',''
  ) );
#4423 = PCURVE('',#3275,#4424);
#4424 = DEFINITIONAL_REPRESENTATION('',(#4425),#4429);
#4425 = LINE('',#4426,#4427);
#4426 = CARTESIAN_POINT('',(72.973419818452,0.5));
#4427 = VECTOR('',#4428,1.);
#4428 = DIRECTION('',(0.,-1.));
#4429 = ( GEOMETRIC_REPRESENTATION_CONTEXT(2) 
PARAMETRIC_REPRESENTATION_CONTEXT() REPRESENTATION_CONTEXT('2D SPACE',''
  ) );
#4430 = ADVANCED_FACE('',(#4431),#3275,.T.);
#4431 = FACE_BOUND('',#4432,.T.);
#4432 = EDGE_LOOP('',(#4433,#4434,#4435,#4458));
#4433 = ORIENTED_EDGE('',*,*,#4410,.F.);
#4434 = ORIENTED_EDGE('',*,*,#3259,.T.);
#4435 = ORIENTED_EDGE('',*,*,#4436,.T.);
#4436 = EDGE_CURVE('',#3260,#4437,#4439,.T.);
#4437 = VERTEX_POINT('',#4438);
#4438 = CARTESIAN_POINT('',(203.72363645639,8.728837046854E-15,28.));
#4439 = SURFACE_CURVE('',#4440,(#4444,#4451),.PCURVE_S1.);
#4440 = LINE('',#4441,#4442);
#4441 = CARTESIAN_POINT('',(203.72363645639,8.728837046854E-15,21.));
#4442 = VECTOR('',#4443,1.);
#4443 = DIRECTION('',(0.,0.,1.));
#4444 = PCURVE('',#3275,#4445);
#4445 = DEFINITIONAL_REPRESENTATION('',(#4446),#4450);
#4446 = LINE('',#4447,#4448);
#4447 = CARTESIAN_POINT('',(0.,0.));
#4448 = VECTOR('',#4449,1.);
#4449 = DIRECTION('',(0.,-1.));
#4450 = ( GEOMETRIC_REPRESENTATION_CONTEXT(2) 
PARAMETRIC_REPRESENTATION_CONTEXT() REPRESENTATION_CONTEXT('2D SPACE',''
  ) );
#4451 = PCURVE('',#3303,#4452);
#4452 = DEFINITIONAL_REPRESENTATION('',(#4453),#4457);
#4453 = LINE('',#4454,#4455);
#4454 = CARTESIAN_POINT('',(100.8,0.));
#4455 = VECTOR('',#4456,1.);
#4456 = DIRECTION('',(0.,-1.));
#4457 = ( GEOMETRIC_REPRESENTATION_CONTEXT(2) 
PARAMETRIC_REPRESENTATION_CONTEXT() REPRESENTATION_CONTEXT('2D SPACE',''
  ) );
#4458 = ORIENTED_EDGE('',*,*,#4459,.F.);
#4459 = EDGE_CURVE('',#4388,#4437,#4460,.T.);
#4460 = SURFACE_CURVE('',#4461,(#4465,#4472),.PCURVE_S1.);
#4461 = LINE('',#4462,#4463);
#4462 = CARTESIAN_POINT('',(221.54272734229,-17.8190908859,28.));
#4463 = VECTOR('',#4464,1.);
#4464 = DIRECTION('',(-0.707106781187,0.707106781187,0.));
#4465 = PCURVE('',#3275,#4466);
#4466 = DEFINITIONAL_REPRESENTATION('',(#4467),#4471);
#4467 = LINE('',#4468,#4469);
#4468 = CARTESIAN_POINT('',(25.2,-7.));
#4469 = VECTOR('',#4470,1.);
#4470 = DIRECTION('',(-1.,-0.));
#4471 = ( GEOMETRIC_REPRESENTATION_CONTEXT(2) 
PARAMETRIC_REPRESENTATION_CONTEXT() REPRESENTATION_CONTEXT('2D SPACE',''
  ) );
#4472 = PCURVE('',#1120,#4473);
#4473 = DEFINITIONAL_REPRESENTATION('',(#4474),#4478);
#4474 = LINE('',#4475,#4476);
#4475 = CARTESIAN_POINT('',(19.142727342297,54.780909114099));
#4476 = VECTOR('',#4477,1.);
#4477 = DIRECTION('',(-0.707106781187,0.707106781187));
#4478 = ( GEOMETRIC_REPRESENTATION_CONTEXT(2) 
PARAMETRIC_REPRESENTATION_CONTEXT() REPRESENTATION_CONTEXT('2D SPACE',''
  ) );
#4479 = ADVANCED_FACE('',(#4480),#3303,.T.);
#4480 = FACE_BOUND('',#4481,.T.);
#4481 = EDGE_LOOP('',(#4482,#4483,#4506,#4527));
#4482 = ORIENTED_EDGE('',*,*,#3287,.T.);
#4483 = ORIENTED_EDGE('',*,*,#4484,.T.);
#4484 = EDGE_CURVE('',#3288,#4485,#4487,.T.);
#4485 = VERTEX_POINT('',#4486);
#4486 = CARTESIAN_POINT('',(275.,71.276363543604,28.));
#4487 = SURFACE_CURVE('',#4488,(#4492,#4499),.PCURVE_S1.);
#4488 = LINE('',#4489,#4490);
#4489 = CARTESIAN_POINT('',(275.,71.276363543604,21.));
#4490 = VECTOR('',#4491,1.);
#4491 = DIRECTION('',(0.,0.,1.));
#4492 = PCURVE('',#3303,#4493);
#4493 = DEFINITIONAL_REPRESENTATION('',(#4494),#4498);
#4494 = LINE('',#4495,#4496);
#4495 = CARTESIAN_POINT('',(0.,0.));
#4496 = VECTOR('',#4497,1.);
#4497 = DIRECTION('',(0.,-1.));
#4498 = ( GEOMETRIC_REPRESENTATION_CONTEXT(2) 
PARAMETRIC_REPRESENTATION_CONTEXT() REPRESENTATION_CONTEXT('2D SPACE',''
  ) );
#4499 = PCURVE('',#3331,#4500);
#4500 = DEFINITIONAL_REPRESENTATION('',(#4501),#4505);
#4501 = LINE('',#4502,#4503);
#4502 = CARTESIAN_POINT('',(100.8,0.));
#4503 = VECTOR('',#4504,1.);
#4504 = DIRECTION('',(0.,-1.));
#4505 = ( GEOMETRIC_REPRESENTATION_CONTEXT(2) 
PARAMETRIC_REPRESENTATION_CONTEXT() REPRESENTATION_CONTEXT('2D SPACE',''
  ) );
#4506 = ORIENTED_EDGE('',*,*,#4507,.F.);
#4507 = EDGE_CURVE('',#4437,#4485,#4508,.T.);
#4508 = SURFACE_CURVE('',#4509,(#4513,#4520),.PCURVE_S1.);
#4509 = LINE('',#4510,#4511);
#4510 = CARTESIAN_POINT('',(257.18090911409,53.457272657703,28.));
#4511 = VECTOR('',#4512,1.);
#4512 = DIRECTION('',(0.707106781187,0.707106781187,-0.));
#4513 = PCURVE('',#3303,#4514);
#4514 = DEFINITIONAL_REPRESENTATION('',(#4515),#4519);
#4515 = LINE('',#4516,#4517);
#4516 = CARTESIAN_POINT('',(25.2,-7.));
#4517 = VECTOR('',#4518,1.);
#4518 = DIRECTION('',(-1.,0.));
#4519 = ( GEOMETRIC_REPRESENTATION_CONTEXT(2) 
PARAMETRIC_REPRESENTATION_CONTEXT() REPRESENTATION_CONTEXT('2D SPACE',''
  ) );
#4520 = PCURVE('',#1120,#4521);
#4521 = DEFINITIONAL_REPRESENTATION('',(#4522),#4526);
#4522 = LINE('',#4523,#4524);
#4523 = CARTESIAN_POINT('',(54.780909114099,126.0572726577));
#4524 = VECTOR('',#4525,1.);
#4525 = DIRECTION('',(0.707106781187,0.707106781187));
#4526 = ( GEOMETRIC_REPRESENTATION_CONTEXT(2) 
PARAMETRIC_REPRESENTATION_CONTEXT() REPRESENTATION_CONTEXT('2D SPACE',''
  ) );
#4527 = ORIENTED_EDGE('',*,*,#4436,.F.);
#4528 = ADVANCED_FACE('',(#4529),#3331,.T.);
#4529 = FACE_BOUND('',#4530,.T.);
#4530 = EDGE_LOOP('',(#4531,#4532,#4555,#4576));
#4531 = ORIENTED_EDGE('',*,*,#3315,.T.);
#4532 = ORIENTED_EDGE('',*,*,#4533,.T.);
#4533 = EDGE_CURVE('',#3316,#4534,#4536,.T.);
#4534 = VERTEX_POINT('',#4535);
#4535 = CARTESIAN_POINT('',(346.2763635436,0.,28.));
#4536 = SURFACE_CURVE('',#4537,(#4541,#4548),.PCURVE_S1.);
#4537 = LINE('',#4538,#4539);
#4538 = CARTESIAN_POINT('',(346.2763635436,0.,21.));
#4539 = VECTOR('',#4540,1.);
#4540 = DIRECTION('',(0.,0.,1.));
#4541 = PCURVE('',#3331,#4542);
#4542 = DEFINITIONAL_REPRESENTATION('',(#4543),#4547);
#4543 = LINE('',#4544,#4545);
#4544 = CARTESIAN_POINT('',(0.,0.));
#4545 = VECTOR('',#4546,1.);
#4546 = DIRECTION('',(0.,-1.));
#4547 = ( GEOMETRIC_REPRESENTATION_CONTEXT(2) 
PARAMETRIC_REPRESENTATION_CONTEXT() REPRESENTATION_CONTEXT('2D SPACE',''
  ) );
#4548 = PCURVE('',#3359,#4549);
#4549 = DEFINITIONAL_REPRESENTATION('',(#4550),#4554);
#4550 = LINE('',#4551,#4552);
#4551 = CARTESIAN_POINT('',(100.8,0.));
#4552 = VECTOR('',#4553,1.);
#4553 = DIRECTION('',(0.,-1.));
#4554 = ( GEOMETRIC_REPRESENTATION_CONTEXT(2) 
PARAMETRIC_REPRESENTATION_CONTEXT() REPRESENTATION_CONTEXT('2D SPACE',''
  ) );
#4555 = ORIENTED_EDGE('',*,*,#4556,.F.);
#4556 = EDGE_CURVE('',#4485,#4534,#4557,.T.);
#4557 = SURFACE_CURVE('',#4558,(#4562,#4569),.PCURVE_S1.);
#4558 = LINE('',#4559,#4560);
#4559 = CARTESIAN_POINT('',(328.4572726577,17.819090885901,28.));
#4560 = VECTOR('',#4561,1.);
#4561 = DIRECTION('',(0.707106781187,-0.707106781187,0.));
#4562 = PCURVE('',#3331,#4563);
#4563 = DEFINITIONAL_REPRESENTATION('',(#4564),#4568);
#4564 = LINE('',#4565,#4566);
#4565 = CARTESIAN_POINT('',(25.2,-7.));
#4566 = VECTOR('',#4567,1.);
#4567 = DIRECTION('',(-1.,-0.));
#4568 = ( GEOMETRIC_REPRESENTATION_CONTEXT(2) 
PARAMETRIC_REPRESENTATION_CONTEXT() REPRESENTATION_CONTEXT('2D SPACE',''
  ) );
#4569 = PCURVE('',#1120,#4570);
#4570 = DEFINITIONAL_REPRESENTATION('',(#4571),#4575);
#4571 = LINE('',#4572,#4573);
#4572 = CARTESIAN_POINT('',(126.0572726577,90.419090885901));
#4573 = VECTOR('',#4574,1.);
#4574 = DIRECTION('',(0.707106781187,-0.707106781187));
#4575 = ( GEOMETRIC_REPRESENTATION_CONTEXT(2) 
PARAMETRIC_REPRESENTATION_CONTEXT() REPRESENTATION_CONTEXT('2D SPACE',''
  ) );
#4576 = ORIENTED_EDGE('',*,*,#4484,.F.);
#4577 = ADVANCED_FACE('',(#4578),#3359,.T.);
#4578 = FACE_BOUND('',#4579,.T.);
#4579 = EDGE_LOOP('',(#4580,#4581,#4582,#4605));
#4580 = ORIENTED_EDGE('',*,*,#4533,.F.);
#4581 = ORIENTED_EDGE('',*,*,#3343,.T.);
#4582 = ORIENTED_EDGE('',*,*,#4583,.F.);
#4583 = EDGE_CURVE('',#4584,#3344,#4586,.T.);
#4584 = VERTEX_POINT('',#4585);
#4585 = CARTESIAN_POINT('',(294.6763635436,-51.6,28.));
#4586 = SURFACE_CURVE('',#4587,(#4591,#4598),.PCURVE_S1.);
#4587 = LINE('',#4588,#4589);
#4588 = CARTESIAN_POINT('',(294.6763635436,-51.6,20.5));
#4589 = VECTOR('',#4590,1.);
#4590 = DIRECTION('',(0.,0.,-1.));
#4591 = PCURVE('',#3359,#4592);
#4592 = DEFINITIONAL_REPRESENTATION('',(#4593),#4597);
#4593 = LINE('',#4594,#4595);
#4594 = CARTESIAN_POINT('',(27.826580181548,0.5));
#4595 = VECTOR('',#4596,1.);
#4596 = DIRECTION('',(0.,1.));
#4597 = ( GEOMETRIC_REPRESENTATION_CONTEXT(2) 
PARAMETRIC_REPRESENTATION_CONTEXT() REPRESENTATION_CONTEXT('2D SPACE',''
  ) );
#4598 = PCURVE('',#3387,#4599);
#4599 = DEFINITIONAL_REPRESENTATION('',(#4600),#4604);
#4600 = LINE('',#4601,#4602);
#4601 = CARTESIAN_POINT('',(0.5,39.676363543604));
#4602 = VECTOR('',#4603,1.);
#4603 = DIRECTION('',(-1.,0.));
#4604 = ( GEOMETRIC_REPRESENTATION_CONTEXT(2) 
PARAMETRIC_REPRESENTATION_CONTEXT() REPRESENTATION_CONTEXT('2D SPACE',''
  ) );
#4605 = ORIENTED_EDGE('',*,*,#4606,.F.);
#4606 = EDGE_CURVE('',#4534,#4584,#4607,.T.);
#4607 = SURFACE_CURVE('',#4608,(#4612,#4619),.PCURVE_S1.);
#4608 = LINE('',#4609,#4610);
#4609 = CARTESIAN_POINT('',(292.8190908859,-53.4572726577,28.));
#4610 = VECTOR('',#4611,1.);
#4611 = DIRECTION('',(-0.707106781187,-0.707106781187,0.));
#4612 = PCURVE('',#3359,#4613);
#4613 = DEFINITIONAL_REPRESENTATION('',(#4614),#4618);
#4614 = LINE('',#4615,#4616);
#4615 = CARTESIAN_POINT('',(25.2,-7.));
#4616 = VECTOR('',#4617,1.);
#4617 = DIRECTION('',(-1.,-0.));
#4618 = ( GEOMETRIC_REPRESENTATION_CONTEXT(2) 
PARAMETRIC_REPRESENTATION_CONTEXT() REPRESENTATION_CONTEXT('2D SPACE',''
  ) );
#4619 = PCURVE('',#1120,#4620);
#4620 = DEFINITIONAL_REPRESENTATION('',(#4621),#4625);
#4621 = LINE('',#4622,#4623);
#4622 = CARTESIAN_POINT('',(90.419090885901,19.142727342297));
#4623 = VECTOR('',#4624,1.);
#4624 = DIRECTION('',(-0.707106781187,-0.707106781187));
#4625 = ( GEOMETRIC_REPRESENTATION_CONTEXT(2) 
PARAMETRIC_REPRESENTATION_CONTEXT() REPRESENTATION_CONTEXT('2D SPACE',''
  ) );
#4626 = ADVANCED_FACE('',(#4627),#3387,.F.);
#4627 = FACE_BOUND('',#4628,.F.);
#4628 = EDGE_LOOP('',(#4629,#4652,#4653,#4654));
#4629 = ORIENTED_EDGE('',*,*,#4630,.F.);
#4630 = EDGE_CURVE('',#3372,#4631,#4633,.T.);
#4631 = VERTEX_POINT('',#4632);
#4632 = CARTESIAN_POINT('',(295.,-51.6,28.));
#4633 = SURFACE_CURVE('',#4634,(#4638,#4645),.PCURVE_S1.);
#4634 = LINE('',#4635,#4636);
#4635 = CARTESIAN_POINT('',(295.,-51.6,20.));
#4636 = VECTOR('',#4637,1.);
#4637 = DIRECTION('',(0.,0.,1.));
#4638 = PCURVE('',#3387,#4639);
#4639 = DEFINITIONAL_REPRESENTATION('',(#4640),#4644);
#4640 = LINE('',#4641,#4642);
#4641 = CARTESIAN_POINT('',(0.,40.));
#4642 = VECTOR('',#4643,1.);
#4643 = DIRECTION('',(1.,0.));
#4644 = ( GEOMETRIC_REPRESENTATION_CONTEXT(2) 
PARAMETRIC_REPRESENTATION_CONTEXT() REPRESENTATION_CONTEXT('2D SPACE',''
  ) );
#4645 = PCURVE('',#3415,#4646);
#4646 = DEFINITIONAL_REPRESENTATION('',(#4647),#4651);
#4647 = LINE('',#4648,#4649);
#4648 = CARTESIAN_POINT('',(0.,-20.));
#4649 = VECTOR('',#4650,1.);
#4650 = DIRECTION('',(1.,0.));
#4651 = ( GEOMETRIC_REPRESENTATION_CONTEXT(2) 
PARAMETRIC_REPRESENTATION_CONTEXT() REPRESENTATION_CONTEXT('2D SPACE',''
  ) );
#4652 = ORIENTED_EDGE('',*,*,#3371,.T.);
#4653 = ORIENTED_EDGE('',*,*,#4583,.F.);
#4654 = ORIENTED_EDGE('',*,*,#4655,.T.);
#4655 = EDGE_CURVE('',#4584,#4631,#4656,.T.);
#4656 = SURFACE_CURVE('',#4657,(#4661,#4668),.PCURVE_S1.);
#4657 = LINE('',#4658,#4659);
#4658 = CARTESIAN_POINT('',(255.,-51.6,28.));
#4659 = VECTOR('',#4660,1.);
#4660 = DIRECTION('',(1.,0.,0.));
#4661 = PCURVE('',#3387,#4662);
#4662 = DEFINITIONAL_REPRESENTATION('',(#4663),#4667);
#4663 = LINE('',#4664,#4665);
#4664 = CARTESIAN_POINT('',(8.,0.));
#4665 = VECTOR('',#4666,1.);
#4666 = DIRECTION('',(0.,1.));
#4667 = ( GEOMETRIC_REPRESENTATION_CONTEXT(2) 
PARAMETRIC_REPRESENTATION_CONTEXT() REPRESENTATION_CONTEXT('2D SPACE',''
  ) );
#4668 = PCURVE('',#1120,#4669);
#4669 = DEFINITIONAL_REPRESENTATION('',(#4670),#4674);
#4670 = LINE('',#4671,#4672);
#4671 = CARTESIAN_POINT('',(52.6,21.));
#4672 = VECTOR('',#4673,1.);
#4673 = DIRECTION('',(1.,0.));
#4674 = ( GEOMETRIC_REPRESENTATION_CONTEXT(2) 
PARAMETRIC_REPRESENTATION_CONTEXT() REPRESENTATION_CONTEXT('2D SPACE',''
  ) );
#4675 = ADVANCED_FACE('',(#4676),#3415,.F.);
#4676 = FACE_BOUND('',#4677,.F.);
#4677 = EDGE_LOOP('',(#4678,#4701,#4722,#4723));
#4678 = ORIENTED_EDGE('',*,*,#4679,.F.);
#4679 = EDGE_CURVE('',#4680,#4631,#4682,.T.);
#4680 = VERTEX_POINT('',#4681);
#4681 = CARTESIAN_POINT('',(295.,-54.67047609329,28.));
#4682 = SURFACE_CURVE('',#4683,(#4687,#4694),.PCURVE_S1.);
#4683 = LINE('',#4684,#4685);
#4684 = CARTESIAN_POINT('',(295.,-71.6,28.));
#4685 = VECTOR('',#4686,1.);
#4686 = DIRECTION('',(0.,1.,0.));
#4687 = PCURVE('',#3415,#4688);
#4688 = DEFINITIONAL_REPRESENTATION('',(#4689),#4693);
#4689 = LINE('',#4690,#4691);
#4690 = CARTESIAN_POINT('',(8.,0.));
#4691 = VECTOR('',#4692,1.);
#4692 = DIRECTION('',(0.,-1.));
#4693 = ( GEOMETRIC_REPRESENTATION_CONTEXT(2) 
PARAMETRIC_REPRESENTATION_CONTEXT() REPRESENTATION_CONTEXT('2D SPACE',''
  ) );
#4694 = PCURVE('',#1120,#4695);
#4695 = DEFINITIONAL_REPRESENTATION('',(#4696),#4700);
#4696 = LINE('',#4697,#4698);
#4697 = CARTESIAN_POINT('',(92.6,1.));
#4698 = VECTOR('',#4699,1.);
#4699 = DIRECTION('',(0.,1.));
#4700 = ( GEOMETRIC_REPRESENTATION_CONTEXT(2) 
PARAMETRIC_REPRESENTATION_CONTEXT() REPRESENTATION_CONTEXT('2D SPACE',''
  ) );
#4701 = ORIENTED_EDGE('',*,*,#4702,.T.);
#4702 = EDGE_CURVE('',#4680,#3400,#4703,.T.);
#4703 = SURFACE_CURVE('',#4704,(#4708,#4715),.PCURVE_S1.);
#4704 = LINE('',#4705,#4706);
#4705 = CARTESIAN_POINT('',(295.,-54.67047609329,21.));
#4706 = VECTOR('',#4707,1.);
#4707 = DIRECTION('',(0.,0.,-1.));
#4708 = PCURVE('',#3415,#4709);
#4709 = DEFINITIONAL_REPRESENTATION('',(#4710),#4714);
#4710 = LINE('',#4711,#4712);
#4711 = CARTESIAN_POINT('',(1.,-16.9295239067));
#4712 = VECTOR('',#4713,1.);
#4713 = DIRECTION('',(-1.,0.));
#4714 = ( GEOMETRIC_REPRESENTATION_CONTEXT(2) 
PARAMETRIC_REPRESENTATION_CONTEXT() REPRESENTATION_CONTEXT('2D SPACE',''
  ) );
#4715 = PCURVE('',#2774,#4716);
#4716 = DEFINITIONAL_REPRESENTATION('',(#4717),#4721);
#4717 = LINE('',#4718,#4719);
#4718 = CARTESIAN_POINT('',(28.284271247462,1.));
#4719 = VECTOR('',#4720,1.);
#4720 = DIRECTION('',(0.,1.));
#4721 = ( GEOMETRIC_REPRESENTATION_CONTEXT(2) 
PARAMETRIC_REPRESENTATION_CONTEXT() REPRESENTATION_CONTEXT('2D SPACE',''
  ) );
#4722 = ORIENTED_EDGE('',*,*,#3399,.T.);
#4723 = ORIENTED_EDGE('',*,*,#4630,.T.);
#4724 = ADVANCED_FACE('',(#4725),#2774,.F.);
#4725 = FACE_BOUND('',#4726,.F.);
#4726 = EDGE_LOOP('',(#4727,#4728,#4729,#4750));
#4727 = ORIENTED_EDGE('',*,*,#3427,.F.);
#4728 = ORIENTED_EDGE('',*,*,#4702,.F.);
#4729 = ORIENTED_EDGE('',*,*,#4730,.T.);
#4730 = EDGE_CURVE('',#4680,#2759,#4731,.T.);
#4731 = SURFACE_CURVE('',#4732,(#4736,#4743),.PCURVE_S1.);
#4732 = LINE('',#4733,#4734);
#4733 = CARTESIAN_POINT('',(275.,-74.67047609329,28.));
#4734 = VECTOR('',#4735,1.);
#4735 = DIRECTION('',(0.707106781187,0.707106781187,0.));
#4736 = PCURVE('',#2774,#4737);
#4737 = DEFINITIONAL_REPRESENTATION('',(#4738),#4742);
#4738 = LINE('',#4739,#4740);
#4739 = CARTESIAN_POINT('',(0.,-6.));
#4740 = VECTOR('',#4741,1.);
#4741 = DIRECTION('',(1.,0.));
#4742 = ( GEOMETRIC_REPRESENTATION_CONTEXT(2) 
PARAMETRIC_REPRESENTATION_CONTEXT() REPRESENTATION_CONTEXT('2D SPACE',''
  ) );
#4743 = PCURVE('',#1120,#4744);
#4744 = DEFINITIONAL_REPRESENTATION('',(#4745),#4749);
#4745 = LINE('',#4746,#4747);
#4746 = CARTESIAN_POINT('',(72.6,-2.070476093299));
#4747 = VECTOR('',#4748,1.);
#4748 = DIRECTION('',(0.707106781187,0.707106781187));
#4749 = ( GEOMETRIC_REPRESENTATION_CONTEXT(2) 
PARAMETRIC_REPRESENTATION_CONTEXT() REPRESENTATION_CONTEXT('2D SPACE',''
  ) );
#4750 = ORIENTED_EDGE('',*,*,#2758,.F.);
#4751 = ADVANCED_FACE('',(#4752),#1608,.F.);
#4752 = FACE_BOUND('',#4753,.F.);
#4753 = EDGE_LOOP('',(#4754,#4777,#4798,#4799));
#4754 = ORIENTED_EDGE('',*,*,#4755,.F.);
#4755 = EDGE_CURVE('',#4756,#2559,#4758,.T.);
#4756 = VERTEX_POINT('',#4757);
#4757 = CARTESIAN_POINT('',(331.2,-63.2,0.));
#4758 = SURFACE_CURVE('',#4759,(#4763,#4770),.PCURVE_S1.);
#4759 = LINE('',#4760,#4761);
#4760 = CARTESIAN_POINT('',(202.4,-63.2,0.));
#4761 = VECTOR('',#4762,1.);
#4762 = DIRECTION('',(1.,0.,0.));
#4763 = PCURVE('',#1608,#4764);
#4764 = DEFINITIONAL_REPRESENTATION('',(#4765),#4769);
#4765 = LINE('',#4766,#4767);
#4766 = CARTESIAN_POINT('',(0.,0.));
#4767 = VECTOR('',#4768,1.);
#4768 = DIRECTION('',(0.,1.));
#4769 = ( GEOMETRIC_REPRESENTATION_CONTEXT(2) 
PARAMETRIC_REPRESENTATION_CONTEXT() REPRESENTATION_CONTEXT('2D SPACE',''
  ) );
#4770 = PCURVE('',#578,#4771);
#4771 = DEFINITIONAL_REPRESENTATION('',(#4772),#4776);
#4772 = LINE('',#4773,#4774);
#4773 = CARTESIAN_POINT('',(2.4,11.8));
#4774 = VECTOR('',#4775,1.);
#4775 = DIRECTION('',(1.,0.));
#4776 = ( GEOMETRIC_REPRESENTATION_CONTEXT(2) 
PARAMETRIC_REPRESENTATION_CONTEXT() REPRESENTATION_CONTEXT('2D SPACE',''
  ) );
#4777 = ORIENTED_EDGE('',*,*,#4778,.F.);
#4778 = EDGE_CURVE('',#1565,#4756,#4779,.T.);
#4779 = SURFACE_CURVE('',#4780,(#4784,#4791),.PCURVE_S1.);
#4780 = LINE('',#4781,#4782);
#4781 = CARTESIAN_POINT('',(331.2,-63.2,0.));
#4782 = VECTOR('',#4783,1.);
#4783 = DIRECTION('',(0.,0.,-1.));
#4784 = PCURVE('',#1608,#4785);
#4785 = DEFINITIONAL_REPRESENTATION('',(#4786),#4790);
#4786 = LINE('',#4787,#4788);
#4787 = CARTESIAN_POINT('',(0.,128.8));
#4788 = VECTOR('',#4789,1.);
#4789 = DIRECTION('',(-1.,0.));
#4790 = ( GEOMETRIC_REPRESENTATION_CONTEXT(2) 
PARAMETRIC_REPRESENTATION_CONTEXT() REPRESENTATION_CONTEXT('2D SPACE',''
  ) );
#4791 = PCURVE('',#1580,#4792);
#4792 = DEFINITIONAL_REPRESENTATION('',(#4793),#4797);
#4793 = LINE('',#4794,#4795);
#4794 = CARTESIAN_POINT('',(0.,-9.4));
#4795 = VECTOR('',#4796,1.);
#4796 = DIRECTION('',(-1.,0.));
#4797 = ( GEOMETRIC_REPRESENTATION_CONTEXT(2) 
PARAMETRIC_REPRESENTATION_CONTEXT() REPRESENTATION_CONTEXT('2D SPACE',''
  ) );
#4798 = ORIENTED_EDGE('',*,*,#1592,.T.);
#4799 = ORIENTED_EDGE('',*,*,#2581,.F.);
#4800 = ADVANCED_FACE('',(#4801),#1580,.T.);
#4801 = FACE_BOUND('',#4802,.T.);
#4802 = EDGE_LOOP('',(#4803,#4804,#4827,#4848));
#4803 = ORIENTED_EDGE('',*,*,#1564,.F.);
#4804 = ORIENTED_EDGE('',*,*,#4805,.F.);
#4805 = EDGE_CURVE('',#4806,#1542,#4808,.T.);
#4806 = VERTEX_POINT('',#4807);
#4807 = CARTESIAN_POINT('',(331.2,-72.6,0.));
#4808 = SURFACE_CURVE('',#4809,(#4813,#4820),.PCURVE_S1.);
#4809 = LINE('',#4810,#4811);
#4810 = CARTESIAN_POINT('',(331.2,-72.6,0.));
#4811 = VECTOR('',#4812,1.);
#4812 = DIRECTION('',(0.,0.,1.));
#4813 = PCURVE('',#1580,#4814);
#4814 = DEFINITIONAL_REPRESENTATION('',(#4815),#4819);
#4815 = LINE('',#4816,#4817);
#4816 = CARTESIAN_POINT('',(0.,0.));
#4817 = VECTOR('',#4818,1.);
#4818 = DIRECTION('',(1.,0.));
#4819 = ( GEOMETRIC_REPRESENTATION_CONTEXT(2) 
PARAMETRIC_REPRESENTATION_CONTEXT() REPRESENTATION_CONTEXT('2D SPACE',''
  ) );
#4820 = PCURVE('',#919,#4821);
#4821 = DEFINITIONAL_REPRESENTATION('',(#4822),#4826);
#4822 = LINE('',#4823,#4824);
#4823 = CARTESIAN_POINT('',(1.,128.8));
#4824 = VECTOR('',#4825,1.);
#4825 = DIRECTION('',(1.,0.));
#4826 = ( GEOMETRIC_REPRESENTATION_CONTEXT(2) 
PARAMETRIC_REPRESENTATION_CONTEXT() REPRESENTATION_CONTEXT('2D SPACE',''
  ) );
#4827 = ORIENTED_EDGE('',*,*,#4828,.T.);
#4828 = EDGE_CURVE('',#4806,#4756,#4829,.T.);
#4829 = SURFACE_CURVE('',#4830,(#4834,#4841),.PCURVE_S1.);
#4830 = LINE('',#4831,#4832);
#4831 = CARTESIAN_POINT('',(331.2,-72.6,0.));
#4832 = VECTOR('',#4833,1.);
#4833 = DIRECTION('',(0.,1.,0.));
#4834 = PCURVE('',#1580,#4835);
#4835 = DEFINITIONAL_REPRESENTATION('',(#4836),#4840);
#4836 = LINE('',#4837,#4838);
#4837 = CARTESIAN_POINT('',(0.,0.));
#4838 = VECTOR('',#4839,1.);
#4839 = DIRECTION('',(0.,-1.));
#4840 = ( GEOMETRIC_REPRESENTATION_CONTEXT(2) 
PARAMETRIC_REPRESENTATION_CONTEXT() REPRESENTATION_CONTEXT('2D SPACE',''
  ) );
#4841 = PCURVE('',#578,#4842);
#4842 = DEFINITIONAL_REPRESENTATION('',(#4843),#4847);
#4843 = LINE('',#4844,#4845);
#4844 = CARTESIAN_POINT('',(131.2,2.4));
#4845 = VECTOR('',#4846,1.);
#4846 = DIRECTION('',(0.,1.));
#4847 = ( GEOMETRIC_REPRESENTATION_CONTEXT(2) 
PARAMETRIC_REPRESENTATION_CONTEXT() REPRESENTATION_CONTEXT('2D SPACE',''
  ) );
#4848 = ORIENTED_EDGE('',*,*,#4778,.F.);
#4849 = ADVANCED_FACE('',(#4850),#1529,.F.);
#4850 = FACE_BOUND('',#4851,.F.);
#4851 = EDGE_LOOP('',(#4852,#4853,#4876,#4899));
#4852 = ORIENTED_EDGE('',*,*,#1513,.F.);
#4853 = ORIENTED_EDGE('',*,*,#4854,.F.);
#4854 = EDGE_CURVE('',#4855,#1514,#4857,.T.);
#4855 = VERTEX_POINT('',#4856);
#4856 = CARTESIAN_POINT('',(328.8,-72.6,0.));
#4857 = SURFACE_CURVE('',#4858,(#4862,#4869),.PCURVE_S1.);
#4858 = LINE('',#4859,#4860);
#4859 = CARTESIAN_POINT('',(328.8,-72.6,0.));
#4860 = VECTOR('',#4861,1.);
#4861 = DIRECTION('',(0.,0.,1.));
#4862 = PCURVE('',#1529,#4863);
#4863 = DEFINITIONAL_REPRESENTATION('',(#4864),#4868);
#4864 = LINE('',#4865,#4866);
#4865 = CARTESIAN_POINT('',(0.,0.));
#4866 = VECTOR('',#4867,1.);
#4867 = DIRECTION('',(1.,0.));
#4868 = ( GEOMETRIC_REPRESENTATION_CONTEXT(2) 
PARAMETRIC_REPRESENTATION_CONTEXT() REPRESENTATION_CONTEXT('2D SPACE',''
  ) );
#4869 = PCURVE('',#919,#4870);
#4870 = DEFINITIONAL_REPRESENTATION('',(#4871),#4875);
#4871 = LINE('',#4872,#4873);
#4872 = CARTESIAN_POINT('',(1.,126.4));
#4873 = VECTOR('',#4874,1.);
#4874 = DIRECTION('',(1.,0.));
#4875 = ( GEOMETRIC_REPRESENTATION_CONTEXT(2) 
PARAMETRIC_REPRESENTATION_CONTEXT() REPRESENTATION_CONTEXT('2D SPACE',''
  ) );
#4876 = ORIENTED_EDGE('',*,*,#4877,.T.);
#4877 = EDGE_CURVE('',#4855,#4878,#4880,.T.);
#4878 = VERTEX_POINT('',#4879);
#4879 = CARTESIAN_POINT('',(328.8,-63.2,0.));
#4880 = SURFACE_CURVE('',#4881,(#4885,#4892),.PCURVE_S1.);
#4881 = LINE('',#4882,#4883);
#4882 = CARTESIAN_POINT('',(328.8,-72.6,0.));
#4883 = VECTOR('',#4884,1.);
#4884 = DIRECTION('',(0.,1.,0.));
#4885 = PCURVE('',#1529,#4886);
#4886 = DEFINITIONAL_REPRESENTATION('',(#4887),#4891);
#4887 = LINE('',#4888,#4889);
#4888 = CARTESIAN_POINT('',(0.,0.));
#4889 = VECTOR('',#4890,1.);
#4890 = DIRECTION('',(0.,-1.));
#4891 = ( GEOMETRIC_REPRESENTATION_CONTEXT(2) 
PARAMETRIC_REPRESENTATION_CONTEXT() REPRESENTATION_CONTEXT('2D SPACE',''
  ) );
#4892 = PCURVE('',#578,#4893);
#4893 = DEFINITIONAL_REPRESENTATION('',(#4894),#4898);
#4894 = LINE('',#4895,#4896);
#4895 = CARTESIAN_POINT('',(128.8,2.4));
#4896 = VECTOR('',#4897,1.);
#4897 = DIRECTION('',(0.,1.));
#4898 = ( GEOMETRIC_REPRESENTATION_CONTEXT(2) 
PARAMETRIC_REPRESENTATION_CONTEXT() REPRESENTATION_CONTEXT('2D SPACE',''
  ) );
#4899 = ORIENTED_EDGE('',*,*,#4900,.F.);
#4900 = EDGE_CURVE('',#1486,#4878,#4901,.T.);
#4901 = SURFACE_CURVE('',#4902,(#4906,#4913),.PCURVE_S1.);
#4902 = LINE('',#4903,#4904);
#4903 = CARTESIAN_POINT('',(328.8,-63.2,0.));
#4904 = VECTOR('',#4905,1.);
#4905 = DIRECTION('',(0.,0.,-1.));
#4906 = PCURVE('',#1529,#4907);
#4907 = DEFINITIONAL_REPRESENTATION('',(#4908),#4912);
#4908 = LINE('',#4909,#4910);
#4909 = CARTESIAN_POINT('',(0.,-9.4));
#4910 = VECTOR('',#4911,1.);
#4911 = DIRECTION('',(-1.,0.));
#4912 = ( GEOMETRIC_REPRESENTATION_CONTEXT(2) 
PARAMETRIC_REPRESENTATION_CONTEXT() REPRESENTATION_CONTEXT('2D SPACE',''
  ) );
#4913 = PCURVE('',#1501,#4914);
#4914 = DEFINITIONAL_REPRESENTATION('',(#4915),#4919);
#4915 = LINE('',#4916,#4917);
#4916 = CARTESIAN_POINT('',(0.,126.4));
#4917 = VECTOR('',#4918,1.);
#4918 = DIRECTION('',(-1.,0.));
#4919 = ( GEOMETRIC_REPRESENTATION_CONTEXT(2) 
PARAMETRIC_REPRESENTATION_CONTEXT() REPRESENTATION_CONTEXT('2D SPACE',''
  ) );
#4920 = ADVANCED_FACE('',(#4921),#1501,.F.);
#4921 = FACE_BOUND('',#4922,.F.);
#4922 = EDGE_LOOP('',(#4923,#4946,#4967,#4968));
#4923 = ORIENTED_EDGE('',*,*,#4924,.F.);
#4924 = EDGE_CURVE('',#4925,#4878,#4927,.T.);
#4925 = VERTEX_POINT('',#4926);
#4926 = CARTESIAN_POINT('',(221.2,-63.2,0.));
#4927 = SURFACE_CURVE('',#4928,(#4932,#4939),.PCURVE_S1.);
#4928 = LINE('',#4929,#4930);
#4929 = CARTESIAN_POINT('',(202.4,-63.2,0.));
#4930 = VECTOR('',#4931,1.);
#4931 = DIRECTION('',(1.,0.,0.));
#4932 = PCURVE('',#1501,#4933);
#4933 = DEFINITIONAL_REPRESENTATION('',(#4934),#4938);
#4934 = LINE('',#4935,#4936);
#4935 = CARTESIAN_POINT('',(0.,0.));
#4936 = VECTOR('',#4937,1.);
#4937 = DIRECTION('',(0.,1.));
#4938 = ( GEOMETRIC_REPRESENTATION_CONTEXT(2) 
PARAMETRIC_REPRESENTATION_CONTEXT() REPRESENTATION_CONTEXT('2D SPACE',''
  ) );
#4939 = PCURVE('',#578,#4940);
#4940 = DEFINITIONAL_REPRESENTATION('',(#4941),#4945);
#4941 = LINE('',#4942,#4943);
#4942 = CARTESIAN_POINT('',(2.4,11.8));
#4943 = VECTOR('',#4944,1.);
#4944 = DIRECTION('',(1.,0.));
#4945 = ( GEOMETRIC_REPRESENTATION_CONTEXT(2) 
PARAMETRIC_REPRESENTATION_CONTEXT() REPRESENTATION_CONTEXT('2D SPACE',''
  ) );
#4946 = ORIENTED_EDGE('',*,*,#4947,.F.);
#4947 = EDGE_CURVE('',#1458,#4925,#4948,.T.);
#4948 = SURFACE_CURVE('',#4949,(#4953,#4960),.PCURVE_S1.);
#4949 = LINE('',#4950,#4951);
#4950 = CARTESIAN_POINT('',(221.2,-63.2,0.));
#4951 = VECTOR('',#4952,1.);
#4952 = DIRECTION('',(0.,0.,-1.));
#4953 = PCURVE('',#1501,#4954);
#4954 = DEFINITIONAL_REPRESENTATION('',(#4955),#4959);
#4955 = LINE('',#4956,#4957);
#4956 = CARTESIAN_POINT('',(0.,18.8));
#4957 = VECTOR('',#4958,1.);
#4958 = DIRECTION('',(-1.,0.));
#4959 = ( GEOMETRIC_REPRESENTATION_CONTEXT(2) 
PARAMETRIC_REPRESENTATION_CONTEXT() REPRESENTATION_CONTEXT('2D SPACE',''
  ) );
#4960 = PCURVE('',#1473,#4961);
#4961 = DEFINITIONAL_REPRESENTATION('',(#4962),#4966);
#4962 = LINE('',#4963,#4964);
#4963 = CARTESIAN_POINT('',(0.,-9.4));
#4964 = VECTOR('',#4965,1.);
#4965 = DIRECTION('',(-1.,0.));
#4966 = ( GEOMETRIC_REPRESENTATION_CONTEXT(2) 
PARAMETRIC_REPRESENTATION_CONTEXT() REPRESENTATION_CONTEXT('2D SPACE',''
  ) );
#4967 = ORIENTED_EDGE('',*,*,#1485,.F.);
#4968 = ORIENTED_EDGE('',*,*,#4900,.T.);
#4969 = ADVANCED_FACE('',(#4970),#1473,.T.);
#4970 = FACE_BOUND('',#4971,.T.);
#4971 = EDGE_LOOP('',(#4972,#4973,#4996,#5017));
#4972 = ORIENTED_EDGE('',*,*,#1457,.F.);
#4973 = ORIENTED_EDGE('',*,*,#4974,.F.);
#4974 = EDGE_CURVE('',#4975,#1435,#4977,.T.);
#4975 = VERTEX_POINT('',#4976);
#4976 = CARTESIAN_POINT('',(221.2,-72.6,0.));
#4977 = SURFACE_CURVE('',#4978,(#4982,#4989),.PCURVE_S1.);
#4978 = LINE('',#4979,#4980);
#4979 = CARTESIAN_POINT('',(221.2,-72.6,0.));
#4980 = VECTOR('',#4981,1.);
#4981 = DIRECTION('',(0.,0.,1.));
#4982 = PCURVE('',#1473,#4983);
#4983 = DEFINITIONAL_REPRESENTATION('',(#4984),#4988);
#4984 = LINE('',#4985,#4986);
#4985 = CARTESIAN_POINT('',(0.,0.));
#4986 = VECTOR('',#4987,1.);
#4987 = DIRECTION('',(1.,0.));
#4988 = ( GEOMETRIC_REPRESENTATION_CONTEXT(2) 
PARAMETRIC_REPRESENTATION_CONTEXT() REPRESENTATION_CONTEXT('2D SPACE',''
  ) );
#4989 = PCURVE('',#919,#4990);
#4990 = DEFINITIONAL_REPRESENTATION('',(#4991),#4995);
#4991 = LINE('',#4992,#4993);
#4992 = CARTESIAN_POINT('',(1.,18.8));
#4993 = VECTOR('',#4994,1.);
#4994 = DIRECTION('',(1.,0.));
#4995 = ( GEOMETRIC_REPRESENTATION_CONTEXT(2) 
PARAMETRIC_REPRESENTATION_CONTEXT() REPRESENTATION_CONTEXT('2D SPACE',''
  ) );
#4996 = ORIENTED_EDGE('',*,*,#4997,.T.);
#4997 = EDGE_CURVE('',#4975,#4925,#4998,.T.);
#4998 = SURFACE_CURVE('',#4999,(#5003,#5010),.PCURVE_S1.);
#4999 = LINE('',#5000,#5001);
#5000 = CARTESIAN_POINT('',(221.2,-72.6,0.));
#5001 = VECTOR('',#5002,1.);
#5002 = DIRECTION('',(0.,1.,0.));
#5003 = PCURVE('',#1473,#5004);
#5004 = DEFINITIONAL_REPRESENTATION('',(#5005),#5009);
#5005 = LINE('',#5006,#5007);
#5006 = CARTESIAN_POINT('',(0.,0.));
#5007 = VECTOR('',#5008,1.);
#5008 = DIRECTION('',(0.,-1.));
#5009 = ( GEOMETRIC_REPRESENTATION_CONTEXT(2) 
PARAMETRIC_REPRESENTATION_CONTEXT() REPRESENTATION_CONTEXT('2D SPACE',''
  ) );
#5010 = PCURVE('',#578,#5011);
#5011 = DEFINITIONAL_REPRESENTATION('',(#5012),#5016);
#5012 = LINE('',#5013,#5014);
#5013 = CARTESIAN_POINT('',(21.2,2.4));
#5014 = VECTOR('',#5015,1.);
#5015 = DIRECTION('',(0.,1.));
#5016 = ( GEOMETRIC_REPRESENTATION_CONTEXT(2) 
PARAMETRIC_REPRESENTATION_CONTEXT() REPRESENTATION_CONTEXT('2D SPACE',''
  ) );
#5017 = ORIENTED_EDGE('',*,*,#4947,.F.);
#5018 = ADVANCED_FACE('',(#5019),#1422,.F.);
#5019 = FACE_BOUND('',#5020,.F.);
#5020 = EDGE_LOOP('',(#5021,#5022,#5045,#5068));
#5021 = ORIENTED_EDGE('',*,*,#1406,.F.);
#5022 = ORIENTED_EDGE('',*,*,#5023,.F.);
#5023 = EDGE_CURVE('',#5024,#1407,#5026,.T.);
#5024 = VERTEX_POINT('',#5025);
#5025 = CARTESIAN_POINT('',(218.8,-72.6,0.));
#5026 = SURFACE_CURVE('',#5027,(#5031,#5038),.PCURVE_S1.);
#5027 = LINE('',#5028,#5029);
#5028 = CARTESIAN_POINT('',(218.8,-72.6,0.));
#5029 = VECTOR('',#5030,1.);
#5030 = DIRECTION('',(0.,0.,1.));
#5031 = PCURVE('',#1422,#5032);
#5032 = DEFINITIONAL_REPRESENTATION('',(#5033),#5037);
#5033 = LINE('',#5034,#5035);
#5034 = CARTESIAN_POINT('',(0.,0.));
#5035 = VECTOR('',#5036,1.);
#5036 = DIRECTION('',(1.,0.));
#5037 = ( GEOMETRIC_REPRESENTATION_CONTEXT(2) 
PARAMETRIC_REPRESENTATION_CONTEXT() REPRESENTATION_CONTEXT('2D SPACE',''
  ) );
#5038 = PCURVE('',#919,#5039);
#5039 = DEFINITIONAL_REPRESENTATION('',(#5040),#5044);
#5040 = LINE('',#5041,#5042);
#5041 = CARTESIAN_POINT('',(1.,16.4));
#5042 = VECTOR('',#5043,1.);
#5043 = DIRECTION('',(1.,0.));
#5044 = ( GEOMETRIC_REPRESENTATION_CONTEXT(2) 
PARAMETRIC_REPRESENTATION_CONTEXT() REPRESENTATION_CONTEXT('2D SPACE',''
  ) );
#5045 = ORIENTED_EDGE('',*,*,#5046,.T.);
#5046 = EDGE_CURVE('',#5024,#5047,#5049,.T.);
#5047 = VERTEX_POINT('',#5048);
#5048 = CARTESIAN_POINT('',(218.8,-63.2,0.));
#5049 = SURFACE_CURVE('',#5050,(#5054,#5061),.PCURVE_S1.);
#5050 = LINE('',#5051,#5052);
#5051 = CARTESIAN_POINT('',(218.8,-72.6,0.));
#5052 = VECTOR('',#5053,1.);
#5053 = DIRECTION('',(0.,1.,0.));
#5054 = PCURVE('',#1422,#5055);
#5055 = DEFINITIONAL_REPRESENTATION('',(#5056),#5060);
#5056 = LINE('',#5057,#5058);
#5057 = CARTESIAN_POINT('',(0.,0.));
#5058 = VECTOR('',#5059,1.);
#5059 = DIRECTION('',(0.,-1.));
#5060 = ( GEOMETRIC_REPRESENTATION_CONTEXT(2) 
PARAMETRIC_REPRESENTATION_CONTEXT() REPRESENTATION_CONTEXT('2D SPACE',''
  ) );
#5061 = PCURVE('',#578,#5062);
#5062 = DEFINITIONAL_REPRESENTATION('',(#5063),#5067);
#5063 = LINE('',#5064,#5065);
#5064 = CARTESIAN_POINT('',(18.8,2.4));
#5065 = VECTOR('',#5066,1.);
#5066 = DIRECTION('',(0.,1.));
#5067 = ( GEOMETRIC_REPRESENTATION_CONTEXT(2) 
PARAMETRIC_REPRESENTATION_CONTEXT() REPRESENTATION_CONTEXT('2D SPACE',''
  ) );
#5068 = ORIENTED_EDGE('',*,*,#5069,.F.);
#5069 = EDGE_CURVE('',#1384,#5047,#5070,.T.);
#5070 = SURFACE_CURVE('',#5071,(#5075,#5082),.PCURVE_S1.);
#5071 = LINE('',#5072,#5073);
#5072 = CARTESIAN_POINT('',(218.8,-63.2,0.));
#5073 = VECTOR('',#5074,1.);
#5074 = DIRECTION('',(0.,0.,-1.));
#5075 = PCURVE('',#1422,#5076);
#5076 = DEFINITIONAL_REPRESENTATION('',(#5077),#5081);
#5077 = LINE('',#5078,#5079);
#5078 = CARTESIAN_POINT('',(0.,-9.4));
#5079 = VECTOR('',#5080,1.);
#5080 = DIRECTION('',(-1.,0.));
#5081 = ( GEOMETRIC_REPRESENTATION_CONTEXT(2) 
PARAMETRIC_REPRESENTATION_CONTEXT() REPRESENTATION_CONTEXT('2D SPACE',''
  ) );
#5082 = PCURVE('',#807,#5083);
#5083 = DEFINITIONAL_REPRESENTATION('',(#5084),#5088);
#5084 = LINE('',#5085,#5086);
#5085 = CARTESIAN_POINT('',(0.,16.4));
#5086 = VECTOR('',#5087,1.);
#5087 = DIRECTION('',(-1.,0.));
#5088 = ( GEOMETRIC_REPRESENTATION_CONTEXT(2) 
PARAMETRIC_REPRESENTATION_CONTEXT() REPRESENTATION_CONTEXT('2D SPACE',''
  ) );
#5089 = ADVANCED_FACE('',(#5090),#1349,.F.);
#5090 = FACE_BOUND('',#5091,.F.);
#5091 = EDGE_LOOP('',(#5092,#5093,#5116,#5139));
#5092 = ORIENTED_EDGE('',*,*,#1333,.F.);
#5093 = ORIENTED_EDGE('',*,*,#5094,.T.);
#5094 = EDGE_CURVE('',#1334,#5095,#5097,.T.);
#5095 = VERTEX_POINT('',#5096);
#5096 = CARTESIAN_POINT('',(218.8,-60.8,0.));
#5097 = SURFACE_CURVE('',#5098,(#5102,#5109),.PCURVE_S1.);
#5098 = LINE('',#5099,#5100);
#5099 = CARTESIAN_POINT('',(218.8,-60.8,0.));
#5100 = VECTOR('',#5101,1.);
#5101 = DIRECTION('',(0.,0.,-1.));
#5102 = PCURVE('',#1349,#5103);
#5103 = DEFINITIONAL_REPRESENTATION('',(#5104),#5108);
#5104 = LINE('',#5105,#5106);
#5105 = CARTESIAN_POINT('',(0.,-11.8));
#5106 = VECTOR('',#5107,1.);
#5107 = DIRECTION('',(-1.,0.));
#5108 = ( GEOMETRIC_REPRESENTATION_CONTEXT(2) 
PARAMETRIC_REPRESENTATION_CONTEXT() REPRESENTATION_CONTEXT('2D SPACE',''
  ) );
#5109 = PCURVE('',#1043,#5110);
#5110 = DEFINITIONAL_REPRESENTATION('',(#5111),#5115);
#5111 = LINE('',#5112,#5113);
#5112 = CARTESIAN_POINT('',(0.,16.4));
#5113 = VECTOR('',#5114,1.);
#5114 = DIRECTION('',(-1.,0.));
#5115 = ( GEOMETRIC_REPRESENTATION_CONTEXT(2) 
PARAMETRIC_REPRESENTATION_CONTEXT() REPRESENTATION_CONTEXT('2D SPACE',''
  ) );
#5116 = ORIENTED_EDGE('',*,*,#5117,.T.);
#5117 = EDGE_CURVE('',#5095,#5118,#5120,.T.);
#5118 = VERTEX_POINT('',#5119);
#5119 = CARTESIAN_POINT('',(218.8,60.8,0.));
#5120 = SURFACE_CURVE('',#5121,(#5125,#5132),.PCURVE_S1.);
#5121 = LINE('',#5122,#5123);
#5122 = CARTESIAN_POINT('',(218.8,-72.6,0.));
#5123 = VECTOR('',#5124,1.);
#5124 = DIRECTION('',(0.,1.,0.));
#5125 = PCURVE('',#1349,#5126);
#5126 = DEFINITIONAL_REPRESENTATION('',(#5127),#5131);
#5127 = LINE('',#5128,#5129);
#5128 = CARTESIAN_POINT('',(0.,0.));
#5129 = VECTOR('',#5130,1.);
#5130 = DIRECTION('',(0.,-1.));
#5131 = ( GEOMETRIC_REPRESENTATION_CONTEXT(2) 
PARAMETRIC_REPRESENTATION_CONTEXT() REPRESENTATION_CONTEXT('2D SPACE',''
  ) );
#5132 = PCURVE('',#578,#5133);
#5133 = DEFINITIONAL_REPRESENTATION('',(#5134),#5138);
#5134 = LINE('',#5135,#5136);
#5135 = CARTESIAN_POINT('',(18.8,2.4));
#5136 = VECTOR('',#5137,1.);
#5137 = DIRECTION('',(0.,1.));
#5138 = ( GEOMETRIC_REPRESENTATION_CONTEXT(2) 
PARAMETRIC_REPRESENTATION_CONTEXT() REPRESENTATION_CONTEXT('2D SPACE',''
  ) );
#5139 = ORIENTED_EDGE('',*,*,#5140,.F.);
#5140 = EDGE_CURVE('',#1306,#5118,#5141,.T.);
#5141 = SURFACE_CURVE('',#5142,(#5146,#5153),.PCURVE_S1.);
#5142 = LINE('',#5143,#5144);
#5143 = CARTESIAN_POINT('',(218.8,60.8,0.));
#5144 = VECTOR('',#5145,1.);
#5145 = DIRECTION('',(0.,0.,-1.));
#5146 = PCURVE('',#1349,#5147);
#5147 = DEFINITIONAL_REPRESENTATION('',(#5148),#5152);
#5148 = LINE('',#5149,#5150);
#5149 = CARTESIAN_POINT('',(0.,-133.4));
#5150 = VECTOR('',#5151,1.);
#5151 = DIRECTION('',(-1.,0.));
#5152 = ( GEOMETRIC_REPRESENTATION_CONTEXT(2) 
PARAMETRIC_REPRESENTATION_CONTEXT() REPRESENTATION_CONTEXT('2D SPACE',''
  ) );
#5153 = PCURVE('',#1321,#5154);
#5154 = DEFINITIONAL_REPRESENTATION('',(#5155),#5159);
#5155 = LINE('',#5156,#5157);
#5156 = CARTESIAN_POINT('',(0.,16.4));
#5157 = VECTOR('',#5158,1.);
#5158 = DIRECTION('',(-1.,0.));
#5159 = ( GEOMETRIC_REPRESENTATION_CONTEXT(2) 
PARAMETRIC_REPRESENTATION_CONTEXT() REPRESENTATION_CONTEXT('2D SPACE',''
  ) );
#5160 = ADVANCED_FACE('',(#5161),#1321,.F.);
#5161 = FACE_BOUND('',#5162,.F.);
#5162 = EDGE_LOOP('',(#5163,#5186,#5207,#5208));
#5163 = ORIENTED_EDGE('',*,*,#5164,.F.);
#5164 = EDGE_CURVE('',#5165,#5118,#5167,.T.);
#5165 = VERTEX_POINT('',#5166);
#5166 = CARTESIAN_POINT('',(202.4,60.8,0.));
#5167 = SURFACE_CURVE('',#5168,(#5172,#5179),.PCURVE_S1.);
#5168 = LINE('',#5169,#5170);
#5169 = CARTESIAN_POINT('',(202.4,60.8,0.));
#5170 = VECTOR('',#5171,1.);
#5171 = DIRECTION('',(1.,0.,0.));
#5172 = PCURVE('',#1321,#5173);
#5173 = DEFINITIONAL_REPRESENTATION('',(#5174),#5178);
#5174 = LINE('',#5175,#5176);
#5175 = CARTESIAN_POINT('',(0.,0.));
#5176 = VECTOR('',#5177,1.);
#5177 = DIRECTION('',(0.,1.));
#5178 = ( GEOMETRIC_REPRESENTATION_CONTEXT(2) 
PARAMETRIC_REPRESENTATION_CONTEXT() REPRESENTATION_CONTEXT('2D SPACE',''
  ) );
#5179 = PCURVE('',#578,#5180);
#5180 = DEFINITIONAL_REPRESENTATION('',(#5181),#5185);
#5181 = LINE('',#5182,#5183);
#5182 = CARTESIAN_POINT('',(2.4,135.8));
#5183 = VECTOR('',#5184,1.);
#5184 = DIRECTION('',(1.,0.));
#5185 = ( GEOMETRIC_REPRESENTATION_CONTEXT(2) 
PARAMETRIC_REPRESENTATION_CONTEXT() REPRESENTATION_CONTEXT('2D SPACE',''
  ) );
#5186 = ORIENTED_EDGE('',*,*,#5187,.T.);
#5187 = EDGE_CURVE('',#5165,#1278,#5188,.T.);
#5188 = SURFACE_CURVE('',#5189,(#5193,#5200),.PCURVE_S1.);
#5189 = LINE('',#5190,#5191);
#5190 = CARTESIAN_POINT('',(202.4,60.8,0.));
#5191 = VECTOR('',#5192,1.);
#5192 = DIRECTION('',(0.,0.,1.));
#5193 = PCURVE('',#1321,#5194);
#5194 = DEFINITIONAL_REPRESENTATION('',(#5195),#5199);
#5195 = LINE('',#5196,#5197);
#5196 = CARTESIAN_POINT('',(0.,0.));
#5197 = VECTOR('',#5198,1.);
#5198 = DIRECTION('',(1.,0.));
#5199 = ( GEOMETRIC_REPRESENTATION_CONTEXT(2) 
PARAMETRIC_REPRESENTATION_CONTEXT() REPRESENTATION_CONTEXT('2D SPACE',''
  ) );
#5200 = PCURVE('',#1293,#5201);
#5201 = DEFINITIONAL_REPRESENTATION('',(#5202),#5206);
#5202 = LINE('',#5203,#5204);
#5203 = CARTESIAN_POINT('',(1.,-133.4));
#5204 = VECTOR('',#5205,1.);
#5205 = DIRECTION('',(1.,0.));
#5206 = ( GEOMETRIC_REPRESENTATION_CONTEXT(2) 
PARAMETRIC_REPRESENTATION_CONTEXT() REPRESENTATION_CONTEXT('2D SPACE',''
  ) );
#5207 = ORIENTED_EDGE('',*,*,#1305,.T.);
#5208 = ORIENTED_EDGE('',*,*,#5140,.T.);
#5209 = ADVANCED_FACE('',(#5210),#1293,.T.);
#5210 = FACE_BOUND('',#5211,.T.);
#5211 = EDGE_LOOP('',(#5212,#5213,#5234,#5235,#5236,#5259,#5282,#5303));
#5212 = ORIENTED_EDGE('',*,*,#3894,.F.);
#5213 = ORIENTED_EDGE('',*,*,#5214,.T.);
#5214 = EDGE_CURVE('',#3870,#5165,#5215,.T.);
#5215 = SURFACE_CURVE('',#5216,(#5220,#5227),.PCURVE_S1.);
#5216 = LINE('',#5217,#5218);
#5217 = CARTESIAN_POINT('',(202.4,-73.8,0.));
#5218 = VECTOR('',#5219,1.);
#5219 = DIRECTION('',(0.,1.,0.));
#5220 = PCURVE('',#1293,#5221);
#5221 = DEFINITIONAL_REPRESENTATION('',(#5222),#5226);
#5222 = LINE('',#5223,#5224);
#5223 = CARTESIAN_POINT('',(1.,1.2));
#5224 = VECTOR('',#5225,1.);
#5225 = DIRECTION('',(0.,-1.));
#5226 = ( GEOMETRIC_REPRESENTATION_CONTEXT(2) 
PARAMETRIC_REPRESENTATION_CONTEXT() REPRESENTATION_CONTEXT('2D SPACE',''
  ) );
#5227 = PCURVE('',#578,#5228);
#5228 = DEFINITIONAL_REPRESENTATION('',(#5229),#5233);
#5229 = LINE('',#5230,#5231);
#5230 = CARTESIAN_POINT('',(2.4,1.2));
#5231 = VECTOR('',#5232,1.);
#5232 = DIRECTION('',(0.,1.));
#5233 = ( GEOMETRIC_REPRESENTATION_CONTEXT(2) 
PARAMETRIC_REPRESENTATION_CONTEXT() REPRESENTATION_CONTEXT('2D SPACE',''
  ) );
#5234 = ORIENTED_EDGE('',*,*,#5187,.T.);
#5235 = ORIENTED_EDGE('',*,*,#1277,.T.);
#5236 = ORIENTED_EDGE('',*,*,#5237,.F.);
#5237 = EDGE_CURVE('',#5238,#1250,#5240,.T.);
#5238 = VERTEX_POINT('',#5239);
#5239 = CARTESIAN_POINT('',(202.4,63.2,0.));
#5240 = SURFACE_CURVE('',#5241,(#5245,#5252),.PCURVE_S1.);
#5241 = LINE('',#5242,#5243);
#5242 = CARTESIAN_POINT('',(202.4,63.2,0.));
#5243 = VECTOR('',#5244,1.);
#5244 = DIRECTION('',(0.,0.,1.));
#5245 = PCURVE('',#1293,#5246);
#5246 = DEFINITIONAL_REPRESENTATION('',(#5247),#5251);
#5247 = LINE('',#5248,#5249);
#5248 = CARTESIAN_POINT('',(1.,-135.8));
#5249 = VECTOR('',#5250,1.);
#5250 = DIRECTION('',(1.,0.));
#5251 = ( GEOMETRIC_REPRESENTATION_CONTEXT(2) 
PARAMETRIC_REPRESENTATION_CONTEXT() REPRESENTATION_CONTEXT('2D SPACE',''
  ) );
#5252 = PCURVE('',#1265,#5253);
#5253 = DEFINITIONAL_REPRESENTATION('',(#5254),#5258);
#5254 = LINE('',#5255,#5256);
#5255 = CARTESIAN_POINT('',(0.,0.));
#5256 = VECTOR('',#5257,1.);
#5257 = DIRECTION('',(1.,0.));
#5258 = ( GEOMETRIC_REPRESENTATION_CONTEXT(2) 
PARAMETRIC_REPRESENTATION_CONTEXT() REPRESENTATION_CONTEXT('2D SPACE',''
  ) );
#5259 = ORIENTED_EDGE('',*,*,#5260,.T.);
#5260 = EDGE_CURVE('',#5238,#5261,#5263,.T.);
#5261 = VERTEX_POINT('',#5262);
#5262 = CARTESIAN_POINT('',(202.4,72.6,0.));
#5263 = SURFACE_CURVE('',#5264,(#5268,#5275),.PCURVE_S1.);
#5264 = LINE('',#5265,#5266);
#5265 = CARTESIAN_POINT('',(202.4,-73.8,0.));
#5266 = VECTOR('',#5267,1.);
#5267 = DIRECTION('',(0.,1.,0.));
#5268 = PCURVE('',#1293,#5269);
#5269 = DEFINITIONAL_REPRESENTATION('',(#5270),#5274);
#5270 = LINE('',#5271,#5272);
#5271 = CARTESIAN_POINT('',(1.,1.2));
#5272 = VECTOR('',#5273,1.);
#5273 = DIRECTION('',(0.,-1.));
#5274 = ( GEOMETRIC_REPRESENTATION_CONTEXT(2) 
PARAMETRIC_REPRESENTATION_CONTEXT() REPRESENTATION_CONTEXT('2D SPACE',''
  ) );
#5275 = PCURVE('',#578,#5276);
#5276 = DEFINITIONAL_REPRESENTATION('',(#5277),#5281);
#5277 = LINE('',#5278,#5279);
#5278 = CARTESIAN_POINT('',(2.4,1.2));
#5279 = VECTOR('',#5280,1.);
#5280 = DIRECTION('',(0.,1.));
#5281 = ( GEOMETRIC_REPRESENTATION_CONTEXT(2) 
PARAMETRIC_REPRESENTATION_CONTEXT() REPRESENTATION_CONTEXT('2D SPACE',''
  ) );
#5282 = ORIENTED_EDGE('',*,*,#5283,.T.);
#5283 = EDGE_CURVE('',#5261,#3552,#5284,.T.);
#5284 = SURFACE_CURVE('',#5285,(#5289,#5296),.PCURVE_S1.);
#5285 = LINE('',#5286,#5287);
#5286 = CARTESIAN_POINT('',(202.4,72.6,-1.));
#5287 = VECTOR('',#5288,1.);
#5288 = DIRECTION('',(0.,0.,1.));
#5289 = PCURVE('',#1293,#5290);
#5290 = DEFINITIONAL_REPRESENTATION('',(#5291),#5295);
#5291 = LINE('',#5292,#5293);
#5292 = CARTESIAN_POINT('',(0.,-145.2));
#5293 = VECTOR('',#5294,1.);
#5294 = DIRECTION('',(1.,0.));
#5295 = ( GEOMETRIC_REPRESENTATION_CONTEXT(2) 
PARAMETRIC_REPRESENTATION_CONTEXT() REPRESENTATION_CONTEXT('2D SPACE',''
  ) );
#5296 = PCURVE('',#1209,#5297);
#5297 = DEFINITIONAL_REPRESENTATION('',(#5298),#5302);
#5298 = LINE('',#5299,#5300);
#5299 = CARTESIAN_POINT('',(0.,0.));
#5300 = VECTOR('',#5301,1.);
#5301 = DIRECTION('',(1.,0.));
#5302 = ( GEOMETRIC_REPRESENTATION_CONTEXT(2) 
PARAMETRIC_REPRESENTATION_CONTEXT() REPRESENTATION_CONTEXT('2D SPACE',''
  ) );
#5303 = ORIENTED_EDGE('',*,*,#3574,.F.);
#5304 = ADVANCED_FACE('',(#5305),#1265,.T.);
#5305 = FACE_BOUND('',#5306,.T.);
#5306 = EDGE_LOOP('',(#5307,#5330,#5331,#5332));
#5307 = ORIENTED_EDGE('',*,*,#5308,.F.);
#5308 = EDGE_CURVE('',#5238,#5309,#5311,.T.);
#5309 = VERTEX_POINT('',#5310);
#5310 = CARTESIAN_POINT('',(218.8,63.2,0.));
#5311 = SURFACE_CURVE('',#5312,(#5316,#5323),.PCURVE_S1.);
#5312 = LINE('',#5313,#5314);
#5313 = CARTESIAN_POINT('',(202.4,63.2,0.));
#5314 = VECTOR('',#5315,1.);
#5315 = DIRECTION('',(1.,0.,0.));
#5316 = PCURVE('',#1265,#5317);
#5317 = DEFINITIONAL_REPRESENTATION('',(#5318),#5322);
#5318 = LINE('',#5319,#5320);
#5319 = CARTESIAN_POINT('',(0.,0.));
#5320 = VECTOR('',#5321,1.);
#5321 = DIRECTION('',(0.,1.));
#5322 = ( GEOMETRIC_REPRESENTATION_CONTEXT(2) 
PARAMETRIC_REPRESENTATION_CONTEXT() REPRESENTATION_CONTEXT('2D SPACE',''
  ) );
#5323 = PCURVE('',#578,#5324);
#5324 = DEFINITIONAL_REPRESENTATION('',(#5325),#5329);
#5325 = LINE('',#5326,#5327);
#5326 = CARTESIAN_POINT('',(2.4,138.2));
#5327 = VECTOR('',#5328,1.);
#5328 = DIRECTION('',(1.,0.));
#5329 = ( GEOMETRIC_REPRESENTATION_CONTEXT(2) 
PARAMETRIC_REPRESENTATION_CONTEXT() REPRESENTATION_CONTEXT('2D SPACE',''
  ) );
#5330 = ORIENTED_EDGE('',*,*,#5237,.T.);
#5331 = ORIENTED_EDGE('',*,*,#1249,.T.);
#5332 = ORIENTED_EDGE('',*,*,#5333,.T.);
#5333 = EDGE_CURVE('',#1222,#5309,#5334,.T.);
#5334 = SURFACE_CURVE('',#5335,(#5339,#5346),.PCURVE_S1.);
#5335 = LINE('',#5336,#5337);
#5336 = CARTESIAN_POINT('',(218.8,63.2,0.));
#5337 = VECTOR('',#5338,1.);
#5338 = DIRECTION('',(0.,0.,-1.));
#5339 = PCURVE('',#1265,#5340);
#5340 = DEFINITIONAL_REPRESENTATION('',(#5341),#5345);
#5341 = LINE('',#5342,#5343);
#5342 = CARTESIAN_POINT('',(0.,16.4));
#5343 = VECTOR('',#5344,1.);
#5344 = DIRECTION('',(-1.,0.));
#5345 = ( GEOMETRIC_REPRESENTATION_CONTEXT(2) 
PARAMETRIC_REPRESENTATION_CONTEXT() REPRESENTATION_CONTEXT('2D SPACE',''
  ) );
#5346 = PCURVE('',#1237,#5347);
#5347 = DEFINITIONAL_REPRESENTATION('',(#5348),#5352);
#5348 = LINE('',#5349,#5350);
#5349 = CARTESIAN_POINT('',(0.,-135.8));
#5350 = VECTOR('',#5351,1.);
#5351 = DIRECTION('',(-1.,0.));
#5352 = ( GEOMETRIC_REPRESENTATION_CONTEXT(2) 
PARAMETRIC_REPRESENTATION_CONTEXT() REPRESENTATION_CONTEXT('2D SPACE',''
  ) );
#5353 = ADVANCED_FACE('',(#5354),#1237,.F.);
#5354 = FACE_BOUND('',#5355,.F.);
#5355 = EDGE_LOOP('',(#5356,#5357,#5358,#5381));
#5356 = ORIENTED_EDGE('',*,*,#1221,.F.);
#5357 = ORIENTED_EDGE('',*,*,#5333,.T.);
#5358 = ORIENTED_EDGE('',*,*,#5359,.T.);
#5359 = EDGE_CURVE('',#5309,#5360,#5362,.T.);
#5360 = VERTEX_POINT('',#5361);
#5361 = CARTESIAN_POINT('',(218.8,72.6,0.));
#5362 = SURFACE_CURVE('',#5363,(#5367,#5374),.PCURVE_S1.);
#5363 = LINE('',#5364,#5365);
#5364 = CARTESIAN_POINT('',(218.8,-72.6,0.));
#5365 = VECTOR('',#5366,1.);
#5366 = DIRECTION('',(0.,1.,0.));
#5367 = PCURVE('',#1237,#5368);
#5368 = DEFINITIONAL_REPRESENTATION('',(#5369),#5373);
#5369 = LINE('',#5370,#5371);
#5370 = CARTESIAN_POINT('',(0.,0.));
#5371 = VECTOR('',#5372,1.);
#5372 = DIRECTION('',(0.,-1.));
#5373 = ( GEOMETRIC_REPRESENTATION_CONTEXT(2) 
PARAMETRIC_REPRESENTATION_CONTEXT() REPRESENTATION_CONTEXT('2D SPACE',''
  ) );
#5374 = PCURVE('',#578,#5375);
#5375 = DEFINITIONAL_REPRESENTATION('',(#5376),#5380);
#5376 = LINE('',#5377,#5378);
#5377 = CARTESIAN_POINT('',(18.8,2.4));
#5378 = VECTOR('',#5379,1.);
#5379 = DIRECTION('',(0.,1.));
#5380 = ( GEOMETRIC_REPRESENTATION_CONTEXT(2) 
PARAMETRIC_REPRESENTATION_CONTEXT() REPRESENTATION_CONTEXT('2D SPACE',''
  ) );
#5381 = ORIENTED_EDGE('',*,*,#5382,.T.);
#5382 = EDGE_CURVE('',#5360,#1194,#5383,.T.);
#5383 = SURFACE_CURVE('',#5384,(#5388,#5395),.PCURVE_S1.);
#5384 = LINE('',#5385,#5386);
#5385 = CARTESIAN_POINT('',(218.8,72.6,0.));
#5386 = VECTOR('',#5387,1.);
#5387 = DIRECTION('',(0.,0.,1.));
#5388 = PCURVE('',#1237,#5389);
#5389 = DEFINITIONAL_REPRESENTATION('',(#5390),#5394);
#5390 = LINE('',#5391,#5392);
#5391 = CARTESIAN_POINT('',(0.,-145.2));
#5392 = VECTOR('',#5393,1.);
#5393 = DIRECTION('',(1.,0.));
#5394 = ( GEOMETRIC_REPRESENTATION_CONTEXT(2) 
PARAMETRIC_REPRESENTATION_CONTEXT() REPRESENTATION_CONTEXT('2D SPACE',''
  ) );
#5395 = PCURVE('',#1209,#5396);
#5396 = DEFINITIONAL_REPRESENTATION('',(#5397),#5401);
#5397 = LINE('',#5398,#5399);
#5398 = CARTESIAN_POINT('',(1.,16.4));
#5399 = VECTOR('',#5400,1.);
#5400 = DIRECTION('',(1.,0.));
#5401 = ( GEOMETRIC_REPRESENTATION_CONTEXT(2) 
PARAMETRIC_REPRESENTATION_CONTEXT() REPRESENTATION_CONTEXT('2D SPACE',''
  ) );
#5402 = ADVANCED_FACE('',(#5403),#1209,.F.);
#5403 = FACE_BOUND('',#5404,.F.);
#5404 = EDGE_LOOP('',(#5405,#5406,#5427,#5428,#5429,#5430,#5453,#5474,
    #5475,#5476,#5497,#5498,#5499,#5500,#5501,#5502));
#5405 = ORIENTED_EDGE('',*,*,#2651,.F.);
#5406 = ORIENTED_EDGE('',*,*,#5407,.T.);
#5407 = EDGE_CURVE('',#2629,#2269,#5408,.T.);
#5408 = SURFACE_CURVE('',#5409,(#5413,#5420),.PCURVE_S1.);
#5409 = LINE('',#5410,#5411);
#5410 = CARTESIAN_POINT('',(201.2,72.6,0.));
#5411 = VECTOR('',#5412,1.);
#5412 = DIRECTION('',(-1.,0.,0.));
#5413 = PCURVE('',#1209,#5414);
#5414 = DEFINITIONAL_REPRESENTATION('',(#5415),#5419);
#5415 = LINE('',#5416,#5417);
#5416 = CARTESIAN_POINT('',(1.,-1.2));
#5417 = VECTOR('',#5418,1.);
#5418 = DIRECTION('',(0.,-1.));
#5419 = ( GEOMETRIC_REPRESENTATION_CONTEXT(2) 
PARAMETRIC_REPRESENTATION_CONTEXT() REPRESENTATION_CONTEXT('2D SPACE',''
  ) );
#5420 = PCURVE('',#578,#5421);
#5421 = DEFINITIONAL_REPRESENTATION('',(#5422),#5426);
#5422 = LINE('',#5423,#5424);
#5423 = CARTESIAN_POINT('',(1.2,147.6));
#5424 = VECTOR('',#5425,1.);
#5425 = DIRECTION('',(-1.,0.));
#5426 = ( GEOMETRIC_REPRESENTATION_CONTEXT(2) 
PARAMETRIC_REPRESENTATION_CONTEXT() REPRESENTATION_CONTEXT('2D SPACE',''
  ) );
#5427 = ORIENTED_EDGE('',*,*,#2291,.T.);
#5428 = ORIENTED_EDGE('',*,*,#1811,.F.);
#5429 = ORIENTED_EDGE('',*,*,#2220,.F.);
#5430 = ORIENTED_EDGE('',*,*,#5431,.T.);
#5431 = EDGE_CURVE('',#2198,#5432,#5434,.T.);
#5432 = VERTEX_POINT('',#5433);
#5433 = CARTESIAN_POINT('',(221.2,72.6,0.));
#5434 = SURFACE_CURVE('',#5435,(#5439,#5446),.PCURVE_S1.);
#5435 = LINE('',#5436,#5437);
#5436 = CARTESIAN_POINT('',(201.2,72.6,0.));
#5437 = VECTOR('',#5438,1.);
#5438 = DIRECTION('',(-1.,0.,0.));
#5439 = PCURVE('',#1209,#5440);
#5440 = DEFINITIONAL_REPRESENTATION('',(#5441),#5445);
#5441 = LINE('',#5442,#5443);
#5442 = CARTESIAN_POINT('',(1.,-1.2));
#5443 = VECTOR('',#5444,1.);
#5444 = DIRECTION('',(0.,-1.));
#5445 = ( GEOMETRIC_REPRESENTATION_CONTEXT(2) 
PARAMETRIC_REPRESENTATION_CONTEXT() REPRESENTATION_CONTEXT('2D SPACE',''
  ) );
#5446 = PCURVE('',#578,#5447);
#5447 = DEFINITIONAL_REPRESENTATION('',(#5448),#5452);
#5448 = LINE('',#5449,#5450);
#5449 = CARTESIAN_POINT('',(1.2,147.6));
#5450 = VECTOR('',#5451,1.);
#5451 = DIRECTION('',(-1.,0.));
#5452 = ( GEOMETRIC_REPRESENTATION_CONTEXT(2) 
PARAMETRIC_REPRESENTATION_CONTEXT() REPRESENTATION_CONTEXT('2D SPACE',''
  ) );
#5453 = ORIENTED_EDGE('',*,*,#5454,.T.);
#5454 = EDGE_CURVE('',#5432,#1166,#5455,.T.);
#5455 = SURFACE_CURVE('',#5456,(#5460,#5467),.PCURVE_S1.);
#5456 = LINE('',#5457,#5458);
#5457 = CARTESIAN_POINT('',(221.2,72.6,0.));
#5458 = VECTOR('',#5459,1.);
#5459 = DIRECTION('',(0.,0.,1.));
#5460 = PCURVE('',#1209,#5461);
#5461 = DEFINITIONAL_REPRESENTATION('',(#5462),#5466);
#5462 = LINE('',#5463,#5464);
#5463 = CARTESIAN_POINT('',(1.,18.8));
#5464 = VECTOR('',#5465,1.);
#5465 = DIRECTION('',(1.,0.));
#5466 = ( GEOMETRIC_REPRESENTATION_CONTEXT(2) 
PARAMETRIC_REPRESENTATION_CONTEXT() REPRESENTATION_CONTEXT('2D SPACE',''
  ) );
#5467 = PCURVE('',#1181,#5468);
#5468 = DEFINITIONAL_REPRESENTATION('',(#5469),#5473);
#5469 = LINE('',#5470,#5471);
#5470 = CARTESIAN_POINT('',(0.,-145.2));
#5471 = VECTOR('',#5472,1.);
#5472 = DIRECTION('',(1.,0.));
#5473 = ( GEOMETRIC_REPRESENTATION_CONTEXT(2) 
PARAMETRIC_REPRESENTATION_CONTEXT() REPRESENTATION_CONTEXT('2D SPACE',''
  ) );
#5474 = ORIENTED_EDGE('',*,*,#1193,.F.);
#5475 = ORIENTED_EDGE('',*,*,#5382,.F.);
#5476 = ORIENTED_EDGE('',*,*,#5477,.T.);
#5477 = EDGE_CURVE('',#5360,#5261,#5478,.T.);
#5478 = SURFACE_CURVE('',#5479,(#5483,#5490),.PCURVE_S1.);
#5479 = LINE('',#5480,#5481);
#5480 = CARTESIAN_POINT('',(201.2,72.6,0.));
#5481 = VECTOR('',#5482,1.);
#5482 = DIRECTION('',(-1.,0.,0.));
#5483 = PCURVE('',#1209,#5484);
#5484 = DEFINITIONAL_REPRESENTATION('',(#5485),#5489);
#5485 = LINE('',#5486,#5487);
#5486 = CARTESIAN_POINT('',(1.,-1.2));
#5487 = VECTOR('',#5488,1.);
#5488 = DIRECTION('',(0.,-1.));
#5489 = ( GEOMETRIC_REPRESENTATION_CONTEXT(2) 
PARAMETRIC_REPRESENTATION_CONTEXT() REPRESENTATION_CONTEXT('2D SPACE',''
  ) );
#5490 = PCURVE('',#578,#5491);
#5491 = DEFINITIONAL_REPRESENTATION('',(#5492),#5496);
#5492 = LINE('',#5493,#5494);
#5493 = CARTESIAN_POINT('',(1.2,147.6));
#5494 = VECTOR('',#5495,1.);
#5495 = DIRECTION('',(-1.,0.));
#5496 = ( GEOMETRIC_REPRESENTATION_CONTEXT(2) 
PARAMETRIC_REPRESENTATION_CONTEXT() REPRESENTATION_CONTEXT('2D SPACE',''
  ) );
#5497 = ORIENTED_EDGE('',*,*,#5283,.T.);
#5498 = ORIENTED_EDGE('',*,*,#3551,.T.);
#5499 = ORIENTED_EDGE('',*,*,#3452,.T.);
#5500 = ORIENTED_EDGE('',*,*,#3096,.T.);
#5501 = ORIENTED_EDGE('',*,*,#3070,.T.);
#5502 = ORIENTED_EDGE('',*,*,#2810,.T.);
#5503 = ADVANCED_FACE('',(#5504),#1181,.T.);
#5504 = FACE_BOUND('',#5505,.T.);
#5505 = EDGE_LOOP('',(#5506,#5507,#5530,#5551));
#5506 = ORIENTED_EDGE('',*,*,#1165,.F.);
#5507 = ORIENTED_EDGE('',*,*,#5508,.T.);
#5508 = EDGE_CURVE('',#1136,#5509,#5511,.T.);
#5509 = VERTEX_POINT('',#5510);
#5510 = CARTESIAN_POINT('',(221.2,63.2,0.));
#5511 = SURFACE_CURVE('',#5512,(#5516,#5523),.PCURVE_S1.);
#5512 = LINE('',#5513,#5514);
#5513 = CARTESIAN_POINT('',(221.2,63.2,0.));
#5514 = VECTOR('',#5515,1.);
#5515 = DIRECTION('',(0.,0.,-1.));
#5516 = PCURVE('',#1181,#5517);
#5517 = DEFINITIONAL_REPRESENTATION('',(#5518),#5522);
#5518 = LINE('',#5519,#5520);
#5519 = CARTESIAN_POINT('',(0.,-135.8));
#5520 = VECTOR('',#5521,1.);
#5521 = DIRECTION('',(-1.,0.));
#5522 = ( GEOMETRIC_REPRESENTATION_CONTEXT(2) 
PARAMETRIC_REPRESENTATION_CONTEXT() REPRESENTATION_CONTEXT('2D SPACE',''
  ) );
#5523 = PCURVE('',#1153,#5524);
#5524 = DEFINITIONAL_REPRESENTATION('',(#5525),#5529);
#5525 = LINE('',#5526,#5527);
#5526 = CARTESIAN_POINT('',(0.,18.8));
#5527 = VECTOR('',#5528,1.);
#5528 = DIRECTION('',(-1.,0.));
#5529 = ( GEOMETRIC_REPRESENTATION_CONTEXT(2) 
PARAMETRIC_REPRESENTATION_CONTEXT() REPRESENTATION_CONTEXT('2D SPACE',''
  ) );
#5530 = ORIENTED_EDGE('',*,*,#5531,.T.);
#5531 = EDGE_CURVE('',#5509,#5432,#5532,.T.);
#5532 = SURFACE_CURVE('',#5533,(#5537,#5544),.PCURVE_S1.);
#5533 = LINE('',#5534,#5535);
#5534 = CARTESIAN_POINT('',(221.2,-72.6,0.));
#5535 = VECTOR('',#5536,1.);
#5536 = DIRECTION('',(0.,1.,0.));
#5537 = PCURVE('',#1181,#5538);
#5538 = DEFINITIONAL_REPRESENTATION('',(#5539),#5543);
#5539 = LINE('',#5540,#5541);
#5540 = CARTESIAN_POINT('',(0.,0.));
#5541 = VECTOR('',#5542,1.);
#5542 = DIRECTION('',(0.,-1.));
#5543 = ( GEOMETRIC_REPRESENTATION_CONTEXT(2) 
PARAMETRIC_REPRESENTATION_CONTEXT() REPRESENTATION_CONTEXT('2D SPACE',''
  ) );
#5544 = PCURVE('',#578,#5545);
#5545 = DEFINITIONAL_REPRESENTATION('',(#5546),#5550);
#5546 = LINE('',#5547,#5548);
#5547 = CARTESIAN_POINT('',(21.2,2.4));
#5548 = VECTOR('',#5549,1.);
#5549 = DIRECTION('',(0.,1.));
#5550 = ( GEOMETRIC_REPRESENTATION_CONTEXT(2) 
PARAMETRIC_REPRESENTATION_CONTEXT() REPRESENTATION_CONTEXT('2D SPACE',''
  ) );
#5551 = ORIENTED_EDGE('',*,*,#5454,.T.);
#5552 = ADVANCED_FACE('',(#5553),#1153,.T.);
#5553 = FACE_BOUND('',#5554,.T.);
#5554 = EDGE_LOOP('',(#5555,#5576,#5577,#5578));
#5555 = ORIENTED_EDGE('',*,*,#5556,.F.);
#5556 = EDGE_CURVE('',#5509,#2175,#5557,.T.);
#5557 = SURFACE_CURVE('',#5558,(#5562,#5569),.PCURVE_S1.);
#5558 = LINE('',#5559,#5560);
#5559 = CARTESIAN_POINT('',(202.4,63.2,0.));
#5560 = VECTOR('',#5561,1.);
#5561 = DIRECTION('',(1.,0.,0.));
#5562 = PCURVE('',#1153,#5563);
#5563 = DEFINITIONAL_REPRESENTATION('',(#5564),#5568);
#5564 = LINE('',#5565,#5566);
#5565 = CARTESIAN_POINT('',(0.,0.));
#5566 = VECTOR('',#5567,1.);
#5567 = DIRECTION('',(0.,1.));
#5568 = ( GEOMETRIC_REPRESENTATION_CONTEXT(2) 
PARAMETRIC_REPRESENTATION_CONTEXT() REPRESENTATION_CONTEXT('2D SPACE',''
  ) );
#5569 = PCURVE('',#578,#5570);
#5570 = DEFINITIONAL_REPRESENTATION('',(#5571),#5575);
#5571 = LINE('',#5572,#5573);
#5572 = CARTESIAN_POINT('',(2.4,138.2));
#5573 = VECTOR('',#5574,1.);
#5574 = DIRECTION('',(1.,0.));
#5575 = ( GEOMETRIC_REPRESENTATION_CONTEXT(2) 
PARAMETRIC_REPRESENTATION_CONTEXT() REPRESENTATION_CONTEXT('2D SPACE',''
  ) );
#5576 = ORIENTED_EDGE('',*,*,#5508,.F.);
#5577 = ORIENTED_EDGE('',*,*,#1135,.T.);
#5578 = ORIENTED_EDGE('',*,*,#2174,.T.);
#5579 = ADVANCED_FACE('',(#5580),#1043,.T.);
#5580 = FACE_BOUND('',#5581,.T.);
#5581 = EDGE_LOOP('',(#5582,#5603,#5604,#5605));
#5582 = ORIENTED_EDGE('',*,*,#5583,.F.);
#5583 = EDGE_CURVE('',#1028,#5095,#5584,.T.);
#5584 = SURFACE_CURVE('',#5585,(#5589,#5596),.PCURVE_S1.);
#5585 = LINE('',#5586,#5587);
#5586 = CARTESIAN_POINT('',(202.4,-60.8,0.));
#5587 = VECTOR('',#5588,1.);
#5588 = DIRECTION('',(1.,0.,0.));
#5589 = PCURVE('',#1043,#5590);
#5590 = DEFINITIONAL_REPRESENTATION('',(#5591),#5595);
#5591 = LINE('',#5592,#5593);
#5592 = CARTESIAN_POINT('',(0.,0.));
#5593 = VECTOR('',#5594,1.);
#5594 = DIRECTION('',(0.,1.));
#5595 = ( GEOMETRIC_REPRESENTATION_CONTEXT(2) 
PARAMETRIC_REPRESENTATION_CONTEXT() REPRESENTATION_CONTEXT('2D SPACE',''
  ) );
#5596 = PCURVE('',#578,#5597);
#5597 = DEFINITIONAL_REPRESENTATION('',(#5598),#5602);
#5598 = LINE('',#5599,#5600);
#5599 = CARTESIAN_POINT('',(2.4,14.2));
#5600 = VECTOR('',#5601,1.);
#5601 = DIRECTION('',(1.,0.));
#5602 = ( GEOMETRIC_REPRESENTATION_CONTEXT(2) 
PARAMETRIC_REPRESENTATION_CONTEXT() REPRESENTATION_CONTEXT('2D SPACE',''
  ) );
#5603 = ORIENTED_EDGE('',*,*,#1027,.T.);
#5604 = ORIENTED_EDGE('',*,*,#1361,.T.);
#5605 = ORIENTED_EDGE('',*,*,#5094,.T.);
#5606 = ADVANCED_FACE('',(#5607),#1094,.F.);
#5607 = FACE_BOUND('',#5608,.F.);
#5608 = EDGE_LOOP('',(#5609,#5630,#5631,#5652));
#5609 = ORIENTED_EDGE('',*,*,#5610,.F.);
#5610 = EDGE_CURVE('',#1056,#4217,#5611,.T.);
#5611 = SURFACE_CURVE('',#5612,(#5616,#5623),.PCURVE_S1.);
#5612 = LINE('',#5613,#5614);
#5613 = CARTESIAN_POINT('',(200.,-60.,0.));
#5614 = VECTOR('',#5615,1.);
#5615 = DIRECTION('',(1.,0.,0.));
#5616 = PCURVE('',#1094,#5617);
#5617 = DEFINITIONAL_REPRESENTATION('',(#5618),#5622);
#5618 = LINE('',#5619,#5620);
#5619 = CARTESIAN_POINT('',(0.,0.));
#5620 = VECTOR('',#5621,1.);
#5621 = DIRECTION('',(0.,1.));
#5622 = ( GEOMETRIC_REPRESENTATION_CONTEXT(2) 
PARAMETRIC_REPRESENTATION_CONTEXT() REPRESENTATION_CONTEXT('2D SPACE',''
  ) );
#5623 = PCURVE('',#578,#5624);
#5624 = DEFINITIONAL_REPRESENTATION('',(#5625),#5629);
#5625 = LINE('',#5626,#5627);
#5626 = CARTESIAN_POINT('',(0.,15.));
#5627 = VECTOR('',#5628,1.);
#5628 = DIRECTION('',(1.,0.));
#5629 = ( GEOMETRIC_REPRESENTATION_CONTEXT(2) 
PARAMETRIC_REPRESENTATION_CONTEXT() REPRESENTATION_CONTEXT('2D SPACE',''
  ) );
#5630 = ORIENTED_EDGE('',*,*,#1078,.T.);
#5631 = ORIENTED_EDGE('',*,*,#5632,.F.);
#5632 = EDGE_CURVE('',#4219,#1079,#5633,.T.);
#5633 = SURFACE_CURVE('',#5634,(#5638,#5645),.PCURVE_S1.);
#5634 = LINE('',#5635,#5636);
#5635 = CARTESIAN_POINT('',(201.2,-60.,28.));
#5636 = VECTOR('',#5637,1.);
#5637 = DIRECTION('',(-1.,0.,0.));
#5638 = PCURVE('',#1094,#5639);
#5639 = DEFINITIONAL_REPRESENTATION('',(#5640),#5644);
#5640 = LINE('',#5641,#5642);
#5641 = CARTESIAN_POINT('',(28.,1.2));
#5642 = VECTOR('',#5643,1.);
#5643 = DIRECTION('',(0.,-1.));
#5644 = ( GEOMETRIC_REPRESENTATION_CONTEXT(2) 
PARAMETRIC_REPRESENTATION_CONTEXT() REPRESENTATION_CONTEXT('2D SPACE',''
  ) );
#5645 = PCURVE('',#1120,#5646);
#5646 = DEFINITIONAL_REPRESENTATION('',(#5647),#5651);
#5647 = LINE('',#5648,#5649);
#5648 = CARTESIAN_POINT('',(-1.2,12.6));
#5649 = VECTOR('',#5650,1.);
#5650 = DIRECTION('',(-1.,0.));
#5651 = ( GEOMETRIC_REPRESENTATION_CONTEXT(2) 
PARAMETRIC_REPRESENTATION_CONTEXT() REPRESENTATION_CONTEXT('2D SPACE',''
  ) );
#5652 = ORIENTED_EDGE('',*,*,#4216,.F.);
#5653 = ADVANCED_FACE('',(#5654,#5800,#5835,#5870,#5905),#1120,.F.);
#5654 = FACE_BOUND('',#5655,.F.);
#5655 = EDGE_LOOP('',(#5656,#5686,#5707,#5708,#5709,#5710,#5711,#5712,
    #5713,#5714,#5715,#5716,#5717,#5718,#5719,#5720,#5721,#5722,#5723,
    #5746,#5774));
#5656 = ORIENTED_EDGE('',*,*,#5657,.F.);
#5657 = EDGE_CURVE('',#5658,#5660,#5662,.T.);
#5658 = VERTEX_POINT('',#5659);
#5659 = CARTESIAN_POINT('',(277.07047609329,-72.6,28.));
#5660 = VERTEX_POINT('',#5661);
#5661 = CARTESIAN_POINT('',(278.07047609329,-71.6,28.));
#5662 = SURFACE_CURVE('',#5663,(#5667,#5674),.PCURVE_S1.);
#5663 = LINE('',#5664,#5665);
#5664 = CARTESIAN_POINT('',(275.,-74.67047609329,28.));
#5665 = VECTOR('',#5666,1.);
#5666 = DIRECTION('',(0.707106781187,0.707106781187,0.));
#5667 = PCURVE('',#1120,#5668);
#5668 = DEFINITIONAL_REPRESENTATION('',(#5669),#5673);
#5669 = LINE('',#5670,#5671);
#5670 = CARTESIAN_POINT('',(72.6,-2.070476093299));
#5671 = VECTOR('',#5672,1.);
#5672 = DIRECTION('',(0.707106781187,0.707106781187));
#5673 = ( GEOMETRIC_REPRESENTATION_CONTEXT(2) 
PARAMETRIC_REPRESENTATION_CONTEXT() REPRESENTATION_CONTEXT('2D SPACE',''
  ) );
#5674 = PCURVE('',#5675,#5680);
#5675 = PLANE('',#5676);
#5676 = AXIS2_PLACEMENT_3D('',#5677,#5678,#5679);
#5677 = CARTESIAN_POINT('',(275.,-74.67047609329,22.));
#5678 = DIRECTION('',(-0.707106781187,0.707106781187,0.));
#5679 = DIRECTION('',(0.707106781187,0.707106781187,0.));
#5680 = DEFINITIONAL_REPRESENTATION('',(#5681),#5685);
#5681 = LINE('',#5682,#5683);
#5682 = CARTESIAN_POINT('',(0.,-6.));
#5683 = VECTOR('',#5684,1.);
#5684 = DIRECTION('',(1.,0.));
#5685 = ( GEOMETRIC_REPRESENTATION_CONTEXT(2) 
PARAMETRIC_REPRESENTATION_CONTEXT() REPRESENTATION_CONTEXT('2D SPACE',''
  ) );
#5686 = ORIENTED_EDGE('',*,*,#5687,.T.);
#5687 = EDGE_CURVE('',#5658,#2536,#5688,.T.);
#5688 = SURFACE_CURVE('',#5689,(#5693,#5700),.PCURVE_S1.);
#5689 = LINE('',#5690,#5691);
#5690 = CARTESIAN_POINT('',(202.4,-72.6,28.));
#5691 = VECTOR('',#5692,1.);
#5692 = DIRECTION('',(1.,0.,0.));
#5693 = PCURVE('',#1120,#5694);
#5694 = DEFINITIONAL_REPRESENTATION('',(#5695),#5699);
#5695 = LINE('',#5696,#5697);
#5696 = CARTESIAN_POINT('',(0.,0.));
#5697 = VECTOR('',#5698,1.);
#5698 = DIRECTION('',(1.,0.));
#5699 = ( GEOMETRIC_REPRESENTATION_CONTEXT(2) 
PARAMETRIC_REPRESENTATION_CONTEXT() REPRESENTATION_CONTEXT('2D SPACE',''
  ) );
#5700 = PCURVE('',#919,#5701);
#5701 = DEFINITIONAL_REPRESENTATION('',(#5702),#5706);
#5702 = LINE('',#5703,#5704);
#5703 = CARTESIAN_POINT('',(29.,0.));
#5704 = VECTOR('',#5705,1.);
#5705 = DIRECTION('',(0.,1.));
#5706 = ( GEOMETRIC_REPRESENTATION_CONTEXT(2) 
PARAMETRIC_REPRESENTATION_CONTEXT() REPRESENTATION_CONTEXT('2D SPACE',''
  ) );
#5707 = ORIENTED_EDGE('',*,*,#2786,.T.);
#5708 = ORIENTED_EDGE('',*,*,#4730,.F.);
#5709 = ORIENTED_EDGE('',*,*,#4679,.T.);
#5710 = ORIENTED_EDGE('',*,*,#4655,.F.);
#5711 = ORIENTED_EDGE('',*,*,#4606,.F.);
#5712 = ORIENTED_EDGE('',*,*,#4556,.F.);
#5713 = ORIENTED_EDGE('',*,*,#4507,.F.);
#5714 = ORIENTED_EDGE('',*,*,#4459,.F.);
#5715 = ORIENTED_EDGE('',*,*,#4387,.F.);
#5716 = ORIENTED_EDGE('',*,*,#4336,.F.);
#5717 = ORIENTED_EDGE('',*,*,#4289,.F.);
#5718 = ORIENTED_EDGE('',*,*,#4038,.F.);
#5719 = ORIENTED_EDGE('',*,*,#4164,.F.);
#5720 = ORIENTED_EDGE('',*,*,#4263,.F.);
#5721 = ORIENTED_EDGE('',*,*,#5632,.T.);
#5722 = ORIENTED_EDGE('',*,*,#1106,.F.);
#5723 = ORIENTED_EDGE('',*,*,#5724,.T.);
#5724 = EDGE_CURVE('',#904,#5725,#5727,.T.);
#5725 = VERTEX_POINT('',#5726);
#5726 = CARTESIAN_POINT('',(272.9295239067,-72.6,28.));
#5727 = SURFACE_CURVE('',#5728,(#5732,#5739),.PCURVE_S1.);
#5728 = LINE('',#5729,#5730);
#5729 = CARTESIAN_POINT('',(202.4,-72.6,28.));
#5730 = VECTOR('',#5731,1.);
#5731 = DIRECTION('',(1.,0.,0.));
#5732 = PCURVE('',#1120,#5733);
#5733 = DEFINITIONAL_REPRESENTATION('',(#5734),#5738);
#5734 = LINE('',#5735,#5736);
#5735 = CARTESIAN_POINT('',(0.,0.));
#5736 = VECTOR('',#5737,1.);
#5737 = DIRECTION('',(1.,0.));
#5738 = ( GEOMETRIC_REPRESENTATION_CONTEXT(2) 
PARAMETRIC_REPRESENTATION_CONTEXT() REPRESENTATION_CONTEXT('2D SPACE',''
  ) );
#5739 = PCURVE('',#919,#5740);
#5740 = DEFINITIONAL_REPRESENTATION('',(#5741),#5745);
#5741 = LINE('',#5742,#5743);
#5742 = CARTESIAN_POINT('',(29.,0.));
#5743 = VECTOR('',#5744,1.);
#5744 = DIRECTION('',(0.,1.));
#5745 = ( GEOMETRIC_REPRESENTATION_CONTEXT(2) 
PARAMETRIC_REPRESENTATION_CONTEXT() REPRESENTATION_CONTEXT('2D SPACE',''
  ) );
#5746 = ORIENTED_EDGE('',*,*,#5747,.F.);
#5747 = EDGE_CURVE('',#5748,#5725,#5750,.T.);
#5748 = VERTEX_POINT('',#5749);
#5749 = CARTESIAN_POINT('',(271.9295239067,-71.6,28.));
#5750 = SURFACE_CURVE('',#5751,(#5755,#5762),.PCURVE_S1.);
#5751 = LINE('',#5752,#5753);
#5752 = CARTESIAN_POINT('',(200.3295239067,9.144495953847E-15,28.));
#5753 = VECTOR('',#5754,1.);
#5754 = DIRECTION('',(0.707106781187,-0.707106781187,0.));
#5755 = PCURVE('',#1120,#5756);
#5756 = DEFINITIONAL_REPRESENTATION('',(#5757),#5761);
#5757 = LINE('',#5758,#5759);
#5758 = CARTESIAN_POINT('',(-2.070476093299,72.6));
#5759 = VECTOR('',#5760,1.);
#5760 = DIRECTION('',(0.707106781187,-0.707106781187));
#5761 = ( GEOMETRIC_REPRESENTATION_CONTEXT(2) 
PARAMETRIC_REPRESENTATION_CONTEXT() REPRESENTATION_CONTEXT('2D SPACE',''
  ) );
#5762 = PCURVE('',#5763,#5768);
#5763 = PLANE('',#5764);
#5764 = AXIS2_PLACEMENT_3D('',#5765,#5766,#5767);
#5765 = CARTESIAN_POINT('',(200.3295239067,9.144495953847E-15,22.));
#5766 = DIRECTION('',(0.707106781187,0.707106781187,-0.));
#5767 = DIRECTION('',(0.707106781187,-0.707106781187,0.));
#5768 = DEFINITIONAL_REPRESENTATION('',(#5769),#5773);
#5769 = LINE('',#5770,#5771);
#5770 = CARTESIAN_POINT('',(0.,-6.));
#5771 = VECTOR('',#5772,1.);
#5772 = DIRECTION('',(1.,0.));
#5773 = ( GEOMETRIC_REPRESENTATION_CONTEXT(2) 
PARAMETRIC_REPRESENTATION_CONTEXT() REPRESENTATION_CONTEXT('2D SPACE',''
  ) );
#5774 = ORIENTED_EDGE('',*,*,#5775,.T.);
#5775 = EDGE_CURVE('',#5748,#5660,#5776,.T.);
#5776 = SURFACE_CURVE('',#5777,(#5781,#5788),.PCURVE_S1.);
#5777 = LINE('',#5778,#5779);
#5778 = CARTESIAN_POINT('',(255.,-71.6,28.));
#5779 = VECTOR('',#5780,1.);
#5780 = DIRECTION('',(1.,0.,0.));
#5781 = PCURVE('',#1120,#5782);
#5782 = DEFINITIONAL_REPRESENTATION('',(#5783),#5787);
#5783 = LINE('',#5784,#5785);
#5784 = CARTESIAN_POINT('',(52.6,1.));
#5785 = VECTOR('',#5786,1.);
#5786 = DIRECTION('',(1.,0.));
#5787 = ( GEOMETRIC_REPRESENTATION_CONTEXT(2) 
PARAMETRIC_REPRESENTATION_CONTEXT() REPRESENTATION_CONTEXT('2D SPACE',''
  ) );
#5788 = PCURVE('',#5789,#5794);
#5789 = PLANE('',#5790);
#5790 = AXIS2_PLACEMENT_3D('',#5791,#5792,#5793);
#5791 = CARTESIAN_POINT('',(255.,-71.6,20.));
#5792 = DIRECTION('',(0.,1.,0.));
#5793 = DIRECTION('',(0.,0.,1.));
#5794 = DEFINITIONAL_REPRESENTATION('',(#5795),#5799);
#5795 = LINE('',#5796,#5797);
#5796 = CARTESIAN_POINT('',(8.,0.));
#5797 = VECTOR('',#5798,1.);
#5798 = DIRECTION('',(0.,1.));
#5799 = ( GEOMETRIC_REPRESENTATION_CONTEXT(2) 
PARAMETRIC_REPRESENTATION_CONTEXT() REPRESENTATION_CONTEXT('2D SPACE',''
  ) );
#5800 = FACE_BOUND('',#5801,.F.);
#5801 = EDGE_LOOP('',(#5802));
#5802 = ORIENTED_EDGE('',*,*,#5803,.T.);
#5803 = EDGE_CURVE('',#5804,#5804,#5806,.T.);
#5804 = VERTEX_POINT('',#5805);
#5805 = CARTESIAN_POINT('',(213.7,-68.,28.));
#5806 = SURFACE_CURVE('',#5807,(#5812,#5823),.PCURVE_S1.);
#5807 = CIRCLE('',#5808,1.7);
#5808 = AXIS2_PLACEMENT_3D('',#5809,#5810,#5811);
#5809 = CARTESIAN_POINT('',(212.,-68.,28.));
#5810 = DIRECTION('',(0.,0.,-1.));
#5811 = DIRECTION('',(1.,0.,0.));
#5812 = PCURVE('',#1120,#5813);
#5813 = DEFINITIONAL_REPRESENTATION('',(#5814),#5822);
#5814 = ( BOUNDED_CURVE() B_SPLINE_CURVE(2,(#5815,#5816,#5817,#5818,
#5819,#5820,#5821),.UNSPECIFIED.,.T.,.F.) B_SPLINE_CURVE_WITH_KNOTS((1,2
    ,2,2,2,1),(-2.094395102393,0.,2.094395102393,4.188790204786,
6.28318530718,8.377580409573),.UNSPECIFIED.) CURVE() 
GEOMETRIC_REPRESENTATION_ITEM() RATIONAL_B_SPLINE_CURVE((1.,0.5,1.,0.5,
1.,0.5,1.)) REPRESENTATION_ITEM('') );
#5815 = CARTESIAN_POINT('',(11.3,4.6));
#5816 = CARTESIAN_POINT('',(11.3,1.655513627133));
#5817 = CARTESIAN_POINT('',(8.75,3.127756813566));
#5818 = CARTESIAN_POINT('',(6.2,4.6));
#5819 = CARTESIAN_POINT('',(8.75,6.072243186434));
#5820 = CARTESIAN_POINT('',(11.3,7.544486372867));
#5821 = CARTESIAN_POINT('',(11.3,4.6));
#5822 = ( GEOMETRIC_REPRESENTATION_CONTEXT(2) 
PARAMETRIC_REPRESENTATION_CONTEXT() REPRESENTATION_CONTEXT('2D SPACE',''
  ) );
#5823 = PCURVE('',#5824,#5829);
#5824 = CYLINDRICAL_SURFACE('',#5825,1.7);
#5825 = AXIS2_PLACEMENT_3D('',#5826,#5827,#5828);
#5826 = CARTESIAN_POINT('',(212.,-68.,27.));
#5827 = DIRECTION('',(-0.,-0.,-1.));
#5828 = DIRECTION('',(1.,0.,0.));
#5829 = DEFINITIONAL_REPRESENTATION('',(#5830),#5834);
#5830 = LINE('',#5831,#5832);
#5831 = CARTESIAN_POINT('',(-6.28318530718,-1.));
#5832 = VECTOR('',#5833,1.);
#5833 = DIRECTION('',(1.,-0.));
#5834 = ( GEOMETRIC_REPRESENTATION_CONTEXT(2) 
PARAMETRIC_REPRESENTATION_CONTEXT() REPRESENTATION_CONTEXT('2D SPACE',''
  ) );
#5835 = FACE_BOUND('',#5836,.F.);
#5836 = EDGE_LOOP('',(#5837));
#5837 = ORIENTED_EDGE('',*,*,#5838,.T.);
#5838 = EDGE_CURVE('',#5839,#5839,#5841,.T.);
#5839 = VERTEX_POINT('',#5840);
#5840 = CARTESIAN_POINT('',(276.7,-68.,28.));
#5841 = SURFACE_CURVE('',#5842,(#5847,#5858),.PCURVE_S1.);
#5842 = CIRCLE('',#5843,1.7);
#5843 = AXIS2_PLACEMENT_3D('',#5844,#5845,#5846);
#5844 = CARTESIAN_POINT('',(275.,-68.,28.));
#5845 = DIRECTION('',(0.,0.,-1.));
#5846 = DIRECTION('',(1.,0.,0.));
#5847 = PCURVE('',#1120,#5848);
#5848 = DEFINITIONAL_REPRESENTATION('',(#5849),#5857);
#5849 = ( BOUNDED_CURVE() B_SPLINE_CURVE(2,(#5850,#5851,#5852,#5853,
#5854,#5855,#5856),.UNSPECIFIED.,.T.,.F.) B_SPLINE_CURVE_WITH_KNOTS((1,2
    ,2,2,2,1),(-2.094395102393,0.,2.094395102393,4.188790204786,
6.28318530718,8.377580409573),.UNSPECIFIED.) CURVE() 
GEOMETRIC_REPRESENTATION_ITEM() RATIONAL_B_SPLINE_CURVE((1.,0.5,1.,0.5,
1.,0.5,1.)) REPRESENTATION_ITEM('') );
#5850 = CARTESIAN_POINT('',(74.3,4.6));
#5851 = CARTESIAN_POINT('',(74.3,1.655513627133));
#5852 = CARTESIAN_POINT('',(71.75,3.127756813566));
#5853 = CARTESIAN_POINT('',(69.2,4.6));
#5854 = CARTESIAN_POINT('',(71.75,6.072243186434));
#5855 = CARTESIAN_POINT('',(74.3,7.544486372867));
#5856 = CARTESIAN_POINT('',(74.3,4.6));
#5857 = ( GEOMETRIC_REPRESENTATION_CONTEXT(2) 
PARAMETRIC_REPRESENTATION_CONTEXT() REPRESENTATION_CONTEXT('2D SPACE',''
  ) );
#5858 = PCURVE('',#5859,#5864);
#5859 = CYLINDRICAL_SURFACE('',#5860,1.7);
#5860 = AXIS2_PLACEMENT_3D('',#5861,#5862,#5863);
#5861 = CARTESIAN_POINT('',(275.,-68.,27.));
#5862 = DIRECTION('',(-0.,-0.,-1.));
#5863 = DIRECTION('',(1.,0.,0.));
#5864 = DEFINITIONAL_REPRESENTATION('',(#5865),#5869);
#5865 = LINE('',#5866,#5867);
#5866 = CARTESIAN_POINT('',(-6.28318530718,-1.));
#5867 = VECTOR('',#5868,1.);
#5868 = DIRECTION('',(1.,-0.));
#5869 = ( GEOMETRIC_REPRESENTATION_CONTEXT(2) 
PARAMETRIC_REPRESENTATION_CONTEXT() REPRESENTATION_CONTEXT('2D SPACE',''
  ) );
#5870 = FACE_BOUND('',#5871,.F.);
#5871 = EDGE_LOOP('',(#5872));
#5872 = ORIENTED_EDGE('',*,*,#5873,.T.);
#5873 = EDGE_CURVE('',#5874,#5874,#5876,.T.);
#5874 = VERTEX_POINT('',#5875);
#5875 = CARTESIAN_POINT('',(339.7,-68.,28.));
#5876 = SURFACE_CURVE('',#5877,(#5882,#5893),.PCURVE_S1.);
#5877 = CIRCLE('',#5878,1.7);
#5878 = AXIS2_PLACEMENT_3D('',#5879,#5880,#5881);
#5879 = CARTESIAN_POINT('',(338.,-68.,28.));
#5880 = DIRECTION('',(0.,0.,-1.));
#5881 = DIRECTION('',(1.,0.,0.));
#5882 = PCURVE('',#1120,#5883);
#5883 = DEFINITIONAL_REPRESENTATION('',(#5884),#5892);
#5884 = ( BOUNDED_CURVE() B_SPLINE_CURVE(2,(#5885,#5886,#5887,#5888,
#5889,#5890,#5891),.UNSPECIFIED.,.T.,.F.) B_SPLINE_CURVE_WITH_KNOTS((1,2
    ,2,2,2,1),(-2.094395102393,0.,2.094395102393,4.188790204786,
6.28318530718,8.377580409573),.UNSPECIFIED.) CURVE() 
GEOMETRIC_REPRESENTATION_ITEM() RATIONAL_B_SPLINE_CURVE((1.,0.5,1.,0.5,
1.,0.5,1.)) REPRESENTATION_ITEM('') );
#5885 = CARTESIAN_POINT('',(137.3,4.6));
#5886 = CARTESIAN_POINT('',(137.3,1.655513627133));
#5887 = CARTESIAN_POINT('',(134.75,3.127756813566));
#5888 = CARTESIAN_POINT('',(132.2,4.6));
#5889 = CARTESIAN_POINT('',(134.75,6.072243186434));
#5890 = CARTESIAN_POINT('',(137.3,7.544486372867));
#5891 = CARTESIAN_POINT('',(137.3,4.6));
#5892 = ( GEOMETRIC_REPRESENTATION_CONTEXT(2) 
PARAMETRIC_REPRESENTATION_CONTEXT() REPRESENTATION_CONTEXT('2D SPACE',''
  ) );
#5893 = PCURVE('',#5894,#5899);
#5894 = CYLINDRICAL_SURFACE('',#5895,1.7);
#5895 = AXIS2_PLACEMENT_3D('',#5896,#5897,#5898);
#5896 = CARTESIAN_POINT('',(338.,-68.,27.));
#5897 = DIRECTION('',(-0.,-0.,-1.));
#5898 = DIRECTION('',(1.,0.,0.));
#5899 = DEFINITIONAL_REPRESENTATION('',(#5900),#5904);
#5900 = LINE('',#5901,#5902);
#5901 = CARTESIAN_POINT('',(-6.28318530718,-1.));
#5902 = VECTOR('',#5903,1.);
#5903 = DIRECTION('',(1.,-0.));
#5904 = ( GEOMETRIC_REPRESENTATION_CONTEXT(2) 
PARAMETRIC_REPRESENTATION_CONTEXT() REPRESENTATION_CONTEXT('2D SPACE',''
  ) );
#5905 = FACE_BOUND('',#5906,.F.);
#5906 = EDGE_LOOP('',(#5907));
#5907 = ORIENTED_EDGE('',*,*,#5908,.T.);
#5908 = EDGE_CURVE('',#5909,#5909,#5911,.T.);
#5909 = VERTEX_POINT('',#5910);
#5910 = CARTESIAN_POINT('',(276.7,68.,28.));
#5911 = SURFACE_CURVE('',#5912,(#5917,#5928),.PCURVE_S1.);
#5912 = CIRCLE('',#5913,1.7);
#5913 = AXIS2_PLACEMENT_3D('',#5914,#5915,#5916);
#5914 = CARTESIAN_POINT('',(275.,68.,28.));
#5915 = DIRECTION('',(0.,0.,-1.));
#5916 = DIRECTION('',(1.,0.,0.));
#5917 = PCURVE('',#1120,#5918);
#5918 = DEFINITIONAL_REPRESENTATION('',(#5919),#5927);
#5919 = ( BOUNDED_CURVE() B_SPLINE_CURVE(2,(#5920,#5921,#5922,#5923,
#5924,#5925,#5926),.UNSPECIFIED.,.T.,.F.) B_SPLINE_CURVE_WITH_KNOTS((1,2
    ,2,2,2,1),(-2.094395102393,0.,2.094395102393,4.188790204786,
6.28318530718,8.377580409573),.UNSPECIFIED.) CURVE() 
GEOMETRIC_REPRESENTATION_ITEM() RATIONAL_B_SPLINE_CURVE((1.,0.5,1.,0.5,
1.,0.5,1.)) REPRESENTATION_ITEM('') );
#5920 = CARTESIAN_POINT('',(74.3,140.6));
#5921 = CARTESIAN_POINT('',(74.3,137.65551362713));
#5922 = CARTESIAN_POINT('',(71.75,139.12775681356));
#5923 = CARTESIAN_POINT('',(69.2,140.6));
#5924 = CARTESIAN_POINT('',(71.75,142.07224318643));
#5925 = CARTESIAN_POINT('',(74.3,143.54448637286));
#5926 = CARTESIAN_POINT('',(74.3,140.6));
#5927 = ( GEOMETRIC_REPRESENTATION_CONTEXT(2) 
PARAMETRIC_REPRESENTATION_CONTEXT() REPRESENTATION_CONTEXT('2D SPACE',''
  ) );
#5928 = PCURVE('',#5929,#5934);
#5929 = CYLINDRICAL_SURFACE('',#5930,1.7);
#5930 = AXIS2_PLACEMENT_3D('',#5931,#5932,#5933);
#5931 = CARTESIAN_POINT('',(275.,68.,27.));
#5932 = DIRECTION('',(-0.,-0.,-1.));
#5933 = DIRECTION('',(1.,0.,0.));
#5934 = DEFINITIONAL_REPRESENTATION('',(#5935),#5939);
#5935 = LINE('',#5936,#5937);
#5936 = CARTESIAN_POINT('',(-6.28318530718,-1.));
#5937 = VECTOR('',#5938,1.);
#5938 = DIRECTION('',(1.,-0.));
#5939 = ( GEOMETRIC_REPRESENTATION_CONTEXT(2) 
PARAMETRIC_REPRESENTATION_CONTEXT() REPRESENTATION_CONTEXT('2D SPACE',''
  ) );
#5940 = ADVANCED_FACE('',(#5941),#5929,.F.);
#5941 = FACE_BOUND('',#5942,.T.);
#5942 = EDGE_LOOP('',(#5943,#5944,#5967,#5998));
#5943 = ORIENTED_EDGE('',*,*,#5908,.T.);
#5944 = ORIENTED_EDGE('',*,*,#5945,.T.);
#5945 = EDGE_CURVE('',#5909,#5946,#5948,.T.);
#5946 = VERTEX_POINT('',#5947);
#5947 = CARTESIAN_POINT('',(276.7,68.,32.));
#5948 = SEAM_CURVE('',#5949,(#5953,#5960),.PCURVE_S1.);
#5949 = LINE('',#5950,#5951);
#5950 = CARTESIAN_POINT('',(276.7,68.,27.));
#5951 = VECTOR('',#5952,1.);
#5952 = DIRECTION('',(0.,0.,1.));
#5953 = PCURVE('',#5929,#5954);
#5954 = DEFINITIONAL_REPRESENTATION('',(#5955),#5959);
#5955 = LINE('',#5956,#5957);
#5956 = CARTESIAN_POINT('',(-6.28318530718,0.));
#5957 = VECTOR('',#5958,1.);
#5958 = DIRECTION('',(-0.,-1.));
#5959 = ( GEOMETRIC_REPRESENTATION_CONTEXT(2) 
PARAMETRIC_REPRESENTATION_CONTEXT() REPRESENTATION_CONTEXT('2D SPACE',''
  ) );
#5960 = PCURVE('',#5929,#5961);
#5961 = DEFINITIONAL_REPRESENTATION('',(#5962),#5966);
#5962 = LINE('',#5963,#5964);
#5963 = CARTESIAN_POINT('',(-0.,0.));
#5964 = VECTOR('',#5965,1.);
#5965 = DIRECTION('',(-0.,-1.));
#5966 = ( GEOMETRIC_REPRESENTATION_CONTEXT(2) 
PARAMETRIC_REPRESENTATION_CONTEXT() REPRESENTATION_CONTEXT('2D SPACE',''
  ) );
#5967 = ORIENTED_EDGE('',*,*,#5968,.F.);
#5968 = EDGE_CURVE('',#5946,#5946,#5969,.T.);
#5969 = SURFACE_CURVE('',#5970,(#5975,#5982),.PCURVE_S1.);
#5970 = CIRCLE('',#5971,1.7);
#5971 = AXIS2_PLACEMENT_3D('',#5972,#5973,#5974);
#5972 = CARTESIAN_POINT('',(275.,68.,32.));
#5973 = DIRECTION('',(0.,0.,-1.));
#5974 = DIRECTION('',(1.,0.,0.));
#5975 = PCURVE('',#5929,#5976);
#5976 = DEFINITIONAL_REPRESENTATION('',(#5977),#5981);
#5977 = LINE('',#5978,#5979);
#5978 = CARTESIAN_POINT('',(-6.28318530718,-5.));
#5979 = VECTOR('',#5980,1.);
#5980 = DIRECTION('',(1.,-0.));
#5981 = ( GEOMETRIC_REPRESENTATION_CONTEXT(2) 
PARAMETRIC_REPRESENTATION_CONTEXT() REPRESENTATION_CONTEXT('2D SPACE',''
  ) );
#5982 = PCURVE('',#5983,#5988);
#5983 = PLANE('',#5984);
#5984 = AXIS2_PLACEMENT_3D('',#5985,#5986,#5987);
#5985 = CARTESIAN_POINT('',(200.,-75.,32.));
#5986 = DIRECTION('',(0.,0.,1.));
#5987 = DIRECTION('',(1.,0.,0.));
#5988 = DEFINITIONAL_REPRESENTATION('',(#5989),#5997);
#5989 = ( BOUNDED_CURVE() B_SPLINE_CURVE(2,(#5990,#5991,#5992,#5993,
#5994,#5995,#5996),.UNSPECIFIED.,.T.,.F.) B_SPLINE_CURVE_WITH_KNOTS((1,2
    ,2,2,2,1),(-2.094395102393,0.,2.094395102393,4.188790204786,
6.28318530718,8.377580409573),.UNSPECIFIED.) CURVE() 
GEOMETRIC_REPRESENTATION_ITEM() RATIONAL_B_SPLINE_CURVE((1.,0.5,1.,0.5,
1.,0.5,1.)) REPRESENTATION_ITEM('') );
#5990 = CARTESIAN_POINT('',(76.7,143.));
#5991 = CARTESIAN_POINT('',(76.7,140.05551362713));
#5992 = CARTESIAN_POINT('',(74.15,141.52775681356));
#5993 = CARTESIAN_POINT('',(71.6,143.));
#5994 = CARTESIAN_POINT('',(74.15,144.47224318643));
#5995 = CARTESIAN_POINT('',(76.7,145.94448637286));
#5996 = CARTESIAN_POINT('',(76.7,143.));
#5997 = ( GEOMETRIC_REPRESENTATION_CONTEXT(2) 
PARAMETRIC_REPRESENTATION_CONTEXT() REPRESENTATION_CONTEXT('2D SPACE',''
  ) );
#5998 = ORIENTED_EDGE('',*,*,#5945,.F.);
#5999 = ADVANCED_FACE('',(#6000,#6035),#5983,.T.);
#6000 = FACE_BOUND('',#6001,.T.);
#6001 = EDGE_LOOP('',(#6002));
#6002 = ORIENTED_EDGE('',*,*,#6003,.F.);
#6003 = EDGE_CURVE('',#6004,#6004,#6006,.T.);
#6004 = VERTEX_POINT('',#6005);
#6005 = CARTESIAN_POINT('',(276.8,68.,32.));
#6006 = SURFACE_CURVE('',#6007,(#6012,#6023),.PCURVE_S1.);
#6007 = CIRCLE('',#6008,1.8);
#6008 = AXIS2_PLACEMENT_3D('',#6009,#6010,#6011);
#6009 = CARTESIAN_POINT('',(275.,68.,32.));
#6010 = DIRECTION('',(0.,0.,-1.));
#6011 = DIRECTION('',(1.,0.,0.));
#6012 = PCURVE('',#5983,#6013);
#6013 = DEFINITIONAL_REPRESENTATION('',(#6014),#6022);
#6014 = ( BOUNDED_CURVE() B_SPLINE_CURVE(2,(#6015,#6016,#6017,#6018,
#6019,#6020,#6021),.UNSPECIFIED.,.T.,.F.) B_SPLINE_CURVE_WITH_KNOTS((1,2
    ,2,2,2,1),(-2.094395102393,0.,2.094395102393,4.188790204786,
6.28318530718,8.377580409573),.UNSPECIFIED.) CURVE() 
GEOMETRIC_REPRESENTATION_ITEM() RATIONAL_B_SPLINE_CURVE((1.,0.5,1.,0.5,
1.,0.5,1.)) REPRESENTATION_ITEM('') );
#6015 = CARTESIAN_POINT('',(76.8,143.));
#6016 = CARTESIAN_POINT('',(76.8,139.88230854637));
#6017 = CARTESIAN_POINT('',(74.1,141.44115427318));
#6018 = CARTESIAN_POINT('',(71.4,143.));
#6019 = CARTESIAN_POINT('',(74.1,144.55884572681));
#6020 = CARTESIAN_POINT('',(76.8,146.11769145362));
#6021 = CARTESIAN_POINT('',(76.8,143.));
#6022 = ( GEOMETRIC_REPRESENTATION_CONTEXT(2) 
PARAMETRIC_REPRESENTATION_CONTEXT() REPRESENTATION_CONTEXT('2D SPACE',''
  ) );
#6023 = PCURVE('',#6024,#6029);
#6024 = CYLINDRICAL_SURFACE('',#6025,1.8);
#6025 = AXIS2_PLACEMENT_3D('',#6026,#6027,#6028);
#6026 = CARTESIAN_POINT('',(275.,68.,31.));
#6027 = DIRECTION('',(-0.,-0.,-1.));
#6028 = DIRECTION('',(1.,0.,0.));
#6029 = DEFINITIONAL_REPRESENTATION('',(#6030),#6034);
#6030 = LINE('',#6031,#6032);
#6031 = CARTESIAN_POINT('',(-6.28318530718,-1.));
#6032 = VECTOR('',#6033,1.);
#6033 = DIRECTION('',(1.,-0.));
#6034 = ( GEOMETRIC_REPRESENTATION_CONTEXT(2) 
PARAMETRIC_REPRESENTATION_CONTEXT() REPRESENTATION_CONTEXT('2D SPACE',''
  ) );
#6035 = FACE_BOUND('',#6036,.T.);
#6036 = EDGE_LOOP('',(#6037));
#6037 = ORIENTED_EDGE('',*,*,#5968,.T.);
#6038 = ADVANCED_FACE('',(#6039),#6024,.F.);
#6039 = FACE_BOUND('',#6040,.T.);
#6040 = EDGE_LOOP('',(#6041,#6042,#6065,#6091));
#6041 = ORIENTED_EDGE('',*,*,#6003,.T.);
#6042 = ORIENTED_EDGE('',*,*,#6043,.T.);
#6043 = EDGE_CURVE('',#6004,#6044,#6046,.T.);
#6044 = VERTEX_POINT('',#6045);
#6045 = CARTESIAN_POINT('',(276.8,68.,36.));
#6046 = SEAM_CURVE('',#6047,(#6051,#6058),.PCURVE_S1.);
#6047 = LINE('',#6048,#6049);
#6048 = CARTESIAN_POINT('',(276.8,68.,31.));
#6049 = VECTOR('',#6050,1.);
#6050 = DIRECTION('',(0.,0.,1.));
#6051 = PCURVE('',#6024,#6052);
#6052 = DEFINITIONAL_REPRESENTATION('',(#6053),#6057);
#6053 = LINE('',#6054,#6055);
#6054 = CARTESIAN_POINT('',(-6.28318530718,0.));
#6055 = VECTOR('',#6056,1.);
#6056 = DIRECTION('',(-0.,-1.));
#6057 = ( GEOMETRIC_REPRESENTATION_CONTEXT(2) 
PARAMETRIC_REPRESENTATION_CONTEXT() REPRESENTATION_CONTEXT('2D SPACE',''
  ) );
#6058 = PCURVE('',#6024,#6059);
#6059 = DEFINITIONAL_REPRESENTATION('',(#6060),#6064);
#6060 = LINE('',#6061,#6062);
#6061 = CARTESIAN_POINT('',(-0.,0.));
#6062 = VECTOR('',#6063,1.);
#6063 = DIRECTION('',(-0.,-1.));
#6064 = ( GEOMETRIC_REPRESENTATION_CONTEXT(2) 
PARAMETRIC_REPRESENTATION_CONTEXT() REPRESENTATION_CONTEXT('2D SPACE',''
  ) );
#6065 = ORIENTED_EDGE('',*,*,#6066,.F.);
#6066 = EDGE_CURVE('',#6044,#6044,#6067,.T.);
#6067 = SURFACE_CURVE('',#6068,(#6073,#6080),.PCURVE_S1.);
#6068 = CIRCLE('',#6069,1.8);
#6069 = AXIS2_PLACEMENT_3D('',#6070,#6071,#6072);
#6070 = CARTESIAN_POINT('',(275.,68.,36.));
#6071 = DIRECTION('',(0.,0.,-1.));
#6072 = DIRECTION('',(1.,0.,0.));
#6073 = PCURVE('',#6024,#6074);
#6074 = DEFINITIONAL_REPRESENTATION('',(#6075),#6079);
#6075 = LINE('',#6076,#6077);
#6076 = CARTESIAN_POINT('',(-6.28318530718,-5.));
#6077 = VECTOR('',#6078,1.);
#6078 = DIRECTION('',(1.,-0.));
#6079 = ( GEOMETRIC_REPRESENTATION_CONTEXT(2) 
PARAMETRIC_REPRESENTATION_CONTEXT() REPRESENTATION_CONTEXT('2D SPACE',''
  ) );
#6080 = PCURVE('',#634,#6081);
#6081 = DEFINITIONAL_REPRESENTATION('',(#6082),#6090);
#6082 = ( BOUNDED_CURVE() B_SPLINE_CURVE(2,(#6083,#6084,#6085,#6086,
#6087,#6088,#6089),.UNSPECIFIED.,.T.,.F.) B_SPLINE_CURVE_WITH_KNOTS((1,2
    ,2,2,2,1),(-2.094395102393,0.,2.094395102393,4.188790204786,
6.28318530718,8.377580409573),.UNSPECIFIED.) CURVE() 
GEOMETRIC_REPRESENTATION_ITEM() RATIONAL_B_SPLINE_CURVE((1.,0.5,1.,0.5,
1.,0.5,1.)) REPRESENTATION_ITEM('') );
#6083 = CARTESIAN_POINT('',(76.8,13.));
#6084 = CARTESIAN_POINT('',(76.8,9.882308546376));
#6085 = CARTESIAN_POINT('',(74.1,11.441154273188));
#6086 = CARTESIAN_POINT('',(71.4,13.));
#6087 = CARTESIAN_POINT('',(74.1,14.558845726812));
#6088 = CARTESIAN_POINT('',(76.8,16.117691453624));
#6089 = CARTESIAN_POINT('',(76.8,13.));
#6090 = ( GEOMETRIC_REPRESENTATION_CONTEXT(2) 
PARAMETRIC_REPRESENTATION_CONTEXT() REPRESENTATION_CONTEXT('2D SPACE',''
  ) );
#6091 = ORIENTED_EDGE('',*,*,#6043,.F.);
#6092 = ADVANCED_FACE('',(#6093),#5894,.F.);
#6093 = FACE_BOUND('',#6094,.T.);
#6094 = EDGE_LOOP('',(#6095,#6096,#6119,#6150));
#6095 = ORIENTED_EDGE('',*,*,#5873,.T.);
#6096 = ORIENTED_EDGE('',*,*,#6097,.T.);
#6097 = EDGE_CURVE('',#5874,#6098,#6100,.T.);
#6098 = VERTEX_POINT('',#6099);
#6099 = CARTESIAN_POINT('',(339.7,-68.,32.));
#6100 = SEAM_CURVE('',#6101,(#6105,#6112),.PCURVE_S1.);
#6101 = LINE('',#6102,#6103);
#6102 = CARTESIAN_POINT('',(339.7,-68.,27.));
#6103 = VECTOR('',#6104,1.);
#6104 = DIRECTION('',(0.,0.,1.));
#6105 = PCURVE('',#5894,#6106);
#6106 = DEFINITIONAL_REPRESENTATION('',(#6107),#6111);
#6107 = LINE('',#6108,#6109);
#6108 = CARTESIAN_POINT('',(-6.28318530718,0.));
#6109 = VECTOR('',#6110,1.);
#6110 = DIRECTION('',(-0.,-1.));
#6111 = ( GEOMETRIC_REPRESENTATION_CONTEXT(2) 
PARAMETRIC_REPRESENTATION_CONTEXT() REPRESENTATION_CONTEXT('2D SPACE',''
  ) );
#6112 = PCURVE('',#5894,#6113);
#6113 = DEFINITIONAL_REPRESENTATION('',(#6114),#6118);
#6114 = LINE('',#6115,#6116);
#6115 = CARTESIAN_POINT('',(-0.,0.));
#6116 = VECTOR('',#6117,1.);
#6117 = DIRECTION('',(-0.,-1.));
#6118 = ( GEOMETRIC_REPRESENTATION_CONTEXT(2) 
PARAMETRIC_REPRESENTATION_CONTEXT() REPRESENTATION_CONTEXT('2D SPACE',''
  ) );
#6119 = ORIENTED_EDGE('',*,*,#6120,.F.);
#6120 = EDGE_CURVE('',#6098,#6098,#6121,.T.);
#6121 = SURFACE_CURVE('',#6122,(#6127,#6134),.PCURVE_S1.);
#6122 = CIRCLE('',#6123,1.7);
#6123 = AXIS2_PLACEMENT_3D('',#6124,#6125,#6126);
#6124 = CARTESIAN_POINT('',(338.,-68.,32.));
#6125 = DIRECTION('',(0.,0.,-1.));
#6126 = DIRECTION('',(1.,0.,0.));
#6127 = PCURVE('',#5894,#6128);
#6128 = DEFINITIONAL_REPRESENTATION('',(#6129),#6133);
#6129 = LINE('',#6130,#6131);
#6130 = CARTESIAN_POINT('',(-6.28318530718,-5.));
#6131 = VECTOR('',#6132,1.);
#6132 = DIRECTION('',(1.,-0.));
#6133 = ( GEOMETRIC_REPRESENTATION_CONTEXT(2) 
PARAMETRIC_REPRESENTATION_CONTEXT() REPRESENTATION_CONTEXT('2D SPACE',''
  ) );
#6134 = PCURVE('',#6135,#6140);
#6135 = PLANE('',#6136);
#6136 = AXIS2_PLACEMENT_3D('',#6137,#6138,#6139);
#6137 = CARTESIAN_POINT('',(200.,-75.,32.));
#6138 = DIRECTION('',(0.,0.,1.));
#6139 = DIRECTION('',(1.,0.,0.));
#6140 = DEFINITIONAL_REPRESENTATION('',(#6141),#6149);
#6141 = ( BOUNDED_CURVE() B_SPLINE_CURVE(2,(#6142,#6143,#6144,#6145,
#6146,#6147,#6148),.UNSPECIFIED.,.T.,.F.) B_SPLINE_CURVE_WITH_KNOTS((1,2
    ,2,2,2,1),(-2.094395102393,0.,2.094395102393,4.188790204786,
6.28318530718,8.377580409573),.UNSPECIFIED.) CURVE() 
GEOMETRIC_REPRESENTATION_ITEM() RATIONAL_B_SPLINE_CURVE((1.,0.5,1.,0.5,
1.,0.5,1.)) REPRESENTATION_ITEM('') );
#6142 = CARTESIAN_POINT('',(139.7,7.));
#6143 = CARTESIAN_POINT('',(139.7,4.055513627133));
#6144 = CARTESIAN_POINT('',(137.15,5.527756813566));
#6145 = CARTESIAN_POINT('',(134.6,7.));
#6146 = CARTESIAN_POINT('',(137.15,8.472243186434));
#6147 = CARTESIAN_POINT('',(139.7,9.944486372867));
#6148 = CARTESIAN_POINT('',(139.7,7.));
#6149 = ( GEOMETRIC_REPRESENTATION_CONTEXT(2) 
PARAMETRIC_REPRESENTATION_CONTEXT() REPRESENTATION_CONTEXT('2D SPACE',''
  ) );
#6150 = ORIENTED_EDGE('',*,*,#6097,.F.);
#6151 = ADVANCED_FACE('',(#6152,#6183),#6135,.T.);
#6152 = FACE_BOUND('',#6153,.T.);
#6153 = EDGE_LOOP('',(#6154));
#6154 = ORIENTED_EDGE('',*,*,#6155,.T.);
#6155 = EDGE_CURVE('',#6156,#6156,#6158,.T.);
#6156 = VERTEX_POINT('',#6157);
#6157 = CARTESIAN_POINT('',(339.8,-68.,32.));
#6158 = SURFACE_CURVE('',#6159,(#6164,#6171),.PCURVE_S1.);
#6159 = CIRCLE('',#6160,1.8);
#6160 = AXIS2_PLACEMENT_3D('',#6161,#6162,#6163);
#6161 = CARTESIAN_POINT('',(338.,-68.,32.));
#6162 = DIRECTION('',(0.,0.,1.));
#6163 = DIRECTION('',(1.,-0.,-0.));
#6164 = PCURVE('',#6135,#6165);
#6165 = DEFINITIONAL_REPRESENTATION('',(#6166),#6170);
#6166 = CIRCLE('',#6167,1.8);
#6167 = AXIS2_PLACEMENT_2D('',#6168,#6169);
#6168 = CARTESIAN_POINT('',(138.,7.));
#6169 = DIRECTION('',(1.,0.));
#6170 = ( GEOMETRIC_REPRESENTATION_CONTEXT(2) 
PARAMETRIC_REPRESENTATION_CONTEXT() REPRESENTATION_CONTEXT('2D SPACE',''
  ) );
#6171 = PCURVE('',#6172,#6177);
#6172 = CYLINDRICAL_SURFACE('',#6173,1.8);
#6173 = AXIS2_PLACEMENT_3D('',#6174,#6175,#6176);
#6174 = CARTESIAN_POINT('',(338.,-68.,31.));
#6175 = DIRECTION('',(-0.,0.,-1.));
#6176 = DIRECTION('',(1.,-0.,-0.));
#6177 = DEFINITIONAL_REPRESENTATION('',(#6178),#6182);
#6178 = LINE('',#6179,#6180);
#6179 = CARTESIAN_POINT('',(6.28318530718,-1.));
#6180 = VECTOR('',#6181,1.);
#6181 = DIRECTION('',(-1.,0.));
#6182 = ( GEOMETRIC_REPRESENTATION_CONTEXT(2) 
PARAMETRIC_REPRESENTATION_CONTEXT() REPRESENTATION_CONTEXT('2D SPACE',''
  ) );
#6183 = FACE_BOUND('',#6184,.T.);
#6184 = EDGE_LOOP('',(#6185));
#6185 = ORIENTED_EDGE('',*,*,#6120,.T.);
#6186 = ADVANCED_FACE('',(#6187),#6172,.F.);
#6187 = FACE_BOUND('',#6188,.F.);
#6188 = EDGE_LOOP('',(#6189,#6190,#6213,#6235));
#6189 = ORIENTED_EDGE('',*,*,#6155,.T.);
#6190 = ORIENTED_EDGE('',*,*,#6191,.T.);
#6191 = EDGE_CURVE('',#6156,#6192,#6194,.T.);
#6192 = VERTEX_POINT('',#6193);
#6193 = CARTESIAN_POINT('',(339.8,-68.,36.));
#6194 = SEAM_CURVE('',#6195,(#6199,#6206),.PCURVE_S1.);
#6195 = LINE('',#6196,#6197);
#6196 = CARTESIAN_POINT('',(339.8,-68.,31.));
#6197 = VECTOR('',#6198,1.);
#6198 = DIRECTION('',(-0.,-0.,1.));
#6199 = PCURVE('',#6172,#6200);
#6200 = DEFINITIONAL_REPRESENTATION('',(#6201),#6205);
#6201 = LINE('',#6202,#6203);
#6202 = CARTESIAN_POINT('',(6.28318530718,0.));
#6203 = VECTOR('',#6204,1.);
#6204 = DIRECTION('',(0.,-1.));
#6205 = ( GEOMETRIC_REPRESENTATION_CONTEXT(2) 
PARAMETRIC_REPRESENTATION_CONTEXT() REPRESENTATION_CONTEXT('2D SPACE',''
  ) );
#6206 = PCURVE('',#6172,#6207);
#6207 = DEFINITIONAL_REPRESENTATION('',(#6208),#6212);
#6208 = LINE('',#6209,#6210);
#6209 = CARTESIAN_POINT('',(0.,0.));
#6210 = VECTOR('',#6211,1.);
#6211 = DIRECTION('',(0.,-1.));
#6212 = ( GEOMETRIC_REPRESENTATION_CONTEXT(2) 
PARAMETRIC_REPRESENTATION_CONTEXT() REPRESENTATION_CONTEXT('2D SPACE',''
  ) );
#6213 = ORIENTED_EDGE('',*,*,#6214,.F.);
#6214 = EDGE_CURVE('',#6192,#6192,#6215,.T.);
#6215 = SURFACE_CURVE('',#6216,(#6221,#6228),.PCURVE_S1.);
#6216 = CIRCLE('',#6217,1.8);
#6217 = AXIS2_PLACEMENT_3D('',#6218,#6219,#6220);
#6218 = CARTESIAN_POINT('',(338.,-68.,36.));
#6219 = DIRECTION('',(0.,0.,1.));
#6220 = DIRECTION('',(1.,-0.,-0.));
#6221 = PCURVE('',#6172,#6222);
#6222 = DEFINITIONAL_REPRESENTATION('',(#6223),#6227);
#6223 = LINE('',#6224,#6225);
#6224 = CARTESIAN_POINT('',(6.28318530718,-5.));
#6225 = VECTOR('',#6226,1.);
#6226 = DIRECTION('',(-1.,0.));
#6227 = ( GEOMETRIC_REPRESENTATION_CONTEXT(2) 
PARAMETRIC_REPRESENTATION_CONTEXT() REPRESENTATION_CONTEXT('2D SPACE',''
  ) );
#6228 = PCURVE('',#522,#6229);
#6229 = DEFINITIONAL_REPRESENTATION('',(#6230),#6234);
#6230 = CIRCLE('',#6231,1.8);
#6231 = AXIS2_PLACEMENT_2D('',#6232,#6233);
#6232 = CARTESIAN_POINT('',(-138.,13.));
#6233 = DIRECTION('',(-1.,-0.));
#6234 = ( GEOMETRIC_REPRESENTATION_CONTEXT(2) 
PARAMETRIC_REPRESENTATION_CONTEXT() REPRESENTATION_CONTEXT('2D SPACE',''
  ) );
#6235 = ORIENTED_EDGE('',*,*,#6191,.F.);
#6236 = ADVANCED_FACE('',(#6237),#5859,.F.);
#6237 = FACE_BOUND('',#6238,.T.);
#6238 = EDGE_LOOP('',(#6239,#6240,#6263,#6294));
#6239 = ORIENTED_EDGE('',*,*,#5838,.T.);
#6240 = ORIENTED_EDGE('',*,*,#6241,.T.);
#6241 = EDGE_CURVE('',#5839,#6242,#6244,.T.);
#6242 = VERTEX_POINT('',#6243);
#6243 = CARTESIAN_POINT('',(276.7,-68.,32.));
#6244 = SEAM_CURVE('',#6245,(#6249,#6256),.PCURVE_S1.);
#6245 = LINE('',#6246,#6247);
#6246 = CARTESIAN_POINT('',(276.7,-68.,27.));
#6247 = VECTOR('',#6248,1.);
#6248 = DIRECTION('',(0.,0.,1.));
#6249 = PCURVE('',#5859,#6250);
#6250 = DEFINITIONAL_REPRESENTATION('',(#6251),#6255);
#6251 = LINE('',#6252,#6253);
#6252 = CARTESIAN_POINT('',(-6.28318530718,0.));
#6253 = VECTOR('',#6254,1.);
#6254 = DIRECTION('',(-0.,-1.));
#6255 = ( GEOMETRIC_REPRESENTATION_CONTEXT(2) 
PARAMETRIC_REPRESENTATION_CONTEXT() REPRESENTATION_CONTEXT('2D SPACE',''
  ) );
#6256 = PCURVE('',#5859,#6257);
#6257 = DEFINITIONAL_REPRESENTATION('',(#6258),#6262);
#6258 = LINE('',#6259,#6260);
#6259 = CARTESIAN_POINT('',(-0.,0.));
#6260 = VECTOR('',#6261,1.);
#6261 = DIRECTION('',(-0.,-1.));
#6262 = ( GEOMETRIC_REPRESENTATION_CONTEXT(2) 
PARAMETRIC_REPRESENTATION_CONTEXT() REPRESENTATION_CONTEXT('2D SPACE',''
  ) );
#6263 = ORIENTED_EDGE('',*,*,#6264,.F.);
#6264 = EDGE_CURVE('',#6242,#6242,#6265,.T.);
#6265 = SURFACE_CURVE('',#6266,(#6271,#6278),.PCURVE_S1.);
#6266 = CIRCLE('',#6267,1.7);
#6267 = AXIS2_PLACEMENT_3D('',#6268,#6269,#6270);
#6268 = CARTESIAN_POINT('',(275.,-68.,32.));
#6269 = DIRECTION('',(0.,0.,-1.));
#6270 = DIRECTION('',(1.,0.,0.));
#6271 = PCURVE('',#5859,#6272);
#6272 = DEFINITIONAL_REPRESENTATION('',(#6273),#6277);
#6273 = LINE('',#6274,#6275);
#6274 = CARTESIAN_POINT('',(-6.28318530718,-5.));
#6275 = VECTOR('',#6276,1.);
#6276 = DIRECTION('',(1.,-0.));
#6277 = ( GEOMETRIC_REPRESENTATION_CONTEXT(2) 
PARAMETRIC_REPRESENTATION_CONTEXT() REPRESENTATION_CONTEXT('2D SPACE',''
  ) );
#6278 = PCURVE('',#6279,#6284);
#6279 = PLANE('',#6280);
#6280 = AXIS2_PLACEMENT_3D('',#6281,#6282,#6283);
#6281 = CARTESIAN_POINT('',(200.,-75.,32.));
#6282 = DIRECTION('',(0.,0.,1.));
#6283 = DIRECTION('',(1.,0.,0.));
#6284 = DEFINITIONAL_REPRESENTATION('',(#6285),#6293);
#6285 = ( BOUNDED_CURVE() B_SPLINE_CURVE(2,(#6286,#6287,#6288,#6289,
#6290,#6291,#6292),.UNSPECIFIED.,.T.,.F.) B_SPLINE_CURVE_WITH_KNOTS((1,2
    ,2,2,2,1),(-2.094395102393,0.,2.094395102393,4.188790204786,
6.28318530718,8.377580409573),.UNSPECIFIED.) CURVE() 
GEOMETRIC_REPRESENTATION_ITEM() RATIONAL_B_SPLINE_CURVE((1.,0.5,1.,0.5,
1.,0.5,1.)) REPRESENTATION_ITEM('') );
#6286 = CARTESIAN_POINT('',(76.7,7.));
#6287 = CARTESIAN_POINT('',(76.7,4.055513627133));
#6288 = CARTESIAN_POINT('',(74.15,5.527756813566));
#6289 = CARTESIAN_POINT('',(71.6,7.));
#6290 = CARTESIAN_POINT('',(74.15,8.472243186434));
#6291 = CARTESIAN_POINT('',(76.7,9.944486372867));
#6292 = CARTESIAN_POINT('',(76.7,7.));
#6293 = ( GEOMETRIC_REPRESENTATION_CONTEXT(2) 
PARAMETRIC_REPRESENTATION_CONTEXT() REPRESENTATION_CONTEXT('2D SPACE',''
  ) );
#6294 = ORIENTED_EDGE('',*,*,#6241,.F.);
#6295 = ADVANCED_FACE('',(#6296,#6327),#6279,.T.);
#6296 = FACE_BOUND('',#6297,.T.);
#6297 = EDGE_LOOP('',(#6298));
#6298 = ORIENTED_EDGE('',*,*,#6299,.T.);
#6299 = EDGE_CURVE('',#6300,#6300,#6302,.T.);
#6300 = VERTEX_POINT('',#6301);
#6301 = CARTESIAN_POINT('',(276.8,-68.,32.));
#6302 = SURFACE_CURVE('',#6303,(#6308,#6315),.PCURVE_S1.);
#6303 = CIRCLE('',#6304,1.8);
#6304 = AXIS2_PLACEMENT_3D('',#6305,#6306,#6307);
#6305 = CARTESIAN_POINT('',(275.,-68.,32.));
#6306 = DIRECTION('',(0.,0.,1.));
#6307 = DIRECTION('',(1.,-0.,-0.));
#6308 = PCURVE('',#6279,#6309);
#6309 = DEFINITIONAL_REPRESENTATION('',(#6310),#6314);
#6310 = CIRCLE('',#6311,1.8);
#6311 = AXIS2_PLACEMENT_2D('',#6312,#6313);
#6312 = CARTESIAN_POINT('',(75.,7.));
#6313 = DIRECTION('',(1.,0.));
#6314 = ( GEOMETRIC_REPRESENTATION_CONTEXT(2) 
PARAMETRIC_REPRESENTATION_CONTEXT() REPRESENTATION_CONTEXT('2D SPACE',''
  ) );
#6315 = PCURVE('',#6316,#6321);
#6316 = CYLINDRICAL_SURFACE('',#6317,1.8);
#6317 = AXIS2_PLACEMENT_3D('',#6318,#6319,#6320);
#6318 = CARTESIAN_POINT('',(275.,-68.,31.));
#6319 = DIRECTION('',(-0.,0.,-1.));
#6320 = DIRECTION('',(1.,-0.,-0.));
#6321 = DEFINITIONAL_REPRESENTATION('',(#6322),#6326);
#6322 = LINE('',#6323,#6324);
#6323 = CARTESIAN_POINT('',(6.28318530718,-1.));
#6324 = VECTOR('',#6325,1.);
#6325 = DIRECTION('',(-1.,0.));
#6326 = ( GEOMETRIC_REPRESENTATION_CONTEXT(2) 
PARAMETRIC_REPRESENTATION_CONTEXT() REPRESENTATION_CONTEXT('2D SPACE',''
  ) );
#6327 = FACE_BOUND('',#6328,.T.);
#6328 = EDGE_LOOP('',(#6329));
#6329 = ORIENTED_EDGE('',*,*,#6264,.T.);
#6330 = ADVANCED_FACE('',(#6331),#6316,.F.);
#6331 = FACE_BOUND('',#6332,.F.);
#6332 = EDGE_LOOP('',(#6333,#6334,#6357,#6379));
#6333 = ORIENTED_EDGE('',*,*,#6299,.T.);
#6334 = ORIENTED_EDGE('',*,*,#6335,.T.);
#6335 = EDGE_CURVE('',#6300,#6336,#6338,.T.);
#6336 = VERTEX_POINT('',#6337);
#6337 = CARTESIAN_POINT('',(276.8,-68.,36.));
#6338 = SEAM_CURVE('',#6339,(#6343,#6350),.PCURVE_S1.);
#6339 = LINE('',#6340,#6341);
#6340 = CARTESIAN_POINT('',(276.8,-68.,31.));
#6341 = VECTOR('',#6342,1.);
#6342 = DIRECTION('',(-0.,-0.,1.));
#6343 = PCURVE('',#6316,#6344);
#6344 = DEFINITIONAL_REPRESENTATION('',(#6345),#6349);
#6345 = LINE('',#6346,#6347);
#6346 = CARTESIAN_POINT('',(6.28318530718,0.));
#6347 = VECTOR('',#6348,1.);
#6348 = DIRECTION('',(0.,-1.));
#6349 = ( GEOMETRIC_REPRESENTATION_CONTEXT(2) 
PARAMETRIC_REPRESENTATION_CONTEXT() REPRESENTATION_CONTEXT('2D SPACE',''
  ) );
#6350 = PCURVE('',#6316,#6351);
#6351 = DEFINITIONAL_REPRESENTATION('',(#6352),#6356);
#6352 = LINE('',#6353,#6354);
#6353 = CARTESIAN_POINT('',(0.,0.));
#6354 = VECTOR('',#6355,1.);
#6355 = DIRECTION('',(0.,-1.));
#6356 = ( GEOMETRIC_REPRESENTATION_CONTEXT(2) 
PARAMETRIC_REPRESENTATION_CONTEXT() REPRESENTATION_CONTEXT('2D SPACE',''
  ) );
#6357 = ORIENTED_EDGE('',*,*,#6358,.F.);
#6358 = EDGE_CURVE('',#6336,#6336,#6359,.T.);
#6359 = SURFACE_CURVE('',#6360,(#6365,#6372),.PCURVE_S1.);
#6360 = CIRCLE('',#6361,1.8);
#6361 = AXIS2_PLACEMENT_3D('',#6362,#6363,#6364);
#6362 = CARTESIAN_POINT('',(275.,-68.,36.));
#6363 = DIRECTION('',(0.,0.,1.));
#6364 = DIRECTION('',(1.,-0.,-0.));
#6365 = PCURVE('',#6316,#6366);
#6366 = DEFINITIONAL_REPRESENTATION('',(#6367),#6371);
#6367 = LINE('',#6368,#6369);
#6368 = CARTESIAN_POINT('',(6.28318530718,-5.));
#6369 = VECTOR('',#6370,1.);
#6370 = DIRECTION('',(-1.,0.));
#6371 = ( GEOMETRIC_REPRESENTATION_CONTEXT(2) 
PARAMETRIC_REPRESENTATION_CONTEXT() REPRESENTATION_CONTEXT('2D SPACE',''
  ) );
#6372 = PCURVE('',#522,#6373);
#6373 = DEFINITIONAL_REPRESENTATION('',(#6374),#6378);
#6374 = CIRCLE('',#6375,1.8);
#6375 = AXIS2_PLACEMENT_2D('',#6376,#6377);
#6376 = CARTESIAN_POINT('',(-75.,13.));
#6377 = DIRECTION('',(-1.,-0.));
#6378 = ( GEOMETRIC_REPRESENTATION_CONTEXT(2) 
PARAMETRIC_REPRESENTATION_CONTEXT() REPRESENTATION_CONTEXT('2D SPACE',''
  ) );
#6379 = ORIENTED_EDGE('',*,*,#6335,.F.);
#6380 = ADVANCED_FACE('',(#6381),#5824,.F.);
#6381 = FACE_BOUND('',#6382,.T.);
#6382 = EDGE_LOOP('',(#6383,#6384,#6407,#6438));
#6383 = ORIENTED_EDGE('',*,*,#5803,.T.);
#6384 = ORIENTED_EDGE('',*,*,#6385,.T.);
#6385 = EDGE_CURVE('',#5804,#6386,#6388,.T.);
#6386 = VERTEX_POINT('',#6387);
#6387 = CARTESIAN_POINT('',(213.7,-68.,32.));
#6388 = SEAM_CURVE('',#6389,(#6393,#6400),.PCURVE_S1.);
#6389 = LINE('',#6390,#6391);
#6390 = CARTESIAN_POINT('',(213.7,-68.,27.));
#6391 = VECTOR('',#6392,1.);
#6392 = DIRECTION('',(0.,0.,1.));
#6393 = PCURVE('',#5824,#6394);
#6394 = DEFINITIONAL_REPRESENTATION('',(#6395),#6399);
#6395 = LINE('',#6396,#6397);
#6396 = CARTESIAN_POINT('',(-6.28318530718,0.));
#6397 = VECTOR('',#6398,1.);
#6398 = DIRECTION('',(-0.,-1.));
#6399 = ( GEOMETRIC_REPRESENTATION_CONTEXT(2) 
PARAMETRIC_REPRESENTATION_CONTEXT() REPRESENTATION_CONTEXT('2D SPACE',''
  ) );
#6400 = PCURVE('',#5824,#6401);
#6401 = DEFINITIONAL_REPRESENTATION('',(#6402),#6406);
#6402 = LINE('',#6403,#6404);
#6403 = CARTESIAN_POINT('',(-0.,0.));
#6404 = VECTOR('',#6405,1.);
#6405 = DIRECTION('',(-0.,-1.));
#6406 = ( GEOMETRIC_REPRESENTATION_CONTEXT(2) 
PARAMETRIC_REPRESENTATION_CONTEXT() REPRESENTATION_CONTEXT('2D SPACE',''
  ) );
#6407 = ORIENTED_EDGE('',*,*,#6408,.F.);
#6408 = EDGE_CURVE('',#6386,#6386,#6409,.T.);
#6409 = SURFACE_CURVE('',#6410,(#6415,#6422),.PCURVE_S1.);
#6410 = CIRCLE('',#6411,1.7);
#6411 = AXIS2_PLACEMENT_3D('',#6412,#6413,#6414);
#6412 = CARTESIAN_POINT('',(212.,-68.,32.));
#6413 = DIRECTION('',(0.,0.,-1.));
#6414 = DIRECTION('',(1.,0.,0.));
#6415 = PCURVE('',#5824,#6416);
#6416 = DEFINITIONAL_REPRESENTATION('',(#6417),#6421);
#6417 = LINE('',#6418,#6419);
#6418 = CARTESIAN_POINT('',(-6.28318530718,-5.));
#6419 = VECTOR('',#6420,1.);
#6420 = DIRECTION('',(1.,-0.));
#6421 = ( GEOMETRIC_REPRESENTATION_CONTEXT(2) 
PARAMETRIC_REPRESENTATION_CONTEXT() REPRESENTATION_CONTEXT('2D SPACE',''
  ) );
#6422 = PCURVE('',#6423,#6428);
#6423 = PLANE('',#6424);
#6424 = AXIS2_PLACEMENT_3D('',#6425,#6426,#6427);
#6425 = CARTESIAN_POINT('',(200.,-75.,32.));
#6426 = DIRECTION('',(0.,0.,1.));
#6427 = DIRECTION('',(1.,0.,0.));
#6428 = DEFINITIONAL_REPRESENTATION('',(#6429),#6437);
#6429 = ( BOUNDED_CURVE() B_SPLINE_CURVE(2,(#6430,#6431,#6432,#6433,
#6434,#6435,#6436),.UNSPECIFIED.,.T.,.F.) B_SPLINE_CURVE_WITH_KNOTS((1,2
    ,2,2,2,1),(-2.094395102393,0.,2.094395102393,4.188790204786,
6.28318530718,8.377580409573),.UNSPECIFIED.) CURVE() 
GEOMETRIC_REPRESENTATION_ITEM() RATIONAL_B_SPLINE_CURVE((1.,0.5,1.,0.5,
1.,0.5,1.)) REPRESENTATION_ITEM('') );
#6430 = CARTESIAN_POINT('',(13.7,7.));
#6431 = CARTESIAN_POINT('',(13.7,4.055513627133));
#6432 = CARTESIAN_POINT('',(11.15,5.527756813566));
#6433 = CARTESIAN_POINT('',(8.6,7.));
#6434 = CARTESIAN_POINT('',(11.15,8.472243186434));
#6435 = CARTESIAN_POINT('',(13.7,9.944486372867));
#6436 = CARTESIAN_POINT('',(13.7,7.));
#6437 = ( GEOMETRIC_REPRESENTATION_CONTEXT(2) 
PARAMETRIC_REPRESENTATION_CONTEXT() REPRESENTATION_CONTEXT('2D SPACE',''
  ) );
#6438 = ORIENTED_EDGE('',*,*,#6385,.F.);
#6439 = ADVANCED_FACE('',(#6440,#6471),#6423,.T.);
#6440 = FACE_BOUND('',#6441,.T.);
#6441 = EDGE_LOOP('',(#6442));
#6442 = ORIENTED_EDGE('',*,*,#6443,.T.);
#6443 = EDGE_CURVE('',#6444,#6444,#6446,.T.);
#6444 = VERTEX_POINT('',#6445);
#6445 = CARTESIAN_POINT('',(213.8,-68.,32.));
#6446 = SURFACE_CURVE('',#6447,(#6452,#6459),.PCURVE_S1.);
#6447 = CIRCLE('',#6448,1.8);
#6448 = AXIS2_PLACEMENT_3D('',#6449,#6450,#6451);
#6449 = CARTESIAN_POINT('',(212.,-68.,32.));
#6450 = DIRECTION('',(0.,0.,1.));
#6451 = DIRECTION('',(1.,-0.,-0.));
#6452 = PCURVE('',#6423,#6453);
#6453 = DEFINITIONAL_REPRESENTATION('',(#6454),#6458);
#6454 = CIRCLE('',#6455,1.8);
#6455 = AXIS2_PLACEMENT_2D('',#6456,#6457);
#6456 = CARTESIAN_POINT('',(12.,7.));
#6457 = DIRECTION('',(1.,0.));
#6458 = ( GEOMETRIC_REPRESENTATION_CONTEXT(2) 
PARAMETRIC_REPRESENTATION_CONTEXT() REPRESENTATION_CONTEXT('2D SPACE',''
  ) );
#6459 = PCURVE('',#6460,#6465);
#6460 = CYLINDRICAL_SURFACE('',#6461,1.8);
#6461 = AXIS2_PLACEMENT_3D('',#6462,#6463,#6464);
#6462 = CARTESIAN_POINT('',(212.,-68.,31.));
#6463 = DIRECTION('',(-0.,0.,-1.));
#6464 = DIRECTION('',(1.,-0.,-0.));
#6465 = DEFINITIONAL_REPRESENTATION('',(#6466),#6470);
#6466 = LINE('',#6467,#6468);
#6467 = CARTESIAN_POINT('',(6.28318530718,-1.));
#6468 = VECTOR('',#6469,1.);
#6469 = DIRECTION('',(-1.,0.));
#6470 = ( GEOMETRIC_REPRESENTATION_CONTEXT(2) 
PARAMETRIC_REPRESENTATION_CONTEXT() REPRESENTATION_CONTEXT('2D SPACE',''
  ) );
#6471 = FACE_BOUND('',#6472,.T.);
#6472 = EDGE_LOOP('',(#6473));
#6473 = ORIENTED_EDGE('',*,*,#6408,.T.);
#6474 = ADVANCED_FACE('',(#6475),#6460,.F.);
#6475 = FACE_BOUND('',#6476,.F.);
#6476 = EDGE_LOOP('',(#6477,#6478,#6501,#6523));
#6477 = ORIENTED_EDGE('',*,*,#6443,.T.);
#6478 = ORIENTED_EDGE('',*,*,#6479,.T.);
#6479 = EDGE_CURVE('',#6444,#6480,#6482,.T.);
#6480 = VERTEX_POINT('',#6481);
#6481 = CARTESIAN_POINT('',(213.8,-68.,36.));
#6482 = SEAM_CURVE('',#6483,(#6487,#6494),.PCURVE_S1.);
#6483 = LINE('',#6484,#6485);
#6484 = CARTESIAN_POINT('',(213.8,-68.,31.));
#6485 = VECTOR('',#6486,1.);
#6486 = DIRECTION('',(-0.,-0.,1.));
#6487 = PCURVE('',#6460,#6488);
#6488 = DEFINITIONAL_REPRESENTATION('',(#6489),#6493);
#6489 = LINE('',#6490,#6491);
#6490 = CARTESIAN_POINT('',(6.28318530718,0.));
#6491 = VECTOR('',#6492,1.);
#6492 = DIRECTION('',(0.,-1.));
#6493 = ( GEOMETRIC_REPRESENTATION_CONTEXT(2) 
PARAMETRIC_REPRESENTATION_CONTEXT() REPRESENTATION_CONTEXT('2D SPACE',''
  ) );
#6494 = PCURVE('',#6460,#6495);
#6495 = DEFINITIONAL_REPRESENTATION('',(#6496),#6500);
#6496 = LINE('',#6497,#6498);
#6497 = CARTESIAN_POINT('',(0.,0.));
#6498 = VECTOR('',#6499,1.);
#6499 = DIRECTION('',(0.,-1.));
#6500 = ( GEOMETRIC_REPRESENTATION_CONTEXT(2) 
PARAMETRIC_REPRESENTATION_CONTEXT() REPRESENTATION_CONTEXT('2D SPACE',''
  ) );
#6501 = ORIENTED_EDGE('',*,*,#6502,.F.);
#6502 = EDGE_CURVE('',#6480,#6480,#6503,.T.);
#6503 = SURFACE_CURVE('',#6504,(#6509,#6516),.PCURVE_S1.);
#6504 = CIRCLE('',#6505,1.8);
#6505 = AXIS2_PLACEMENT_3D('',#6506,#6507,#6508);
#6506 = CARTESIAN_POINT('',(212.,-68.,36.));
#6507 = DIRECTION('',(0.,0.,1.));
#6508 = DIRECTION('',(1.,-0.,-0.));
#6509 = PCURVE('',#6460,#6510);
#6510 = DEFINITIONAL_REPRESENTATION('',(#6511),#6515);
#6511 = LINE('',#6512,#6513);
#6512 = CARTESIAN_POINT('',(6.28318530718,-5.));
#6513 = VECTOR('',#6514,1.);
#6514 = DIRECTION('',(-1.,0.));
#6515 = ( GEOMETRIC_REPRESENTATION_CONTEXT(2) 
PARAMETRIC_REPRESENTATION_CONTEXT() REPRESENTATION_CONTEXT('2D SPACE',''
  ) );
#6516 = PCURVE('',#522,#6517);
#6517 = DEFINITIONAL_REPRESENTATION('',(#6518),#6522);
#6518 = CIRCLE('',#6519,1.8);
#6519 = AXIS2_PLACEMENT_2D('',#6520,#6521);
#6520 = CARTESIAN_POINT('',(-12.,13.));
#6521 = DIRECTION('',(-1.,-0.));
#6522 = ( GEOMETRIC_REPRESENTATION_CONTEXT(2) 
PARAMETRIC_REPRESENTATION_CONTEXT() REPRESENTATION_CONTEXT('2D SPACE',''
  ) );
#6523 = ORIENTED_EDGE('',*,*,#6479,.F.);
#6524 = ADVANCED_FACE('',(#6525),#5763,.F.);
#6525 = FACE_BOUND('',#6526,.F.);
#6526 = EDGE_LOOP('',(#6527,#6557,#6578,#6579));
#6527 = ORIENTED_EDGE('',*,*,#6528,.F.);
#6528 = EDGE_CURVE('',#6529,#6531,#6533,.T.);
#6529 = VERTEX_POINT('',#6530);
#6530 = CARTESIAN_POINT('',(271.9295239067,-71.6,22.));
#6531 = VERTEX_POINT('',#6532);
#6532 = CARTESIAN_POINT('',(272.9295239067,-72.6,22.));
#6533 = SURFACE_CURVE('',#6534,(#6538,#6545),.PCURVE_S1.);
#6534 = LINE('',#6535,#6536);
#6535 = CARTESIAN_POINT('',(200.3295239067,9.144495953847E-15,22.));
#6536 = VECTOR('',#6537,1.);
#6537 = DIRECTION('',(0.707106781187,-0.707106781187,0.));
#6538 = PCURVE('',#5763,#6539);
#6539 = DEFINITIONAL_REPRESENTATION('',(#6540),#6544);
#6540 = LINE('',#6541,#6542);
#6541 = CARTESIAN_POINT('',(0.,0.));
#6542 = VECTOR('',#6543,1.);
#6543 = DIRECTION('',(1.,0.));
#6544 = ( GEOMETRIC_REPRESENTATION_CONTEXT(2) 
PARAMETRIC_REPRESENTATION_CONTEXT() REPRESENTATION_CONTEXT('2D SPACE',''
  ) );
#6545 = PCURVE('',#6546,#6551);
#6546 = PLANE('',#6547);
#6547 = AXIS2_PLACEMENT_3D('',#6548,#6549,#6550);
#6548 = CARTESIAN_POINT('',(275.,2.153159805334E-15,22.));
#6549 = DIRECTION('',(0.,0.,1.));
#6550 = DIRECTION('',(1.,0.,-0.));
#6551 = DEFINITIONAL_REPRESENTATION('',(#6552),#6556);
#6552 = LINE('',#6553,#6554);
#6553 = CARTESIAN_POINT('',(-74.67047609329,6.991336148513E-15));
#6554 = VECTOR('',#6555,1.);
#6555 = DIRECTION('',(0.707106781187,-0.707106781187));
#6556 = ( GEOMETRIC_REPRESENTATION_CONTEXT(2) 
PARAMETRIC_REPRESENTATION_CONTEXT() REPRESENTATION_CONTEXT('2D SPACE',''
  ) );
#6557 = ORIENTED_EDGE('',*,*,#6558,.T.);
#6558 = EDGE_CURVE('',#6529,#5748,#6559,.T.);
#6559 = SURFACE_CURVE('',#6560,(#6564,#6571),.PCURVE_S1.);
#6560 = LINE('',#6561,#6562);
#6561 = CARTESIAN_POINT('',(271.9295239067,-71.6,21.));
#6562 = VECTOR('',#6563,1.);
#6563 = DIRECTION('',(0.,-0.,1.));
#6564 = PCURVE('',#5763,#6565);
#6565 = DEFINITIONAL_REPRESENTATION('',(#6566),#6570);
#6566 = LINE('',#6567,#6568);
#6567 = CARTESIAN_POINT('',(101.25769106591,1.));
#6568 = VECTOR('',#6569,1.);
#6569 = DIRECTION('',(0.,-1.));
#6570 = ( GEOMETRIC_REPRESENTATION_CONTEXT(2) 
PARAMETRIC_REPRESENTATION_CONTEXT() REPRESENTATION_CONTEXT('2D SPACE',''
  ) );
#6571 = PCURVE('',#5789,#6572);
#6572 = DEFINITIONAL_REPRESENTATION('',(#6573),#6577);
#6573 = LINE('',#6574,#6575);
#6574 = CARTESIAN_POINT('',(1.,16.929523906701));
#6575 = VECTOR('',#6576,1.);
#6576 = DIRECTION('',(1.,0.));
#6577 = ( GEOMETRIC_REPRESENTATION_CONTEXT(2) 
PARAMETRIC_REPRESENTATION_CONTEXT() REPRESENTATION_CONTEXT('2D SPACE',''
  ) );
#6578 = ORIENTED_EDGE('',*,*,#5747,.T.);
#6579 = ORIENTED_EDGE('',*,*,#6580,.T.);
#6580 = EDGE_CURVE('',#5725,#6531,#6581,.T.);
#6581 = SURFACE_CURVE('',#6582,(#6586,#6593),.PCURVE_S1.);
#6582 = LINE('',#6583,#6584);
#6583 = CARTESIAN_POINT('',(272.9295239067,-72.6,10.5));
#6584 = VECTOR('',#6585,1.);
#6585 = DIRECTION('',(-0.,0.,-1.));
#6586 = PCURVE('',#5763,#6587);
#6587 = DEFINITIONAL_REPRESENTATION('',(#6588),#6592);
#6588 = LINE('',#6589,#6590);
#6589 = CARTESIAN_POINT('',(102.67190462828,11.5));
#6590 = VECTOR('',#6591,1.);
#6591 = DIRECTION('',(-0.,1.));
#6592 = ( GEOMETRIC_REPRESENTATION_CONTEXT(2) 
PARAMETRIC_REPRESENTATION_CONTEXT() REPRESENTATION_CONTEXT('2D SPACE',''
  ) );
#6593 = PCURVE('',#919,#6594);
#6594 = DEFINITIONAL_REPRESENTATION('',(#6595),#6599);
#6595 = LINE('',#6596,#6597);
#6596 = CARTESIAN_POINT('',(11.5,70.529523906701));
#6597 = VECTOR('',#6598,1.);
#6598 = DIRECTION('',(-1.,0.));
#6599 = ( GEOMETRIC_REPRESENTATION_CONTEXT(2) 
PARAMETRIC_REPRESENTATION_CONTEXT() REPRESENTATION_CONTEXT('2D SPACE',''
  ) );
#6600 = ADVANCED_FACE('',(#6601),#6546,.F.);
#6601 = FACE_BOUND('',#6602,.F.);
#6602 = EDGE_LOOP('',(#6603,#6628,#6649,#6650));
#6603 = ORIENTED_EDGE('',*,*,#6604,.T.);
#6604 = EDGE_CURVE('',#6605,#6607,#6609,.T.);
#6605 = VERTEX_POINT('',#6606);
#6606 = CARTESIAN_POINT('',(277.07047609329,-72.6,22.));
#6607 = VERTEX_POINT('',#6608);
#6608 = CARTESIAN_POINT('',(278.07047609329,-71.6,22.));
#6609 = SURFACE_CURVE('',#6610,(#6614,#6621),.PCURVE_S1.);
#6610 = LINE('',#6611,#6612);
#6611 = CARTESIAN_POINT('',(275.,-74.67047609329,22.));
#6612 = VECTOR('',#6613,1.);
#6613 = DIRECTION('',(0.707106781187,0.707106781187,0.));
#6614 = PCURVE('',#6546,#6615);
#6615 = DEFINITIONAL_REPRESENTATION('',(#6616),#6620);
#6616 = LINE('',#6617,#6618);
#6617 = CARTESIAN_POINT('',(0.,-74.67047609329));
#6618 = VECTOR('',#6619,1.);
#6619 = DIRECTION('',(0.707106781187,0.707106781187));
#6620 = ( GEOMETRIC_REPRESENTATION_CONTEXT(2) 
PARAMETRIC_REPRESENTATION_CONTEXT() REPRESENTATION_CONTEXT('2D SPACE',''
  ) );
#6621 = PCURVE('',#5675,#6622);
#6622 = DEFINITIONAL_REPRESENTATION('',(#6623),#6627);
#6623 = LINE('',#6624,#6625);
#6624 = CARTESIAN_POINT('',(0.,0.));
#6625 = VECTOR('',#6626,1.);
#6626 = DIRECTION('',(1.,0.));
#6627 = ( GEOMETRIC_REPRESENTATION_CONTEXT(2) 
PARAMETRIC_REPRESENTATION_CONTEXT() REPRESENTATION_CONTEXT('2D SPACE',''
  ) );
#6628 = ORIENTED_EDGE('',*,*,#6629,.T.);
#6629 = EDGE_CURVE('',#6607,#6529,#6630,.T.);
#6630 = SURFACE_CURVE('',#6631,(#6635,#6642),.PCURVE_S1.);
#6631 = LINE('',#6632,#6633);
#6632 = CARTESIAN_POINT('',(265.,-71.6,22.));
#6633 = VECTOR('',#6634,1.);
#6634 = DIRECTION('',(-1.,0.,0.));
#6635 = PCURVE('',#6546,#6636);
#6636 = DEFINITIONAL_REPRESENTATION('',(#6637),#6641);
#6637 = LINE('',#6638,#6639);
#6638 = CARTESIAN_POINT('',(-10.,-71.6));
#6639 = VECTOR('',#6640,1.);
#6640 = DIRECTION('',(-1.,0.));
#6641 = ( GEOMETRIC_REPRESENTATION_CONTEXT(2) 
PARAMETRIC_REPRESENTATION_CONTEXT() REPRESENTATION_CONTEXT('2D SPACE',''
  ) );
#6642 = PCURVE('',#5789,#6643);
#6643 = DEFINITIONAL_REPRESENTATION('',(#6644),#6648);
#6644 = LINE('',#6645,#6646);
#6645 = CARTESIAN_POINT('',(2.,10.));
#6646 = VECTOR('',#6647,1.);
#6647 = DIRECTION('',(0.,-1.));
#6648 = ( GEOMETRIC_REPRESENTATION_CONTEXT(2) 
PARAMETRIC_REPRESENTATION_CONTEXT() REPRESENTATION_CONTEXT('2D SPACE',''
  ) );
#6649 = ORIENTED_EDGE('',*,*,#6528,.T.);
#6650 = ORIENTED_EDGE('',*,*,#6651,.T.);
#6651 = EDGE_CURVE('',#6531,#6605,#6652,.T.);
#6652 = SURFACE_CURVE('',#6653,(#6657,#6664),.PCURVE_S1.);
#6653 = LINE('',#6654,#6655);
#6654 = CARTESIAN_POINT('',(238.7,-72.6,22.));
#6655 = VECTOR('',#6656,1.);
#6656 = DIRECTION('',(1.,0.,0.));
#6657 = PCURVE('',#6546,#6658);
#6658 = DEFINITIONAL_REPRESENTATION('',(#6659),#6663);
#6659 = LINE('',#6660,#6661);
#6660 = CARTESIAN_POINT('',(-36.3,-72.6));
#6661 = VECTOR('',#6662,1.);
#6662 = DIRECTION('',(1.,0.));
#6663 = ( GEOMETRIC_REPRESENTATION_CONTEXT(2) 
PARAMETRIC_REPRESENTATION_CONTEXT() REPRESENTATION_CONTEXT('2D SPACE',''
  ) );
#6664 = PCURVE('',#919,#6665);
#6665 = DEFINITIONAL_REPRESENTATION('',(#6666),#6670);
#6666 = LINE('',#6667,#6668);
#6667 = CARTESIAN_POINT('',(23.,36.3));
#6668 = VECTOR('',#6669,1.);
#6669 = DIRECTION('',(0.,1.));
#6670 = ( GEOMETRIC_REPRESENTATION_CONTEXT(2) 
PARAMETRIC_REPRESENTATION_CONTEXT() REPRESENTATION_CONTEXT('2D SPACE',''
  ) );
#6671 = ADVANCED_FACE('',(#6672),#5789,.T.);
#6672 = FACE_BOUND('',#6673,.T.);
#6673 = EDGE_LOOP('',(#6674,#6675,#6696,#6697));
#6674 = ORIENTED_EDGE('',*,*,#5775,.T.);
#6675 = ORIENTED_EDGE('',*,*,#6676,.T.);
#6676 = EDGE_CURVE('',#5660,#6607,#6677,.T.);
#6677 = SURFACE_CURVE('',#6678,(#6682,#6689),.PCURVE_S1.);
#6678 = LINE('',#6679,#6680);
#6679 = CARTESIAN_POINT('',(278.07047609329,-71.6,21.));
#6680 = VECTOR('',#6681,1.);
#6681 = DIRECTION('',(0.,0.,-1.));
#6682 = PCURVE('',#5789,#6683);
#6683 = DEFINITIONAL_REPRESENTATION('',(#6684),#6688);
#6684 = LINE('',#6685,#6686);
#6685 = CARTESIAN_POINT('',(1.,23.070476093299));
#6686 = VECTOR('',#6687,1.);
#6687 = DIRECTION('',(-1.,0.));
#6688 = ( GEOMETRIC_REPRESENTATION_CONTEXT(2) 
PARAMETRIC_REPRESENTATION_CONTEXT() REPRESENTATION_CONTEXT('2D SPACE',''
  ) );
#6689 = PCURVE('',#5675,#6690);
#6690 = DEFINITIONAL_REPRESENTATION('',(#6691),#6695);
#6691 = LINE('',#6692,#6693);
#6692 = CARTESIAN_POINT('',(4.342308934086,1.));
#6693 = VECTOR('',#6694,1.);
#6694 = DIRECTION('',(0.,1.));
#6695 = ( GEOMETRIC_REPRESENTATION_CONTEXT(2) 
PARAMETRIC_REPRESENTATION_CONTEXT() REPRESENTATION_CONTEXT('2D SPACE',''
  ) );
#6696 = ORIENTED_EDGE('',*,*,#6629,.T.);
#6697 = ORIENTED_EDGE('',*,*,#6558,.T.);
#6698 = ADVANCED_FACE('',(#6699),#5675,.F.);
#6699 = FACE_BOUND('',#6700,.F.);
#6700 = EDGE_LOOP('',(#6701,#6702,#6723,#6724));
#6701 = ORIENTED_EDGE('',*,*,#6604,.F.);
#6702 = ORIENTED_EDGE('',*,*,#6703,.T.);
#6703 = EDGE_CURVE('',#6605,#5658,#6704,.T.);
#6704 = SURFACE_CURVE('',#6705,(#6709,#6716),.PCURVE_S1.);
#6705 = LINE('',#6706,#6707);
#6706 = CARTESIAN_POINT('',(277.07047609329,-72.6,10.5));
#6707 = VECTOR('',#6708,1.);
#6708 = DIRECTION('',(0.,-0.,1.));
#6709 = PCURVE('',#5675,#6710);
#6710 = DEFINITIONAL_REPRESENTATION('',(#6711),#6715);
#6711 = LINE('',#6712,#6713);
#6712 = CARTESIAN_POINT('',(2.928095371713,11.5));
#6713 = VECTOR('',#6714,1.);
#6714 = DIRECTION('',(0.,-1.));
#6715 = ( GEOMETRIC_REPRESENTATION_CONTEXT(2) 
PARAMETRIC_REPRESENTATION_CONTEXT() REPRESENTATION_CONTEXT('2D SPACE',''
  ) );
#6716 = PCURVE('',#919,#6717);
#6717 = DEFINITIONAL_REPRESENTATION('',(#6718),#6722);
#6718 = LINE('',#6719,#6720);
#6719 = CARTESIAN_POINT('',(11.5,74.670476093299));
#6720 = VECTOR('',#6721,1.);
#6721 = DIRECTION('',(1.,0.));
#6722 = ( GEOMETRIC_REPRESENTATION_CONTEXT(2) 
PARAMETRIC_REPRESENTATION_CONTEXT() REPRESENTATION_CONTEXT('2D SPACE',''
  ) );
#6723 = ORIENTED_EDGE('',*,*,#5657,.T.);
#6724 = ORIENTED_EDGE('',*,*,#6676,.T.);
#6725 = ADVANCED_FACE('',(#6726),#919,.T.);
#6726 = FACE_BOUND('',#6727,.T.);
#6727 = EDGE_LOOP('',(#6728,#6729,#6750,#6751,#6752,#6753,#6774,#6775,
    #6776,#6777,#6798,#6799,#6800,#6801,#6802,#6803));
#6728 = ORIENTED_EDGE('',*,*,#2533,.F.);
#6729 = ORIENTED_EDGE('',*,*,#6730,.T.);
#6730 = EDGE_CURVE('',#2534,#4806,#6731,.T.);
#6731 = SURFACE_CURVE('',#6732,(#6736,#6743),.PCURVE_S1.);
#6732 = LINE('',#6733,#6734);
#6733 = CARTESIAN_POINT('',(201.2,-72.6,0.));
#6734 = VECTOR('',#6735,1.);
#6735 = DIRECTION('',(-1.,0.,0.));
#6736 = PCURVE('',#919,#6737);
#6737 = DEFINITIONAL_REPRESENTATION('',(#6738),#6742);
#6738 = LINE('',#6739,#6740);
#6739 = CARTESIAN_POINT('',(1.,-1.2));
#6740 = VECTOR('',#6741,1.);
#6741 = DIRECTION('',(0.,-1.));
#6742 = ( GEOMETRIC_REPRESENTATION_CONTEXT(2) 
PARAMETRIC_REPRESENTATION_CONTEXT() REPRESENTATION_CONTEXT('2D SPACE',''
  ) );
#6743 = PCURVE('',#578,#6744);
#6744 = DEFINITIONAL_REPRESENTATION('',(#6745),#6749);
#6745 = LINE('',#6746,#6747);
#6746 = CARTESIAN_POINT('',(1.2,2.4));
#6747 = VECTOR('',#6748,1.);
#6748 = DIRECTION('',(-1.,0.));
#6749 = ( GEOMETRIC_REPRESENTATION_CONTEXT(2) 
PARAMETRIC_REPRESENTATION_CONTEXT() REPRESENTATION_CONTEXT('2D SPACE',''
  ) );
#6750 = ORIENTED_EDGE('',*,*,#4805,.T.);
#6751 = ORIENTED_EDGE('',*,*,#1541,.F.);
#6752 = ORIENTED_EDGE('',*,*,#4854,.F.);
#6753 = ORIENTED_EDGE('',*,*,#6754,.T.);
#6754 = EDGE_CURVE('',#4855,#4975,#6755,.T.);
#6755 = SURFACE_CURVE('',#6756,(#6760,#6767),.PCURVE_S1.);
#6756 = LINE('',#6757,#6758);
#6757 = CARTESIAN_POINT('',(201.2,-72.6,0.));
#6758 = VECTOR('',#6759,1.);
#6759 = DIRECTION('',(-1.,0.,0.));
#6760 = PCURVE('',#919,#6761);
#6761 = DEFINITIONAL_REPRESENTATION('',(#6762),#6766);
#6762 = LINE('',#6763,#6764);
#6763 = CARTESIAN_POINT('',(1.,-1.2));
#6764 = VECTOR('',#6765,1.);
#6765 = DIRECTION('',(0.,-1.));
#6766 = ( GEOMETRIC_REPRESENTATION_CONTEXT(2) 
PARAMETRIC_REPRESENTATION_CONTEXT() REPRESENTATION_CONTEXT('2D SPACE',''
  ) );
#6767 = PCURVE('',#578,#6768);
#6768 = DEFINITIONAL_REPRESENTATION('',(#6769),#6773);
#6769 = LINE('',#6770,#6771);
#6770 = CARTESIAN_POINT('',(1.2,2.4));
#6771 = VECTOR('',#6772,1.);
#6772 = DIRECTION('',(-1.,0.));
#6773 = ( GEOMETRIC_REPRESENTATION_CONTEXT(2) 
PARAMETRIC_REPRESENTATION_CONTEXT() REPRESENTATION_CONTEXT('2D SPACE',''
  ) );
#6774 = ORIENTED_EDGE('',*,*,#4974,.T.);
#6775 = ORIENTED_EDGE('',*,*,#1434,.F.);
#6776 = ORIENTED_EDGE('',*,*,#5023,.F.);
#6777 = ORIENTED_EDGE('',*,*,#6778,.T.);
#6778 = EDGE_CURVE('',#5024,#902,#6779,.T.);
#6779 = SURFACE_CURVE('',#6780,(#6784,#6791),.PCURVE_S1.);
#6780 = LINE('',#6781,#6782);
#6781 = CARTESIAN_POINT('',(201.2,-72.6,0.));
#6782 = VECTOR('',#6783,1.);
#6783 = DIRECTION('',(-1.,0.,0.));
#6784 = PCURVE('',#919,#6785);
#6785 = DEFINITIONAL_REPRESENTATION('',(#6786),#6790);
#6786 = LINE('',#6787,#6788);
#6787 = CARTESIAN_POINT('',(1.,-1.2));
#6788 = VECTOR('',#6789,1.);
#6789 = DIRECTION('',(0.,-1.));
#6790 = ( GEOMETRIC_REPRESENTATION_CONTEXT(2) 
PARAMETRIC_REPRESENTATION_CONTEXT() REPRESENTATION_CONTEXT('2D SPACE',''
  ) );
#6791 = PCURVE('',#578,#6792);
#6792 = DEFINITIONAL_REPRESENTATION('',(#6793),#6797);
#6793 = LINE('',#6794,#6795);
#6794 = CARTESIAN_POINT('',(1.2,2.4));
#6795 = VECTOR('',#6796,1.);
#6796 = DIRECTION('',(-1.,0.));
#6797 = ( GEOMETRIC_REPRESENTATION_CONTEXT(2) 
PARAMETRIC_REPRESENTATION_CONTEXT() REPRESENTATION_CONTEXT('2D SPACE',''
  ) );
#6798 = ORIENTED_EDGE('',*,*,#901,.T.);
#6799 = ORIENTED_EDGE('',*,*,#5724,.T.);
#6800 = ORIENTED_EDGE('',*,*,#6580,.T.);
#6801 = ORIENTED_EDGE('',*,*,#6651,.T.);
#6802 = ORIENTED_EDGE('',*,*,#6703,.T.);
#6803 = ORIENTED_EDGE('',*,*,#5687,.T.);
#6804 = ADVANCED_FACE('',(#6805),#807,.F.);
#6805 = FACE_BOUND('',#6806,.F.);
#6806 = EDGE_LOOP('',(#6807,#6828,#6829,#6830,#6851,#6852,#6853,#6854));
#6807 = ORIENTED_EDGE('',*,*,#6808,.F.);
#6808 = EDGE_CURVE('',#932,#5047,#6809,.T.);
#6809 = SURFACE_CURVE('',#6810,(#6814,#6821),.PCURVE_S1.);
#6810 = LINE('',#6811,#6812);
#6811 = CARTESIAN_POINT('',(202.4,-63.2,0.));
#6812 = VECTOR('',#6813,1.);
#6813 = DIRECTION('',(1.,0.,0.));
#6814 = PCURVE('',#807,#6815);
#6815 = DEFINITIONAL_REPRESENTATION('',(#6816),#6820);
#6816 = LINE('',#6817,#6818);
#6817 = CARTESIAN_POINT('',(0.,0.));
#6818 = VECTOR('',#6819,1.);
#6819 = DIRECTION('',(0.,1.));
#6820 = ( GEOMETRIC_REPRESENTATION_CONTEXT(2) 
PARAMETRIC_REPRESENTATION_CONTEXT() REPRESENTATION_CONTEXT('2D SPACE',''
  ) );
#6821 = PCURVE('',#578,#6822);
#6822 = DEFINITIONAL_REPRESENTATION('',(#6823),#6827);
#6823 = LINE('',#6824,#6825);
#6824 = CARTESIAN_POINT('',(2.4,11.8));
#6825 = VECTOR('',#6826,1.);
#6826 = DIRECTION('',(1.,0.));
#6827 = ( GEOMETRIC_REPRESENTATION_CONTEXT(2) 
PARAMETRIC_REPRESENTATION_CONTEXT() REPRESENTATION_CONTEXT('2D SPACE',''
  ) );
#6828 = ORIENTED_EDGE('',*,*,#954,.T.);
#6829 = ORIENTED_EDGE('',*,*,#852,.F.);
#6830 = ORIENTED_EDGE('',*,*,#6831,.F.);
#6831 = EDGE_CURVE('',#763,#853,#6832,.T.);
#6832 = SURFACE_CURVE('',#6833,(#6837,#6844),.PCURVE_S1.);
#6833 = LINE('',#6834,#6835);
#6834 = CARTESIAN_POINT('',(203.4,-63.2,5.));
#6835 = VECTOR('',#6836,1.);
#6836 = DIRECTION('',(0.,0.,-1.));
#6837 = PCURVE('',#807,#6838);
#6838 = DEFINITIONAL_REPRESENTATION('',(#6839),#6843);
#6839 = LINE('',#6840,#6841);
#6840 = CARTESIAN_POINT('',(5.,1.));
#6841 = VECTOR('',#6842,1.);
#6842 = DIRECTION('',(-1.,0.));
#6843 = ( GEOMETRIC_REPRESENTATION_CONTEXT(2) 
PARAMETRIC_REPRESENTATION_CONTEXT() REPRESENTATION_CONTEXT('2D SPACE',''
  ) );
#6844 = PCURVE('',#779,#6845);
#6845 = DEFINITIONAL_REPRESENTATION('',(#6846),#6850);
#6846 = LINE('',#6847,#6848);
#6847 = CARTESIAN_POINT('',(-5.,-2.8));
#6848 = VECTOR('',#6849,1.);
#6849 = DIRECTION('',(-1.,0.));
#6850 = ( GEOMETRIC_REPRESENTATION_CONTEXT(2) 
PARAMETRIC_REPRESENTATION_CONTEXT() REPRESENTATION_CONTEXT('2D SPACE',''
  ) );
#6851 = ORIENTED_EDGE('',*,*,#791,.T.);
#6852 = ORIENTED_EDGE('',*,*,#976,.T.);
#6853 = ORIENTED_EDGE('',*,*,#1383,.T.);
#6854 = ORIENTED_EDGE('',*,*,#5069,.T.);
#6855 = ADVANCED_FACE('',(#6856),#779,.F.);
#6856 = FACE_BOUND('',#6857,.F.);
#6857 = EDGE_LOOP('',(#6858,#6859,#6860));
#6858 = ORIENTED_EDGE('',*,*,#875,.T.);
#6859 = ORIENTED_EDGE('',*,*,#762,.T.);
#6860 = ORIENTED_EDGE('',*,*,#6831,.T.);
#6861 = ADVANCED_FACE('',(#6862,#7393,#7497,#7601,#7705,#7809,#7913),
  #688,.T.);
#6862 = FACE_BOUND('',#6863,.T.);
#6863 = EDGE_LOOP('',(#6864,#6865,#6888,#6917,#6941,#6964,#6993,#7017,
    #7040,#7069,#7093,#7116,#7144,#7167,#7196,#7220,#7243,#7272,#7296,
    #7319,#7348,#7372));
#6864 = ORIENTED_EDGE('',*,*,#674,.F.);
#6865 = ORIENTED_EDGE('',*,*,#6866,.T.);
#6866 = EDGE_CURVE('',#479,#6867,#6869,.T.);
#6867 = VERTEX_POINT('',#6868);
#6868 = CARTESIAN_POINT('',(210.75,-61.,158.));
#6869 = SURFACE_CURVE('',#6870,(#6874,#6881),.PCURVE_S1.);
#6870 = LINE('',#6871,#6872);
#6871 = CARTESIAN_POINT('',(200.,-61.,158.));
#6872 = VECTOR('',#6873,1.);
#6873 = DIRECTION('',(1.,0.,0.));
#6874 = PCURVE('',#688,#6875);
#6875 = DEFINITIONAL_REPRESENTATION('',(#6876),#6880);
#6876 = LINE('',#6877,#6878);
#6877 = CARTESIAN_POINT('',(0.,-116.));
#6878 = VECTOR('',#6879,1.);
#6879 = DIRECTION('',(1.,0.));
#6880 = ( GEOMETRIC_REPRESENTATION_CONTEXT(2) 
PARAMETRIC_REPRESENTATION_CONTEXT() REPRESENTATION_CONTEXT('2D SPACE',''
  ) );
#6881 = PCURVE('',#494,#6882);
#6882 = DEFINITIONAL_REPRESENTATION('',(#6883),#6887);
#6883 = LINE('',#6884,#6885);
#6884 = CARTESIAN_POINT('',(-127.5,0.));
#6885 = VECTOR('',#6886,1.);
#6886 = DIRECTION('',(-0.,1.));
#6887 = ( GEOMETRIC_REPRESENTATION_CONTEXT(2) 
PARAMETRIC_REPRESENTATION_CONTEXT() REPRESENTATION_CONTEXT('2D SPACE',''
  ) );
#6888 = ORIENTED_EDGE('',*,*,#6889,.F.);
#6889 = EDGE_CURVE('',#6890,#6867,#6892,.T.);
#6890 = VERTEX_POINT('',#6891);
#6891 = CARTESIAN_POINT('',(215.25,-58.,158.));
#6892 = SURFACE_CURVE('',#6893,(#6898,#6905),.PCURVE_S1.);
#6893 = CIRCLE('',#6894,3.25);
#6894 = AXIS2_PLACEMENT_3D('',#6895,#6896,#6897);
#6895 = CARTESIAN_POINT('',(212.,-58.,158.));
#6896 = DIRECTION('',(0.,0.,1.));
#6897 = DIRECTION('',(1.,0.,-0.));
#6898 = PCURVE('',#688,#6899);
#6899 = DEFINITIONAL_REPRESENTATION('',(#6900),#6904);
#6900 = CIRCLE('',#6901,3.25);
#6901 = AXIS2_PLACEMENT_2D('',#6902,#6903);
#6902 = CARTESIAN_POINT('',(12.,-113.));
#6903 = DIRECTION('',(1.,0.));
#6904 = ( GEOMETRIC_REPRESENTATION_CONTEXT(2) 
PARAMETRIC_REPRESENTATION_CONTEXT() REPRESENTATION_CONTEXT('2D SPACE',''
  ) );
#6905 = PCURVE('',#6906,#6911);
#6906 = CONICAL_SURFACE('',#6907,1.7,0.659310068333);
#6907 = AXIS2_PLACEMENT_3D('',#6908,#6909,#6910);
#6908 = CARTESIAN_POINT('',(212.,-58.,156.));
#6909 = DIRECTION('',(0.,0.,1.));
#6910 = DIRECTION('',(1.,0.,-0.));
#6911 = DEFINITIONAL_REPRESENTATION('',(#6912),#6916);
#6912 = LINE('',#6913,#6914);
#6913 = CARTESIAN_POINT('',(0.,2.));
#6914 = VECTOR('',#6915,1.);
#6915 = DIRECTION('',(1.,0.));
#6916 = ( GEOMETRIC_REPRESENTATION_CONTEXT(2) 
PARAMETRIC_REPRESENTATION_CONTEXT() REPRESENTATION_CONTEXT('2D SPACE',''
  ) );
#6917 = ORIENTED_EDGE('',*,*,#6918,.F.);
#6918 = EDGE_CURVE('',#6919,#6890,#6921,.T.);
#6919 = VERTEX_POINT('',#6920);
#6920 = CARTESIAN_POINT('',(213.25,-61.,158.));
#6921 = SURFACE_CURVE('',#6922,(#6927,#6934),.PCURVE_S1.);
#6922 = CIRCLE('',#6923,3.25);
#6923 = AXIS2_PLACEMENT_3D('',#6924,#6925,#6926);
#6924 = CARTESIAN_POINT('',(212.,-58.,158.));
#6925 = DIRECTION('',(0.,0.,1.));
#6926 = DIRECTION('',(1.,0.,-0.));
#6927 = PCURVE('',#688,#6928);
#6928 = DEFINITIONAL_REPRESENTATION('',(#6929),#6933);
#6929 = CIRCLE('',#6930,3.25);
#6930 = AXIS2_PLACEMENT_2D('',#6931,#6932);
#6931 = CARTESIAN_POINT('',(12.,-113.));
#6932 = DIRECTION('',(1.,0.));
#6933 = ( GEOMETRIC_REPRESENTATION_CONTEXT(2) 
PARAMETRIC_REPRESENTATION_CONTEXT() REPRESENTATION_CONTEXT('2D SPACE',''
  ) );
#6934 = PCURVE('',#6906,#6935);
#6935 = DEFINITIONAL_REPRESENTATION('',(#6936),#6940);
#6936 = LINE('',#6937,#6938);
#6937 = CARTESIAN_POINT('',(0.,2.));
#6938 = VECTOR('',#6939,1.);
#6939 = DIRECTION('',(1.,0.));
#6940 = ( GEOMETRIC_REPRESENTATION_CONTEXT(2) 
PARAMETRIC_REPRESENTATION_CONTEXT() REPRESENTATION_CONTEXT('2D SPACE',''
  ) );
#6941 = ORIENTED_EDGE('',*,*,#6942,.T.);
#6942 = EDGE_CURVE('',#6919,#6943,#6945,.T.);
#6943 = VERTEX_POINT('',#6944);
#6944 = CARTESIAN_POINT('',(273.75,-61.,158.));
#6945 = SURFACE_CURVE('',#6946,(#6950,#6957),.PCURVE_S1.);
#6946 = LINE('',#6947,#6948);
#6947 = CARTESIAN_POINT('',(200.,-61.,158.));
#6948 = VECTOR('',#6949,1.);
#6949 = DIRECTION('',(1.,0.,0.));
#6950 = PCURVE('',#688,#6951);
#6951 = DEFINITIONAL_REPRESENTATION('',(#6952),#6956);
#6952 = LINE('',#6953,#6954);
#6953 = CARTESIAN_POINT('',(0.,-116.));
#6954 = VECTOR('',#6955,1.);
#6955 = DIRECTION('',(1.,0.));
#6956 = ( GEOMETRIC_REPRESENTATION_CONTEXT(2) 
PARAMETRIC_REPRESENTATION_CONTEXT() REPRESENTATION_CONTEXT('2D SPACE',''
  ) );
#6957 = PCURVE('',#494,#6958);
#6958 = DEFINITIONAL_REPRESENTATION('',(#6959),#6963);
#6959 = LINE('',#6960,#6961);
#6960 = CARTESIAN_POINT('',(-127.5,0.));
#6961 = VECTOR('',#6962,1.);
#6962 = DIRECTION('',(-0.,1.));
#6963 = ( GEOMETRIC_REPRESENTATION_CONTEXT(2) 
PARAMETRIC_REPRESENTATION_CONTEXT() REPRESENTATION_CONTEXT('2D SPACE',''
  ) );
#6964 = ORIENTED_EDGE('',*,*,#6965,.F.);
#6965 = EDGE_CURVE('',#6966,#6943,#6968,.T.);
#6966 = VERTEX_POINT('',#6967);
#6967 = CARTESIAN_POINT('',(278.25,-58.,158.));
#6968 = SURFACE_CURVE('',#6969,(#6974,#6981),.PCURVE_S1.);
#6969 = CIRCLE('',#6970,3.25);
#6970 = AXIS2_PLACEMENT_3D('',#6971,#6972,#6973);
#6971 = CARTESIAN_POINT('',(275.,-58.,158.));
#6972 = DIRECTION('',(0.,0.,1.));
#6973 = DIRECTION('',(1.,0.,-0.));
#6974 = PCURVE('',#688,#6975);
#6975 = DEFINITIONAL_REPRESENTATION('',(#6976),#6980);
#6976 = CIRCLE('',#6977,3.25);
#6977 = AXIS2_PLACEMENT_2D('',#6978,#6979);
#6978 = CARTESIAN_POINT('',(75.,-113.));
#6979 = DIRECTION('',(1.,0.));
#6980 = ( GEOMETRIC_REPRESENTATION_CONTEXT(2) 
PARAMETRIC_REPRESENTATION_CONTEXT() REPRESENTATION_CONTEXT('2D SPACE',''
  ) );
#6981 = PCURVE('',#6982,#6987);
#6982 = CONICAL_SURFACE('',#6983,1.7,0.659310068333);
#6983 = AXIS2_PLACEMENT_3D('',#6984,#6985,#6986);
#6984 = CARTESIAN_POINT('',(275.,-58.,156.));
#6985 = DIRECTION('',(0.,0.,1.));
#6986 = DIRECTION('',(1.,0.,-0.));
#6987 = DEFINITIONAL_REPRESENTATION('',(#6988),#6992);
#6988 = LINE('',#6989,#6990);
#6989 = CARTESIAN_POINT('',(0.,2.));
#6990 = VECTOR('',#6991,1.);
#6991 = DIRECTION('',(1.,0.));
#6992 = ( GEOMETRIC_REPRESENTATION_CONTEXT(2) 
PARAMETRIC_REPRESENTATION_CONTEXT() REPRESENTATION_CONTEXT('2D SPACE',''
  ) );
#6993 = ORIENTED_EDGE('',*,*,#6994,.F.);
#6994 = EDGE_CURVE('',#6995,#6966,#6997,.T.);
#6995 = VERTEX_POINT('',#6996);
#6996 = CARTESIAN_POINT('',(276.25,-61.,158.));
#6997 = SURFACE_CURVE('',#6998,(#7003,#7010),.PCURVE_S1.);
#6998 = CIRCLE('',#6999,3.25);
#6999 = AXIS2_PLACEMENT_3D('',#7000,#7001,#7002);
#7000 = CARTESIAN_POINT('',(275.,-58.,158.));
#7001 = DIRECTION('',(0.,0.,1.));
#7002 = DIRECTION('',(1.,0.,-0.));
#7003 = PCURVE('',#688,#7004);
#7004 = DEFINITIONAL_REPRESENTATION('',(#7005),#7009);
#7005 = CIRCLE('',#7006,3.25);
#7006 = AXIS2_PLACEMENT_2D('',#7007,#7008);
#7007 = CARTESIAN_POINT('',(75.,-113.));
#7008 = DIRECTION('',(1.,0.));
#7009 = ( GEOMETRIC_REPRESENTATION_CONTEXT(2) 
PARAMETRIC_REPRESENTATION_CONTEXT() REPRESENTATION_CONTEXT('2D SPACE',''
  ) );
#7010 = PCURVE('',#6982,#7011);
#7011 = DEFINITIONAL_REPRESENTATION('',(#7012),#7016);
#7012 = LINE('',#7013,#7014);
#7013 = CARTESIAN_POINT('',(0.,2.));
#7014 = VECTOR('',#7015,1.);
#7015 = DIRECTION('',(1.,0.));
#7016 = ( GEOMETRIC_REPRESENTATION_CONTEXT(2) 
PARAMETRIC_REPRESENTATION_CONTEXT() REPRESENTATION_CONTEXT('2D SPACE',''
  ) );
#7017 = ORIENTED_EDGE('',*,*,#7018,.T.);
#7018 = EDGE_CURVE('',#6995,#7019,#7021,.T.);
#7019 = VERTEX_POINT('',#7020);
#7020 = CARTESIAN_POINT('',(336.75,-61.,158.));
#7021 = SURFACE_CURVE('',#7022,(#7026,#7033),.PCURVE_S1.);
#7022 = LINE('',#7023,#7024);
#7023 = CARTESIAN_POINT('',(200.,-61.,158.));
#7024 = VECTOR('',#7025,1.);
#7025 = DIRECTION('',(1.,0.,0.));
#7026 = PCURVE('',#688,#7027);
#7027 = DEFINITIONAL_REPRESENTATION('',(#7028),#7032);
#7028 = LINE('',#7029,#7030);
#7029 = CARTESIAN_POINT('',(0.,-116.));
#7030 = VECTOR('',#7031,1.);
#7031 = DIRECTION('',(1.,0.));
#7032 = ( GEOMETRIC_REPRESENTATION_CONTEXT(2) 
PARAMETRIC_REPRESENTATION_CONTEXT() REPRESENTATION_CONTEXT('2D SPACE',''
  ) );
#7033 = PCURVE('',#494,#7034);
#7034 = DEFINITIONAL_REPRESENTATION('',(#7035),#7039);
#7035 = LINE('',#7036,#7037);
#7036 = CARTESIAN_POINT('',(-127.5,0.));
#7037 = VECTOR('',#7038,1.);
#7038 = DIRECTION('',(-0.,1.));
#7039 = ( GEOMETRIC_REPRESENTATION_CONTEXT(2) 
PARAMETRIC_REPRESENTATION_CONTEXT() REPRESENTATION_CONTEXT('2D SPACE',''
  ) );
#7040 = ORIENTED_EDGE('',*,*,#7041,.F.);
#7041 = EDGE_CURVE('',#7042,#7019,#7044,.T.);
#7042 = VERTEX_POINT('',#7043);
#7043 = CARTESIAN_POINT('',(341.25,-58.,158.));
#7044 = SURFACE_CURVE('',#7045,(#7050,#7057),.PCURVE_S1.);
#7045 = CIRCLE('',#7046,3.25);
#7046 = AXIS2_PLACEMENT_3D('',#7047,#7048,#7049);
#7047 = CARTESIAN_POINT('',(338.,-58.,158.));
#7048 = DIRECTION('',(0.,0.,1.));
#7049 = DIRECTION('',(1.,0.,-0.));
#7050 = PCURVE('',#688,#7051);
#7051 = DEFINITIONAL_REPRESENTATION('',(#7052),#7056);
#7052 = CIRCLE('',#7053,3.25);
#7053 = AXIS2_PLACEMENT_2D('',#7054,#7055);
#7054 = CARTESIAN_POINT('',(138.,-113.));
#7055 = DIRECTION('',(1.,0.));
#7056 = ( GEOMETRIC_REPRESENTATION_CONTEXT(2) 
PARAMETRIC_REPRESENTATION_CONTEXT() REPRESENTATION_CONTEXT('2D SPACE',''
  ) );
#7057 = PCURVE('',#7058,#7063);
#7058 = CONICAL_SURFACE('',#7059,1.7,0.659310068333);
#7059 = AXIS2_PLACEMENT_3D('',#7060,#7061,#7062);
#7060 = CARTESIAN_POINT('',(338.,-58.,156.));
#7061 = DIRECTION('',(0.,0.,1.));
#7062 = DIRECTION('',(1.,0.,-0.));
#7063 = DEFINITIONAL_REPRESENTATION('',(#7064),#7068);
#7064 = LINE('',#7065,#7066);
#7065 = CARTESIAN_POINT('',(0.,2.));
#7066 = VECTOR('',#7067,1.);
#7067 = DIRECTION('',(1.,0.));
#7068 = ( GEOMETRIC_REPRESENTATION_CONTEXT(2) 
PARAMETRIC_REPRESENTATION_CONTEXT() REPRESENTATION_CONTEXT('2D SPACE',''
  ) );
#7069 = ORIENTED_EDGE('',*,*,#7070,.F.);
#7070 = EDGE_CURVE('',#7071,#7042,#7073,.T.);
#7071 = VERTEX_POINT('',#7072);
#7072 = CARTESIAN_POINT('',(339.25,-61.,158.));
#7073 = SURFACE_CURVE('',#7074,(#7079,#7086),.PCURVE_S1.);
#7074 = CIRCLE('',#7075,3.25);
#7075 = AXIS2_PLACEMENT_3D('',#7076,#7077,#7078);
#7076 = CARTESIAN_POINT('',(338.,-58.,158.));
#7077 = DIRECTION('',(0.,0.,1.));
#7078 = DIRECTION('',(1.,0.,-0.));
#7079 = PCURVE('',#688,#7080);
#7080 = DEFINITIONAL_REPRESENTATION('',(#7081),#7085);
#7081 = CIRCLE('',#7082,3.25);
#7082 = AXIS2_PLACEMENT_2D('',#7083,#7084);
#7083 = CARTESIAN_POINT('',(138.,-113.));
#7084 = DIRECTION('',(1.,0.));
#7085 = ( GEOMETRIC_REPRESENTATION_CONTEXT(2) 
PARAMETRIC_REPRESENTATION_CONTEXT() REPRESENTATION_CONTEXT('2D SPACE',''
  ) );
#7086 = PCURVE('',#7058,#7087);
#7087 = DEFINITIONAL_REPRESENTATION('',(#7088),#7092);
#7088 = LINE('',#7089,#7090);
#7089 = CARTESIAN_POINT('',(0.,2.));
#7090 = VECTOR('',#7091,1.);
#7091 = DIRECTION('',(1.,0.));
#7092 = ( GEOMETRIC_REPRESENTATION_CONTEXT(2) 
PARAMETRIC_REPRESENTATION_CONTEXT() REPRESENTATION_CONTEXT('2D SPACE',''
  ) );
#7093 = ORIENTED_EDGE('',*,*,#7094,.T.);
#7094 = EDGE_CURVE('',#7071,#7095,#7097,.T.);
#7095 = VERTEX_POINT('',#7096);
#7096 = CARTESIAN_POINT('',(350.,-61.,158.));
#7097 = SURFACE_CURVE('',#7098,(#7102,#7109),.PCURVE_S1.);
#7098 = LINE('',#7099,#7100);
#7099 = CARTESIAN_POINT('',(200.,-61.,158.));
#7100 = VECTOR('',#7101,1.);
#7101 = DIRECTION('',(1.,0.,0.));
#7102 = PCURVE('',#688,#7103);
#7103 = DEFINITIONAL_REPRESENTATION('',(#7104),#7108);
#7104 = LINE('',#7105,#7106);
#7105 = CARTESIAN_POINT('',(0.,-116.));
#7106 = VECTOR('',#7107,1.);
#7107 = DIRECTION('',(1.,0.));
#7108 = ( GEOMETRIC_REPRESENTATION_CONTEXT(2) 
PARAMETRIC_REPRESENTATION_CONTEXT() REPRESENTATION_CONTEXT('2D SPACE',''
  ) );
#7109 = PCURVE('',#494,#7110);
#7110 = DEFINITIONAL_REPRESENTATION('',(#7111),#7115);
#7111 = LINE('',#7112,#7113);
#7112 = CARTESIAN_POINT('',(-127.5,0.));
#7113 = VECTOR('',#7114,1.);
#7114 = DIRECTION('',(-0.,1.));
#7115 = ( GEOMETRIC_REPRESENTATION_CONTEXT(2) 
PARAMETRIC_REPRESENTATION_CONTEXT() REPRESENTATION_CONTEXT('2D SPACE',''
  ) );
#7116 = ORIENTED_EDGE('',*,*,#7117,.T.);
#7117 = EDGE_CURVE('',#7095,#7118,#7120,.T.);
#7118 = VERTEX_POINT('',#7119);
#7119 = CARTESIAN_POINT('',(350.,61.,158.));
#7120 = SURFACE_CURVE('',#7121,(#7125,#7132),.PCURVE_S1.);
#7121 = LINE('',#7122,#7123);
#7122 = CARTESIAN_POINT('',(350.,-61.,158.));
#7123 = VECTOR('',#7124,1.);
#7124 = DIRECTION('',(0.,1.,0.));
#7125 = PCURVE('',#688,#7126);
#7126 = DEFINITIONAL_REPRESENTATION('',(#7127),#7131);
#7127 = LINE('',#7128,#7129);
#7128 = CARTESIAN_POINT('',(150.,-116.));
#7129 = VECTOR('',#7130,1.);
#7130 = DIRECTION('',(0.,1.));
#7131 = ( GEOMETRIC_REPRESENTATION_CONTEXT(2) 
PARAMETRIC_REPRESENTATION_CONTEXT() REPRESENTATION_CONTEXT('2D SPACE',''
  ) );
#7132 = PCURVE('',#7133,#7138);
#7133 = PLANE('',#7134);
#7134 = AXIS2_PLACEMENT_3D('',#7135,#7136,#7137);
#7135 = CARTESIAN_POINT('',(350.,-75.,0.));
#7136 = DIRECTION('',(1.,0.,0.));
#7137 = DIRECTION('',(0.,0.,1.));
#7138 = DEFINITIONAL_REPRESENTATION('',(#7139),#7143);
#7139 = LINE('',#7140,#7141);
#7140 = CARTESIAN_POINT('',(158.,-14.));
#7141 = VECTOR('',#7142,1.);
#7142 = DIRECTION('',(0.,-1.));
#7143 = ( GEOMETRIC_REPRESENTATION_CONTEXT(2) 
PARAMETRIC_REPRESENTATION_CONTEXT() REPRESENTATION_CONTEXT('2D SPACE',''
  ) );
#7144 = ORIENTED_EDGE('',*,*,#7145,.T.);
#7145 = EDGE_CURVE('',#7118,#7146,#7148,.T.);
#7146 = VERTEX_POINT('',#7147);
#7147 = CARTESIAN_POINT('',(339.25,61.,158.));
#7148 = SURFACE_CURVE('',#7149,(#7153,#7160),.PCURVE_S1.);
#7149 = LINE('',#7150,#7151);
#7150 = CARTESIAN_POINT('',(350.,61.,158.));
#7151 = VECTOR('',#7152,1.);
#7152 = DIRECTION('',(-1.,0.,0.));
#7153 = PCURVE('',#688,#7154);
#7154 = DEFINITIONAL_REPRESENTATION('',(#7155),#7159);
#7155 = LINE('',#7156,#7157);
#7156 = CARTESIAN_POINT('',(150.,6.));
#7157 = VECTOR('',#7158,1.);
#7158 = DIRECTION('',(-1.,0.));
#7159 = ( GEOMETRIC_REPRESENTATION_CONTEXT(2) 
PARAMETRIC_REPRESENTATION_CONTEXT() REPRESENTATION_CONTEXT('2D SPACE',''
  ) );
#7160 = PCURVE('',#662,#7161);
#7161 = DEFINITIONAL_REPRESENTATION('',(#7162),#7166);
#7162 = LINE('',#7163,#7164);
#7163 = CARTESIAN_POINT('',(127.5,150.));
#7164 = VECTOR('',#7165,1.);
#7165 = DIRECTION('',(0.,-1.));
#7166 = ( GEOMETRIC_REPRESENTATION_CONTEXT(2) 
PARAMETRIC_REPRESENTATION_CONTEXT() REPRESENTATION_CONTEXT('2D SPACE',''
  ) );
#7167 = ORIENTED_EDGE('',*,*,#7168,.F.);
#7168 = EDGE_CURVE('',#7169,#7146,#7171,.T.);
#7169 = VERTEX_POINT('',#7170);
#7170 = CARTESIAN_POINT('',(341.25,58.,158.));
#7171 = SURFACE_CURVE('',#7172,(#7177,#7184),.PCURVE_S1.);
#7172 = CIRCLE('',#7173,3.25);
#7173 = AXIS2_PLACEMENT_3D('',#7174,#7175,#7176);
#7174 = CARTESIAN_POINT('',(338.,58.,158.));
#7175 = DIRECTION('',(0.,0.,1.));
#7176 = DIRECTION('',(1.,0.,-0.));
#7177 = PCURVE('',#688,#7178);
#7178 = DEFINITIONAL_REPRESENTATION('',(#7179),#7183);
#7179 = CIRCLE('',#7180,3.25);
#7180 = AXIS2_PLACEMENT_2D('',#7181,#7182);
#7181 = CARTESIAN_POINT('',(138.,3.));
#7182 = DIRECTION('',(1.,0.));
#7183 = ( GEOMETRIC_REPRESENTATION_CONTEXT(2) 
PARAMETRIC_REPRESENTATION_CONTEXT() REPRESENTATION_CONTEXT('2D SPACE',''
  ) );
#7184 = PCURVE('',#7185,#7190);
#7185 = CONICAL_SURFACE('',#7186,1.7,0.659310068333);
#7186 = AXIS2_PLACEMENT_3D('',#7187,#7188,#7189);
#7187 = CARTESIAN_POINT('',(338.,58.,156.));
#7188 = DIRECTION('',(0.,0.,1.));
#7189 = DIRECTION('',(1.,0.,-0.));
#7190 = DEFINITIONAL_REPRESENTATION('',(#7191),#7195);
#7191 = LINE('',#7192,#7193);
#7192 = CARTESIAN_POINT('',(0.,2.));
#7193 = VECTOR('',#7194,1.);
#7194 = DIRECTION('',(1.,0.));
#7195 = ( GEOMETRIC_REPRESENTATION_CONTEXT(2) 
PARAMETRIC_REPRESENTATION_CONTEXT() REPRESENTATION_CONTEXT('2D SPACE',''
  ) );
#7196 = ORIENTED_EDGE('',*,*,#7197,.F.);
#7197 = EDGE_CURVE('',#7198,#7169,#7200,.T.);
#7198 = VERTEX_POINT('',#7199);
#7199 = CARTESIAN_POINT('',(336.75,61.,158.));
#7200 = SURFACE_CURVE('',#7201,(#7206,#7213),.PCURVE_S1.);
#7201 = CIRCLE('',#7202,3.25);
#7202 = AXIS2_PLACEMENT_3D('',#7203,#7204,#7205);
#7203 = CARTESIAN_POINT('',(338.,58.,158.));
#7204 = DIRECTION('',(0.,0.,1.));
#7205 = DIRECTION('',(1.,0.,-0.));
#7206 = PCURVE('',#688,#7207);
#7207 = DEFINITIONAL_REPRESENTATION('',(#7208),#7212);
#7208 = CIRCLE('',#7209,3.25);
#7209 = AXIS2_PLACEMENT_2D('',#7210,#7211);
#7210 = CARTESIAN_POINT('',(138.,3.));
#7211 = DIRECTION('',(1.,0.));
#7212 = ( GEOMETRIC_REPRESENTATION_CONTEXT(2) 
PARAMETRIC_REPRESENTATION_CONTEXT() REPRESENTATION_CONTEXT('2D SPACE',''
  ) );
#7213 = PCURVE('',#7185,#7214);
#7214 = DEFINITIONAL_REPRESENTATION('',(#7215),#7219);
#7215 = LINE('',#7216,#7217);
#7216 = CARTESIAN_POINT('',(0.,2.));
#7217 = VECTOR('',#7218,1.);
#7218 = DIRECTION('',(1.,0.));
#7219 = ( GEOMETRIC_REPRESENTATION_CONTEXT(2) 
PARAMETRIC_REPRESENTATION_CONTEXT() REPRESENTATION_CONTEXT('2D SPACE',''
  ) );
#7220 = ORIENTED_EDGE('',*,*,#7221,.T.);
#7221 = EDGE_CURVE('',#7198,#7222,#7224,.T.);
#7222 = VERTEX_POINT('',#7223);
#7223 = CARTESIAN_POINT('',(276.25,61.,158.));
#7224 = SURFACE_CURVE('',#7225,(#7229,#7236),.PCURVE_S1.);
#7225 = LINE('',#7226,#7227);
#7226 = CARTESIAN_POINT('',(350.,61.,158.));
#7227 = VECTOR('',#7228,1.);
#7228 = DIRECTION('',(-1.,0.,0.));
#7229 = PCURVE('',#688,#7230);
#7230 = DEFINITIONAL_REPRESENTATION('',(#7231),#7235);
#7231 = LINE('',#7232,#7233);
#7232 = CARTESIAN_POINT('',(150.,6.));
#7233 = VECTOR('',#7234,1.);
#7234 = DIRECTION('',(-1.,0.));
#7235 = ( GEOMETRIC_REPRESENTATION_CONTEXT(2) 
PARAMETRIC_REPRESENTATION_CONTEXT() REPRESENTATION_CONTEXT('2D SPACE',''
  ) );
#7236 = PCURVE('',#662,#7237);
#7237 = DEFINITIONAL_REPRESENTATION('',(#7238),#7242);
#7238 = LINE('',#7239,#7240);
#7239 = CARTESIAN_POINT('',(127.5,150.));
#7240 = VECTOR('',#7241,1.);
#7241 = DIRECTION('',(0.,-1.));
#7242 = ( GEOMETRIC_REPRESENTATION_CONTEXT(2) 
PARAMETRIC_REPRESENTATION_CONTEXT() REPRESENTATION_CONTEXT('2D SPACE',''
  ) );
#7243 = ORIENTED_EDGE('',*,*,#7244,.F.);
#7244 = EDGE_CURVE('',#7245,#7222,#7247,.T.);
#7245 = VERTEX_POINT('',#7246);
#7246 = CARTESIAN_POINT('',(278.25,58.,158.));
#7247 = SURFACE_CURVE('',#7248,(#7253,#7260),.PCURVE_S1.);
#7248 = CIRCLE('',#7249,3.25);
#7249 = AXIS2_PLACEMENT_3D('',#7250,#7251,#7252);
#7250 = CARTESIAN_POINT('',(275.,58.,158.));
#7251 = DIRECTION('',(0.,0.,1.));
#7252 = DIRECTION('',(1.,0.,-0.));
#7253 = PCURVE('',#688,#7254);
#7254 = DEFINITIONAL_REPRESENTATION('',(#7255),#7259);
#7255 = CIRCLE('',#7256,3.25);
#7256 = AXIS2_PLACEMENT_2D('',#7257,#7258);
#7257 = CARTESIAN_POINT('',(75.,3.));
#7258 = DIRECTION('',(1.,0.));
#7259 = ( GEOMETRIC_REPRESENTATION_CONTEXT(2) 
PARAMETRIC_REPRESENTATION_CONTEXT() REPRESENTATION_CONTEXT('2D SPACE',''
  ) );
#7260 = PCURVE('',#7261,#7266);
#7261 = CONICAL_SURFACE('',#7262,1.7,0.659310068333);
#7262 = AXIS2_PLACEMENT_3D('',#7263,#7264,#7265);
#7263 = CARTESIAN_POINT('',(275.,58.,156.));
#7264 = DIRECTION('',(0.,0.,1.));
#7265 = DIRECTION('',(1.,0.,-0.));
#7266 = DEFINITIONAL_REPRESENTATION('',(#7267),#7271);
#7267 = LINE('',#7268,#7269);
#7268 = CARTESIAN_POINT('',(0.,2.));
#7269 = VECTOR('',#7270,1.);
#7270 = DIRECTION('',(1.,0.));
#7271 = ( GEOMETRIC_REPRESENTATION_CONTEXT(2) 
PARAMETRIC_REPRESENTATION_CONTEXT() REPRESENTATION_CONTEXT('2D SPACE',''
  ) );
#7272 = ORIENTED_EDGE('',*,*,#7273,.F.);
#7273 = EDGE_CURVE('',#7274,#7245,#7276,.T.);
#7274 = VERTEX_POINT('',#7275);
#7275 = CARTESIAN_POINT('',(273.75,61.,158.));
#7276 = SURFACE_CURVE('',#7277,(#7282,#7289),.PCURVE_S1.);
#7277 = CIRCLE('',#7278,3.25);
#7278 = AXIS2_PLACEMENT_3D('',#7279,#7280,#7281);
#7279 = CARTESIAN_POINT('',(275.,58.,158.));
#7280 = DIRECTION('',(0.,0.,1.));
#7281 = DIRECTION('',(1.,0.,-0.));
#7282 = PCURVE('',#688,#7283);
#7283 = DEFINITIONAL_REPRESENTATION('',(#7284),#7288);
#7284 = CIRCLE('',#7285,3.25);
#7285 = AXIS2_PLACEMENT_2D('',#7286,#7287);
#7286 = CARTESIAN_POINT('',(75.,3.));
#7287 = DIRECTION('',(1.,0.));
#7288 = ( GEOMETRIC_REPRESENTATION_CONTEXT(2) 
PARAMETRIC_REPRESENTATION_CONTEXT() REPRESENTATION_CONTEXT('2D SPACE',''
  ) );
#7289 = PCURVE('',#7261,#7290);
#7290 = DEFINITIONAL_REPRESENTATION('',(#7291),#7295);
#7291 = LINE('',#7292,#7293);
#7292 = CARTESIAN_POINT('',(0.,2.));
#7293 = VECTOR('',#7294,1.);
#7294 = DIRECTION('',(1.,0.));
#7295 = ( GEOMETRIC_REPRESENTATION_CONTEXT(2) 
PARAMETRIC_REPRESENTATION_CONTEXT() REPRESENTATION_CONTEXT('2D SPACE',''
  ) );
#7296 = ORIENTED_EDGE('',*,*,#7297,.T.);
#7297 = EDGE_CURVE('',#7274,#7298,#7300,.T.);
#7298 = VERTEX_POINT('',#7299);
#7299 = CARTESIAN_POINT('',(213.25,61.,158.));
#7300 = SURFACE_CURVE('',#7301,(#7305,#7312),.PCURVE_S1.);
#7301 = LINE('',#7302,#7303);
#7302 = CARTESIAN_POINT('',(350.,61.,158.));
#7303 = VECTOR('',#7304,1.);
#7304 = DIRECTION('',(-1.,0.,0.));
#7305 = PCURVE('',#688,#7306);
#7306 = DEFINITIONAL_REPRESENTATION('',(#7307),#7311);
#7307 = LINE('',#7308,#7309);
#7308 = CARTESIAN_POINT('',(150.,6.));
#7309 = VECTOR('',#7310,1.);
#7310 = DIRECTION('',(-1.,0.));
#7311 = ( GEOMETRIC_REPRESENTATION_CONTEXT(2) 
PARAMETRIC_REPRESENTATION_CONTEXT() REPRESENTATION_CONTEXT('2D SPACE',''
  ) );
#7312 = PCURVE('',#662,#7313);
#7313 = DEFINITIONAL_REPRESENTATION('',(#7314),#7318);
#7314 = LINE('',#7315,#7316);
#7315 = CARTESIAN_POINT('',(127.5,150.));
#7316 = VECTOR('',#7317,1.);
#7317 = DIRECTION('',(0.,-1.));
#7318 = ( GEOMETRIC_REPRESENTATION_CONTEXT(2) 
PARAMETRIC_REPRESENTATION_CONTEXT() REPRESENTATION_CONTEXT('2D SPACE',''
  ) );
#7319 = ORIENTED_EDGE('',*,*,#7320,.F.);
#7320 = EDGE_CURVE('',#7321,#7298,#7323,.T.);
#7321 = VERTEX_POINT('',#7322);
#7322 = CARTESIAN_POINT('',(215.25,58.,158.));
#7323 = SURFACE_CURVE('',#7324,(#7329,#7336),.PCURVE_S1.);
#7324 = CIRCLE('',#7325,3.25);
#7325 = AXIS2_PLACEMENT_3D('',#7326,#7327,#7328);
#7326 = CARTESIAN_POINT('',(212.,58.,158.));
#7327 = DIRECTION('',(0.,0.,1.));
#7328 = DIRECTION('',(1.,0.,-0.));
#7329 = PCURVE('',#688,#7330);
#7330 = DEFINITIONAL_REPRESENTATION('',(#7331),#7335);
#7331 = CIRCLE('',#7332,3.25);
#7332 = AXIS2_PLACEMENT_2D('',#7333,#7334);
#7333 = CARTESIAN_POINT('',(12.,3.));
#7334 = DIRECTION('',(1.,0.));
#7335 = ( GEOMETRIC_REPRESENTATION_CONTEXT(2) 
PARAMETRIC_REPRESENTATION_CONTEXT() REPRESENTATION_CONTEXT('2D SPACE',''
  ) );
#7336 = PCURVE('',#7337,#7342);
#7337 = CONICAL_SURFACE('',#7338,1.7,0.659310068333);
#7338 = AXIS2_PLACEMENT_3D('',#7339,#7340,#7341);
#7339 = CARTESIAN_POINT('',(212.,58.,156.));
#7340 = DIRECTION('',(0.,0.,1.));
#7341 = DIRECTION('',(1.,0.,-0.));
#7342 = DEFINITIONAL_REPRESENTATION('',(#7343),#7347);
#7343 = LINE('',#7344,#7345);
#7344 = CARTESIAN_POINT('',(0.,2.));
#7345 = VECTOR('',#7346,1.);
#7346 = DIRECTION('',(1.,0.));
#7347 = ( GEOMETRIC_REPRESENTATION_CONTEXT(2) 
PARAMETRIC_REPRESENTATION_CONTEXT() REPRESENTATION_CONTEXT('2D SPACE',''
  ) );
#7348 = ORIENTED_EDGE('',*,*,#7349,.F.);
#7349 = EDGE_CURVE('',#7350,#7321,#7352,.T.);
#7350 = VERTEX_POINT('',#7351);
#7351 = CARTESIAN_POINT('',(210.75,61.,158.));
#7352 = SURFACE_CURVE('',#7353,(#7358,#7365),.PCURVE_S1.);
#7353 = CIRCLE('',#7354,3.25);
#7354 = AXIS2_PLACEMENT_3D('',#7355,#7356,#7357);
#7355 = CARTESIAN_POINT('',(212.,58.,158.));
#7356 = DIRECTION('',(0.,0.,1.));
#7357 = DIRECTION('',(1.,0.,-0.));
#7358 = PCURVE('',#688,#7359);
#7359 = DEFINITIONAL_REPRESENTATION('',(#7360),#7364);
#7360 = CIRCLE('',#7361,3.25);
#7361 = AXIS2_PLACEMENT_2D('',#7362,#7363);
#7362 = CARTESIAN_POINT('',(12.,3.));
#7363 = DIRECTION('',(1.,0.));
#7364 = ( GEOMETRIC_REPRESENTATION_CONTEXT(2) 
PARAMETRIC_REPRESENTATION_CONTEXT() REPRESENTATION_CONTEXT('2D SPACE',''
  ) );
#7365 = PCURVE('',#7337,#7366);
#7366 = DEFINITIONAL_REPRESENTATION('',(#7367),#7371);
#7367 = LINE('',#7368,#7369);
#7368 = CARTESIAN_POINT('',(0.,2.));
#7369 = VECTOR('',#7370,1.);
#7370 = DIRECTION('',(1.,0.));
#7371 = ( GEOMETRIC_REPRESENTATION_CONTEXT(2) 
PARAMETRIC_REPRESENTATION_CONTEXT() REPRESENTATION_CONTEXT('2D SPACE',''
  ) );
#7372 = ORIENTED_EDGE('',*,*,#7373,.T.);
#7373 = EDGE_CURVE('',#7350,#647,#7374,.T.);
#7374 = SURFACE_CURVE('',#7375,(#7379,#7386),.PCURVE_S1.);
#7375 = LINE('',#7376,#7377);
#7376 = CARTESIAN_POINT('',(350.,61.,158.));
#7377 = VECTOR('',#7378,1.);
#7378 = DIRECTION('',(-1.,0.,0.));
#7379 = PCURVE('',#688,#7380);
#7380 = DEFINITIONAL_REPRESENTATION('',(#7381),#7385);
#7381 = LINE('',#7382,#7383);
#7382 = CARTESIAN_POINT('',(150.,6.));
#7383 = VECTOR('',#7384,1.);
#7384 = DIRECTION('',(-1.,0.));
#7385 = ( GEOMETRIC_REPRESENTATION_CONTEXT(2) 
PARAMETRIC_REPRESENTATION_CONTEXT() REPRESENTATION_CONTEXT('2D SPACE',''
  ) );
#7386 = PCURVE('',#662,#7387);
#7387 = DEFINITIONAL_REPRESENTATION('',(#7388),#7392);
#7388 = LINE('',#7389,#7390);
#7389 = CARTESIAN_POINT('',(127.5,150.));
#7390 = VECTOR('',#7391,1.);
#7391 = DIRECTION('',(0.,-1.));
#7392 = ( GEOMETRIC_REPRESENTATION_CONTEXT(2) 
PARAMETRIC_REPRESENTATION_CONTEXT() REPRESENTATION_CONTEXT('2D SPACE',''
  ) );
#7393 = FACE_BOUND('',#7394,.T.);
#7394 = EDGE_LOOP('',(#7395,#7420,#7448,#7471));
#7395 = ORIENTED_EDGE('',*,*,#7396,.T.);
#7396 = EDGE_CURVE('',#7397,#7399,#7401,.T.);
#7397 = VERTEX_POINT('',#7398);
#7398 = CARTESIAN_POINT('',(208.,53.8,158.));
#7399 = VERTEX_POINT('',#7400);
#7400 = CARTESIAN_POINT('',(223.66666666666,53.8,158.));
#7401 = SURFACE_CURVE('',#7402,(#7406,#7413),.PCURVE_S1.);
#7402 = LINE('',#7403,#7404);
#7403 = CARTESIAN_POINT('',(200.,53.8,158.));
#7404 = VECTOR('',#7405,1.);
#7405 = DIRECTION('',(1.,0.,0.));
#7406 = PCURVE('',#688,#7407);
#7407 = DEFINITIONAL_REPRESENTATION('',(#7408),#7412);
#7408 = LINE('',#7409,#7410);
#7409 = CARTESIAN_POINT('',(0.,-1.2));
#7410 = VECTOR('',#7411,1.);
#7411 = DIRECTION('',(1.,0.));
#7412 = ( GEOMETRIC_REPRESENTATION_CONTEXT(2) 
PARAMETRIC_REPRESENTATION_CONTEXT() REPRESENTATION_CONTEXT('2D SPACE',''
  ) );
#7413 = PCURVE('',#184,#7414);
#7414 = DEFINITIONAL_REPRESENTATION('',(#7415),#7419);
#7415 = LINE('',#7416,#7417);
#7416 = CARTESIAN_POINT('',(9.,0.));
#7417 = VECTOR('',#7418,1.);
#7418 = DIRECTION('',(0.,1.));
#7419 = ( GEOMETRIC_REPRESENTATION_CONTEXT(2) 
PARAMETRIC_REPRESENTATION_CONTEXT() REPRESENTATION_CONTEXT('2D SPACE',''
  ) );
#7420 = ORIENTED_EDGE('',*,*,#7421,.F.);
#7421 = EDGE_CURVE('',#7422,#7399,#7424,.T.);
#7422 = VERTEX_POINT('',#7423);
#7423 = CARTESIAN_POINT('',(223.66666666666,-53.8,158.));
#7424 = SURFACE_CURVE('',#7425,(#7429,#7436),.PCURVE_S1.);
#7425 = LINE('',#7426,#7427);
#7426 = CARTESIAN_POINT('',(223.66666666666,-61.,158.));
#7427 = VECTOR('',#7428,1.);
#7428 = DIRECTION('',(0.,1.,0.));
#7429 = PCURVE('',#688,#7430);
#7430 = DEFINITIONAL_REPRESENTATION('',(#7431),#7435);
#7431 = LINE('',#7432,#7433);
#7432 = CARTESIAN_POINT('',(23.666666666667,-116.));
#7433 = VECTOR('',#7434,1.);
#7434 = DIRECTION('',(0.,1.));
#7435 = ( GEOMETRIC_REPRESENTATION_CONTEXT(2) 
PARAMETRIC_REPRESENTATION_CONTEXT() REPRESENTATION_CONTEXT('2D SPACE',''
  ) );
#7436 = PCURVE('',#7437,#7442);
#7437 = PLANE('',#7438);
#7438 = AXIS2_PLACEMENT_3D('',#7439,#7440,#7441);
#7439 = CARTESIAN_POINT('',(223.66666666666,-61.,152.));
#7440 = DIRECTION('',(1.,0.,0.));
#7441 = DIRECTION('',(0.,0.,1.));
#7442 = DEFINITIONAL_REPRESENTATION('',(#7443),#7447);
#7443 = LINE('',#7444,#7445);
#7444 = CARTESIAN_POINT('',(6.,0.));
#7445 = VECTOR('',#7446,1.);
#7446 = DIRECTION('',(0.,-1.));
#7447 = ( GEOMETRIC_REPRESENTATION_CONTEXT(2) 
PARAMETRIC_REPRESENTATION_CONTEXT() REPRESENTATION_CONTEXT('2D SPACE',''
  ) );
#7448 = ORIENTED_EDGE('',*,*,#7449,.F.);
#7449 = EDGE_CURVE('',#7450,#7422,#7452,.T.);
#7450 = VERTEX_POINT('',#7451);
#7451 = CARTESIAN_POINT('',(208.,-53.8,158.));
#7452 = SURFACE_CURVE('',#7453,(#7457,#7464),.PCURVE_S1.);
#7453 = LINE('',#7454,#7455);
#7454 = CARTESIAN_POINT('',(200.,-53.8,158.));
#7455 = VECTOR('',#7456,1.);
#7456 = DIRECTION('',(1.,0.,0.));
#7457 = PCURVE('',#688,#7458);
#7458 = DEFINITIONAL_REPRESENTATION('',(#7459),#7463);
#7459 = LINE('',#7460,#7461);
#7460 = CARTESIAN_POINT('',(0.,-108.8));
#7461 = VECTOR('',#7462,1.);
#7462 = DIRECTION('',(1.,0.));
#7463 = ( GEOMETRIC_REPRESENTATION_CONTEXT(2) 
PARAMETRIC_REPRESENTATION_CONTEXT() REPRESENTATION_CONTEXT('2D SPACE',''
  ) );
#7464 = PCURVE('',#128,#7465);
#7465 = DEFINITIONAL_REPRESENTATION('',(#7466),#7470);
#7466 = LINE('',#7467,#7468);
#7467 = CARTESIAN_POINT('',(9.,0.));
#7468 = VECTOR('',#7469,1.);
#7469 = DIRECTION('',(0.,1.));
#7470 = ( GEOMETRIC_REPRESENTATION_CONTEXT(2) 
PARAMETRIC_REPRESENTATION_CONTEXT() REPRESENTATION_CONTEXT('2D SPACE',''
  ) );
#7471 = ORIENTED_EDGE('',*,*,#7472,.T.);
#7472 = EDGE_CURVE('',#7450,#7397,#7473,.T.);
#7473 = SURFACE_CURVE('',#7474,(#7478,#7485),.PCURVE_S1.);
#7474 = LINE('',#7475,#7476);
#7475 = CARTESIAN_POINT('',(208.,-61.,158.));
#7476 = VECTOR('',#7477,1.);
#7477 = DIRECTION('',(0.,1.,0.));
#7478 = PCURVE('',#688,#7479);
#7479 = DEFINITIONAL_REPRESENTATION('',(#7480),#7484);
#7480 = LINE('',#7481,#7482);
#7481 = CARTESIAN_POINT('',(8.,-116.));
#7482 = VECTOR('',#7483,1.);
#7483 = DIRECTION('',(0.,1.));
#7484 = ( GEOMETRIC_REPRESENTATION_CONTEXT(2) 
PARAMETRIC_REPRESENTATION_CONTEXT() REPRESENTATION_CONTEXT('2D SPACE',''
  ) );
#7485 = PCURVE('',#7486,#7491);
#7486 = PLANE('',#7487);
#7487 = AXIS2_PLACEMENT_3D('',#7488,#7489,#7490);
#7488 = CARTESIAN_POINT('',(208.,-61.,152.));
#7489 = DIRECTION('',(1.,0.,0.));
#7490 = DIRECTION('',(0.,0.,1.));
#7491 = DEFINITIONAL_REPRESENTATION('',(#7492),#7496);
#7492 = LINE('',#7493,#7494);
#7493 = CARTESIAN_POINT('',(6.,0.));
#7494 = VECTOR('',#7495,1.);
#7495 = DIRECTION('',(0.,-1.));
#7496 = ( GEOMETRIC_REPRESENTATION_CONTEXT(2) 
PARAMETRIC_REPRESENTATION_CONTEXT() REPRESENTATION_CONTEXT('2D SPACE',''
  ) );
#7497 = FACE_BOUND('',#7498,.T.);
#7498 = EDGE_LOOP('',(#7499,#7524,#7552,#7575));
#7499 = ORIENTED_EDGE('',*,*,#7500,.T.);
#7500 = EDGE_CURVE('',#7501,#7503,#7505,.T.);
#7501 = VERTEX_POINT('',#7502);
#7502 = CARTESIAN_POINT('',(231.66666666666,53.8,158.));
#7503 = VERTEX_POINT('',#7504);
#7504 = CARTESIAN_POINT('',(247.33333333333,53.8,158.));
#7505 = SURFACE_CURVE('',#7506,(#7510,#7517),.PCURVE_S1.);
#7506 = LINE('',#7507,#7508);
#7507 = CARTESIAN_POINT('',(200.,53.8,158.));
#7508 = VECTOR('',#7509,1.);
#7509 = DIRECTION('',(1.,0.,0.));
#7510 = PCURVE('',#688,#7511);
#7511 = DEFINITIONAL_REPRESENTATION('',(#7512),#7516);
#7512 = LINE('',#7513,#7514);
#7513 = CARTESIAN_POINT('',(0.,-1.2));
#7514 = VECTOR('',#7515,1.);
#7515 = DIRECTION('',(1.,0.));
#7516 = ( GEOMETRIC_REPRESENTATION_CONTEXT(2) 
PARAMETRIC_REPRESENTATION_CONTEXT() REPRESENTATION_CONTEXT('2D SPACE',''
  ) );
#7517 = PCURVE('',#184,#7518);
#7518 = DEFINITIONAL_REPRESENTATION('',(#7519),#7523);
#7519 = LINE('',#7520,#7521);
#7520 = CARTESIAN_POINT('',(9.,0.));
#7521 = VECTOR('',#7522,1.);
#7522 = DIRECTION('',(0.,1.));
#7523 = ( GEOMETRIC_REPRESENTATION_CONTEXT(2) 
PARAMETRIC_REPRESENTATION_CONTEXT() REPRESENTATION_CONTEXT('2D SPACE',''
  ) );
#7524 = ORIENTED_EDGE('',*,*,#7525,.F.);
#7525 = EDGE_CURVE('',#7526,#7503,#7528,.T.);
#7526 = VERTEX_POINT('',#7527);
#7527 = CARTESIAN_POINT('',(247.33333333333,-53.8,158.));
#7528 = SURFACE_CURVE('',#7529,(#7533,#7540),.PCURVE_S1.);
#7529 = LINE('',#7530,#7531);
#7530 = CARTESIAN_POINT('',(247.33333333333,-61.,158.));
#7531 = VECTOR('',#7532,1.);
#7532 = DIRECTION('',(0.,1.,0.));
#7533 = PCURVE('',#688,#7534);
#7534 = DEFINITIONAL_REPRESENTATION('',(#7535),#7539);
#7535 = LINE('',#7536,#7537);
#7536 = CARTESIAN_POINT('',(47.333333333333,-116.));
#7537 = VECTOR('',#7538,1.);
#7538 = DIRECTION('',(0.,1.));
#7539 = ( GEOMETRIC_REPRESENTATION_CONTEXT(2) 
PARAMETRIC_REPRESENTATION_CONTEXT() REPRESENTATION_CONTEXT('2D SPACE',''
  ) );
#7540 = PCURVE('',#7541,#7546);
#7541 = PLANE('',#7542);
#7542 = AXIS2_PLACEMENT_3D('',#7543,#7544,#7545);
#7543 = CARTESIAN_POINT('',(247.33333333333,-61.,152.));
#7544 = DIRECTION('',(1.,0.,0.));
#7545 = DIRECTION('',(0.,0.,1.));
#7546 = DEFINITIONAL_REPRESENTATION('',(#7547),#7551);
#7547 = LINE('',#7548,#7549);
#7548 = CARTESIAN_POINT('',(6.,0.));
#7549 = VECTOR('',#7550,1.);
#7550 = DIRECTION('',(0.,-1.));
#7551 = ( GEOMETRIC_REPRESENTATION_CONTEXT(2) 
PARAMETRIC_REPRESENTATION_CONTEXT() REPRESENTATION_CONTEXT('2D SPACE',''
  ) );
#7552 = ORIENTED_EDGE('',*,*,#7553,.F.);
#7553 = EDGE_CURVE('',#7554,#7526,#7556,.T.);
#7554 = VERTEX_POINT('',#7555);
#7555 = CARTESIAN_POINT('',(231.66666666666,-53.8,158.));
#7556 = SURFACE_CURVE('',#7557,(#7561,#7568),.PCURVE_S1.);
#7557 = LINE('',#7558,#7559);
#7558 = CARTESIAN_POINT('',(200.,-53.8,158.));
#7559 = VECTOR('',#7560,1.);
#7560 = DIRECTION('',(1.,0.,0.));
#7561 = PCURVE('',#688,#7562);
#7562 = DEFINITIONAL_REPRESENTATION('',(#7563),#7567);
#7563 = LINE('',#7564,#7565);
#7564 = CARTESIAN_POINT('',(0.,-108.8));
#7565 = VECTOR('',#7566,1.);
#7566 = DIRECTION('',(1.,0.));
#7567 = ( GEOMETRIC_REPRESENTATION_CONTEXT(2) 
PARAMETRIC_REPRESENTATION_CONTEXT() REPRESENTATION_CONTEXT('2D SPACE',''
  ) );
#7568 = PCURVE('',#128,#7569);
#7569 = DEFINITIONAL_REPRESENTATION('',(#7570),#7574);
#7570 = LINE('',#7571,#7572);
#7571 = CARTESIAN_POINT('',(9.,0.));
#7572 = VECTOR('',#7573,1.);
#7573 = DIRECTION('',(0.,1.));
#7574 = ( GEOMETRIC_REPRESENTATION_CONTEXT(2) 
PARAMETRIC_REPRESENTATION_CONTEXT() REPRESENTATION_CONTEXT('2D SPACE',''
  ) );
#7575 = ORIENTED_EDGE('',*,*,#7576,.T.);
#7576 = EDGE_CURVE('',#7554,#7501,#7577,.T.);
#7577 = SURFACE_CURVE('',#7578,(#7582,#7589),.PCURVE_S1.);
#7578 = LINE('',#7579,#7580);
#7579 = CARTESIAN_POINT('',(231.66666666666,-61.,158.));
#7580 = VECTOR('',#7581,1.);
#7581 = DIRECTION('',(0.,1.,0.));
#7582 = PCURVE('',#688,#7583);
#7583 = DEFINITIONAL_REPRESENTATION('',(#7584),#7588);
#7584 = LINE('',#7585,#7586);
#7585 = CARTESIAN_POINT('',(31.666666666667,-116.));
#7586 = VECTOR('',#7587,1.);
#7587 = DIRECTION('',(0.,1.));
#7588 = ( GEOMETRIC_REPRESENTATION_CONTEXT(2) 
PARAMETRIC_REPRESENTATION_CONTEXT() REPRESENTATION_CONTEXT('2D SPACE',''
  ) );
#7589 = PCURVE('',#7590,#7595);
#7590 = PLANE('',#7591);
#7591 = AXIS2_PLACEMENT_3D('',#7592,#7593,#7594);
#7592 = CARTESIAN_POINT('',(231.66666666666,-61.,152.));
#7593 = DIRECTION('',(1.,0.,0.));
#7594 = DIRECTION('',(0.,0.,1.));
#7595 = DEFINITIONAL_REPRESENTATION('',(#7596),#7600);
#7596 = LINE('',#7597,#7598);
#7597 = CARTESIAN_POINT('',(6.,0.));
#7598 = VECTOR('',#7599,1.);
#7599 = DIRECTION('',(0.,-1.));
#7600 = ( GEOMETRIC_REPRESENTATION_CONTEXT(2) 
PARAMETRIC_REPRESENTATION_CONTEXT() REPRESENTATION_CONTEXT('2D SPACE',''
  ) );
#7601 = FACE_BOUND('',#7602,.T.);
#7602 = EDGE_LOOP('',(#7603,#7628,#7656,#7679));
#7603 = ORIENTED_EDGE('',*,*,#7604,.T.);
#7604 = EDGE_CURVE('',#7605,#7607,#7609,.T.);
#7605 = VERTEX_POINT('',#7606);
#7606 = CARTESIAN_POINT('',(255.33333333333,53.8,158.));
#7607 = VERTEX_POINT('',#7608);
#7608 = CARTESIAN_POINT('',(271.,53.8,158.));
#7609 = SURFACE_CURVE('',#7610,(#7614,#7621),.PCURVE_S1.);
#7610 = LINE('',#7611,#7612);
#7611 = CARTESIAN_POINT('',(200.,53.8,158.));
#7612 = VECTOR('',#7613,1.);
#7613 = DIRECTION('',(1.,0.,0.));
#7614 = PCURVE('',#688,#7615);
#7615 = DEFINITIONAL_REPRESENTATION('',(#7616),#7620);
#7616 = LINE('',#7617,#7618);
#7617 = CARTESIAN_POINT('',(0.,-1.2));
#7618 = VECTOR('',#7619,1.);
#7619 = DIRECTION('',(1.,0.));
#7620 = ( GEOMETRIC_REPRESENTATION_CONTEXT(2) 
PARAMETRIC_REPRESENTATION_CONTEXT() REPRESENTATION_CONTEXT('2D SPACE',''
  ) );
#7621 = PCURVE('',#184,#7622);
#7622 = DEFINITIONAL_REPRESENTATION('',(#7623),#7627);
#7623 = LINE('',#7624,#7625);
#7624 = CARTESIAN_POINT('',(9.,0.));
#7625 = VECTOR('',#7626,1.);
#7626 = DIRECTION('',(0.,1.));
#7627 = ( GEOMETRIC_REPRESENTATION_CONTEXT(2) 
PARAMETRIC_REPRESENTATION_CONTEXT() REPRESENTATION_CONTEXT('2D SPACE',''
  ) );
#7628 = ORIENTED_EDGE('',*,*,#7629,.F.);
#7629 = EDGE_CURVE('',#7630,#7607,#7632,.T.);
#7630 = VERTEX_POINT('',#7631);
#7631 = CARTESIAN_POINT('',(271.,-53.8,158.));
#7632 = SURFACE_CURVE('',#7633,(#7637,#7644),.PCURVE_S1.);
#7633 = LINE('',#7634,#7635);
#7634 = CARTESIAN_POINT('',(271.,-61.,158.));
#7635 = VECTOR('',#7636,1.);
#7636 = DIRECTION('',(0.,1.,0.));
#7637 = PCURVE('',#688,#7638);
#7638 = DEFINITIONAL_REPRESENTATION('',(#7639),#7643);
#7639 = LINE('',#7640,#7641);
#7640 = CARTESIAN_POINT('',(71.,-116.));
#7641 = VECTOR('',#7642,1.);
#7642 = DIRECTION('',(0.,1.));
#7643 = ( GEOMETRIC_REPRESENTATION_CONTEXT(2) 
PARAMETRIC_REPRESENTATION_CONTEXT() REPRESENTATION_CONTEXT('2D SPACE',''
  ) );
#7644 = PCURVE('',#7645,#7650);
#7645 = PLANE('',#7646);
#7646 = AXIS2_PLACEMENT_3D('',#7647,#7648,#7649);
#7647 = CARTESIAN_POINT('',(271.,-61.,152.));
#7648 = DIRECTION('',(1.,0.,0.));
#7649 = DIRECTION('',(0.,0.,1.));
#7650 = DEFINITIONAL_REPRESENTATION('',(#7651),#7655);
#7651 = LINE('',#7652,#7653);
#7652 = CARTESIAN_POINT('',(6.,0.));
#7653 = VECTOR('',#7654,1.);
#7654 = DIRECTION('',(0.,-1.));
#7655 = ( GEOMETRIC_REPRESENTATION_CONTEXT(2) 
PARAMETRIC_REPRESENTATION_CONTEXT() REPRESENTATION_CONTEXT('2D SPACE',''
  ) );
#7656 = ORIENTED_EDGE('',*,*,#7657,.F.);
#7657 = EDGE_CURVE('',#7658,#7630,#7660,.T.);
#7658 = VERTEX_POINT('',#7659);
#7659 = CARTESIAN_POINT('',(255.33333333333,-53.8,158.));
#7660 = SURFACE_CURVE('',#7661,(#7665,#7672),.PCURVE_S1.);
#7661 = LINE('',#7662,#7663);
#7662 = CARTESIAN_POINT('',(200.,-53.8,158.));
#7663 = VECTOR('',#7664,1.);
#7664 = DIRECTION('',(1.,0.,0.));
#7665 = PCURVE('',#688,#7666);
#7666 = DEFINITIONAL_REPRESENTATION('',(#7667),#7671);
#7667 = LINE('',#7668,#7669);
#7668 = CARTESIAN_POINT('',(0.,-108.8));
#7669 = VECTOR('',#7670,1.);
#7670 = DIRECTION('',(1.,0.));
#7671 = ( GEOMETRIC_REPRESENTATION_CONTEXT(2) 
PARAMETRIC_REPRESENTATION_CONTEXT() REPRESENTATION_CONTEXT('2D SPACE',''
  ) );
#7672 = PCURVE('',#128,#7673);
#7673 = DEFINITIONAL_REPRESENTATION('',(#7674),#7678);
#7674 = LINE('',#7675,#7676);
#7675 = CARTESIAN_POINT('',(9.,0.));
#7676 = VECTOR('',#7677,1.);
#7677 = DIRECTION('',(0.,1.));
#7678 = ( GEOMETRIC_REPRESENTATION_CONTEXT(2) 
PARAMETRIC_REPRESENTATION_CONTEXT() REPRESENTATION_CONTEXT('2D SPACE',''
  ) );
#7679 = ORIENTED_EDGE('',*,*,#7680,.T.);
#7680 = EDGE_CURVE('',#7658,#7605,#7681,.T.);
#7681 = SURFACE_CURVE('',#7682,(#7686,#7693),.PCURVE_S1.);
#7682 = LINE('',#7683,#7684);
#7683 = CARTESIAN_POINT('',(255.33333333333,-61.,158.));
#7684 = VECTOR('',#7685,1.);
#7685 = DIRECTION('',(0.,1.,0.));
#7686 = PCURVE('',#688,#7687);
#7687 = DEFINITIONAL_REPRESENTATION('',(#7688),#7692);
#7688 = LINE('',#7689,#7690);
#7689 = CARTESIAN_POINT('',(55.333333333333,-116.));
#7690 = VECTOR('',#7691,1.);
#7691 = DIRECTION('',(0.,1.));
#7692 = ( GEOMETRIC_REPRESENTATION_CONTEXT(2) 
PARAMETRIC_REPRESENTATION_CONTEXT() REPRESENTATION_CONTEXT('2D SPACE',''
  ) );
#7693 = PCURVE('',#7694,#7699);
#7694 = PLANE('',#7695);
#7695 = AXIS2_PLACEMENT_3D('',#7696,#7697,#7698);
#7696 = CARTESIAN_POINT('',(255.33333333333,-61.,152.));
#7697 = DIRECTION('',(1.,0.,0.));
#7698 = DIRECTION('',(0.,0.,1.));
#7699 = DEFINITIONAL_REPRESENTATION('',(#7700),#7704);
#7700 = LINE('',#7701,#7702);
#7701 = CARTESIAN_POINT('',(6.,0.));
#7702 = VECTOR('',#7703,1.);
#7703 = DIRECTION('',(0.,-1.));
#7704 = ( GEOMETRIC_REPRESENTATION_CONTEXT(2) 
PARAMETRIC_REPRESENTATION_CONTEXT() REPRESENTATION_CONTEXT('2D SPACE',''
  ) );
#7705 = FACE_BOUND('',#7706,.T.);
#7706 = EDGE_LOOP('',(#7707,#7732,#7760,#7783));
#7707 = ORIENTED_EDGE('',*,*,#7708,.T.);
#7708 = EDGE_CURVE('',#7709,#7711,#7713,.T.);
#7709 = VERTEX_POINT('',#7710);
#7710 = CARTESIAN_POINT('',(279.,53.8,158.));
#7711 = VERTEX_POINT('',#7712);
#7712 = CARTESIAN_POINT('',(294.66666666666,53.8,158.));
#7713 = SURFACE_CURVE('',#7714,(#7718,#7725),.PCURVE_S1.);
#7714 = LINE('',#7715,#7716);
#7715 = CARTESIAN_POINT('',(200.,53.8,158.));
#7716 = VECTOR('',#7717,1.);
#7717 = DIRECTION('',(1.,0.,0.));
#7718 = PCURVE('',#688,#7719);
#7719 = DEFINITIONAL_REPRESENTATION('',(#7720),#7724);
#7720 = LINE('',#7721,#7722);
#7721 = CARTESIAN_POINT('',(0.,-1.2));
#7722 = VECTOR('',#7723,1.);
#7723 = DIRECTION('',(1.,0.));
#7724 = ( GEOMETRIC_REPRESENTATION_CONTEXT(2) 
PARAMETRIC_REPRESENTATION_CONTEXT() REPRESENTATION_CONTEXT('2D SPACE',''
  ) );
#7725 = PCURVE('',#184,#7726);
#7726 = DEFINITIONAL_REPRESENTATION('',(#7727),#7731);
#7727 = LINE('',#7728,#7729);
#7728 = CARTESIAN_POINT('',(9.,0.));
#7729 = VECTOR('',#7730,1.);
#7730 = DIRECTION('',(0.,1.));
#7731 = ( GEOMETRIC_REPRESENTATION_CONTEXT(2) 
PARAMETRIC_REPRESENTATION_CONTEXT() REPRESENTATION_CONTEXT('2D SPACE',''
  ) );
#7732 = ORIENTED_EDGE('',*,*,#7733,.F.);
#7733 = EDGE_CURVE('',#7734,#7711,#7736,.T.);
#7734 = VERTEX_POINT('',#7735);
#7735 = CARTESIAN_POINT('',(294.66666666666,-53.8,158.));
#7736 = SURFACE_CURVE('',#7737,(#7741,#7748),.PCURVE_S1.);
#7737 = LINE('',#7738,#7739);
#7738 = CARTESIAN_POINT('',(294.66666666666,-61.,158.));
#7739 = VECTOR('',#7740,1.);
#7740 = DIRECTION('',(0.,1.,0.));
#7741 = PCURVE('',#688,#7742);
#7742 = DEFINITIONAL_REPRESENTATION('',(#7743),#7747);
#7743 = LINE('',#7744,#7745);
#7744 = CARTESIAN_POINT('',(94.666666666667,-116.));
#7745 = VECTOR('',#7746,1.);
#7746 = DIRECTION('',(0.,1.));
#7747 = ( GEOMETRIC_REPRESENTATION_CONTEXT(2) 
PARAMETRIC_REPRESENTATION_CONTEXT() REPRESENTATION_CONTEXT('2D SPACE',''
  ) );
#7748 = PCURVE('',#7749,#7754);
#7749 = PLANE('',#7750);
#7750 = AXIS2_PLACEMENT_3D('',#7751,#7752,#7753);
#7751 = CARTESIAN_POINT('',(294.66666666666,-61.,152.));
#7752 = DIRECTION('',(1.,0.,0.));
#7753 = DIRECTION('',(0.,0.,1.));
#7754 = DEFINITIONAL_REPRESENTATION('',(#7755),#7759);
#7755 = LINE('',#7756,#7757);
#7756 = CARTESIAN_POINT('',(6.,0.));
#7757 = VECTOR('',#7758,1.);
#7758 = DIRECTION('',(0.,-1.));
#7759 = ( GEOMETRIC_REPRESENTATION_CONTEXT(2) 
PARAMETRIC_REPRESENTATION_CONTEXT() REPRESENTATION_CONTEXT('2D SPACE',''
  ) );
#7760 = ORIENTED_EDGE('',*,*,#7761,.F.);
#7761 = EDGE_CURVE('',#7762,#7734,#7764,.T.);
#7762 = VERTEX_POINT('',#7763);
#7763 = CARTESIAN_POINT('',(279.,-53.8,158.));
#7764 = SURFACE_CURVE('',#7765,(#7769,#7776),.PCURVE_S1.);
#7765 = LINE('',#7766,#7767);
#7766 = CARTESIAN_POINT('',(200.,-53.8,158.));
#7767 = VECTOR('',#7768,1.);
#7768 = DIRECTION('',(1.,0.,0.));
#7769 = PCURVE('',#688,#7770);
#7770 = DEFINITIONAL_REPRESENTATION('',(#7771),#7775);
#7771 = LINE('',#7772,#7773);
#7772 = CARTESIAN_POINT('',(0.,-108.8));
#7773 = VECTOR('',#7774,1.);
#7774 = DIRECTION('',(1.,0.));
#7775 = ( GEOMETRIC_REPRESENTATION_CONTEXT(2) 
PARAMETRIC_REPRESENTATION_CONTEXT() REPRESENTATION_CONTEXT('2D SPACE',''
  ) );
#7776 = PCURVE('',#128,#7777);
#7777 = DEFINITIONAL_REPRESENTATION('',(#7778),#7782);
#7778 = LINE('',#7779,#7780);
#7779 = CARTESIAN_POINT('',(9.,0.));
#7780 = VECTOR('',#7781,1.);
#7781 = DIRECTION('',(0.,1.));
#7782 = ( GEOMETRIC_REPRESENTATION_CONTEXT(2) 
PARAMETRIC_REPRESENTATION_CONTEXT() REPRESENTATION_CONTEXT('2D SPACE',''
  ) );
#7783 = ORIENTED_EDGE('',*,*,#7784,.T.);
#7784 = EDGE_CURVE('',#7762,#7709,#7785,.T.);
#7785 = SURFACE_CURVE('',#7786,(#7790,#7797),.PCURVE_S1.);
#7786 = LINE('',#7787,#7788);
#7787 = CARTESIAN_POINT('',(279.,-61.,158.));
#7788 = VECTOR('',#7789,1.);
#7789 = DIRECTION('',(0.,1.,0.));
#7790 = PCURVE('',#688,#7791);
#7791 = DEFINITIONAL_REPRESENTATION('',(#7792),#7796);
#7792 = LINE('',#7793,#7794);
#7793 = CARTESIAN_POINT('',(79.,-116.));
#7794 = VECTOR('',#7795,1.);
#7795 = DIRECTION('',(0.,1.));
#7796 = ( GEOMETRIC_REPRESENTATION_CONTEXT(2) 
PARAMETRIC_REPRESENTATION_CONTEXT() REPRESENTATION_CONTEXT('2D SPACE',''
  ) );
#7797 = PCURVE('',#7798,#7803);
#7798 = PLANE('',#7799);
#7799 = AXIS2_PLACEMENT_3D('',#7800,#7801,#7802);
#7800 = CARTESIAN_POINT('',(279.,-61.,152.));
#7801 = DIRECTION('',(1.,0.,0.));
#7802 = DIRECTION('',(0.,0.,1.));
#7803 = DEFINITIONAL_REPRESENTATION('',(#7804),#7808);
#7804 = LINE('',#7805,#7806);
#7805 = CARTESIAN_POINT('',(6.,0.));
#7806 = VECTOR('',#7807,1.);
#7807 = DIRECTION('',(0.,-1.));
#7808 = ( GEOMETRIC_REPRESENTATION_CONTEXT(2) 
PARAMETRIC_REPRESENTATION_CONTEXT() REPRESENTATION_CONTEXT('2D SPACE',''
  ) );
#7809 = FACE_BOUND('',#7810,.T.);
#7810 = EDGE_LOOP('',(#7811,#7836,#7864,#7887));
#7811 = ORIENTED_EDGE('',*,*,#7812,.T.);
#7812 = EDGE_CURVE('',#7813,#7815,#7817,.T.);
#7813 = VERTEX_POINT('',#7814);
#7814 = CARTESIAN_POINT('',(302.66666666666,53.8,158.));
#7815 = VERTEX_POINT('',#7816);
#7816 = CARTESIAN_POINT('',(318.33333333333,53.8,158.));
#7817 = SURFACE_CURVE('',#7818,(#7822,#7829),.PCURVE_S1.);
#7818 = LINE('',#7819,#7820);
#7819 = CARTESIAN_POINT('',(200.,53.8,158.));
#7820 = VECTOR('',#7821,1.);
#7821 = DIRECTION('',(1.,0.,0.));
#7822 = PCURVE('',#688,#7823);
#7823 = DEFINITIONAL_REPRESENTATION('',(#7824),#7828);
#7824 = LINE('',#7825,#7826);
#7825 = CARTESIAN_POINT('',(0.,-1.2));
#7826 = VECTOR('',#7827,1.);
#7827 = DIRECTION('',(1.,0.));
#7828 = ( GEOMETRIC_REPRESENTATION_CONTEXT(2) 
PARAMETRIC_REPRESENTATION_CONTEXT() REPRESENTATION_CONTEXT('2D SPACE',''
  ) );
#7829 = PCURVE('',#184,#7830);
#7830 = DEFINITIONAL_REPRESENTATION('',(#7831),#7835);
#7831 = LINE('',#7832,#7833);
#7832 = CARTESIAN_POINT('',(9.,0.));
#7833 = VECTOR('',#7834,1.);
#7834 = DIRECTION('',(0.,1.));
#7835 = ( GEOMETRIC_REPRESENTATION_CONTEXT(2) 
PARAMETRIC_REPRESENTATION_CONTEXT() REPRESENTATION_CONTEXT('2D SPACE',''
  ) );
#7836 = ORIENTED_EDGE('',*,*,#7837,.F.);
#7837 = EDGE_CURVE('',#7838,#7815,#7840,.T.);
#7838 = VERTEX_POINT('',#7839);
#7839 = CARTESIAN_POINT('',(318.33333333333,-53.8,158.));
#7840 = SURFACE_CURVE('',#7841,(#7845,#7852),.PCURVE_S1.);
#7841 = LINE('',#7842,#7843);
#7842 = CARTESIAN_POINT('',(318.33333333333,-61.,158.));
#7843 = VECTOR('',#7844,1.);
#7844 = DIRECTION('',(0.,1.,0.));
#7845 = PCURVE('',#688,#7846);
#7846 = DEFINITIONAL_REPRESENTATION('',(#7847),#7851);
#7847 = LINE('',#7848,#7849);
#7848 = CARTESIAN_POINT('',(118.33333333333,-116.));
#7849 = VECTOR('',#7850,1.);
#7850 = DIRECTION('',(0.,1.));
#7851 = ( GEOMETRIC_REPRESENTATION_CONTEXT(2) 
PARAMETRIC_REPRESENTATION_CONTEXT() REPRESENTATION_CONTEXT('2D SPACE',''
  ) );
#7852 = PCURVE('',#7853,#7858);
#7853 = PLANE('',#7854);
#7854 = AXIS2_PLACEMENT_3D('',#7855,#7856,#7857);
#7855 = CARTESIAN_POINT('',(318.33333333333,-61.,152.));
#7856 = DIRECTION('',(1.,0.,0.));
#7857 = DIRECTION('',(0.,0.,1.));
#7858 = DEFINITIONAL_REPRESENTATION('',(#7859),#7863);
#7859 = LINE('',#7860,#7861);
#7860 = CARTESIAN_POINT('',(6.,0.));
#7861 = VECTOR('',#7862,1.);
#7862 = DIRECTION('',(0.,-1.));
#7863 = ( GEOMETRIC_REPRESENTATION_CONTEXT(2) 
PARAMETRIC_REPRESENTATION_CONTEXT() REPRESENTATION_CONTEXT('2D SPACE',''
  ) );
#7864 = ORIENTED_EDGE('',*,*,#7865,.F.);
#7865 = EDGE_CURVE('',#7866,#7838,#7868,.T.);
#7866 = VERTEX_POINT('',#7867);
#7867 = CARTESIAN_POINT('',(302.66666666666,-53.8,158.));
#7868 = SURFACE_CURVE('',#7869,(#7873,#7880),.PCURVE_S1.);
#7869 = LINE('',#7870,#7871);
#7870 = CARTESIAN_POINT('',(200.,-53.8,158.));
#7871 = VECTOR('',#7872,1.);
#7872 = DIRECTION('',(1.,0.,0.));
#7873 = PCURVE('',#688,#7874);
#7874 = DEFINITIONAL_REPRESENTATION('',(#7875),#7879);
#7875 = LINE('',#7876,#7877);
#7876 = CARTESIAN_POINT('',(0.,-108.8));
#7877 = VECTOR('',#7878,1.);
#7878 = DIRECTION('',(1.,0.));
#7879 = ( GEOMETRIC_REPRESENTATION_CONTEXT(2) 
PARAMETRIC_REPRESENTATION_CONTEXT() REPRESENTATION_CONTEXT('2D SPACE',''
  ) );
#7880 = PCURVE('',#128,#7881);
#7881 = DEFINITIONAL_REPRESENTATION('',(#7882),#7886);
#7882 = LINE('',#7883,#7884);
#7883 = CARTESIAN_POINT('',(9.,0.));
#7884 = VECTOR('',#7885,1.);
#7885 = DIRECTION('',(0.,1.));
#7886 = ( GEOMETRIC_REPRESENTATION_CONTEXT(2) 
PARAMETRIC_REPRESENTATION_CONTEXT() REPRESENTATION_CONTEXT('2D SPACE',''
  ) );
#7887 = ORIENTED_EDGE('',*,*,#7888,.T.);
#7888 = EDGE_CURVE('',#7866,#7813,#7889,.T.);
#7889 = SURFACE_CURVE('',#7890,(#7894,#7901),.PCURVE_S1.);
#7890 = LINE('',#7891,#7892);
#7891 = CARTESIAN_POINT('',(302.66666666666,-61.,158.));
#7892 = VECTOR('',#7893,1.);
#7893 = DIRECTION('',(0.,1.,0.));
#7894 = PCURVE('',#688,#7895);
#7895 = DEFINITIONAL_REPRESENTATION('',(#7896),#7900);
#7896 = LINE('',#7897,#7898);
#7897 = CARTESIAN_POINT('',(102.66666666666,-116.));
#7898 = VECTOR('',#7899,1.);
#7899 = DIRECTION('',(0.,1.));
#7900 = ( GEOMETRIC_REPRESENTATION_CONTEXT(2) 
PARAMETRIC_REPRESENTATION_CONTEXT() REPRESENTATION_CONTEXT('2D SPACE',''
  ) );
#7901 = PCURVE('',#7902,#7907);
#7902 = PLANE('',#7903);
#7903 = AXIS2_PLACEMENT_3D('',#7904,#7905,#7906);
#7904 = CARTESIAN_POINT('',(302.66666666666,-61.,152.));
#7905 = DIRECTION('',(1.,0.,0.));
#7906 = DIRECTION('',(0.,0.,1.));
#7907 = DEFINITIONAL_REPRESENTATION('',(#7908),#7912);
#7908 = LINE('',#7909,#7910);
#7909 = CARTESIAN_POINT('',(6.,0.));
#7910 = VECTOR('',#7911,1.);
#7911 = DIRECTION('',(0.,-1.));
#7912 = ( GEOMETRIC_REPRESENTATION_CONTEXT(2) 
PARAMETRIC_REPRESENTATION_CONTEXT() REPRESENTATION_CONTEXT('2D SPACE',''
  ) );
#7913 = FACE_BOUND('',#7914,.T.);
#7914 = EDGE_LOOP('',(#7915,#7940,#7968,#7991));
#7915 = ORIENTED_EDGE('',*,*,#7916,.T.);
#7916 = EDGE_CURVE('',#7917,#7919,#7921,.T.);
#7917 = VERTEX_POINT('',#7918);
#7918 = CARTESIAN_POINT('',(326.33333333333,53.8,158.));
#7919 = VERTEX_POINT('',#7920);
#7920 = CARTESIAN_POINT('',(342.,53.8,158.));
#7921 = SURFACE_CURVE('',#7922,(#7926,#7933),.PCURVE_S1.);
#7922 = LINE('',#7923,#7924);
#7923 = CARTESIAN_POINT('',(200.,53.8,158.));
#7924 = VECTOR('',#7925,1.);
#7925 = DIRECTION('',(1.,0.,0.));
#7926 = PCURVE('',#688,#7927);
#7927 = DEFINITIONAL_REPRESENTATION('',(#7928),#7932);
#7928 = LINE('',#7929,#7930);
#7929 = CARTESIAN_POINT('',(0.,-1.2));
#7930 = VECTOR('',#7931,1.);
#7931 = DIRECTION('',(1.,0.));
#7932 = ( GEOMETRIC_REPRESENTATION_CONTEXT(2) 
PARAMETRIC_REPRESENTATION_CONTEXT() REPRESENTATION_CONTEXT('2D SPACE',''
  ) );
#7933 = PCURVE('',#184,#7934);
#7934 = DEFINITIONAL_REPRESENTATION('',(#7935),#7939);
#7935 = LINE('',#7936,#7937);
#7936 = CARTESIAN_POINT('',(9.,0.));
#7937 = VECTOR('',#7938,1.);
#7938 = DIRECTION('',(0.,1.));
#7939 = ( GEOMETRIC_REPRESENTATION_CONTEXT(2) 
PARAMETRIC_REPRESENTATION_CONTEXT() REPRESENTATION_CONTEXT('2D SPACE',''
  ) );
#7940 = ORIENTED_EDGE('',*,*,#7941,.F.);
#7941 = EDGE_CURVE('',#7942,#7919,#7944,.T.);
#7942 = VERTEX_POINT('',#7943);
#7943 = CARTESIAN_POINT('',(342.,-53.8,158.));
#7944 = SURFACE_CURVE('',#7945,(#7949,#7956),.PCURVE_S1.);
#7945 = LINE('',#7946,#7947);
#7946 = CARTESIAN_POINT('',(342.,-61.,158.));
#7947 = VECTOR('',#7948,1.);
#7948 = DIRECTION('',(0.,1.,0.));
#7949 = PCURVE('',#688,#7950);
#7950 = DEFINITIONAL_REPRESENTATION('',(#7951),#7955);
#7951 = LINE('',#7952,#7953);
#7952 = CARTESIAN_POINT('',(142.,-116.));
#7953 = VECTOR('',#7954,1.);
#7954 = DIRECTION('',(0.,1.));
#7955 = ( GEOMETRIC_REPRESENTATION_CONTEXT(2) 
PARAMETRIC_REPRESENTATION_CONTEXT() REPRESENTATION_CONTEXT('2D SPACE',''
  ) );
#7956 = PCURVE('',#7957,#7962);
#7957 = PLANE('',#7958);
#7958 = AXIS2_PLACEMENT_3D('',#7959,#7960,#7961);
#7959 = CARTESIAN_POINT('',(342.,-61.,152.));
#7960 = DIRECTION('',(1.,0.,0.));
#7961 = DIRECTION('',(0.,0.,1.));
#7962 = DEFINITIONAL_REPRESENTATION('',(#7963),#7967);
#7963 = LINE('',#7964,#7965);
#7964 = CARTESIAN_POINT('',(6.,0.));
#7965 = VECTOR('',#7966,1.);
#7966 = DIRECTION('',(0.,-1.));
#7967 = ( GEOMETRIC_REPRESENTATION_CONTEXT(2) 
PARAMETRIC_REPRESENTATION_CONTEXT() REPRESENTATION_CONTEXT('2D SPACE',''
  ) );
#7968 = ORIENTED_EDGE('',*,*,#7969,.F.);
#7969 = EDGE_CURVE('',#7970,#7942,#7972,.T.);
#7970 = VERTEX_POINT('',#7971);
#7971 = CARTESIAN_POINT('',(326.33333333333,-53.8,158.));
#7972 = SURFACE_CURVE('',#7973,(#7977,#7984),.PCURVE_S1.);
#7973 = LINE('',#7974,#7975);
#7974 = CARTESIAN_POINT('',(200.,-53.8,158.));
#7975 = VECTOR('',#7976,1.);
#7976 = DIRECTION('',(1.,0.,0.));
#7977 = PCURVE('',#688,#7978);
#7978 = DEFINITIONAL_REPRESENTATION('',(#7979),#7983);
#7979 = LINE('',#7980,#7981);
#7980 = CARTESIAN_POINT('',(0.,-108.8));
#7981 = VECTOR('',#7982,1.);
#7982 = DIRECTION('',(1.,0.));
#7983 = ( GEOMETRIC_REPRESENTATION_CONTEXT(2) 
PARAMETRIC_REPRESENTATION_CONTEXT() REPRESENTATION_CONTEXT('2D SPACE',''
  ) );
#7984 = PCURVE('',#128,#7985);
#7985 = DEFINITIONAL_REPRESENTATION('',(#7986),#7990);
#7986 = LINE('',#7987,#7988);
#7987 = CARTESIAN_POINT('',(9.,0.));
#7988 = VECTOR('',#7989,1.);
#7989 = DIRECTION('',(0.,1.));
#7990 = ( GEOMETRIC_REPRESENTATION_CONTEXT(2) 
PARAMETRIC_REPRESENTATION_CONTEXT() REPRESENTATION_CONTEXT('2D SPACE',''
  ) );
#7991 = ORIENTED_EDGE('',*,*,#7992,.T.);
#7992 = EDGE_CURVE('',#7970,#7917,#7993,.T.);
#7993 = SURFACE_CURVE('',#7994,(#7998,#8005),.PCURVE_S1.);
#7994 = LINE('',#7995,#7996);
#7995 = CARTESIAN_POINT('',(326.33333333333,-61.,158.));
#7996 = VECTOR('',#7997,1.);
#7997 = DIRECTION('',(0.,1.,0.));
#7998 = PCURVE('',#688,#7999);
#7999 = DEFINITIONAL_REPRESENTATION('',(#8000),#8004);
#8000 = LINE('',#8001,#8002);
#8001 = CARTESIAN_POINT('',(126.33333333333,-116.));
#8002 = VECTOR('',#8003,1.);
#8003 = DIRECTION('',(0.,1.));
#8004 = ( GEOMETRIC_REPRESENTATION_CONTEXT(2) 
PARAMETRIC_REPRESENTATION_CONTEXT() REPRESENTATION_CONTEXT('2D SPACE',''
  ) );
#8005 = PCURVE('',#8006,#8011);
#8006 = PLANE('',#8007);
#8007 = AXIS2_PLACEMENT_3D('',#8008,#8009,#8010);
#8008 = CARTESIAN_POINT('',(326.33333333333,-61.,152.));
#8009 = DIRECTION('',(1.,0.,0.));
#8010 = DIRECTION('',(0.,0.,1.));
#8011 = DEFINITIONAL_REPRESENTATION('',(#8012),#8016);
#8012 = LINE('',#8013,#8014);
#8013 = CARTESIAN_POINT('',(6.,0.));
#8014 = VECTOR('',#8015,1.);
#8015 = DIRECTION('',(0.,-1.));
#8016 = ( GEOMETRIC_REPRESENTATION_CONTEXT(2) 
PARAMETRIC_REPRESENTATION_CONTEXT() REPRESENTATION_CONTEXT('2D SPACE',''
  ) );
#8017 = ADVANCED_FACE('',(#8018),#7957,.F.);
#8018 = FACE_BOUND('',#8019,.F.);
#8019 = EDGE_LOOP('',(#8020,#8021,#8044,#8072));
#8020 = ORIENTED_EDGE('',*,*,#7941,.F.);
#8021 = ORIENTED_EDGE('',*,*,#8022,.T.);
#8022 = EDGE_CURVE('',#7942,#8023,#8025,.T.);
#8023 = VERTEX_POINT('',#8024);
#8024 = CARTESIAN_POINT('',(342.,-53.8,152.));
#8025 = SURFACE_CURVE('',#8026,(#8030,#8037),.PCURVE_S1.);
#8026 = LINE('',#8027,#8028);
#8027 = CARTESIAN_POINT('',(342.,-53.8,150.5));
#8028 = VECTOR('',#8029,1.);
#8029 = DIRECTION('',(0.,0.,-1.));
#8030 = PCURVE('',#7957,#8031);
#8031 = DEFINITIONAL_REPRESENTATION('',(#8032),#8036);
#8032 = LINE('',#8033,#8034);
#8033 = CARTESIAN_POINT('',(-1.5,-7.2));
#8034 = VECTOR('',#8035,1.);
#8035 = DIRECTION('',(-1.,0.));
#8036 = ( GEOMETRIC_REPRESENTATION_CONTEXT(2) 
PARAMETRIC_REPRESENTATION_CONTEXT() REPRESENTATION_CONTEXT('2D SPACE',''
  ) );
#8037 = PCURVE('',#128,#8038);
#8038 = DEFINITIONAL_REPRESENTATION('',(#8039),#8043);
#8039 = LINE('',#8040,#8041);
#8040 = CARTESIAN_POINT('',(1.5,142.));
#8041 = VECTOR('',#8042,1.);
#8042 = DIRECTION('',(-1.,0.));
#8043 = ( GEOMETRIC_REPRESENTATION_CONTEXT(2) 
PARAMETRIC_REPRESENTATION_CONTEXT() REPRESENTATION_CONTEXT('2D SPACE',''
  ) );
#8044 = ORIENTED_EDGE('',*,*,#8045,.T.);
#8045 = EDGE_CURVE('',#8023,#8046,#8048,.T.);
#8046 = VERTEX_POINT('',#8047);
#8047 = CARTESIAN_POINT('',(342.,53.8,152.));
#8048 = SURFACE_CURVE('',#8049,(#8053,#8060),.PCURVE_S1.);
#8049 = LINE('',#8050,#8051);
#8050 = CARTESIAN_POINT('',(342.,-61.,152.));
#8051 = VECTOR('',#8052,1.);
#8052 = DIRECTION('',(0.,1.,0.));
#8053 = PCURVE('',#7957,#8054);
#8054 = DEFINITIONAL_REPRESENTATION('',(#8055),#8059);
#8055 = LINE('',#8056,#8057);
#8056 = CARTESIAN_POINT('',(0.,0.));
#8057 = VECTOR('',#8058,1.);
#8058 = DIRECTION('',(0.,-1.));
#8059 = ( GEOMETRIC_REPRESENTATION_CONTEXT(2) 
PARAMETRIC_REPRESENTATION_CONTEXT() REPRESENTATION_CONTEXT('2D SPACE',''
  ) );
#8060 = PCURVE('',#8061,#8066);
#8061 = PLANE('',#8062);
#8062 = AXIS2_PLACEMENT_3D('',#8063,#8064,#8065);
#8063 = CARTESIAN_POINT('',(200.,-61.,152.));
#8064 = DIRECTION('',(0.,0.,1.));
#8065 = DIRECTION('',(1.,0.,0.));
#8066 = DEFINITIONAL_REPRESENTATION('',(#8067),#8071);
#8067 = LINE('',#8068,#8069);
#8068 = CARTESIAN_POINT('',(142.,0.));
#8069 = VECTOR('',#8070,1.);
#8070 = DIRECTION('',(0.,1.));
#8071 = ( GEOMETRIC_REPRESENTATION_CONTEXT(2) 
PARAMETRIC_REPRESENTATION_CONTEXT() REPRESENTATION_CONTEXT('2D SPACE',''
  ) );
#8072 = ORIENTED_EDGE('',*,*,#8073,.F.);
#8073 = EDGE_CURVE('',#7919,#8046,#8074,.T.);
#8074 = SURFACE_CURVE('',#8075,(#8079,#8086),.PCURVE_S1.);
#8075 = LINE('',#8076,#8077);
#8076 = CARTESIAN_POINT('',(342.,53.8,150.5));
#8077 = VECTOR('',#8078,1.);
#8078 = DIRECTION('',(0.,0.,-1.));
#8079 = PCURVE('',#7957,#8080);
#8080 = DEFINITIONAL_REPRESENTATION('',(#8081),#8085);
#8081 = LINE('',#8082,#8083);
#8082 = CARTESIAN_POINT('',(-1.5,-114.8));
#8083 = VECTOR('',#8084,1.);
#8084 = DIRECTION('',(-1.,0.));
#8085 = ( GEOMETRIC_REPRESENTATION_CONTEXT(2) 
PARAMETRIC_REPRESENTATION_CONTEXT() REPRESENTATION_CONTEXT('2D SPACE',''
  ) );
#8086 = PCURVE('',#184,#8087);
#8087 = DEFINITIONAL_REPRESENTATION('',(#8088),#8092);
#8088 = LINE('',#8089,#8090);
#8089 = CARTESIAN_POINT('',(1.5,142.));
#8090 = VECTOR('',#8091,1.);
#8091 = DIRECTION('',(-1.,0.));
#8092 = ( GEOMETRIC_REPRESENTATION_CONTEXT(2) 
PARAMETRIC_REPRESENTATION_CONTEXT() REPRESENTATION_CONTEXT('2D SPACE',''
  ) );
#8093 = ADVANCED_FACE('',(#8094),#8061,.F.);
#8094 = FACE_BOUND('',#8095,.F.);
#8095 = EDGE_LOOP('',(#8096,#8126,#8149,#8177,#8205,#8228,#8256,#8284,
    #8307,#8335,#8356,#8357));
#8096 = ORIENTED_EDGE('',*,*,#8097,.F.);
#8097 = EDGE_CURVE('',#8098,#8100,#8102,.T.);
#8098 = VERTEX_POINT('',#8099);
#8099 = CARTESIAN_POINT('',(330.,-55.,152.));
#8100 = VERTEX_POINT('',#8101);
#8101 = CARTESIAN_POINT('',(330.,-53.8,152.));
#8102 = SURFACE_CURVE('',#8103,(#8107,#8114),.PCURVE_S1.);
#8103 = LINE('',#8104,#8105);
#8104 = CARTESIAN_POINT('',(330.,-62.,152.));
#8105 = VECTOR('',#8106,1.);
#8106 = DIRECTION('',(0.,1.,0.));
#8107 = PCURVE('',#8061,#8108);
#8108 = DEFINITIONAL_REPRESENTATION('',(#8109),#8113);
#8109 = LINE('',#8110,#8111);
#8110 = CARTESIAN_POINT('',(130.,-1.));
#8111 = VECTOR('',#8112,1.);
#8112 = DIRECTION('',(0.,1.));
#8113 = ( GEOMETRIC_REPRESENTATION_CONTEXT(2) 
PARAMETRIC_REPRESENTATION_CONTEXT() REPRESENTATION_CONTEXT('2D SPACE',''
  ) );
#8114 = PCURVE('',#8115,#8120);
#8115 = PLANE('',#8116);
#8116 = AXIS2_PLACEMENT_3D('',#8117,#8118,#8119);
#8117 = CARTESIAN_POINT('',(330.,-62.,148.));
#8118 = DIRECTION('',(1.,0.,0.));
#8119 = DIRECTION('',(0.,0.,1.));
#8120 = DEFINITIONAL_REPRESENTATION('',(#8121),#8125);
#8121 = LINE('',#8122,#8123);
#8122 = CARTESIAN_POINT('',(4.,0.));
#8123 = VECTOR('',#8124,1.);
#8124 = DIRECTION('',(0.,-1.));
#8125 = ( GEOMETRIC_REPRESENTATION_CONTEXT(2) 
PARAMETRIC_REPRESENTATION_CONTEXT() REPRESENTATION_CONTEXT('2D SPACE',''
  ) );
#8126 = ORIENTED_EDGE('',*,*,#8127,.T.);
#8127 = EDGE_CURVE('',#8098,#8128,#8130,.T.);
#8128 = VERTEX_POINT('',#8129);
#8129 = CARTESIAN_POINT('',(346.,-55.,152.));
#8130 = SURFACE_CURVE('',#8131,(#8135,#8142),.PCURVE_S1.);
#8131 = LINE('',#8132,#8133);
#8132 = CARTESIAN_POINT('',(200.,-55.,152.));
#8133 = VECTOR('',#8134,1.);
#8134 = DIRECTION('',(1.,0.,0.));
#8135 = PCURVE('',#8061,#8136);
#8136 = DEFINITIONAL_REPRESENTATION('',(#8137),#8141);
#8137 = LINE('',#8138,#8139);
#8138 = CARTESIAN_POINT('',(0.,6.));
#8139 = VECTOR('',#8140,1.);
#8140 = DIRECTION('',(1.,0.));
#8141 = ( GEOMETRIC_REPRESENTATION_CONTEXT(2) 
PARAMETRIC_REPRESENTATION_CONTEXT() REPRESENTATION_CONTEXT('2D SPACE',''
  ) );
#8142 = PCURVE('',#72,#8143);
#8143 = DEFINITIONAL_REPRESENTATION('',(#8144),#8148);
#8144 = LINE('',#8145,#8146);
#8145 = CARTESIAN_POINT('',(-121.5,0.));
#8146 = VECTOR('',#8147,1.);
#8147 = DIRECTION('',(-0.,1.));
#8148 = ( GEOMETRIC_REPRESENTATION_CONTEXT(2) 
PARAMETRIC_REPRESENTATION_CONTEXT() REPRESENTATION_CONTEXT('2D SPACE',''
  ) );
#8149 = ORIENTED_EDGE('',*,*,#8150,.T.);
#8150 = EDGE_CURVE('',#8128,#8151,#8153,.T.);
#8151 = VERTEX_POINT('',#8152);
#8152 = CARTESIAN_POINT('',(346.,-53.8,152.));
#8153 = SURFACE_CURVE('',#8154,(#8158,#8165),.PCURVE_S1.);
#8154 = LINE('',#8155,#8156);
#8155 = CARTESIAN_POINT('',(346.,-62.,152.));
#8156 = VECTOR('',#8157,1.);
#8157 = DIRECTION('',(0.,1.,0.));
#8158 = PCURVE('',#8061,#8159);
#8159 = DEFINITIONAL_REPRESENTATION('',(#8160),#8164);
#8160 = LINE('',#8161,#8162);
#8161 = CARTESIAN_POINT('',(146.,-1.));
#8162 = VECTOR('',#8163,1.);
#8163 = DIRECTION('',(0.,1.));
#8164 = ( GEOMETRIC_REPRESENTATION_CONTEXT(2) 
PARAMETRIC_REPRESENTATION_CONTEXT() REPRESENTATION_CONTEXT('2D SPACE',''
  ) );
#8165 = PCURVE('',#8166,#8171);
#8166 = PLANE('',#8167);
#8167 = AXIS2_PLACEMENT_3D('',#8168,#8169,#8170);
#8168 = CARTESIAN_POINT('',(346.,-62.,148.));
#8169 = DIRECTION('',(1.,0.,0.));
#8170 = DIRECTION('',(0.,0.,1.));
#8171 = DEFINITIONAL_REPRESENTATION('',(#8172),#8176);
#8172 = LINE('',#8173,#8174);
#8173 = CARTESIAN_POINT('',(4.,0.));
#8174 = VECTOR('',#8175,1.);
#8175 = DIRECTION('',(0.,-1.));
#8176 = ( GEOMETRIC_REPRESENTATION_CONTEXT(2) 
PARAMETRIC_REPRESENTATION_CONTEXT() REPRESENTATION_CONTEXT('2D SPACE',''
  ) );
#8177 = ORIENTED_EDGE('',*,*,#8178,.T.);
#8178 = EDGE_CURVE('',#8151,#8179,#8181,.T.);
#8179 = VERTEX_POINT('',#8180);
#8180 = CARTESIAN_POINT('',(350.,-53.8,152.));
#8181 = SURFACE_CURVE('',#8182,(#8186,#8193),.PCURVE_S1.);
#8182 = LINE('',#8183,#8184);
#8183 = CARTESIAN_POINT('',(271.,-53.8,152.));
#8184 = VECTOR('',#8185,1.);
#8185 = DIRECTION('',(1.,0.,0.));
#8186 = PCURVE('',#8061,#8187);
#8187 = DEFINITIONAL_REPRESENTATION('',(#8188),#8192);
#8188 = LINE('',#8189,#8190);
#8189 = CARTESIAN_POINT('',(71.,7.2));
#8190 = VECTOR('',#8191,1.);
#8191 = DIRECTION('',(1.,0.));
#8192 = ( GEOMETRIC_REPRESENTATION_CONTEXT(2) 
PARAMETRIC_REPRESENTATION_CONTEXT() REPRESENTATION_CONTEXT('2D SPACE',''
  ) );
#8193 = PCURVE('',#8194,#8199);
#8194 = PLANE('',#8195);
#8195 = AXIS2_PLACEMENT_3D('',#8196,#8197,#8198);
#8196 = CARTESIAN_POINT('',(200.,-53.8,149.));
#8197 = DIRECTION('',(0.,1.,0.));
#8198 = DIRECTION('',(0.,0.,1.));
#8199 = DEFINITIONAL_REPRESENTATION('',(#8200),#8204);
#8200 = LINE('',#8201,#8202);
#8201 = CARTESIAN_POINT('',(3.,71.));
#8202 = VECTOR('',#8203,1.);
#8203 = DIRECTION('',(0.,1.));
#8204 = ( GEOMETRIC_REPRESENTATION_CONTEXT(2) 
PARAMETRIC_REPRESENTATION_CONTEXT() REPRESENTATION_CONTEXT('2D SPACE',''
  ) );
#8205 = ORIENTED_EDGE('',*,*,#8206,.T.);
#8206 = EDGE_CURVE('',#8179,#8207,#8209,.T.);
#8207 = VERTEX_POINT('',#8208);
#8208 = CARTESIAN_POINT('',(350.,53.8,152.));
#8209 = SURFACE_CURVE('',#8210,(#8214,#8221),.PCURVE_S1.);
#8210 = LINE('',#8211,#8212);
#8211 = CARTESIAN_POINT('',(350.,-61.,152.));
#8212 = VECTOR('',#8213,1.);
#8213 = DIRECTION('',(0.,1.,0.));
#8214 = PCURVE('',#8061,#8215);
#8215 = DEFINITIONAL_REPRESENTATION('',(#8216),#8220);
#8216 = LINE('',#8217,#8218);
#8217 = CARTESIAN_POINT('',(150.,0.));
#8218 = VECTOR('',#8219,1.);
#8219 = DIRECTION('',(0.,1.));
#8220 = ( GEOMETRIC_REPRESENTATION_CONTEXT(2) 
PARAMETRIC_REPRESENTATION_CONTEXT() REPRESENTATION_CONTEXT('2D SPACE',''
  ) );
#8221 = PCURVE('',#7133,#8222);
#8222 = DEFINITIONAL_REPRESENTATION('',(#8223),#8227);
#8223 = LINE('',#8224,#8225);
#8224 = CARTESIAN_POINT('',(152.,-14.));
#8225 = VECTOR('',#8226,1.);
#8226 = DIRECTION('',(0.,-1.));
#8227 = ( GEOMETRIC_REPRESENTATION_CONTEXT(2) 
PARAMETRIC_REPRESENTATION_CONTEXT() REPRESENTATION_CONTEXT('2D SPACE',''
  ) );
#8228 = ORIENTED_EDGE('',*,*,#8229,.F.);
#8229 = EDGE_CURVE('',#8230,#8207,#8232,.T.);
#8230 = VERTEX_POINT('',#8231);
#8231 = CARTESIAN_POINT('',(346.,53.8,152.));
#8232 = SURFACE_CURVE('',#8233,(#8237,#8244),.PCURVE_S1.);
#8233 = LINE('',#8234,#8235);
#8234 = CARTESIAN_POINT('',(271.,53.8,152.));
#8235 = VECTOR('',#8236,1.);
#8236 = DIRECTION('',(1.,0.,0.));
#8237 = PCURVE('',#8061,#8238);
#8238 = DEFINITIONAL_REPRESENTATION('',(#8239),#8243);
#8239 = LINE('',#8240,#8241);
#8240 = CARTESIAN_POINT('',(71.,114.8));
#8241 = VECTOR('',#8242,1.);
#8242 = DIRECTION('',(1.,0.));
#8243 = ( GEOMETRIC_REPRESENTATION_CONTEXT(2) 
PARAMETRIC_REPRESENTATION_CONTEXT() REPRESENTATION_CONTEXT('2D SPACE',''
  ) );
#8244 = PCURVE('',#8245,#8250);
#8245 = PLANE('',#8246);
#8246 = AXIS2_PLACEMENT_3D('',#8247,#8248,#8249);
#8247 = CARTESIAN_POINT('',(200.,53.8,149.));
#8248 = DIRECTION('',(0.,1.,0.));
#8249 = DIRECTION('',(0.,0.,1.));
#8250 = DEFINITIONAL_REPRESENTATION('',(#8251),#8255);
#8251 = LINE('',#8252,#8253);
#8252 = CARTESIAN_POINT('',(3.,71.));
#8253 = VECTOR('',#8254,1.);
#8254 = DIRECTION('',(0.,1.));
#8255 = ( GEOMETRIC_REPRESENTATION_CONTEXT(2) 
PARAMETRIC_REPRESENTATION_CONTEXT() REPRESENTATION_CONTEXT('2D SPACE',''
  ) );
#8256 = ORIENTED_EDGE('',*,*,#8257,.T.);
#8257 = EDGE_CURVE('',#8230,#8258,#8260,.T.);
#8258 = VERTEX_POINT('',#8259);
#8259 = CARTESIAN_POINT('',(346.,55.,152.));
#8260 = SURFACE_CURVE('',#8261,(#8265,#8272),.PCURVE_S1.);
#8261 = LINE('',#8262,#8263);
#8262 = CARTESIAN_POINT('',(346.,-62.,152.));
#8263 = VECTOR('',#8264,1.);
#8264 = DIRECTION('',(0.,1.,0.));
#8265 = PCURVE('',#8061,#8266);
#8266 = DEFINITIONAL_REPRESENTATION('',(#8267),#8271);
#8267 = LINE('',#8268,#8269);
#8268 = CARTESIAN_POINT('',(146.,-1.));
#8269 = VECTOR('',#8270,1.);
#8270 = DIRECTION('',(0.,1.));
#8271 = ( GEOMETRIC_REPRESENTATION_CONTEXT(2) 
PARAMETRIC_REPRESENTATION_CONTEXT() REPRESENTATION_CONTEXT('2D SPACE',''
  ) );
#8272 = PCURVE('',#8273,#8278);
#8273 = PLANE('',#8274);
#8274 = AXIS2_PLACEMENT_3D('',#8275,#8276,#8277);
#8275 = CARTESIAN_POINT('',(346.,-62.,148.));
#8276 = DIRECTION('',(1.,0.,0.));
#8277 = DIRECTION('',(0.,0.,1.));
#8278 = DEFINITIONAL_REPRESENTATION('',(#8279),#8283);
#8279 = LINE('',#8280,#8281);
#8280 = CARTESIAN_POINT('',(4.,0.));
#8281 = VECTOR('',#8282,1.);
#8282 = DIRECTION('',(0.,-1.));
#8283 = ( GEOMETRIC_REPRESENTATION_CONTEXT(2) 
PARAMETRIC_REPRESENTATION_CONTEXT() REPRESENTATION_CONTEXT('2D SPACE',''
  ) );
#8284 = ORIENTED_EDGE('',*,*,#8285,.F.);
#8285 = EDGE_CURVE('',#8286,#8258,#8288,.T.);
#8286 = VERTEX_POINT('',#8287);
#8287 = CARTESIAN_POINT('',(330.,55.,152.));
#8288 = SURFACE_CURVE('',#8289,(#8293,#8300),.PCURVE_S1.);
#8289 = LINE('',#8290,#8291);
#8290 = CARTESIAN_POINT('',(200.,55.,152.));
#8291 = VECTOR('',#8292,1.);
#8292 = DIRECTION('',(1.,0.,0.));
#8293 = PCURVE('',#8061,#8294);
#8294 = DEFINITIONAL_REPRESENTATION('',(#8295),#8299);
#8295 = LINE('',#8296,#8297);
#8296 = CARTESIAN_POINT('',(0.,116.));
#8297 = VECTOR('',#8298,1.);
#8298 = DIRECTION('',(1.,0.));
#8299 = ( GEOMETRIC_REPRESENTATION_CONTEXT(2) 
PARAMETRIC_REPRESENTATION_CONTEXT() REPRESENTATION_CONTEXT('2D SPACE',''
  ) );
#8300 = PCURVE('',#240,#8301);
#8301 = DEFINITIONAL_REPRESENTATION('',(#8302),#8306);
#8302 = LINE('',#8303,#8304);
#8303 = CARTESIAN_POINT('',(121.5,0.));
#8304 = VECTOR('',#8305,1.);
#8305 = DIRECTION('',(0.,1.));
#8306 = ( GEOMETRIC_REPRESENTATION_CONTEXT(2) 
PARAMETRIC_REPRESENTATION_CONTEXT() REPRESENTATION_CONTEXT('2D SPACE',''
  ) );
#8307 = ORIENTED_EDGE('',*,*,#8308,.F.);
#8308 = EDGE_CURVE('',#8309,#8286,#8311,.T.);
#8309 = VERTEX_POINT('',#8310);
#8310 = CARTESIAN_POINT('',(330.,53.8,152.));
#8311 = SURFACE_CURVE('',#8312,(#8316,#8323),.PCURVE_S1.);
#8312 = LINE('',#8313,#8314);
#8313 = CARTESIAN_POINT('',(330.,-62.,152.));
#8314 = VECTOR('',#8315,1.);
#8315 = DIRECTION('',(0.,1.,0.));
#8316 = PCURVE('',#8061,#8317);
#8317 = DEFINITIONAL_REPRESENTATION('',(#8318),#8322);
#8318 = LINE('',#8319,#8320);
#8319 = CARTESIAN_POINT('',(130.,-1.));
#8320 = VECTOR('',#8321,1.);
#8321 = DIRECTION('',(0.,1.));
#8322 = ( GEOMETRIC_REPRESENTATION_CONTEXT(2) 
PARAMETRIC_REPRESENTATION_CONTEXT() REPRESENTATION_CONTEXT('2D SPACE',''
  ) );
#8323 = PCURVE('',#8324,#8329);
#8324 = PLANE('',#8325);
#8325 = AXIS2_PLACEMENT_3D('',#8326,#8327,#8328);
#8326 = CARTESIAN_POINT('',(330.,-62.,148.));
#8327 = DIRECTION('',(1.,0.,0.));
#8328 = DIRECTION('',(0.,0.,1.));
#8329 = DEFINITIONAL_REPRESENTATION('',(#8330),#8334);
#8330 = LINE('',#8331,#8332);
#8331 = CARTESIAN_POINT('',(4.,0.));
#8332 = VECTOR('',#8333,1.);
#8333 = DIRECTION('',(0.,-1.));
#8334 = ( GEOMETRIC_REPRESENTATION_CONTEXT(2) 
PARAMETRIC_REPRESENTATION_CONTEXT() REPRESENTATION_CONTEXT('2D SPACE',''
  ) );
#8335 = ORIENTED_EDGE('',*,*,#8336,.T.);
#8336 = EDGE_CURVE('',#8309,#8046,#8337,.T.);
#8337 = SURFACE_CURVE('',#8338,(#8342,#8349),.PCURVE_S1.);
#8338 = LINE('',#8339,#8340);
#8339 = CARTESIAN_POINT('',(265.,53.8,152.));
#8340 = VECTOR('',#8341,1.);
#8341 = DIRECTION('',(1.,0.,0.));
#8342 = PCURVE('',#8061,#8343);
#8343 = DEFINITIONAL_REPRESENTATION('',(#8344),#8348);
#8344 = LINE('',#8345,#8346);
#8345 = CARTESIAN_POINT('',(65.,114.8));
#8346 = VECTOR('',#8347,1.);
#8347 = DIRECTION('',(1.,0.));
#8348 = ( GEOMETRIC_REPRESENTATION_CONTEXT(2) 
PARAMETRIC_REPRESENTATION_CONTEXT() REPRESENTATION_CONTEXT('2D SPACE',''
  ) );
#8349 = PCURVE('',#184,#8350);
#8350 = DEFINITIONAL_REPRESENTATION('',(#8351),#8355);
#8351 = LINE('',#8352,#8353);
#8352 = CARTESIAN_POINT('',(3.,65.));
#8353 = VECTOR('',#8354,1.);
#8354 = DIRECTION('',(0.,1.));
#8355 = ( GEOMETRIC_REPRESENTATION_CONTEXT(2) 
PARAMETRIC_REPRESENTATION_CONTEXT() REPRESENTATION_CONTEXT('2D SPACE',''
  ) );
#8356 = ORIENTED_EDGE('',*,*,#8045,.F.);
#8357 = ORIENTED_EDGE('',*,*,#8358,.F.);
#8358 = EDGE_CURVE('',#8100,#8023,#8359,.T.);
#8359 = SURFACE_CURVE('',#8360,(#8364,#8371),.PCURVE_S1.);
#8360 = LINE('',#8361,#8362);
#8361 = CARTESIAN_POINT('',(265.,-53.8,152.));
#8362 = VECTOR('',#8363,1.);
#8363 = DIRECTION('',(1.,0.,0.));
#8364 = PCURVE('',#8061,#8365);
#8365 = DEFINITIONAL_REPRESENTATION('',(#8366),#8370);
#8366 = LINE('',#8367,#8368);
#8367 = CARTESIAN_POINT('',(65.,7.2));
#8368 = VECTOR('',#8369,1.);
#8369 = DIRECTION('',(1.,0.));
#8370 = ( GEOMETRIC_REPRESENTATION_CONTEXT(2) 
PARAMETRIC_REPRESENTATION_CONTEXT() REPRESENTATION_CONTEXT('2D SPACE',''
  ) );
#8371 = PCURVE('',#128,#8372);
#8372 = DEFINITIONAL_REPRESENTATION('',(#8373),#8377);
#8373 = LINE('',#8374,#8375);
#8374 = CARTESIAN_POINT('',(3.,65.));
#8375 = VECTOR('',#8376,1.);
#8376 = DIRECTION('',(0.,1.));
#8377 = ( GEOMETRIC_REPRESENTATION_CONTEXT(2) 
PARAMETRIC_REPRESENTATION_CONTEXT() REPRESENTATION_CONTEXT('2D SPACE',''
  ) );
#8378 = ADVANCED_FACE('',(#8379),#8166,.F.);
#8379 = FACE_BOUND('',#8380,.F.);
#8380 = EDGE_LOOP('',(#8381,#8382,#8405,#8433));
#8381 = ORIENTED_EDGE('',*,*,#8150,.F.);
#8382 = ORIENTED_EDGE('',*,*,#8383,.T.);
#8383 = EDGE_CURVE('',#8128,#8384,#8386,.T.);
#8384 = VERTEX_POINT('',#8385);
#8385 = CARTESIAN_POINT('',(346.,-55.,149.));
#8386 = SURFACE_CURVE('',#8387,(#8391,#8398),.PCURVE_S1.);
#8387 = LINE('',#8388,#8389);
#8388 = CARTESIAN_POINT('',(346.,-55.,148.5));
#8389 = VECTOR('',#8390,1.);
#8390 = DIRECTION('',(0.,0.,-1.));
#8391 = PCURVE('',#8166,#8392);
#8392 = DEFINITIONAL_REPRESENTATION('',(#8393),#8397);
#8393 = LINE('',#8394,#8395);
#8394 = CARTESIAN_POINT('',(0.5,-7.));
#8395 = VECTOR('',#8396,1.);
#8396 = DIRECTION('',(-1.,0.));
#8397 = ( GEOMETRIC_REPRESENTATION_CONTEXT(2) 
PARAMETRIC_REPRESENTATION_CONTEXT() REPRESENTATION_CONTEXT('2D SPACE',''
  ) );
#8398 = PCURVE('',#72,#8399);
#8399 = DEFINITIONAL_REPRESENTATION('',(#8400),#8404);
#8400 = LINE('',#8401,#8402);
#8401 = CARTESIAN_POINT('',(-118.,146.));
#8402 = VECTOR('',#8403,1.);
#8403 = DIRECTION('',(1.,-0.));
#8404 = ( GEOMETRIC_REPRESENTATION_CONTEXT(2) 
PARAMETRIC_REPRESENTATION_CONTEXT() REPRESENTATION_CONTEXT('2D SPACE',''
  ) );
#8405 = ORIENTED_EDGE('',*,*,#8406,.T.);
#8406 = EDGE_CURVE('',#8384,#8407,#8409,.T.);
#8407 = VERTEX_POINT('',#8408);
#8408 = CARTESIAN_POINT('',(346.,-53.8,149.));
#8409 = SURFACE_CURVE('',#8410,(#8414,#8421),.PCURVE_S1.);
#8410 = LINE('',#8411,#8412);
#8411 = CARTESIAN_POINT('',(346.,-58.5,149.));
#8412 = VECTOR('',#8413,1.);
#8413 = DIRECTION('',(0.,1.,0.));
#8414 = PCURVE('',#8166,#8415);
#8415 = DEFINITIONAL_REPRESENTATION('',(#8416),#8420);
#8416 = LINE('',#8417,#8418);
#8417 = CARTESIAN_POINT('',(1.,-3.5));
#8418 = VECTOR('',#8419,1.);
#8419 = DIRECTION('',(0.,-1.));
#8420 = ( GEOMETRIC_REPRESENTATION_CONTEXT(2) 
PARAMETRIC_REPRESENTATION_CONTEXT() REPRESENTATION_CONTEXT('2D SPACE',''
  ) );
#8421 = PCURVE('',#8422,#8427);
#8422 = PLANE('',#8423);
#8423 = AXIS2_PLACEMENT_3D('',#8424,#8425,#8426);
#8424 = CARTESIAN_POINT('',(200.,-55.,149.));
#8425 = DIRECTION('',(0.,0.,1.));
#8426 = DIRECTION('',(1.,0.,0.));
#8427 = DEFINITIONAL_REPRESENTATION('',(#8428),#8432);
#8428 = LINE('',#8429,#8430);
#8429 = CARTESIAN_POINT('',(146.,-3.5));
#8430 = VECTOR('',#8431,1.);
#8431 = DIRECTION('',(0.,1.));
#8432 = ( GEOMETRIC_REPRESENTATION_CONTEXT(2) 
PARAMETRIC_REPRESENTATION_CONTEXT() REPRESENTATION_CONTEXT('2D SPACE',''
  ) );
#8433 = ORIENTED_EDGE('',*,*,#8434,.F.);
#8434 = EDGE_CURVE('',#8151,#8407,#8435,.T.);
#8435 = SURFACE_CURVE('',#8436,(#8440,#8447),.PCURVE_S1.);
#8436 = LINE('',#8437,#8438);
#8437 = CARTESIAN_POINT('',(346.,-53.8,148.5));
#8438 = VECTOR('',#8439,1.);
#8439 = DIRECTION('',(0.,0.,-1.));
#8440 = PCURVE('',#8166,#8441);
#8441 = DEFINITIONAL_REPRESENTATION('',(#8442),#8446);
#8442 = LINE('',#8443,#8444);
#8443 = CARTESIAN_POINT('',(0.5,-8.2));
#8444 = VECTOR('',#8445,1.);
#8445 = DIRECTION('',(-1.,0.));
#8446 = ( GEOMETRIC_REPRESENTATION_CONTEXT(2) 
PARAMETRIC_REPRESENTATION_CONTEXT() REPRESENTATION_CONTEXT('2D SPACE',''
  ) );
#8447 = PCURVE('',#8194,#8448);
#8448 = DEFINITIONAL_REPRESENTATION('',(#8449),#8453);
#8449 = LINE('',#8450,#8451);
#8450 = CARTESIAN_POINT('',(-0.5,146.));
#8451 = VECTOR('',#8452,1.);
#8452 = DIRECTION('',(-1.,0.));
#8453 = ( GEOMETRIC_REPRESENTATION_CONTEXT(2) 
PARAMETRIC_REPRESENTATION_CONTEXT() REPRESENTATION_CONTEXT('2D SPACE',''
  ) );
#8454 = ADVANCED_FACE('',(#8455),#8422,.F.);
#8455 = FACE_BOUND('',#8456,.F.);
#8456 = EDGE_LOOP('',(#8457,#8480,#8481,#8504));
#8457 = ORIENTED_EDGE('',*,*,#8458,.F.);
#8458 = EDGE_CURVE('',#8407,#8459,#8461,.T.);
#8459 = VERTEX_POINT('',#8460);
#8460 = CARTESIAN_POINT('',(350.,-53.8,149.));
#8461 = SURFACE_CURVE('',#8462,(#8466,#8473),.PCURVE_S1.);
#8462 = LINE('',#8463,#8464);
#8463 = CARTESIAN_POINT('',(200.,-53.8,149.));
#8464 = VECTOR('',#8465,1.);
#8465 = DIRECTION('',(1.,0.,0.));
#8466 = PCURVE('',#8422,#8467);
#8467 = DEFINITIONAL_REPRESENTATION('',(#8468),#8472);
#8468 = LINE('',#8469,#8470);
#8469 = CARTESIAN_POINT('',(0.,1.2));
#8470 = VECTOR('',#8471,1.);
#8471 = DIRECTION('',(1.,0.));
#8472 = ( GEOMETRIC_REPRESENTATION_CONTEXT(2) 
PARAMETRIC_REPRESENTATION_CONTEXT() REPRESENTATION_CONTEXT('2D SPACE',''
  ) );
#8473 = PCURVE('',#8194,#8474);
#8474 = DEFINITIONAL_REPRESENTATION('',(#8475),#8479);
#8475 = LINE('',#8476,#8477);
#8476 = CARTESIAN_POINT('',(0.,0.));
#8477 = VECTOR('',#8478,1.);
#8478 = DIRECTION('',(0.,1.));
#8479 = ( GEOMETRIC_REPRESENTATION_CONTEXT(2) 
PARAMETRIC_REPRESENTATION_CONTEXT() REPRESENTATION_CONTEXT('2D SPACE',''
  ) );
#8480 = ORIENTED_EDGE('',*,*,#8406,.F.);
#8481 = ORIENTED_EDGE('',*,*,#8482,.T.);
#8482 = EDGE_CURVE('',#8384,#8483,#8485,.T.);
#8483 = VERTEX_POINT('',#8484);
#8484 = CARTESIAN_POINT('',(350.,-55.,149.));
#8485 = SURFACE_CURVE('',#8486,(#8490,#8497),.PCURVE_S1.);
#8486 = LINE('',#8487,#8488);
#8487 = CARTESIAN_POINT('',(200.,-55.,149.));
#8488 = VECTOR('',#8489,1.);
#8489 = DIRECTION('',(1.,0.,0.));
#8490 = PCURVE('',#8422,#8491);
#8491 = DEFINITIONAL_REPRESENTATION('',(#8492),#8496);
#8492 = LINE('',#8493,#8494);
#8493 = CARTESIAN_POINT('',(0.,0.));
#8494 = VECTOR('',#8495,1.);
#8495 = DIRECTION('',(1.,0.));
#8496 = ( GEOMETRIC_REPRESENTATION_CONTEXT(2) 
PARAMETRIC_REPRESENTATION_CONTEXT() REPRESENTATION_CONTEXT('2D SPACE',''
  ) );
#8497 = PCURVE('',#72,#8498);
#8498 = DEFINITIONAL_REPRESENTATION('',(#8499),#8503);
#8499 = LINE('',#8500,#8501);
#8500 = CARTESIAN_POINT('',(-118.5,0.));
#8501 = VECTOR('',#8502,1.);
#8502 = DIRECTION('',(-0.,1.));
#8503 = ( GEOMETRIC_REPRESENTATION_CONTEXT(2) 
PARAMETRIC_REPRESENTATION_CONTEXT() REPRESENTATION_CONTEXT('2D SPACE',''
  ) );
#8504 = ORIENTED_EDGE('',*,*,#8505,.T.);
#8505 = EDGE_CURVE('',#8483,#8459,#8506,.T.);
#8506 = SURFACE_CURVE('',#8507,(#8511,#8518),.PCURVE_S1.);
#8507 = LINE('',#8508,#8509);
#8508 = CARTESIAN_POINT('',(350.,-55.,149.));
#8509 = VECTOR('',#8510,1.);
#8510 = DIRECTION('',(0.,1.,0.));
#8511 = PCURVE('',#8422,#8512);
#8512 = DEFINITIONAL_REPRESENTATION('',(#8513),#8517);
#8513 = LINE('',#8514,#8515);
#8514 = CARTESIAN_POINT('',(150.,0.));
#8515 = VECTOR('',#8516,1.);
#8516 = DIRECTION('',(0.,1.));
#8517 = ( GEOMETRIC_REPRESENTATION_CONTEXT(2) 
PARAMETRIC_REPRESENTATION_CONTEXT() REPRESENTATION_CONTEXT('2D SPACE',''
  ) );
#8518 = PCURVE('',#7133,#8519);
#8519 = DEFINITIONAL_REPRESENTATION('',(#8520),#8524);
#8520 = LINE('',#8521,#8522);
#8521 = CARTESIAN_POINT('',(149.,-20.));
#8522 = VECTOR('',#8523,1.);
#8523 = DIRECTION('',(0.,-1.));
#8524 = ( GEOMETRIC_REPRESENTATION_CONTEXT(2) 
PARAMETRIC_REPRESENTATION_CONTEXT() REPRESENTATION_CONTEXT('2D SPACE',''
  ) );
#8525 = ADVANCED_FACE('',(#8526),#8194,.T.);
#8526 = FACE_BOUND('',#8527,.T.);
#8527 = EDGE_LOOP('',(#8528,#8529,#8530,#8531));
#8528 = ORIENTED_EDGE('',*,*,#8458,.F.);
#8529 = ORIENTED_EDGE('',*,*,#8434,.F.);
#8530 = ORIENTED_EDGE('',*,*,#8178,.T.);
#8531 = ORIENTED_EDGE('',*,*,#8532,.F.);
#8532 = EDGE_CURVE('',#8459,#8179,#8533,.T.);
#8533 = SURFACE_CURVE('',#8534,(#8538,#8545),.PCURVE_S1.);
#8534 = LINE('',#8535,#8536);
#8535 = CARTESIAN_POINT('',(350.,-53.8,149.));
#8536 = VECTOR('',#8537,1.);
#8537 = DIRECTION('',(0.,0.,1.));
#8538 = PCURVE('',#8194,#8539);
#8539 = DEFINITIONAL_REPRESENTATION('',(#8540),#8544);
#8540 = LINE('',#8541,#8542);
#8541 = CARTESIAN_POINT('',(0.,150.));
#8542 = VECTOR('',#8543,1.);
#8543 = DIRECTION('',(1.,0.));
#8544 = ( GEOMETRIC_REPRESENTATION_CONTEXT(2) 
PARAMETRIC_REPRESENTATION_CONTEXT() REPRESENTATION_CONTEXT('2D SPACE',''
  ) );
#8545 = PCURVE('',#7133,#8546);
#8546 = DEFINITIONAL_REPRESENTATION('',(#8547),#8551);
#8547 = LINE('',#8548,#8549);
#8548 = CARTESIAN_POINT('',(149.,-21.2));
#8549 = VECTOR('',#8550,1.);
#8550 = DIRECTION('',(1.,0.));
#8551 = ( GEOMETRIC_REPRESENTATION_CONTEXT(2) 
PARAMETRIC_REPRESENTATION_CONTEXT() REPRESENTATION_CONTEXT('2D SPACE',''
  ) );
#8552 = ADVANCED_FACE('',(#8553),#8245,.F.);
#8553 = FACE_BOUND('',#8554,.F.);
#8554 = EDGE_LOOP('',(#8555,#8585,#8606,#8607));
#8555 = ORIENTED_EDGE('',*,*,#8556,.F.);
#8556 = EDGE_CURVE('',#8557,#8559,#8561,.T.);
#8557 = VERTEX_POINT('',#8558);
#8558 = CARTESIAN_POINT('',(346.,53.8,149.));
#8559 = VERTEX_POINT('',#8560);
#8560 = CARTESIAN_POINT('',(350.,53.8,149.));
#8561 = SURFACE_CURVE('',#8562,(#8566,#8573),.PCURVE_S1.);
#8562 = LINE('',#8563,#8564);
#8563 = CARTESIAN_POINT('',(200.,53.8,149.));
#8564 = VECTOR('',#8565,1.);
#8565 = DIRECTION('',(1.,0.,0.));
#8566 = PCURVE('',#8245,#8567);
#8567 = DEFINITIONAL_REPRESENTATION('',(#8568),#8572);
#8568 = LINE('',#8569,#8570);
#8569 = CARTESIAN_POINT('',(0.,0.));
#8570 = VECTOR('',#8571,1.);
#8571 = DIRECTION('',(0.,1.));
#8572 = ( GEOMETRIC_REPRESENTATION_CONTEXT(2) 
PARAMETRIC_REPRESENTATION_CONTEXT() REPRESENTATION_CONTEXT('2D SPACE',''
  ) );
#8573 = PCURVE('',#8574,#8579);
#8574 = PLANE('',#8575);
#8575 = AXIS2_PLACEMENT_3D('',#8576,#8577,#8578);
#8576 = CARTESIAN_POINT('',(200.,53.8,149.));
#8577 = DIRECTION('',(0.,0.,1.));
#8578 = DIRECTION('',(1.,0.,0.));
#8579 = DEFINITIONAL_REPRESENTATION('',(#8580),#8584);
#8580 = LINE('',#8581,#8582);
#8581 = CARTESIAN_POINT('',(0.,0.));
#8582 = VECTOR('',#8583,1.);
#8583 = DIRECTION('',(1.,0.));
#8584 = ( GEOMETRIC_REPRESENTATION_CONTEXT(2) 
PARAMETRIC_REPRESENTATION_CONTEXT() REPRESENTATION_CONTEXT('2D SPACE',''
  ) );
#8585 = ORIENTED_EDGE('',*,*,#8586,.F.);
#8586 = EDGE_CURVE('',#8230,#8557,#8587,.T.);
#8587 = SURFACE_CURVE('',#8588,(#8592,#8599),.PCURVE_S1.);
#8588 = LINE('',#8589,#8590);
#8589 = CARTESIAN_POINT('',(346.,53.8,148.5));
#8590 = VECTOR('',#8591,1.);
#8591 = DIRECTION('',(0.,0.,-1.));
#8592 = PCURVE('',#8245,#8593);
#8593 = DEFINITIONAL_REPRESENTATION('',(#8594),#8598);
#8594 = LINE('',#8595,#8596);
#8595 = CARTESIAN_POINT('',(-0.5,146.));
#8596 = VECTOR('',#8597,1.);
#8597 = DIRECTION('',(-1.,0.));
#8598 = ( GEOMETRIC_REPRESENTATION_CONTEXT(2) 
PARAMETRIC_REPRESENTATION_CONTEXT() REPRESENTATION_CONTEXT('2D SPACE',''
  ) );
#8599 = PCURVE('',#8273,#8600);
#8600 = DEFINITIONAL_REPRESENTATION('',(#8601),#8605);
#8601 = LINE('',#8602,#8603);
#8602 = CARTESIAN_POINT('',(0.5,-115.8));
#8603 = VECTOR('',#8604,1.);
#8604 = DIRECTION('',(-1.,0.));
#8605 = ( GEOMETRIC_REPRESENTATION_CONTEXT(2) 
PARAMETRIC_REPRESENTATION_CONTEXT() REPRESENTATION_CONTEXT('2D SPACE',''
  ) );
#8606 = ORIENTED_EDGE('',*,*,#8229,.T.);
#8607 = ORIENTED_EDGE('',*,*,#8608,.F.);
#8608 = EDGE_CURVE('',#8559,#8207,#8609,.T.);
#8609 = SURFACE_CURVE('',#8610,(#8614,#8621),.PCURVE_S1.);
#8610 = LINE('',#8611,#8612);
#8611 = CARTESIAN_POINT('',(350.,53.8,149.));
#8612 = VECTOR('',#8613,1.);
#8613 = DIRECTION('',(0.,0.,1.));
#8614 = PCURVE('',#8245,#8615);
#8615 = DEFINITIONAL_REPRESENTATION('',(#8616),#8620);
#8616 = LINE('',#8617,#8618);
#8617 = CARTESIAN_POINT('',(0.,150.));
#8618 = VECTOR('',#8619,1.);
#8619 = DIRECTION('',(1.,0.));
#8620 = ( GEOMETRIC_REPRESENTATION_CONTEXT(2) 
PARAMETRIC_REPRESENTATION_CONTEXT() REPRESENTATION_CONTEXT('2D SPACE',''
  ) );
#8621 = PCURVE('',#7133,#8622);
#8622 = DEFINITIONAL_REPRESENTATION('',(#8623),#8627);
#8623 = LINE('',#8624,#8625);
#8624 = CARTESIAN_POINT('',(149.,-128.8));
#8625 = VECTOR('',#8626,1.);
#8626 = DIRECTION('',(1.,0.));
#8627 = ( GEOMETRIC_REPRESENTATION_CONTEXT(2) 
PARAMETRIC_REPRESENTATION_CONTEXT() REPRESENTATION_CONTEXT('2D SPACE',''
  ) );
#8628 = ADVANCED_FACE('',(#8629),#8574,.F.);
#8629 = FACE_BOUND('',#8630,.F.);
#8630 = EDGE_LOOP('',(#8631,#8656,#8677,#8678));
#8631 = ORIENTED_EDGE('',*,*,#8632,.F.);
#8632 = EDGE_CURVE('',#8633,#8635,#8637,.T.);
#8633 = VERTEX_POINT('',#8634);
#8634 = CARTESIAN_POINT('',(346.,55.,149.));
#8635 = VERTEX_POINT('',#8636);
#8636 = CARTESIAN_POINT('',(350.,55.,149.));
#8637 = SURFACE_CURVE('',#8638,(#8642,#8649),.PCURVE_S1.);
#8638 = LINE('',#8639,#8640);
#8639 = CARTESIAN_POINT('',(200.,55.,149.));
#8640 = VECTOR('',#8641,1.);
#8641 = DIRECTION('',(1.,0.,0.));
#8642 = PCURVE('',#8574,#8643);
#8643 = DEFINITIONAL_REPRESENTATION('',(#8644),#8648);
#8644 = LINE('',#8645,#8646);
#8645 = CARTESIAN_POINT('',(0.,1.2));
#8646 = VECTOR('',#8647,1.);
#8647 = DIRECTION('',(1.,0.));
#8648 = ( GEOMETRIC_REPRESENTATION_CONTEXT(2) 
PARAMETRIC_REPRESENTATION_CONTEXT() REPRESENTATION_CONTEXT('2D SPACE',''
  ) );
#8649 = PCURVE('',#240,#8650);
#8650 = DEFINITIONAL_REPRESENTATION('',(#8651),#8655);
#8651 = LINE('',#8652,#8653);
#8652 = CARTESIAN_POINT('',(118.5,0.));
#8653 = VECTOR('',#8654,1.);
#8654 = DIRECTION('',(0.,1.));
#8655 = ( GEOMETRIC_REPRESENTATION_CONTEXT(2) 
PARAMETRIC_REPRESENTATION_CONTEXT() REPRESENTATION_CONTEXT('2D SPACE',''
  ) );
#8656 = ORIENTED_EDGE('',*,*,#8657,.F.);
#8657 = EDGE_CURVE('',#8557,#8633,#8658,.T.);
#8658 = SURFACE_CURVE('',#8659,(#8663,#8670),.PCURVE_S1.);
#8659 = LINE('',#8660,#8661);
#8660 = CARTESIAN_POINT('',(346.,-4.1,149.));
#8661 = VECTOR('',#8662,1.);
#8662 = DIRECTION('',(0.,1.,0.));
#8663 = PCURVE('',#8574,#8664);
#8664 = DEFINITIONAL_REPRESENTATION('',(#8665),#8669);
#8665 = LINE('',#8666,#8667);
#8666 = CARTESIAN_POINT('',(146.,-57.9));
#8667 = VECTOR('',#8668,1.);
#8668 = DIRECTION('',(0.,1.));
#8669 = ( GEOMETRIC_REPRESENTATION_CONTEXT(2) 
PARAMETRIC_REPRESENTATION_CONTEXT() REPRESENTATION_CONTEXT('2D SPACE',''
  ) );
#8670 = PCURVE('',#8273,#8671);
#8671 = DEFINITIONAL_REPRESENTATION('',(#8672),#8676);
#8672 = LINE('',#8673,#8674);
#8673 = CARTESIAN_POINT('',(1.,-57.9));
#8674 = VECTOR('',#8675,1.);
#8675 = DIRECTION('',(0.,-1.));
#8676 = ( GEOMETRIC_REPRESENTATION_CONTEXT(2) 
PARAMETRIC_REPRESENTATION_CONTEXT() REPRESENTATION_CONTEXT('2D SPACE',''
  ) );
#8677 = ORIENTED_EDGE('',*,*,#8556,.T.);
#8678 = ORIENTED_EDGE('',*,*,#8679,.T.);
#8679 = EDGE_CURVE('',#8559,#8635,#8680,.T.);
#8680 = SURFACE_CURVE('',#8681,(#8685,#8692),.PCURVE_S1.);
#8681 = LINE('',#8682,#8683);
#8682 = CARTESIAN_POINT('',(350.,53.8,149.));
#8683 = VECTOR('',#8684,1.);
#8684 = DIRECTION('',(0.,1.,0.));
#8685 = PCURVE('',#8574,#8686);
#8686 = DEFINITIONAL_REPRESENTATION('',(#8687),#8691);
#8687 = LINE('',#8688,#8689);
#8688 = CARTESIAN_POINT('',(150.,0.));
#8689 = VECTOR('',#8690,1.);
#8690 = DIRECTION('',(0.,1.));
#8691 = ( GEOMETRIC_REPRESENTATION_CONTEXT(2) 
PARAMETRIC_REPRESENTATION_CONTEXT() REPRESENTATION_CONTEXT('2D SPACE',''
  ) );
#8692 = PCURVE('',#7133,#8693);
#8693 = DEFINITIONAL_REPRESENTATION('',(#8694),#8698);
#8694 = LINE('',#8695,#8696);
#8695 = CARTESIAN_POINT('',(149.,-128.8));
#8696 = VECTOR('',#8697,1.);
#8697 = DIRECTION('',(0.,-1.));
#8698 = ( GEOMETRIC_REPRESENTATION_CONTEXT(2) 
PARAMETRIC_REPRESENTATION_CONTEXT() REPRESENTATION_CONTEXT('2D SPACE',''
  ) );
#8699 = ADVANCED_FACE('',(#8700),#8273,.F.);
#8700 = FACE_BOUND('',#8701,.F.);
#8701 = EDGE_LOOP('',(#8702,#8703,#8704,#8705));
#8702 = ORIENTED_EDGE('',*,*,#8257,.F.);
#8703 = ORIENTED_EDGE('',*,*,#8586,.T.);
#8704 = ORIENTED_EDGE('',*,*,#8657,.T.);
#8705 = ORIENTED_EDGE('',*,*,#8706,.F.);
#8706 = EDGE_CURVE('',#8258,#8633,#8707,.T.);
#8707 = SURFACE_CURVE('',#8708,(#8712,#8719),.PCURVE_S1.);
#8708 = LINE('',#8709,#8710);
#8709 = CARTESIAN_POINT('',(346.,55.,148.5));
#8710 = VECTOR('',#8711,1.);
#8711 = DIRECTION('',(0.,0.,-1.));
#8712 = PCURVE('',#8273,#8713);
#8713 = DEFINITIONAL_REPRESENTATION('',(#8714),#8718);
#8714 = LINE('',#8715,#8716);
#8715 = CARTESIAN_POINT('',(0.5,-117.));
#8716 = VECTOR('',#8717,1.);
#8717 = DIRECTION('',(-1.,0.));
#8718 = ( GEOMETRIC_REPRESENTATION_CONTEXT(2) 
PARAMETRIC_REPRESENTATION_CONTEXT() REPRESENTATION_CONTEXT('2D SPACE',''
  ) );
#8719 = PCURVE('',#240,#8720);
#8720 = DEFINITIONAL_REPRESENTATION('',(#8721),#8725);
#8721 = LINE('',#8722,#8723);
#8722 = CARTESIAN_POINT('',(118.,146.));
#8723 = VECTOR('',#8724,1.);
#8724 = DIRECTION('',(-1.,0.));
#8725 = ( GEOMETRIC_REPRESENTATION_CONTEXT(2) 
PARAMETRIC_REPRESENTATION_CONTEXT() REPRESENTATION_CONTEXT('2D SPACE',''
  ) );
#8726 = ADVANCED_FACE('',(#8727),#8324,.T.);
#8727 = FACE_BOUND('',#8728,.T.);
#8728 = EDGE_LOOP('',(#8729,#8730,#8753,#8776));
#8729 = ORIENTED_EDGE('',*,*,#8308,.F.);
#8730 = ORIENTED_EDGE('',*,*,#8731,.T.);
#8731 = EDGE_CURVE('',#8309,#8732,#8734,.T.);
#8732 = VERTEX_POINT('',#8733);
#8733 = CARTESIAN_POINT('',(330.,53.8,149.));
#8734 = SURFACE_CURVE('',#8735,(#8739,#8746),.PCURVE_S1.);
#8735 = LINE('',#8736,#8737);
#8736 = CARTESIAN_POINT('',(330.,53.8,148.5));
#8737 = VECTOR('',#8738,1.);
#8738 = DIRECTION('',(0.,0.,-1.));
#8739 = PCURVE('',#8324,#8740);
#8740 = DEFINITIONAL_REPRESENTATION('',(#8741),#8745);
#8741 = LINE('',#8742,#8743);
#8742 = CARTESIAN_POINT('',(0.5,-115.8));
#8743 = VECTOR('',#8744,1.);
#8744 = DIRECTION('',(-1.,0.));
#8745 = ( GEOMETRIC_REPRESENTATION_CONTEXT(2) 
PARAMETRIC_REPRESENTATION_CONTEXT() REPRESENTATION_CONTEXT('2D SPACE',''
  ) );
#8746 = PCURVE('',#184,#8747);
#8747 = DEFINITIONAL_REPRESENTATION('',(#8748),#8752);
#8748 = LINE('',#8749,#8750);
#8749 = CARTESIAN_POINT('',(-0.5,130.));
#8750 = VECTOR('',#8751,1.);
#8751 = DIRECTION('',(-1.,0.));
#8752 = ( GEOMETRIC_REPRESENTATION_CONTEXT(2) 
PARAMETRIC_REPRESENTATION_CONTEXT() REPRESENTATION_CONTEXT('2D SPACE',''
  ) );
#8753 = ORIENTED_EDGE('',*,*,#8754,.T.);
#8754 = EDGE_CURVE('',#8732,#8755,#8757,.T.);
#8755 = VERTEX_POINT('',#8756);
#8756 = CARTESIAN_POINT('',(330.,55.,149.));
#8757 = SURFACE_CURVE('',#8758,(#8762,#8769),.PCURVE_S1.);
#8758 = LINE('',#8759,#8760);
#8759 = CARTESIAN_POINT('',(330.,-4.1,149.));
#8760 = VECTOR('',#8761,1.);
#8761 = DIRECTION('',(0.,1.,0.));
#8762 = PCURVE('',#8324,#8763);
#8763 = DEFINITIONAL_REPRESENTATION('',(#8764),#8768);
#8764 = LINE('',#8765,#8766);
#8765 = CARTESIAN_POINT('',(1.,-57.9));
#8766 = VECTOR('',#8767,1.);
#8767 = DIRECTION('',(0.,-1.));
#8768 = ( GEOMETRIC_REPRESENTATION_CONTEXT(2) 
PARAMETRIC_REPRESENTATION_CONTEXT() REPRESENTATION_CONTEXT('2D SPACE',''
  ) );
#8769 = PCURVE('',#212,#8770);
#8770 = DEFINITIONAL_REPRESENTATION('',(#8771),#8775);
#8771 = LINE('',#8772,#8773);
#8772 = CARTESIAN_POINT('',(130.,-57.9));
#8773 = VECTOR('',#8774,1.);
#8774 = DIRECTION('',(0.,1.));
#8775 = ( GEOMETRIC_REPRESENTATION_CONTEXT(2) 
PARAMETRIC_REPRESENTATION_CONTEXT() REPRESENTATION_CONTEXT('2D SPACE',''
  ) );
#8776 = ORIENTED_EDGE('',*,*,#8777,.F.);
#8777 = EDGE_CURVE('',#8286,#8755,#8778,.T.);
#8778 = SURFACE_CURVE('',#8779,(#8783,#8790),.PCURVE_S1.);
#8779 = LINE('',#8780,#8781);
#8780 = CARTESIAN_POINT('',(330.,55.,148.5));
#8781 = VECTOR('',#8782,1.);
#8782 = DIRECTION('',(0.,0.,-1.));
#8783 = PCURVE('',#8324,#8784);
#8784 = DEFINITIONAL_REPRESENTATION('',(#8785),#8789);
#8785 = LINE('',#8786,#8787);
#8786 = CARTESIAN_POINT('',(0.5,-117.));
#8787 = VECTOR('',#8788,1.);
#8788 = DIRECTION('',(-1.,0.));
#8789 = ( GEOMETRIC_REPRESENTATION_CONTEXT(2) 
PARAMETRIC_REPRESENTATION_CONTEXT() REPRESENTATION_CONTEXT('2D SPACE',''
  ) );
#8790 = PCURVE('',#240,#8791);
#8791 = DEFINITIONAL_REPRESENTATION('',(#8792),#8796);
#8792 = LINE('',#8793,#8794);
#8793 = CARTESIAN_POINT('',(118.,130.));
#8794 = VECTOR('',#8795,1.);
#8795 = DIRECTION('',(-1.,0.));
#8796 = ( GEOMETRIC_REPRESENTATION_CONTEXT(2) 
PARAMETRIC_REPRESENTATION_CONTEXT() REPRESENTATION_CONTEXT('2D SPACE',''
  ) );
#8797 = ADVANCED_FACE('',(#8798),#8115,.T.);
#8798 = FACE_BOUND('',#8799,.T.);
#8799 = EDGE_LOOP('',(#8800,#8801,#8824,#8847));
#8800 = ORIENTED_EDGE('',*,*,#8097,.F.);
#8801 = ORIENTED_EDGE('',*,*,#8802,.T.);
#8802 = EDGE_CURVE('',#8098,#8803,#8805,.T.);
#8803 = VERTEX_POINT('',#8804);
#8804 = CARTESIAN_POINT('',(330.,-55.,149.));
#8805 = SURFACE_CURVE('',#8806,(#8810,#8817),.PCURVE_S1.);
#8806 = LINE('',#8807,#8808);
#8807 = CARTESIAN_POINT('',(330.,-55.,148.5));
#8808 = VECTOR('',#8809,1.);
#8809 = DIRECTION('',(0.,0.,-1.));
#8810 = PCURVE('',#8115,#8811);
#8811 = DEFINITIONAL_REPRESENTATION('',(#8812),#8816);
#8812 = LINE('',#8813,#8814);
#8813 = CARTESIAN_POINT('',(0.5,-7.));
#8814 = VECTOR('',#8815,1.);
#8815 = DIRECTION('',(-1.,0.));
#8816 = ( GEOMETRIC_REPRESENTATION_CONTEXT(2) 
PARAMETRIC_REPRESENTATION_CONTEXT() REPRESENTATION_CONTEXT('2D SPACE',''
  ) );
#8817 = PCURVE('',#72,#8818);
#8818 = DEFINITIONAL_REPRESENTATION('',(#8819),#8823);
#8819 = LINE('',#8820,#8821);
#8820 = CARTESIAN_POINT('',(-118.,130.));
#8821 = VECTOR('',#8822,1.);
#8822 = DIRECTION('',(1.,-0.));
#8823 = ( GEOMETRIC_REPRESENTATION_CONTEXT(2) 
PARAMETRIC_REPRESENTATION_CONTEXT() REPRESENTATION_CONTEXT('2D SPACE',''
  ) );
#8824 = ORIENTED_EDGE('',*,*,#8825,.T.);
#8825 = EDGE_CURVE('',#8803,#8826,#8828,.T.);
#8826 = VERTEX_POINT('',#8827);
#8827 = CARTESIAN_POINT('',(330.,-53.8,149.));
#8828 = SURFACE_CURVE('',#8829,(#8833,#8840),.PCURVE_S1.);
#8829 = LINE('',#8830,#8831);
#8830 = CARTESIAN_POINT('',(330.,-58.5,149.));
#8831 = VECTOR('',#8832,1.);
#8832 = DIRECTION('',(0.,1.,0.));
#8833 = PCURVE('',#8115,#8834);
#8834 = DEFINITIONAL_REPRESENTATION('',(#8835),#8839);
#8835 = LINE('',#8836,#8837);
#8836 = CARTESIAN_POINT('',(1.,-3.5));
#8837 = VECTOR('',#8838,1.);
#8838 = DIRECTION('',(0.,-1.));
#8839 = ( GEOMETRIC_REPRESENTATION_CONTEXT(2) 
PARAMETRIC_REPRESENTATION_CONTEXT() REPRESENTATION_CONTEXT('2D SPACE',''
  ) );
#8840 = PCURVE('',#100,#8841);
#8841 = DEFINITIONAL_REPRESENTATION('',(#8842),#8846);
#8842 = LINE('',#8843,#8844);
#8843 = CARTESIAN_POINT('',(130.,-3.5));
#8844 = VECTOR('',#8845,1.);
#8845 = DIRECTION('',(0.,1.));
#8846 = ( GEOMETRIC_REPRESENTATION_CONTEXT(2) 
PARAMETRIC_REPRESENTATION_CONTEXT() REPRESENTATION_CONTEXT('2D SPACE',''
  ) );
#8847 = ORIENTED_EDGE('',*,*,#8848,.F.);
#8848 = EDGE_CURVE('',#8100,#8826,#8849,.T.);
#8849 = SURFACE_CURVE('',#8850,(#8854,#8861),.PCURVE_S1.);
#8850 = LINE('',#8851,#8852);
#8851 = CARTESIAN_POINT('',(330.,-53.8,148.5));
#8852 = VECTOR('',#8853,1.);
#8853 = DIRECTION('',(0.,0.,-1.));
#8854 = PCURVE('',#8115,#8855);
#8855 = DEFINITIONAL_REPRESENTATION('',(#8856),#8860);
#8856 = LINE('',#8857,#8858);
#8857 = CARTESIAN_POINT('',(0.5,-8.2));
#8858 = VECTOR('',#8859,1.);
#8859 = DIRECTION('',(-1.,0.));
#8860 = ( GEOMETRIC_REPRESENTATION_CONTEXT(2) 
PARAMETRIC_REPRESENTATION_CONTEXT() REPRESENTATION_CONTEXT('2D SPACE',''
  ) );
#8861 = PCURVE('',#128,#8862);
#8862 = DEFINITIONAL_REPRESENTATION('',(#8863),#8867);
#8863 = LINE('',#8864,#8865);
#8864 = CARTESIAN_POINT('',(-0.5,130.));
#8865 = VECTOR('',#8866,1.);
#8866 = DIRECTION('',(-1.,0.));
#8867 = ( GEOMETRIC_REPRESENTATION_CONTEXT(2) 
PARAMETRIC_REPRESENTATION_CONTEXT() REPRESENTATION_CONTEXT('2D SPACE',''
  ) );
#8868 = ADVANCED_FACE('',(#8869),#8006,.T.);
#8869 = FACE_BOUND('',#8870,.T.);
#8870 = EDGE_LOOP('',(#8871,#8872,#8895,#8923));
#8871 = ORIENTED_EDGE('',*,*,#7992,.F.);
#8872 = ORIENTED_EDGE('',*,*,#8873,.T.);
#8873 = EDGE_CURVE('',#7970,#8874,#8876,.T.);
#8874 = VERTEX_POINT('',#8875);
#8875 = CARTESIAN_POINT('',(326.33333333333,-53.8,152.));
#8876 = SURFACE_CURVE('',#8877,(#8881,#8888),.PCURVE_S1.);
#8877 = LINE('',#8878,#8879);
#8878 = CARTESIAN_POINT('',(326.33333333333,-53.8,150.5));
#8879 = VECTOR('',#8880,1.);
#8880 = DIRECTION('',(0.,0.,-1.));
#8881 = PCURVE('',#8006,#8882);
#8882 = DEFINITIONAL_REPRESENTATION('',(#8883),#8887);
#8883 = LINE('',#8884,#8885);
#8884 = CARTESIAN_POINT('',(-1.5,-7.2));
#8885 = VECTOR('',#8886,1.);
#8886 = DIRECTION('',(-1.,0.));
#8887 = ( GEOMETRIC_REPRESENTATION_CONTEXT(2) 
PARAMETRIC_REPRESENTATION_CONTEXT() REPRESENTATION_CONTEXT('2D SPACE',''
  ) );
#8888 = PCURVE('',#128,#8889);
#8889 = DEFINITIONAL_REPRESENTATION('',(#8890),#8894);
#8890 = LINE('',#8891,#8892);
#8891 = CARTESIAN_POINT('',(1.5,126.33333333333));
#8892 = VECTOR('',#8893,1.);
#8893 = DIRECTION('',(-1.,0.));
#8894 = ( GEOMETRIC_REPRESENTATION_CONTEXT(2) 
PARAMETRIC_REPRESENTATION_CONTEXT() REPRESENTATION_CONTEXT('2D SPACE',''
  ) );
#8895 = ORIENTED_EDGE('',*,*,#8896,.T.);
#8896 = EDGE_CURVE('',#8874,#8897,#8899,.T.);
#8897 = VERTEX_POINT('',#8898);
#8898 = CARTESIAN_POINT('',(326.33333333333,53.8,152.));
#8899 = SURFACE_CURVE('',#8900,(#8904,#8911),.PCURVE_S1.);
#8900 = LINE('',#8901,#8902);
#8901 = CARTESIAN_POINT('',(326.33333333333,-61.,152.));
#8902 = VECTOR('',#8903,1.);
#8903 = DIRECTION('',(0.,1.,0.));
#8904 = PCURVE('',#8006,#8905);
#8905 = DEFINITIONAL_REPRESENTATION('',(#8906),#8910);
#8906 = LINE('',#8907,#8908);
#8907 = CARTESIAN_POINT('',(0.,0.));
#8908 = VECTOR('',#8909,1.);
#8909 = DIRECTION('',(0.,-1.));
#8910 = ( GEOMETRIC_REPRESENTATION_CONTEXT(2) 
PARAMETRIC_REPRESENTATION_CONTEXT() REPRESENTATION_CONTEXT('2D SPACE',''
  ) );
#8911 = PCURVE('',#8912,#8917);
#8912 = PLANE('',#8913);
#8913 = AXIS2_PLACEMENT_3D('',#8914,#8915,#8916);
#8914 = CARTESIAN_POINT('',(318.33333333333,-61.,152.));
#8915 = DIRECTION('',(0.,0.,1.));
#8916 = DIRECTION('',(1.,0.,0.));
#8917 = DEFINITIONAL_REPRESENTATION('',(#8918),#8922);
#8918 = LINE('',#8919,#8920);
#8919 = CARTESIAN_POINT('',(8.,0.));
#8920 = VECTOR('',#8921,1.);
#8921 = DIRECTION('',(0.,1.));
#8922 = ( GEOMETRIC_REPRESENTATION_CONTEXT(2) 
PARAMETRIC_REPRESENTATION_CONTEXT() REPRESENTATION_CONTEXT('2D SPACE',''
  ) );
#8923 = ORIENTED_EDGE('',*,*,#8924,.F.);
#8924 = EDGE_CURVE('',#7917,#8897,#8925,.T.);
#8925 = SURFACE_CURVE('',#8926,(#8930,#8937),.PCURVE_S1.);
#8926 = LINE('',#8927,#8928);
#8927 = CARTESIAN_POINT('',(326.33333333333,53.8,150.5));
#8928 = VECTOR('',#8929,1.);
#8929 = DIRECTION('',(0.,0.,-1.));
#8930 = PCURVE('',#8006,#8931);
#8931 = DEFINITIONAL_REPRESENTATION('',(#8932),#8936);
#8932 = LINE('',#8933,#8934);
#8933 = CARTESIAN_POINT('',(-1.5,-114.8));
#8934 = VECTOR('',#8935,1.);
#8935 = DIRECTION('',(-1.,0.));
#8936 = ( GEOMETRIC_REPRESENTATION_CONTEXT(2) 
PARAMETRIC_REPRESENTATION_CONTEXT() REPRESENTATION_CONTEXT('2D SPACE',''
  ) );
#8937 = PCURVE('',#184,#8938);
#8938 = DEFINITIONAL_REPRESENTATION('',(#8939),#8943);
#8939 = LINE('',#8940,#8941);
#8940 = CARTESIAN_POINT('',(1.5,126.33333333333));
#8941 = VECTOR('',#8942,1.);
#8942 = DIRECTION('',(-1.,0.));
#8943 = ( GEOMETRIC_REPRESENTATION_CONTEXT(2) 
PARAMETRIC_REPRESENTATION_CONTEXT() REPRESENTATION_CONTEXT('2D SPACE',''
  ) );
#8944 = ADVANCED_FACE('',(#8945),#8912,.F.);
#8945 = FACE_BOUND('',#8946,.F.);
#8946 = EDGE_LOOP('',(#8947,#8972,#8993,#8994));
#8947 = ORIENTED_EDGE('',*,*,#8948,.F.);
#8948 = EDGE_CURVE('',#8949,#8951,#8953,.T.);
#8949 = VERTEX_POINT('',#8950);
#8950 = CARTESIAN_POINT('',(318.33333333333,-53.8,152.));
#8951 = VERTEX_POINT('',#8952);
#8952 = CARTESIAN_POINT('',(318.33333333333,53.8,152.));
#8953 = SURFACE_CURVE('',#8954,(#8958,#8965),.PCURVE_S1.);
#8954 = LINE('',#8955,#8956);
#8955 = CARTESIAN_POINT('',(318.33333333333,-61.,152.));
#8956 = VECTOR('',#8957,1.);
#8957 = DIRECTION('',(0.,1.,0.));
#8958 = PCURVE('',#8912,#8959);
#8959 = DEFINITIONAL_REPRESENTATION('',(#8960),#8964);
#8960 = LINE('',#8961,#8962);
#8961 = CARTESIAN_POINT('',(0.,0.));
#8962 = VECTOR('',#8963,1.);
#8963 = DIRECTION('',(0.,1.));
#8964 = ( GEOMETRIC_REPRESENTATION_CONTEXT(2) 
PARAMETRIC_REPRESENTATION_CONTEXT() REPRESENTATION_CONTEXT('2D SPACE',''
  ) );
#8965 = PCURVE('',#7853,#8966);
#8966 = DEFINITIONAL_REPRESENTATION('',(#8967),#8971);
#8967 = LINE('',#8968,#8969);
#8968 = CARTESIAN_POINT('',(0.,0.));
#8969 = VECTOR('',#8970,1.);
#8970 = DIRECTION('',(0.,-1.));
#8971 = ( GEOMETRIC_REPRESENTATION_CONTEXT(2) 
PARAMETRIC_REPRESENTATION_CONTEXT() REPRESENTATION_CONTEXT('2D SPACE',''
  ) );
#8972 = ORIENTED_EDGE('',*,*,#8973,.T.);
#8973 = EDGE_CURVE('',#8949,#8874,#8974,.T.);
#8974 = SURFACE_CURVE('',#8975,(#8979,#8986),.PCURVE_S1.);
#8975 = LINE('',#8976,#8977);
#8976 = CARTESIAN_POINT('',(259.16666666666,-53.8,152.));
#8977 = VECTOR('',#8978,1.);
#8978 = DIRECTION('',(1.,0.,0.));
#8979 = PCURVE('',#8912,#8980);
#8980 = DEFINITIONAL_REPRESENTATION('',(#8981),#8985);
#8981 = LINE('',#8982,#8983);
#8982 = CARTESIAN_POINT('',(-59.16666666666,7.2));
#8983 = VECTOR('',#8984,1.);
#8984 = DIRECTION('',(1.,0.));
#8985 = ( GEOMETRIC_REPRESENTATION_CONTEXT(2) 
PARAMETRIC_REPRESENTATION_CONTEXT() REPRESENTATION_CONTEXT('2D SPACE',''
  ) );
#8986 = PCURVE('',#128,#8987);
#8987 = DEFINITIONAL_REPRESENTATION('',(#8988),#8992);
#8988 = LINE('',#8989,#8990);
#8989 = CARTESIAN_POINT('',(3.,59.166666666667));
#8990 = VECTOR('',#8991,1.);
#8991 = DIRECTION('',(0.,1.));
#8992 = ( GEOMETRIC_REPRESENTATION_CONTEXT(2) 
PARAMETRIC_REPRESENTATION_CONTEXT() REPRESENTATION_CONTEXT('2D SPACE',''
  ) );
#8993 = ORIENTED_EDGE('',*,*,#8896,.T.);
#8994 = ORIENTED_EDGE('',*,*,#8995,.F.);
#8995 = EDGE_CURVE('',#8951,#8897,#8996,.T.);
#8996 = SURFACE_CURVE('',#8997,(#9001,#9008),.PCURVE_S1.);
#8997 = LINE('',#8998,#8999);
#8998 = CARTESIAN_POINT('',(259.16666666666,53.8,152.));
#8999 = VECTOR('',#9000,1.);
#9000 = DIRECTION('',(1.,0.,0.));
#9001 = PCURVE('',#8912,#9002);
#9002 = DEFINITIONAL_REPRESENTATION('',(#9003),#9007);
#9003 = LINE('',#9004,#9005);
#9004 = CARTESIAN_POINT('',(-59.16666666666,114.8));
#9005 = VECTOR('',#9006,1.);
#9006 = DIRECTION('',(1.,0.));
#9007 = ( GEOMETRIC_REPRESENTATION_CONTEXT(2) 
PARAMETRIC_REPRESENTATION_CONTEXT() REPRESENTATION_CONTEXT('2D SPACE',''
  ) );
#9008 = PCURVE('',#184,#9009);
#9009 = DEFINITIONAL_REPRESENTATION('',(#9010),#9014);
#9010 = LINE('',#9011,#9012);
#9011 = CARTESIAN_POINT('',(3.,59.166666666667));
#9012 = VECTOR('',#9013,1.);
#9013 = DIRECTION('',(0.,1.));
#9014 = ( GEOMETRIC_REPRESENTATION_CONTEXT(2) 
PARAMETRIC_REPRESENTATION_CONTEXT() REPRESENTATION_CONTEXT('2D SPACE',''
  ) );
#9015 = ADVANCED_FACE('',(#9016),#7853,.F.);
#9016 = FACE_BOUND('',#9017,.F.);
#9017 = EDGE_LOOP('',(#9018,#9019,#9040,#9041));
#9018 = ORIENTED_EDGE('',*,*,#7837,.F.);
#9019 = ORIENTED_EDGE('',*,*,#9020,.T.);
#9020 = EDGE_CURVE('',#7838,#8949,#9021,.T.);
#9021 = SURFACE_CURVE('',#9022,(#9026,#9033),.PCURVE_S1.);
#9022 = LINE('',#9023,#9024);
#9023 = CARTESIAN_POINT('',(318.33333333333,-53.8,150.5));
#9024 = VECTOR('',#9025,1.);
#9025 = DIRECTION('',(0.,0.,-1.));
#9026 = PCURVE('',#7853,#9027);
#9027 = DEFINITIONAL_REPRESENTATION('',(#9028),#9032);
#9028 = LINE('',#9029,#9030);
#9029 = CARTESIAN_POINT('',(-1.5,-7.2));
#9030 = VECTOR('',#9031,1.);
#9031 = DIRECTION('',(-1.,0.));
#9032 = ( GEOMETRIC_REPRESENTATION_CONTEXT(2) 
PARAMETRIC_REPRESENTATION_CONTEXT() REPRESENTATION_CONTEXT('2D SPACE',''
  ) );
#9033 = PCURVE('',#128,#9034);
#9034 = DEFINITIONAL_REPRESENTATION('',(#9035),#9039);
#9035 = LINE('',#9036,#9037);
#9036 = CARTESIAN_POINT('',(1.5,118.33333333333));
#9037 = VECTOR('',#9038,1.);
#9038 = DIRECTION('',(-1.,0.));
#9039 = ( GEOMETRIC_REPRESENTATION_CONTEXT(2) 
PARAMETRIC_REPRESENTATION_CONTEXT() REPRESENTATION_CONTEXT('2D SPACE',''
  ) );
#9040 = ORIENTED_EDGE('',*,*,#8948,.T.);
#9041 = ORIENTED_EDGE('',*,*,#9042,.F.);
#9042 = EDGE_CURVE('',#7815,#8951,#9043,.T.);
#9043 = SURFACE_CURVE('',#9044,(#9048,#9055),.PCURVE_S1.);
#9044 = LINE('',#9045,#9046);
#9045 = CARTESIAN_POINT('',(318.33333333333,53.8,150.5));
#9046 = VECTOR('',#9047,1.);
#9047 = DIRECTION('',(0.,0.,-1.));
#9048 = PCURVE('',#7853,#9049);
#9049 = DEFINITIONAL_REPRESENTATION('',(#9050),#9054);
#9050 = LINE('',#9051,#9052);
#9051 = CARTESIAN_POINT('',(-1.5,-114.8));
#9052 = VECTOR('',#9053,1.);
#9053 = DIRECTION('',(-1.,0.));
#9054 = ( GEOMETRIC_REPRESENTATION_CONTEXT(2) 
PARAMETRIC_REPRESENTATION_CONTEXT() REPRESENTATION_CONTEXT('2D SPACE',''
  ) );
#9055 = PCURVE('',#184,#9056);
#9056 = DEFINITIONAL_REPRESENTATION('',(#9057),#9061);
#9057 = LINE('',#9058,#9059);
#9058 = CARTESIAN_POINT('',(1.5,118.33333333333));
#9059 = VECTOR('',#9060,1.);
#9060 = DIRECTION('',(-1.,0.));
#9061 = ( GEOMETRIC_REPRESENTATION_CONTEXT(2) 
PARAMETRIC_REPRESENTATION_CONTEXT() REPRESENTATION_CONTEXT('2D SPACE',''
  ) );
#9062 = ADVANCED_FACE('',(#9063),#7902,.T.);
#9063 = FACE_BOUND('',#9064,.T.);
#9064 = EDGE_LOOP('',(#9065,#9066,#9089,#9117));
#9065 = ORIENTED_EDGE('',*,*,#7888,.F.);
#9066 = ORIENTED_EDGE('',*,*,#9067,.T.);
#9067 = EDGE_CURVE('',#7866,#9068,#9070,.T.);
#9068 = VERTEX_POINT('',#9069);
#9069 = CARTESIAN_POINT('',(302.66666666666,-53.8,152.));
#9070 = SURFACE_CURVE('',#9071,(#9075,#9082),.PCURVE_S1.);
#9071 = LINE('',#9072,#9073);
#9072 = CARTESIAN_POINT('',(302.66666666666,-53.8,150.5));
#9073 = VECTOR('',#9074,1.);
#9074 = DIRECTION('',(0.,0.,-1.));
#9075 = PCURVE('',#7902,#9076);
#9076 = DEFINITIONAL_REPRESENTATION('',(#9077),#9081);
#9077 = LINE('',#9078,#9079);
#9078 = CARTESIAN_POINT('',(-1.5,-7.2));
#9079 = VECTOR('',#9080,1.);
#9080 = DIRECTION('',(-1.,0.));
#9081 = ( GEOMETRIC_REPRESENTATION_CONTEXT(2) 
PARAMETRIC_REPRESENTATION_CONTEXT() REPRESENTATION_CONTEXT('2D SPACE',''
  ) );
#9082 = PCURVE('',#128,#9083);
#9083 = DEFINITIONAL_REPRESENTATION('',(#9084),#9088);
#9084 = LINE('',#9085,#9086);
#9085 = CARTESIAN_POINT('',(1.5,102.66666666666));
#9086 = VECTOR('',#9087,1.);
#9087 = DIRECTION('',(-1.,0.));
#9088 = ( GEOMETRIC_REPRESENTATION_CONTEXT(2) 
PARAMETRIC_REPRESENTATION_CONTEXT() REPRESENTATION_CONTEXT('2D SPACE',''
  ) );
#9089 = ORIENTED_EDGE('',*,*,#9090,.T.);
#9090 = EDGE_CURVE('',#9068,#9091,#9093,.T.);
#9091 = VERTEX_POINT('',#9092);
#9092 = CARTESIAN_POINT('',(302.66666666666,53.8,152.));
#9093 = SURFACE_CURVE('',#9094,(#9098,#9105),.PCURVE_S1.);
#9094 = LINE('',#9095,#9096);
#9095 = CARTESIAN_POINT('',(302.66666666666,-61.,152.));
#9096 = VECTOR('',#9097,1.);
#9097 = DIRECTION('',(0.,1.,0.));
#9098 = PCURVE('',#7902,#9099);
#9099 = DEFINITIONAL_REPRESENTATION('',(#9100),#9104);
#9100 = LINE('',#9101,#9102);
#9101 = CARTESIAN_POINT('',(0.,0.));
#9102 = VECTOR('',#9103,1.);
#9103 = DIRECTION('',(0.,-1.));
#9104 = ( GEOMETRIC_REPRESENTATION_CONTEXT(2) 
PARAMETRIC_REPRESENTATION_CONTEXT() REPRESENTATION_CONTEXT('2D SPACE',''
  ) );
#9105 = PCURVE('',#9106,#9111);
#9106 = PLANE('',#9107);
#9107 = AXIS2_PLACEMENT_3D('',#9108,#9109,#9110);
#9108 = CARTESIAN_POINT('',(294.66666666666,-61.,152.));
#9109 = DIRECTION('',(0.,0.,1.));
#9110 = DIRECTION('',(1.,0.,0.));
#9111 = DEFINITIONAL_REPRESENTATION('',(#9112),#9116);
#9112 = LINE('',#9113,#9114);
#9113 = CARTESIAN_POINT('',(8.,0.));
#9114 = VECTOR('',#9115,1.);
#9115 = DIRECTION('',(0.,1.));
#9116 = ( GEOMETRIC_REPRESENTATION_CONTEXT(2) 
PARAMETRIC_REPRESENTATION_CONTEXT() REPRESENTATION_CONTEXT('2D SPACE',''
  ) );
#9117 = ORIENTED_EDGE('',*,*,#9118,.F.);
#9118 = EDGE_CURVE('',#7813,#9091,#9119,.T.);
#9119 = SURFACE_CURVE('',#9120,(#9124,#9131),.PCURVE_S1.);
#9120 = LINE('',#9121,#9122);
#9121 = CARTESIAN_POINT('',(302.66666666666,53.8,150.5));
#9122 = VECTOR('',#9123,1.);
#9123 = DIRECTION('',(0.,0.,-1.));
#9124 = PCURVE('',#7902,#9125);
#9125 = DEFINITIONAL_REPRESENTATION('',(#9126),#9130);
#9126 = LINE('',#9127,#9128);
#9127 = CARTESIAN_POINT('',(-1.5,-114.8));
#9128 = VECTOR('',#9129,1.);
#9129 = DIRECTION('',(-1.,0.));
#9130 = ( GEOMETRIC_REPRESENTATION_CONTEXT(2) 
PARAMETRIC_REPRESENTATION_CONTEXT() REPRESENTATION_CONTEXT('2D SPACE',''
  ) );
#9131 = PCURVE('',#184,#9132);
#9132 = DEFINITIONAL_REPRESENTATION('',(#9133),#9137);
#9133 = LINE('',#9134,#9135);
#9134 = CARTESIAN_POINT('',(1.5,102.66666666666));
#9135 = VECTOR('',#9136,1.);
#9136 = DIRECTION('',(-1.,0.));
#9137 = ( GEOMETRIC_REPRESENTATION_CONTEXT(2) 
PARAMETRIC_REPRESENTATION_CONTEXT() REPRESENTATION_CONTEXT('2D SPACE',''
  ) );
#9138 = ADVANCED_FACE('',(#9139),#9106,.F.);
#9139 = FACE_BOUND('',#9140,.F.);
#9140 = EDGE_LOOP('',(#9141,#9166,#9187,#9188));
#9141 = ORIENTED_EDGE('',*,*,#9142,.F.);
#9142 = EDGE_CURVE('',#9143,#9145,#9147,.T.);
#9143 = VERTEX_POINT('',#9144);
#9144 = CARTESIAN_POINT('',(294.66666666666,-53.8,152.));
#9145 = VERTEX_POINT('',#9146);
#9146 = CARTESIAN_POINT('',(294.66666666666,53.8,152.));
#9147 = SURFACE_CURVE('',#9148,(#9152,#9159),.PCURVE_S1.);
#9148 = LINE('',#9149,#9150);
#9149 = CARTESIAN_POINT('',(294.66666666666,-61.,152.));
#9150 = VECTOR('',#9151,1.);
#9151 = DIRECTION('',(0.,1.,0.));
#9152 = PCURVE('',#9106,#9153);
#9153 = DEFINITIONAL_REPRESENTATION('',(#9154),#9158);
#9154 = LINE('',#9155,#9156);
#9155 = CARTESIAN_POINT('',(0.,0.));
#9156 = VECTOR('',#9157,1.);
#9157 = DIRECTION('',(0.,1.));
#9158 = ( GEOMETRIC_REPRESENTATION_CONTEXT(2) 
PARAMETRIC_REPRESENTATION_CONTEXT() REPRESENTATION_CONTEXT('2D SPACE',''
  ) );
#9159 = PCURVE('',#7749,#9160);
#9160 = DEFINITIONAL_REPRESENTATION('',(#9161),#9165);
#9161 = LINE('',#9162,#9163);
#9162 = CARTESIAN_POINT('',(0.,0.));
#9163 = VECTOR('',#9164,1.);
#9164 = DIRECTION('',(0.,-1.));
#9165 = ( GEOMETRIC_REPRESENTATION_CONTEXT(2) 
PARAMETRIC_REPRESENTATION_CONTEXT() REPRESENTATION_CONTEXT('2D SPACE',''
  ) );
#9166 = ORIENTED_EDGE('',*,*,#9167,.T.);
#9167 = EDGE_CURVE('',#9143,#9068,#9168,.T.);
#9168 = SURFACE_CURVE('',#9169,(#9173,#9180),.PCURVE_S1.);
#9169 = LINE('',#9170,#9171);
#9170 = CARTESIAN_POINT('',(247.33333333333,-53.8,152.));
#9171 = VECTOR('',#9172,1.);
#9172 = DIRECTION('',(1.,0.,0.));
#9173 = PCURVE('',#9106,#9174);
#9174 = DEFINITIONAL_REPRESENTATION('',(#9175),#9179);
#9175 = LINE('',#9176,#9177);
#9176 = CARTESIAN_POINT('',(-47.33333333333,7.2));
#9177 = VECTOR('',#9178,1.);
#9178 = DIRECTION('',(1.,0.));
#9179 = ( GEOMETRIC_REPRESENTATION_CONTEXT(2) 
PARAMETRIC_REPRESENTATION_CONTEXT() REPRESENTATION_CONTEXT('2D SPACE',''
  ) );
#9180 = PCURVE('',#128,#9181);
#9181 = DEFINITIONAL_REPRESENTATION('',(#9182),#9186);
#9182 = LINE('',#9183,#9184);
#9183 = CARTESIAN_POINT('',(3.,47.333333333333));
#9184 = VECTOR('',#9185,1.);
#9185 = DIRECTION('',(0.,1.));
#9186 = ( GEOMETRIC_REPRESENTATION_CONTEXT(2) 
PARAMETRIC_REPRESENTATION_CONTEXT() REPRESENTATION_CONTEXT('2D SPACE',''
  ) );
#9187 = ORIENTED_EDGE('',*,*,#9090,.T.);
#9188 = ORIENTED_EDGE('',*,*,#9189,.F.);
#9189 = EDGE_CURVE('',#9145,#9091,#9190,.T.);
#9190 = SURFACE_CURVE('',#9191,(#9195,#9202),.PCURVE_S1.);
#9191 = LINE('',#9192,#9193);
#9192 = CARTESIAN_POINT('',(247.33333333333,53.8,152.));
#9193 = VECTOR('',#9194,1.);
#9194 = DIRECTION('',(1.,0.,0.));
#9195 = PCURVE('',#9106,#9196);
#9196 = DEFINITIONAL_REPRESENTATION('',(#9197),#9201);
#9197 = LINE('',#9198,#9199);
#9198 = CARTESIAN_POINT('',(-47.33333333333,114.8));
#9199 = VECTOR('',#9200,1.);
#9200 = DIRECTION('',(1.,0.));
#9201 = ( GEOMETRIC_REPRESENTATION_CONTEXT(2) 
PARAMETRIC_REPRESENTATION_CONTEXT() REPRESENTATION_CONTEXT('2D SPACE',''
  ) );
#9202 = PCURVE('',#184,#9203);
#9203 = DEFINITIONAL_REPRESENTATION('',(#9204),#9208);
#9204 = LINE('',#9205,#9206);
#9205 = CARTESIAN_POINT('',(3.,47.333333333333));
#9206 = VECTOR('',#9207,1.);
#9207 = DIRECTION('',(0.,1.));
#9208 = ( GEOMETRIC_REPRESENTATION_CONTEXT(2) 
PARAMETRIC_REPRESENTATION_CONTEXT() REPRESENTATION_CONTEXT('2D SPACE',''
  ) );
#9209 = ADVANCED_FACE('',(#9210),#7749,.F.);
#9210 = FACE_BOUND('',#9211,.F.);
#9211 = EDGE_LOOP('',(#9212,#9213,#9234,#9235));
#9212 = ORIENTED_EDGE('',*,*,#7733,.F.);
#9213 = ORIENTED_EDGE('',*,*,#9214,.T.);
#9214 = EDGE_CURVE('',#7734,#9143,#9215,.T.);
#9215 = SURFACE_CURVE('',#9216,(#9220,#9227),.PCURVE_S1.);
#9216 = LINE('',#9217,#9218);
#9217 = CARTESIAN_POINT('',(294.66666666666,-53.8,150.5));
#9218 = VECTOR('',#9219,1.);
#9219 = DIRECTION('',(0.,0.,-1.));
#9220 = PCURVE('',#7749,#9221);
#9221 = DEFINITIONAL_REPRESENTATION('',(#9222),#9226);
#9222 = LINE('',#9223,#9224);
#9223 = CARTESIAN_POINT('',(-1.5,-7.2));
#9224 = VECTOR('',#9225,1.);
#9225 = DIRECTION('',(-1.,0.));
#9226 = ( GEOMETRIC_REPRESENTATION_CONTEXT(2) 
PARAMETRIC_REPRESENTATION_CONTEXT() REPRESENTATION_CONTEXT('2D SPACE',''
  ) );
#9227 = PCURVE('',#128,#9228);
#9228 = DEFINITIONAL_REPRESENTATION('',(#9229),#9233);
#9229 = LINE('',#9230,#9231);
#9230 = CARTESIAN_POINT('',(1.5,94.666666666667));
#9231 = VECTOR('',#9232,1.);
#9232 = DIRECTION('',(-1.,0.));
#9233 = ( GEOMETRIC_REPRESENTATION_CONTEXT(2) 
PARAMETRIC_REPRESENTATION_CONTEXT() REPRESENTATION_CONTEXT('2D SPACE',''
  ) );
#9234 = ORIENTED_EDGE('',*,*,#9142,.T.);
#9235 = ORIENTED_EDGE('',*,*,#9236,.F.);
#9236 = EDGE_CURVE('',#7711,#9145,#9237,.T.);
#9237 = SURFACE_CURVE('',#9238,(#9242,#9249),.PCURVE_S1.);
#9238 = LINE('',#9239,#9240);
#9239 = CARTESIAN_POINT('',(294.66666666666,53.8,150.5));
#9240 = VECTOR('',#9241,1.);
#9241 = DIRECTION('',(0.,0.,-1.));
#9242 = PCURVE('',#7749,#9243);
#9243 = DEFINITIONAL_REPRESENTATION('',(#9244),#9248);
#9244 = LINE('',#9245,#9246);
#9245 = CARTESIAN_POINT('',(-1.5,-114.8));
#9246 = VECTOR('',#9247,1.);
#9247 = DIRECTION('',(-1.,0.));
#9248 = ( GEOMETRIC_REPRESENTATION_CONTEXT(2) 
PARAMETRIC_REPRESENTATION_CONTEXT() REPRESENTATION_CONTEXT('2D SPACE',''
  ) );
#9249 = PCURVE('',#184,#9250);
#9250 = DEFINITIONAL_REPRESENTATION('',(#9251),#9255);
#9251 = LINE('',#9252,#9253);
#9252 = CARTESIAN_POINT('',(1.5,94.666666666667));
#9253 = VECTOR('',#9254,1.);
#9254 = DIRECTION('',(-1.,0.));
#9255 = ( GEOMETRIC_REPRESENTATION_CONTEXT(2) 
PARAMETRIC_REPRESENTATION_CONTEXT() REPRESENTATION_CONTEXT('2D SPACE',''
  ) );
#9256 = ADVANCED_FACE('',(#9257),#7798,.T.);
#9257 = FACE_BOUND('',#9258,.T.);
#9258 = EDGE_LOOP('',(#9259,#9260,#9283,#9311));
#9259 = ORIENTED_EDGE('',*,*,#7784,.F.);
#9260 = ORIENTED_EDGE('',*,*,#9261,.T.);
#9261 = EDGE_CURVE('',#7762,#9262,#9264,.T.);
#9262 = VERTEX_POINT('',#9263);
#9263 = CARTESIAN_POINT('',(279.,-53.8,152.));
#9264 = SURFACE_CURVE('',#9265,(#9269,#9276),.PCURVE_S1.);
#9265 = LINE('',#9266,#9267);
#9266 = CARTESIAN_POINT('',(279.,-53.8,150.5));
#9267 = VECTOR('',#9268,1.);
#9268 = DIRECTION('',(0.,0.,-1.));
#9269 = PCURVE('',#7798,#9270);
#9270 = DEFINITIONAL_REPRESENTATION('',(#9271),#9275);
#9271 = LINE('',#9272,#9273);
#9272 = CARTESIAN_POINT('',(-1.5,-7.2));
#9273 = VECTOR('',#9274,1.);
#9274 = DIRECTION('',(-1.,0.));
#9275 = ( GEOMETRIC_REPRESENTATION_CONTEXT(2) 
PARAMETRIC_REPRESENTATION_CONTEXT() REPRESENTATION_CONTEXT('2D SPACE',''
  ) );
#9276 = PCURVE('',#128,#9277);
#9277 = DEFINITIONAL_REPRESENTATION('',(#9278),#9282);
#9278 = LINE('',#9279,#9280);
#9279 = CARTESIAN_POINT('',(1.5,79.));
#9280 = VECTOR('',#9281,1.);
#9281 = DIRECTION('',(-1.,0.));
#9282 = ( GEOMETRIC_REPRESENTATION_CONTEXT(2) 
PARAMETRIC_REPRESENTATION_CONTEXT() REPRESENTATION_CONTEXT('2D SPACE',''
  ) );
#9283 = ORIENTED_EDGE('',*,*,#9284,.T.);
#9284 = EDGE_CURVE('',#9262,#9285,#9287,.T.);
#9285 = VERTEX_POINT('',#9286);
#9286 = CARTESIAN_POINT('',(279.,53.8,152.));
#9287 = SURFACE_CURVE('',#9288,(#9292,#9299),.PCURVE_S1.);
#9288 = LINE('',#9289,#9290);
#9289 = CARTESIAN_POINT('',(279.,-61.,152.));
#9290 = VECTOR('',#9291,1.);
#9291 = DIRECTION('',(0.,1.,0.));
#9292 = PCURVE('',#7798,#9293);
#9293 = DEFINITIONAL_REPRESENTATION('',(#9294),#9298);
#9294 = LINE('',#9295,#9296);
#9295 = CARTESIAN_POINT('',(0.,0.));
#9296 = VECTOR('',#9297,1.);
#9297 = DIRECTION('',(0.,-1.));
#9298 = ( GEOMETRIC_REPRESENTATION_CONTEXT(2) 
PARAMETRIC_REPRESENTATION_CONTEXT() REPRESENTATION_CONTEXT('2D SPACE',''
  ) );
#9299 = PCURVE('',#9300,#9305);
#9300 = PLANE('',#9301);
#9301 = AXIS2_PLACEMENT_3D('',#9302,#9303,#9304);
#9302 = CARTESIAN_POINT('',(271.,-61.,152.));
#9303 = DIRECTION('',(0.,0.,1.));
#9304 = DIRECTION('',(1.,0.,0.));
#9305 = DEFINITIONAL_REPRESENTATION('',(#9306),#9310);
#9306 = LINE('',#9307,#9308);
#9307 = CARTESIAN_POINT('',(8.,0.));
#9308 = VECTOR('',#9309,1.);
#9309 = DIRECTION('',(0.,1.));
#9310 = ( GEOMETRIC_REPRESENTATION_CONTEXT(2) 
PARAMETRIC_REPRESENTATION_CONTEXT() REPRESENTATION_CONTEXT('2D SPACE',''
  ) );
#9311 = ORIENTED_EDGE('',*,*,#9312,.F.);
#9312 = EDGE_CURVE('',#7709,#9285,#9313,.T.);
#9313 = SURFACE_CURVE('',#9314,(#9318,#9325),.PCURVE_S1.);
#9314 = LINE('',#9315,#9316);
#9315 = CARTESIAN_POINT('',(279.,53.8,150.5));
#9316 = VECTOR('',#9317,1.);
#9317 = DIRECTION('',(0.,0.,-1.));
#9318 = PCURVE('',#7798,#9319);
#9319 = DEFINITIONAL_REPRESENTATION('',(#9320),#9324);
#9320 = LINE('',#9321,#9322);
#9321 = CARTESIAN_POINT('',(-1.5,-114.8));
#9322 = VECTOR('',#9323,1.);
#9323 = DIRECTION('',(-1.,0.));
#9324 = ( GEOMETRIC_REPRESENTATION_CONTEXT(2) 
PARAMETRIC_REPRESENTATION_CONTEXT() REPRESENTATION_CONTEXT('2D SPACE',''
  ) );
#9325 = PCURVE('',#184,#9326);
#9326 = DEFINITIONAL_REPRESENTATION('',(#9327),#9331);
#9327 = LINE('',#9328,#9329);
#9328 = CARTESIAN_POINT('',(1.5,79.));
#9329 = VECTOR('',#9330,1.);
#9330 = DIRECTION('',(-1.,0.));
#9331 = ( GEOMETRIC_REPRESENTATION_CONTEXT(2) 
PARAMETRIC_REPRESENTATION_CONTEXT() REPRESENTATION_CONTEXT('2D SPACE',''
  ) );
#9332 = ADVANCED_FACE('',(#9333),#9300,.F.);
#9333 = FACE_BOUND('',#9334,.F.);
#9334 = EDGE_LOOP('',(#9335,#9360,#9381,#9382));
#9335 = ORIENTED_EDGE('',*,*,#9336,.F.);
#9336 = EDGE_CURVE('',#9337,#9339,#9341,.T.);
#9337 = VERTEX_POINT('',#9338);
#9338 = CARTESIAN_POINT('',(271.,-53.8,152.));
#9339 = VERTEX_POINT('',#9340);
#9340 = CARTESIAN_POINT('',(271.,53.8,152.));
#9341 = SURFACE_CURVE('',#9342,(#9346,#9353),.PCURVE_S1.);
#9342 = LINE('',#9343,#9344);
#9343 = CARTESIAN_POINT('',(271.,-61.,152.));
#9344 = VECTOR('',#9345,1.);
#9345 = DIRECTION('',(0.,1.,0.));
#9346 = PCURVE('',#9300,#9347);
#9347 = DEFINITIONAL_REPRESENTATION('',(#9348),#9352);
#9348 = LINE('',#9349,#9350);
#9349 = CARTESIAN_POINT('',(0.,0.));
#9350 = VECTOR('',#9351,1.);
#9351 = DIRECTION('',(0.,1.));
#9352 = ( GEOMETRIC_REPRESENTATION_CONTEXT(2) 
PARAMETRIC_REPRESENTATION_CONTEXT() REPRESENTATION_CONTEXT('2D SPACE',''
  ) );
#9353 = PCURVE('',#7645,#9354);
#9354 = DEFINITIONAL_REPRESENTATION('',(#9355),#9359);
#9355 = LINE('',#9356,#9357);
#9356 = CARTESIAN_POINT('',(0.,0.));
#9357 = VECTOR('',#9358,1.);
#9358 = DIRECTION('',(0.,-1.));
#9359 = ( GEOMETRIC_REPRESENTATION_CONTEXT(2) 
PARAMETRIC_REPRESENTATION_CONTEXT() REPRESENTATION_CONTEXT('2D SPACE',''
  ) );
#9360 = ORIENTED_EDGE('',*,*,#9361,.T.);
#9361 = EDGE_CURVE('',#9337,#9262,#9362,.T.);
#9362 = SURFACE_CURVE('',#9363,(#9367,#9374),.PCURVE_S1.);
#9363 = LINE('',#9364,#9365);
#9364 = CARTESIAN_POINT('',(235.5,-53.8,152.));
#9365 = VECTOR('',#9366,1.);
#9366 = DIRECTION('',(1.,0.,0.));
#9367 = PCURVE('',#9300,#9368);
#9368 = DEFINITIONAL_REPRESENTATION('',(#9369),#9373);
#9369 = LINE('',#9370,#9371);
#9370 = CARTESIAN_POINT('',(-35.5,7.2));
#9371 = VECTOR('',#9372,1.);
#9372 = DIRECTION('',(1.,0.));
#9373 = ( GEOMETRIC_REPRESENTATION_CONTEXT(2) 
PARAMETRIC_REPRESENTATION_CONTEXT() REPRESENTATION_CONTEXT('2D SPACE',''
  ) );
#9374 = PCURVE('',#128,#9375);
#9375 = DEFINITIONAL_REPRESENTATION('',(#9376),#9380);
#9376 = LINE('',#9377,#9378);
#9377 = CARTESIAN_POINT('',(3.,35.5));
#9378 = VECTOR('',#9379,1.);
#9379 = DIRECTION('',(0.,1.));
#9380 = ( GEOMETRIC_REPRESENTATION_CONTEXT(2) 
PARAMETRIC_REPRESENTATION_CONTEXT() REPRESENTATION_CONTEXT('2D SPACE',''
  ) );
#9381 = ORIENTED_EDGE('',*,*,#9284,.T.);
#9382 = ORIENTED_EDGE('',*,*,#9383,.F.);
#9383 = EDGE_CURVE('',#9339,#9285,#9384,.T.);
#9384 = SURFACE_CURVE('',#9385,(#9389,#9396),.PCURVE_S1.);
#9385 = LINE('',#9386,#9387);
#9386 = CARTESIAN_POINT('',(235.5,53.8,152.));
#9387 = VECTOR('',#9388,1.);
#9388 = DIRECTION('',(1.,0.,0.));
#9389 = PCURVE('',#9300,#9390);
#9390 = DEFINITIONAL_REPRESENTATION('',(#9391),#9395);
#9391 = LINE('',#9392,#9393);
#9392 = CARTESIAN_POINT('',(-35.5,114.8));
#9393 = VECTOR('',#9394,1.);
#9394 = DIRECTION('',(1.,0.));
#9395 = ( GEOMETRIC_REPRESENTATION_CONTEXT(2) 
PARAMETRIC_REPRESENTATION_CONTEXT() REPRESENTATION_CONTEXT('2D SPACE',''
  ) );
#9396 = PCURVE('',#184,#9397);
#9397 = DEFINITIONAL_REPRESENTATION('',(#9398),#9402);
#9398 = LINE('',#9399,#9400);
#9399 = CARTESIAN_POINT('',(3.,35.5));
#9400 = VECTOR('',#9401,1.);
#9401 = DIRECTION('',(0.,1.));
#9402 = ( GEOMETRIC_REPRESENTATION_CONTEXT(2) 
PARAMETRIC_REPRESENTATION_CONTEXT() REPRESENTATION_CONTEXT('2D SPACE',''
  ) );
#9403 = ADVANCED_FACE('',(#9404),#7645,.F.);
#9404 = FACE_BOUND('',#9405,.F.);
#9405 = EDGE_LOOP('',(#9406,#9407,#9428,#9429));
#9406 = ORIENTED_EDGE('',*,*,#7629,.F.);
#9407 = ORIENTED_EDGE('',*,*,#9408,.T.);
#9408 = EDGE_CURVE('',#7630,#9337,#9409,.T.);
#9409 = SURFACE_CURVE('',#9410,(#9414,#9421),.PCURVE_S1.);
#9410 = LINE('',#9411,#9412);
#9411 = CARTESIAN_POINT('',(271.,-53.8,150.5));
#9412 = VECTOR('',#9413,1.);
#9413 = DIRECTION('',(0.,0.,-1.));
#9414 = PCURVE('',#7645,#9415);
#9415 = DEFINITIONAL_REPRESENTATION('',(#9416),#9420);
#9416 = LINE('',#9417,#9418);
#9417 = CARTESIAN_POINT('',(-1.5,-7.2));
#9418 = VECTOR('',#9419,1.);
#9419 = DIRECTION('',(-1.,0.));
#9420 = ( GEOMETRIC_REPRESENTATION_CONTEXT(2) 
PARAMETRIC_REPRESENTATION_CONTEXT() REPRESENTATION_CONTEXT('2D SPACE',''
  ) );
#9421 = PCURVE('',#128,#9422);
#9422 = DEFINITIONAL_REPRESENTATION('',(#9423),#9427);
#9423 = LINE('',#9424,#9425);
#9424 = CARTESIAN_POINT('',(1.5,71.));
#9425 = VECTOR('',#9426,1.);
#9426 = DIRECTION('',(-1.,0.));
#9427 = ( GEOMETRIC_REPRESENTATION_CONTEXT(2) 
PARAMETRIC_REPRESENTATION_CONTEXT() REPRESENTATION_CONTEXT('2D SPACE',''
  ) );
#9428 = ORIENTED_EDGE('',*,*,#9336,.T.);
#9429 = ORIENTED_EDGE('',*,*,#9430,.F.);
#9430 = EDGE_CURVE('',#7607,#9339,#9431,.T.);
#9431 = SURFACE_CURVE('',#9432,(#9436,#9443),.PCURVE_S1.);
#9432 = LINE('',#9433,#9434);
#9433 = CARTESIAN_POINT('',(271.,53.8,150.5));
#9434 = VECTOR('',#9435,1.);
#9435 = DIRECTION('',(0.,0.,-1.));
#9436 = PCURVE('',#7645,#9437);
#9437 = DEFINITIONAL_REPRESENTATION('',(#9438),#9442);
#9438 = LINE('',#9439,#9440);
#9439 = CARTESIAN_POINT('',(-1.5,-114.8));
#9440 = VECTOR('',#9441,1.);
#9441 = DIRECTION('',(-1.,0.));
#9442 = ( GEOMETRIC_REPRESENTATION_CONTEXT(2) 
PARAMETRIC_REPRESENTATION_CONTEXT() REPRESENTATION_CONTEXT('2D SPACE',''
  ) );
#9443 = PCURVE('',#184,#9444);
#9444 = DEFINITIONAL_REPRESENTATION('',(#9445),#9449);
#9445 = LINE('',#9446,#9447);
#9446 = CARTESIAN_POINT('',(1.5,71.));
#9447 = VECTOR('',#9448,1.);
#9448 = DIRECTION('',(-1.,0.));
#9449 = ( GEOMETRIC_REPRESENTATION_CONTEXT(2) 
PARAMETRIC_REPRESENTATION_CONTEXT() REPRESENTATION_CONTEXT('2D SPACE',''
  ) );
#9450 = ADVANCED_FACE('',(#9451),#7694,.T.);
#9451 = FACE_BOUND('',#9452,.T.);
#9452 = EDGE_LOOP('',(#9453,#9454,#9477,#9505));
#9453 = ORIENTED_EDGE('',*,*,#7680,.F.);
#9454 = ORIENTED_EDGE('',*,*,#9455,.T.);
#9455 = EDGE_CURVE('',#7658,#9456,#9458,.T.);
#9456 = VERTEX_POINT('',#9457);
#9457 = CARTESIAN_POINT('',(255.33333333333,-53.8,152.));
#9458 = SURFACE_CURVE('',#9459,(#9463,#9470),.PCURVE_S1.);
#9459 = LINE('',#9460,#9461);
#9460 = CARTESIAN_POINT('',(255.33333333333,-53.8,150.5));
#9461 = VECTOR('',#9462,1.);
#9462 = DIRECTION('',(0.,0.,-1.));
#9463 = PCURVE('',#7694,#9464);
#9464 = DEFINITIONAL_REPRESENTATION('',(#9465),#9469);
#9465 = LINE('',#9466,#9467);
#9466 = CARTESIAN_POINT('',(-1.5,-7.2));
#9467 = VECTOR('',#9468,1.);
#9468 = DIRECTION('',(-1.,0.));
#9469 = ( GEOMETRIC_REPRESENTATION_CONTEXT(2) 
PARAMETRIC_REPRESENTATION_CONTEXT() REPRESENTATION_CONTEXT('2D SPACE',''
  ) );
#9470 = PCURVE('',#128,#9471);
#9471 = DEFINITIONAL_REPRESENTATION('',(#9472),#9476);
#9472 = LINE('',#9473,#9474);
#9473 = CARTESIAN_POINT('',(1.5,55.333333333333));
#9474 = VECTOR('',#9475,1.);
#9475 = DIRECTION('',(-1.,0.));
#9476 = ( GEOMETRIC_REPRESENTATION_CONTEXT(2) 
PARAMETRIC_REPRESENTATION_CONTEXT() REPRESENTATION_CONTEXT('2D SPACE',''
  ) );
#9477 = ORIENTED_EDGE('',*,*,#9478,.T.);
#9478 = EDGE_CURVE('',#9456,#9479,#9481,.T.);
#9479 = VERTEX_POINT('',#9480);
#9480 = CARTESIAN_POINT('',(255.33333333333,53.8,152.));
#9481 = SURFACE_CURVE('',#9482,(#9486,#9493),.PCURVE_S1.);
#9482 = LINE('',#9483,#9484);
#9483 = CARTESIAN_POINT('',(255.33333333333,-61.,152.));
#9484 = VECTOR('',#9485,1.);
#9485 = DIRECTION('',(0.,1.,0.));
#9486 = PCURVE('',#7694,#9487);
#9487 = DEFINITIONAL_REPRESENTATION('',(#9488),#9492);
#9488 = LINE('',#9489,#9490);
#9489 = CARTESIAN_POINT('',(0.,0.));
#9490 = VECTOR('',#9491,1.);
#9491 = DIRECTION('',(0.,-1.));
#9492 = ( GEOMETRIC_REPRESENTATION_CONTEXT(2) 
PARAMETRIC_REPRESENTATION_CONTEXT() REPRESENTATION_CONTEXT('2D SPACE',''
  ) );
#9493 = PCURVE('',#9494,#9499);
#9494 = PLANE('',#9495);
#9495 = AXIS2_PLACEMENT_3D('',#9496,#9497,#9498);
#9496 = CARTESIAN_POINT('',(247.33333333333,-61.,152.));
#9497 = DIRECTION('',(0.,0.,1.));
#9498 = DIRECTION('',(1.,0.,0.));
#9499 = DEFINITIONAL_REPRESENTATION('',(#9500),#9504);
#9500 = LINE('',#9501,#9502);
#9501 = CARTESIAN_POINT('',(8.,0.));
#9502 = VECTOR('',#9503,1.);
#9503 = DIRECTION('',(0.,1.));
#9504 = ( GEOMETRIC_REPRESENTATION_CONTEXT(2) 
PARAMETRIC_REPRESENTATION_CONTEXT() REPRESENTATION_CONTEXT('2D SPACE',''
  ) );
#9505 = ORIENTED_EDGE('',*,*,#9506,.F.);
#9506 = EDGE_CURVE('',#7605,#9479,#9507,.T.);
#9507 = SURFACE_CURVE('',#9508,(#9512,#9519),.PCURVE_S1.);
#9508 = LINE('',#9509,#9510);
#9509 = CARTESIAN_POINT('',(255.33333333333,53.8,150.5));
#9510 = VECTOR('',#9511,1.);
#9511 = DIRECTION('',(0.,0.,-1.));
#9512 = PCURVE('',#7694,#9513);
#9513 = DEFINITIONAL_REPRESENTATION('',(#9514),#9518);
#9514 = LINE('',#9515,#9516);
#9515 = CARTESIAN_POINT('',(-1.5,-114.8));
#9516 = VECTOR('',#9517,1.);
#9517 = DIRECTION('',(-1.,0.));
#9518 = ( GEOMETRIC_REPRESENTATION_CONTEXT(2) 
PARAMETRIC_REPRESENTATION_CONTEXT() REPRESENTATION_CONTEXT('2D SPACE',''
  ) );
#9519 = PCURVE('',#184,#9520);
#9520 = DEFINITIONAL_REPRESENTATION('',(#9521),#9525);
#9521 = LINE('',#9522,#9523);
#9522 = CARTESIAN_POINT('',(1.5,55.333333333333));
#9523 = VECTOR('',#9524,1.);
#9524 = DIRECTION('',(-1.,0.));
#9525 = ( GEOMETRIC_REPRESENTATION_CONTEXT(2) 
PARAMETRIC_REPRESENTATION_CONTEXT() REPRESENTATION_CONTEXT('2D SPACE',''
  ) );
#9526 = ADVANCED_FACE('',(#9527),#9494,.F.);
#9527 = FACE_BOUND('',#9528,.F.);
#9528 = EDGE_LOOP('',(#9529,#9554,#9575,#9576));
#9529 = ORIENTED_EDGE('',*,*,#9530,.F.);
#9530 = EDGE_CURVE('',#9531,#9533,#9535,.T.);
#9531 = VERTEX_POINT('',#9532);
#9532 = CARTESIAN_POINT('',(247.33333333333,-53.8,152.));
#9533 = VERTEX_POINT('',#9534);
#9534 = CARTESIAN_POINT('',(247.33333333333,53.8,152.));
#9535 = SURFACE_CURVE('',#9536,(#9540,#9547),.PCURVE_S1.);
#9536 = LINE('',#9537,#9538);
#9537 = CARTESIAN_POINT('',(247.33333333333,-61.,152.));
#9538 = VECTOR('',#9539,1.);
#9539 = DIRECTION('',(0.,1.,0.));
#9540 = PCURVE('',#9494,#9541);
#9541 = DEFINITIONAL_REPRESENTATION('',(#9542),#9546);
#9542 = LINE('',#9543,#9544);
#9543 = CARTESIAN_POINT('',(0.,0.));
#9544 = VECTOR('',#9545,1.);
#9545 = DIRECTION('',(0.,1.));
#9546 = ( GEOMETRIC_REPRESENTATION_CONTEXT(2) 
PARAMETRIC_REPRESENTATION_CONTEXT() REPRESENTATION_CONTEXT('2D SPACE',''
  ) );
#9547 = PCURVE('',#7541,#9548);
#9548 = DEFINITIONAL_REPRESENTATION('',(#9549),#9553);
#9549 = LINE('',#9550,#9551);
#9550 = CARTESIAN_POINT('',(0.,0.));
#9551 = VECTOR('',#9552,1.);
#9552 = DIRECTION('',(0.,-1.));
#9553 = ( GEOMETRIC_REPRESENTATION_CONTEXT(2) 
PARAMETRIC_REPRESENTATION_CONTEXT() REPRESENTATION_CONTEXT('2D SPACE',''
  ) );
#9554 = ORIENTED_EDGE('',*,*,#9555,.T.);
#9555 = EDGE_CURVE('',#9531,#9456,#9556,.T.);
#9556 = SURFACE_CURVE('',#9557,(#9561,#9568),.PCURVE_S1.);
#9557 = LINE('',#9558,#9559);
#9558 = CARTESIAN_POINT('',(223.66666666666,-53.8,152.));
#9559 = VECTOR('',#9560,1.);
#9560 = DIRECTION('',(1.,0.,0.));
#9561 = PCURVE('',#9494,#9562);
#9562 = DEFINITIONAL_REPRESENTATION('',(#9563),#9567);
#9563 = LINE('',#9564,#9565);
#9564 = CARTESIAN_POINT('',(-23.66666666666,7.2));
#9565 = VECTOR('',#9566,1.);
#9566 = DIRECTION('',(1.,0.));
#9567 = ( GEOMETRIC_REPRESENTATION_CONTEXT(2) 
PARAMETRIC_REPRESENTATION_CONTEXT() REPRESENTATION_CONTEXT('2D SPACE',''
  ) );
#9568 = PCURVE('',#128,#9569);
#9569 = DEFINITIONAL_REPRESENTATION('',(#9570),#9574);
#9570 = LINE('',#9571,#9572);
#9571 = CARTESIAN_POINT('',(3.,23.666666666667));
#9572 = VECTOR('',#9573,1.);
#9573 = DIRECTION('',(0.,1.));
#9574 = ( GEOMETRIC_REPRESENTATION_CONTEXT(2) 
PARAMETRIC_REPRESENTATION_CONTEXT() REPRESENTATION_CONTEXT('2D SPACE',''
  ) );
#9575 = ORIENTED_EDGE('',*,*,#9478,.T.);
#9576 = ORIENTED_EDGE('',*,*,#9577,.F.);
#9577 = EDGE_CURVE('',#9533,#9479,#9578,.T.);
#9578 = SURFACE_CURVE('',#9579,(#9583,#9590),.PCURVE_S1.);
#9579 = LINE('',#9580,#9581);
#9580 = CARTESIAN_POINT('',(223.66666666666,53.8,152.));
#9581 = VECTOR('',#9582,1.);
#9582 = DIRECTION('',(1.,0.,0.));
#9583 = PCURVE('',#9494,#9584);
#9584 = DEFINITIONAL_REPRESENTATION('',(#9585),#9589);
#9585 = LINE('',#9586,#9587);
#9586 = CARTESIAN_POINT('',(-23.66666666666,114.8));
#9587 = VECTOR('',#9588,1.);
#9588 = DIRECTION('',(1.,0.));
#9589 = ( GEOMETRIC_REPRESENTATION_CONTEXT(2) 
PARAMETRIC_REPRESENTATION_CONTEXT() REPRESENTATION_CONTEXT('2D SPACE',''
  ) );
#9590 = PCURVE('',#184,#9591);
#9591 = DEFINITIONAL_REPRESENTATION('',(#9592),#9596);
#9592 = LINE('',#9593,#9594);
#9593 = CARTESIAN_POINT('',(3.,23.666666666667));
#9594 = VECTOR('',#9595,1.);
#9595 = DIRECTION('',(0.,1.));
#9596 = ( GEOMETRIC_REPRESENTATION_CONTEXT(2) 
PARAMETRIC_REPRESENTATION_CONTEXT() REPRESENTATION_CONTEXT('2D SPACE',''
  ) );
#9597 = ADVANCED_FACE('',(#9598),#7541,.F.);
#9598 = FACE_BOUND('',#9599,.F.);
#9599 = EDGE_LOOP('',(#9600,#9601,#9622,#9623));
#9600 = ORIENTED_EDGE('',*,*,#7525,.F.);
#9601 = ORIENTED_EDGE('',*,*,#9602,.T.);
#9602 = EDGE_CURVE('',#7526,#9531,#9603,.T.);
#9603 = SURFACE_CURVE('',#9604,(#9608,#9615),.PCURVE_S1.);
#9604 = LINE('',#9605,#9606);
#9605 = CARTESIAN_POINT('',(247.33333333333,-53.8,150.5));
#9606 = VECTOR('',#9607,1.);
#9607 = DIRECTION('',(0.,0.,-1.));
#9608 = PCURVE('',#7541,#9609);
#9609 = DEFINITIONAL_REPRESENTATION('',(#9610),#9614);
#9610 = LINE('',#9611,#9612);
#9611 = CARTESIAN_POINT('',(-1.5,-7.2));
#9612 = VECTOR('',#9613,1.);
#9613 = DIRECTION('',(-1.,0.));
#9614 = ( GEOMETRIC_REPRESENTATION_CONTEXT(2) 
PARAMETRIC_REPRESENTATION_CONTEXT() REPRESENTATION_CONTEXT('2D SPACE',''
  ) );
#9615 = PCURVE('',#128,#9616);
#9616 = DEFINITIONAL_REPRESENTATION('',(#9617),#9621);
#9617 = LINE('',#9618,#9619);
#9618 = CARTESIAN_POINT('',(1.5,47.333333333333));
#9619 = VECTOR('',#9620,1.);
#9620 = DIRECTION('',(-1.,0.));
#9621 = ( GEOMETRIC_REPRESENTATION_CONTEXT(2) 
PARAMETRIC_REPRESENTATION_CONTEXT() REPRESENTATION_CONTEXT('2D SPACE',''
  ) );
#9622 = ORIENTED_EDGE('',*,*,#9530,.T.);
#9623 = ORIENTED_EDGE('',*,*,#9624,.F.);
#9624 = EDGE_CURVE('',#7503,#9533,#9625,.T.);
#9625 = SURFACE_CURVE('',#9626,(#9630,#9637),.PCURVE_S1.);
#9626 = LINE('',#9627,#9628);
#9627 = CARTESIAN_POINT('',(247.33333333333,53.8,150.5));
#9628 = VECTOR('',#9629,1.);
#9629 = DIRECTION('',(0.,0.,-1.));
#9630 = PCURVE('',#7541,#9631);
#9631 = DEFINITIONAL_REPRESENTATION('',(#9632),#9636);
#9632 = LINE('',#9633,#9634);
#9633 = CARTESIAN_POINT('',(-1.5,-114.8));
#9634 = VECTOR('',#9635,1.);
#9635 = DIRECTION('',(-1.,0.));
#9636 = ( GEOMETRIC_REPRESENTATION_CONTEXT(2) 
PARAMETRIC_REPRESENTATION_CONTEXT() REPRESENTATION_CONTEXT('2D SPACE',''
  ) );
#9637 = PCURVE('',#184,#9638);
#9638 = DEFINITIONAL_REPRESENTATION('',(#9639),#9643);
#9639 = LINE('',#9640,#9641);
#9640 = CARTESIAN_POINT('',(1.5,47.333333333333));
#9641 = VECTOR('',#9642,1.);
#9642 = DIRECTION('',(-1.,0.));
#9643 = ( GEOMETRIC_REPRESENTATION_CONTEXT(2) 
PARAMETRIC_REPRESENTATION_CONTEXT() REPRESENTATION_CONTEXT('2D SPACE',''
  ) );
#9644 = ADVANCED_FACE('',(#9645),#7590,.T.);
#9645 = FACE_BOUND('',#9646,.T.);
#9646 = EDGE_LOOP('',(#9647,#9648,#9671,#9699));
#9647 = ORIENTED_EDGE('',*,*,#7576,.F.);
#9648 = ORIENTED_EDGE('',*,*,#9649,.T.);
#9649 = EDGE_CURVE('',#7554,#9650,#9652,.T.);
#9650 = VERTEX_POINT('',#9651);
#9651 = CARTESIAN_POINT('',(231.66666666666,-53.8,152.));
#9652 = SURFACE_CURVE('',#9653,(#9657,#9664),.PCURVE_S1.);
#9653 = LINE('',#9654,#9655);
#9654 = CARTESIAN_POINT('',(231.66666666666,-53.8,150.5));
#9655 = VECTOR('',#9656,1.);
#9656 = DIRECTION('',(0.,0.,-1.));
#9657 = PCURVE('',#7590,#9658);
#9658 = DEFINITIONAL_REPRESENTATION('',(#9659),#9663);
#9659 = LINE('',#9660,#9661);
#9660 = CARTESIAN_POINT('',(-1.5,-7.2));
#9661 = VECTOR('',#9662,1.);
#9662 = DIRECTION('',(-1.,0.));
#9663 = ( GEOMETRIC_REPRESENTATION_CONTEXT(2) 
PARAMETRIC_REPRESENTATION_CONTEXT() REPRESENTATION_CONTEXT('2D SPACE',''
  ) );
#9664 = PCURVE('',#128,#9665);
#9665 = DEFINITIONAL_REPRESENTATION('',(#9666),#9670);
#9666 = LINE('',#9667,#9668);
#9667 = CARTESIAN_POINT('',(1.5,31.666666666667));
#9668 = VECTOR('',#9669,1.);
#9669 = DIRECTION('',(-1.,0.));
#9670 = ( GEOMETRIC_REPRESENTATION_CONTEXT(2) 
PARAMETRIC_REPRESENTATION_CONTEXT() REPRESENTATION_CONTEXT('2D SPACE',''
  ) );
#9671 = ORIENTED_EDGE('',*,*,#9672,.T.);
#9672 = EDGE_CURVE('',#9650,#9673,#9675,.T.);
#9673 = VERTEX_POINT('',#9674);
#9674 = CARTESIAN_POINT('',(231.66666666666,53.8,152.));
#9675 = SURFACE_CURVE('',#9676,(#9680,#9687),.PCURVE_S1.);
#9676 = LINE('',#9677,#9678);
#9677 = CARTESIAN_POINT('',(231.66666666666,-61.,152.));
#9678 = VECTOR('',#9679,1.);
#9679 = DIRECTION('',(0.,1.,0.));
#9680 = PCURVE('',#7590,#9681);
#9681 = DEFINITIONAL_REPRESENTATION('',(#9682),#9686);
#9682 = LINE('',#9683,#9684);
#9683 = CARTESIAN_POINT('',(0.,0.));
#9684 = VECTOR('',#9685,1.);
#9685 = DIRECTION('',(0.,-1.));
#9686 = ( GEOMETRIC_REPRESENTATION_CONTEXT(2) 
PARAMETRIC_REPRESENTATION_CONTEXT() REPRESENTATION_CONTEXT('2D SPACE',''
  ) );
#9687 = PCURVE('',#9688,#9693);
#9688 = PLANE('',#9689);
#9689 = AXIS2_PLACEMENT_3D('',#9690,#9691,#9692);
#9690 = CARTESIAN_POINT('',(223.66666666666,-61.,152.));
#9691 = DIRECTION('',(0.,0.,1.));
#9692 = DIRECTION('',(1.,0.,0.));
#9693 = DEFINITIONAL_REPRESENTATION('',(#9694),#9698);
#9694 = LINE('',#9695,#9696);
#9695 = CARTESIAN_POINT('',(8.,0.));
#9696 = VECTOR('',#9697,1.);
#9697 = DIRECTION('',(0.,1.));
#9698 = ( GEOMETRIC_REPRESENTATION_CONTEXT(2) 
PARAMETRIC_REPRESENTATION_CONTEXT() REPRESENTATION_CONTEXT('2D SPACE',''
  ) );
#9699 = ORIENTED_EDGE('',*,*,#9700,.F.);
#9700 = EDGE_CURVE('',#7501,#9673,#9701,.T.);
#9701 = SURFACE_CURVE('',#9702,(#9706,#9713),.PCURVE_S1.);
#9702 = LINE('',#9703,#9704);
#9703 = CARTESIAN_POINT('',(231.66666666666,53.8,150.5));
#9704 = VECTOR('',#9705,1.);
#9705 = DIRECTION('',(0.,0.,-1.));
#9706 = PCURVE('',#7590,#9707);
#9707 = DEFINITIONAL_REPRESENTATION('',(#9708),#9712);
#9708 = LINE('',#9709,#9710);
#9709 = CARTESIAN_POINT('',(-1.5,-114.8));
#9710 = VECTOR('',#9711,1.);
#9711 = DIRECTION('',(-1.,0.));
#9712 = ( GEOMETRIC_REPRESENTATION_CONTEXT(2) 
PARAMETRIC_REPRESENTATION_CONTEXT() REPRESENTATION_CONTEXT('2D SPACE',''
  ) );
#9713 = PCURVE('',#184,#9714);
#9714 = DEFINITIONAL_REPRESENTATION('',(#9715),#9719);
#9715 = LINE('',#9716,#9717);
#9716 = CARTESIAN_POINT('',(1.5,31.666666666667));
#9717 = VECTOR('',#9718,1.);
#9718 = DIRECTION('',(-1.,0.));
#9719 = ( GEOMETRIC_REPRESENTATION_CONTEXT(2) 
PARAMETRIC_REPRESENTATION_CONTEXT() REPRESENTATION_CONTEXT('2D SPACE',''
  ) );
#9720 = ADVANCED_FACE('',(#9721),#9688,.F.);
#9721 = FACE_BOUND('',#9722,.F.);
#9722 = EDGE_LOOP('',(#9723,#9748,#9769,#9770));
#9723 = ORIENTED_EDGE('',*,*,#9724,.F.);
#9724 = EDGE_CURVE('',#9725,#9727,#9729,.T.);
#9725 = VERTEX_POINT('',#9726);
#9726 = CARTESIAN_POINT('',(223.66666666666,-53.8,152.));
#9727 = VERTEX_POINT('',#9728);
#9728 = CARTESIAN_POINT('',(223.66666666666,53.8,152.));
#9729 = SURFACE_CURVE('',#9730,(#9734,#9741),.PCURVE_S1.);
#9730 = LINE('',#9731,#9732);
#9731 = CARTESIAN_POINT('',(223.66666666666,-61.,152.));
#9732 = VECTOR('',#9733,1.);
#9733 = DIRECTION('',(0.,1.,0.));
#9734 = PCURVE('',#9688,#9735);
#9735 = DEFINITIONAL_REPRESENTATION('',(#9736),#9740);
#9736 = LINE('',#9737,#9738);
#9737 = CARTESIAN_POINT('',(0.,0.));
#9738 = VECTOR('',#9739,1.);
#9739 = DIRECTION('',(0.,1.));
#9740 = ( GEOMETRIC_REPRESENTATION_CONTEXT(2) 
PARAMETRIC_REPRESENTATION_CONTEXT() REPRESENTATION_CONTEXT('2D SPACE',''
  ) );
#9741 = PCURVE('',#7437,#9742);
#9742 = DEFINITIONAL_REPRESENTATION('',(#9743),#9747);
#9743 = LINE('',#9744,#9745);
#9744 = CARTESIAN_POINT('',(0.,0.));
#9745 = VECTOR('',#9746,1.);
#9746 = DIRECTION('',(0.,-1.));
#9747 = ( GEOMETRIC_REPRESENTATION_CONTEXT(2) 
PARAMETRIC_REPRESENTATION_CONTEXT() REPRESENTATION_CONTEXT('2D SPACE',''
  ) );
#9748 = ORIENTED_EDGE('',*,*,#9749,.T.);
#9749 = EDGE_CURVE('',#9725,#9650,#9750,.T.);
#9750 = SURFACE_CURVE('',#9751,(#9755,#9762),.PCURVE_S1.);
#9751 = LINE('',#9752,#9753);
#9752 = CARTESIAN_POINT('',(211.83333333333,-53.8,152.));
#9753 = VECTOR('',#9754,1.);
#9754 = DIRECTION('',(1.,0.,0.));
#9755 = PCURVE('',#9688,#9756);
#9756 = DEFINITIONAL_REPRESENTATION('',(#9757),#9761);
#9757 = LINE('',#9758,#9759);
#9758 = CARTESIAN_POINT('',(-11.83333333333,7.2));
#9759 = VECTOR('',#9760,1.);
#9760 = DIRECTION('',(1.,0.));
#9761 = ( GEOMETRIC_REPRESENTATION_CONTEXT(2) 
PARAMETRIC_REPRESENTATION_CONTEXT() REPRESENTATION_CONTEXT('2D SPACE',''
  ) );
#9762 = PCURVE('',#128,#9763);
#9763 = DEFINITIONAL_REPRESENTATION('',(#9764),#9768);
#9764 = LINE('',#9765,#9766);
#9765 = CARTESIAN_POINT('',(3.,11.833333333333));
#9766 = VECTOR('',#9767,1.);
#9767 = DIRECTION('',(0.,1.));
#9768 = ( GEOMETRIC_REPRESENTATION_CONTEXT(2) 
PARAMETRIC_REPRESENTATION_CONTEXT() REPRESENTATION_CONTEXT('2D SPACE',''
  ) );
#9769 = ORIENTED_EDGE('',*,*,#9672,.T.);
#9770 = ORIENTED_EDGE('',*,*,#9771,.F.);
#9771 = EDGE_CURVE('',#9727,#9673,#9772,.T.);
#9772 = SURFACE_CURVE('',#9773,(#9777,#9784),.PCURVE_S1.);
#9773 = LINE('',#9774,#9775);
#9774 = CARTESIAN_POINT('',(211.83333333333,53.8,152.));
#9775 = VECTOR('',#9776,1.);
#9776 = DIRECTION('',(1.,0.,0.));
#9777 = PCURVE('',#9688,#9778);
#9778 = DEFINITIONAL_REPRESENTATION('',(#9779),#9783);
#9779 = LINE('',#9780,#9781);
#9780 = CARTESIAN_POINT('',(-11.83333333333,114.8));
#9781 = VECTOR('',#9782,1.);
#9782 = DIRECTION('',(1.,0.));
#9783 = ( GEOMETRIC_REPRESENTATION_CONTEXT(2) 
PARAMETRIC_REPRESENTATION_CONTEXT() REPRESENTATION_CONTEXT('2D SPACE',''
  ) );
#9784 = PCURVE('',#184,#9785);
#9785 = DEFINITIONAL_REPRESENTATION('',(#9786),#9790);
#9786 = LINE('',#9787,#9788);
#9787 = CARTESIAN_POINT('',(3.,11.833333333333));
#9788 = VECTOR('',#9789,1.);
#9789 = DIRECTION('',(0.,1.));
#9790 = ( GEOMETRIC_REPRESENTATION_CONTEXT(2) 
PARAMETRIC_REPRESENTATION_CONTEXT() REPRESENTATION_CONTEXT('2D SPACE',''
  ) );
#9791 = ADVANCED_FACE('',(#9792),#7437,.F.);
#9792 = FACE_BOUND('',#9793,.F.);
#9793 = EDGE_LOOP('',(#9794,#9795,#9816,#9817));
#9794 = ORIENTED_EDGE('',*,*,#7421,.F.);
#9795 = ORIENTED_EDGE('',*,*,#9796,.T.);
#9796 = EDGE_CURVE('',#7422,#9725,#9797,.T.);
#9797 = SURFACE_CURVE('',#9798,(#9802,#9809),.PCURVE_S1.);
#9798 = LINE('',#9799,#9800);
#9799 = CARTESIAN_POINT('',(223.66666666666,-53.8,150.5));
#9800 = VECTOR('',#9801,1.);
#9801 = DIRECTION('',(0.,0.,-1.));
#9802 = PCURVE('',#7437,#9803);
#9803 = DEFINITIONAL_REPRESENTATION('',(#9804),#9808);
#9804 = LINE('',#9805,#9806);
#9805 = CARTESIAN_POINT('',(-1.5,-7.2));
#9806 = VECTOR('',#9807,1.);
#9807 = DIRECTION('',(-1.,0.));
#9808 = ( GEOMETRIC_REPRESENTATION_CONTEXT(2) 
PARAMETRIC_REPRESENTATION_CONTEXT() REPRESENTATION_CONTEXT('2D SPACE',''
  ) );
#9809 = PCURVE('',#128,#9810);
#9810 = DEFINITIONAL_REPRESENTATION('',(#9811),#9815);
#9811 = LINE('',#9812,#9813);
#9812 = CARTESIAN_POINT('',(1.5,23.666666666667));
#9813 = VECTOR('',#9814,1.);
#9814 = DIRECTION('',(-1.,0.));
#9815 = ( GEOMETRIC_REPRESENTATION_CONTEXT(2) 
PARAMETRIC_REPRESENTATION_CONTEXT() REPRESENTATION_CONTEXT('2D SPACE',''
  ) );
#9816 = ORIENTED_EDGE('',*,*,#9724,.T.);
#9817 = ORIENTED_EDGE('',*,*,#9818,.F.);
#9818 = EDGE_CURVE('',#7399,#9727,#9819,.T.);
#9819 = SURFACE_CURVE('',#9820,(#9824,#9831),.PCURVE_S1.);
#9820 = LINE('',#9821,#9822);
#9821 = CARTESIAN_POINT('',(223.66666666666,53.8,150.5));
#9822 = VECTOR('',#9823,1.);
#9823 = DIRECTION('',(0.,0.,-1.));
#9824 = PCURVE('',#7437,#9825);
#9825 = DEFINITIONAL_REPRESENTATION('',(#9826),#9830);
#9826 = LINE('',#9827,#9828);
#9827 = CARTESIAN_POINT('',(-1.5,-114.8));
#9828 = VECTOR('',#9829,1.);
#9829 = DIRECTION('',(-1.,0.));
#9830 = ( GEOMETRIC_REPRESENTATION_CONTEXT(2) 
PARAMETRIC_REPRESENTATION_CONTEXT() REPRESENTATION_CONTEXT('2D SPACE',''
  ) );
#9831 = PCURVE('',#184,#9832);
#9832 = DEFINITIONAL_REPRESENTATION('',(#9833),#9837);
#9833 = LINE('',#9834,#9835);
#9834 = CARTESIAN_POINT('',(1.5,23.666666666667));
#9835 = VECTOR('',#9836,1.);
#9836 = DIRECTION('',(-1.,0.));
#9837 = ( GEOMETRIC_REPRESENTATION_CONTEXT(2) 
PARAMETRIC_REPRESENTATION_CONTEXT() REPRESENTATION_CONTEXT('2D SPACE',''
  ) );
#9838 = ADVANCED_FACE('',(#9839),#7486,.T.);
#9839 = FACE_BOUND('',#9840,.T.);
#9840 = EDGE_LOOP('',(#9841,#9842,#9865,#9888));
#9841 = ORIENTED_EDGE('',*,*,#7472,.F.);
#9842 = ORIENTED_EDGE('',*,*,#9843,.T.);
#9843 = EDGE_CURVE('',#7450,#9844,#9846,.T.);
#9844 = VERTEX_POINT('',#9845);
#9845 = CARTESIAN_POINT('',(208.,-53.8,152.));
#9846 = SURFACE_CURVE('',#9847,(#9851,#9858),.PCURVE_S1.);
#9847 = LINE('',#9848,#9849);
#9848 = CARTESIAN_POINT('',(208.,-53.8,150.5));
#9849 = VECTOR('',#9850,1.);
#9850 = DIRECTION('',(0.,0.,-1.));
#9851 = PCURVE('',#7486,#9852);
#9852 = DEFINITIONAL_REPRESENTATION('',(#9853),#9857);
#9853 = LINE('',#9854,#9855);
#9854 = CARTESIAN_POINT('',(-1.5,-7.2));
#9855 = VECTOR('',#9856,1.);
#9856 = DIRECTION('',(-1.,0.));
#9857 = ( GEOMETRIC_REPRESENTATION_CONTEXT(2) 
PARAMETRIC_REPRESENTATION_CONTEXT() REPRESENTATION_CONTEXT('2D SPACE',''
  ) );
#9858 = PCURVE('',#128,#9859);
#9859 = DEFINITIONAL_REPRESENTATION('',(#9860),#9864);
#9860 = LINE('',#9861,#9862);
#9861 = CARTESIAN_POINT('',(1.5,8.));
#9862 = VECTOR('',#9863,1.);
#9863 = DIRECTION('',(-1.,0.));
#9864 = ( GEOMETRIC_REPRESENTATION_CONTEXT(2) 
PARAMETRIC_REPRESENTATION_CONTEXT() REPRESENTATION_CONTEXT('2D SPACE',''
  ) );
#9865 = ORIENTED_EDGE('',*,*,#9866,.T.);
#9866 = EDGE_CURVE('',#9844,#9867,#9869,.T.);
#9867 = VERTEX_POINT('',#9868);
#9868 = CARTESIAN_POINT('',(208.,53.8,152.));
#9869 = SURFACE_CURVE('',#9870,(#9874,#9881),.PCURVE_S1.);
#9870 = LINE('',#9871,#9872);
#9871 = CARTESIAN_POINT('',(208.,-61.,152.));
#9872 = VECTOR('',#9873,1.);
#9873 = DIRECTION('',(0.,1.,0.));
#9874 = PCURVE('',#7486,#9875);
#9875 = DEFINITIONAL_REPRESENTATION('',(#9876),#9880);
#9876 = LINE('',#9877,#9878);
#9877 = CARTESIAN_POINT('',(0.,0.));
#9878 = VECTOR('',#9879,1.);
#9879 = DIRECTION('',(0.,-1.));
#9880 = ( GEOMETRIC_REPRESENTATION_CONTEXT(2) 
PARAMETRIC_REPRESENTATION_CONTEXT() REPRESENTATION_CONTEXT('2D SPACE',''
  ) );
#9881 = PCURVE('',#156,#9882);
#9882 = DEFINITIONAL_REPRESENTATION('',(#9883),#9887);
#9883 = LINE('',#9884,#9885);
#9884 = CARTESIAN_POINT('',(8.,0.));
#9885 = VECTOR('',#9886,1.);
#9886 = DIRECTION('',(0.,1.));
#9887 = ( GEOMETRIC_REPRESENTATION_CONTEXT(2) 
PARAMETRIC_REPRESENTATION_CONTEXT() REPRESENTATION_CONTEXT('2D SPACE',''
  ) );
#9888 = ORIENTED_EDGE('',*,*,#9889,.F.);
#9889 = EDGE_CURVE('',#7397,#9867,#9890,.T.);
#9890 = SURFACE_CURVE('',#9891,(#9895,#9902),.PCURVE_S1.);
#9891 = LINE('',#9892,#9893);
#9892 = CARTESIAN_POINT('',(208.,53.8,150.5));
#9893 = VECTOR('',#9894,1.);
#9894 = DIRECTION('',(0.,0.,-1.));
#9895 = PCURVE('',#7486,#9896);
#9896 = DEFINITIONAL_REPRESENTATION('',(#9897),#9901);
#9897 = LINE('',#9898,#9899);
#9898 = CARTESIAN_POINT('',(-1.5,-114.8));
#9899 = VECTOR('',#9900,1.);
#9900 = DIRECTION('',(-1.,0.));
#9901 = ( GEOMETRIC_REPRESENTATION_CONTEXT(2) 
PARAMETRIC_REPRESENTATION_CONTEXT() REPRESENTATION_CONTEXT('2D SPACE',''
  ) );
#9902 = PCURVE('',#184,#9903);
#9903 = DEFINITIONAL_REPRESENTATION('',(#9904),#9908);
#9904 = LINE('',#9905,#9906);
#9905 = CARTESIAN_POINT('',(1.5,8.));
#9906 = VECTOR('',#9907,1.);
#9907 = DIRECTION('',(-1.,0.));
#9908 = ( GEOMETRIC_REPRESENTATION_CONTEXT(2) 
PARAMETRIC_REPRESENTATION_CONTEXT() REPRESENTATION_CONTEXT('2D SPACE',''
  ) );
#9909 = ADVANCED_FACE('',(#9910),#6906,.F.);
#9910 = FACE_BOUND('',#9911,.F.);
#9911 = EDGE_LOOP('',(#9912,#9935,#9936,#9963,#9964,#9965));
#9912 = ORIENTED_EDGE('',*,*,#9913,.T.);
#9913 = EDGE_CURVE('',#9914,#6890,#9916,.T.);
#9914 = VERTEX_POINT('',#9915);
#9915 = CARTESIAN_POINT('',(213.7,-58.,156.));
#9916 = SEAM_CURVE('',#9917,(#9921,#9928),.PCURVE_S1.);
#9917 = LINE('',#9918,#9919);
#9918 = CARTESIAN_POINT('',(213.7,-58.,156.));
#9919 = VECTOR('',#9920,1.);
#9920 = DIRECTION('',(0.612571665436,-1.500367858649E-16,0.790415052175)
  );
#9921 = PCURVE('',#6906,#9922);
#9922 = DEFINITIONAL_REPRESENTATION('',(#9923),#9927);
#9923 = LINE('',#9924,#9925);
#9924 = CARTESIAN_POINT('',(6.28318530718,-0.));
#9925 = VECTOR('',#9926,1.);
#9926 = DIRECTION('',(0.,1.));
#9927 = ( GEOMETRIC_REPRESENTATION_CONTEXT(2) 
PARAMETRIC_REPRESENTATION_CONTEXT() REPRESENTATION_CONTEXT('2D SPACE',''
  ) );
#9928 = PCURVE('',#6906,#9929);
#9929 = DEFINITIONAL_REPRESENTATION('',(#9930),#9934);
#9930 = LINE('',#9931,#9932);
#9931 = CARTESIAN_POINT('',(0.,-0.));
#9932 = VECTOR('',#9933,1.);
#9933 = DIRECTION('',(0.,1.));
#9934 = ( GEOMETRIC_REPRESENTATION_CONTEXT(2) 
PARAMETRIC_REPRESENTATION_CONTEXT() REPRESENTATION_CONTEXT('2D SPACE',''
  ) );
#9935 = ORIENTED_EDGE('',*,*,#6918,.F.);
#9936 = ORIENTED_EDGE('',*,*,#9937,.F.);
#9937 = EDGE_CURVE('',#6867,#6919,#9938,.T.);
#9938 = SURFACE_CURVE('',#9939,(#9944,#9956),.PCURVE_S1.);
#9939 = HYPERBOLA('',#9940,3.870967741935,3.);
#9940 = AXIS2_PLACEMENT_3D('',#9941,#9942,#9943);
#9941 = CARTESIAN_POINT('',(212.,-61.,153.8064516129));
#9942 = DIRECTION('',(0.,1.,0.));
#9943 = DIRECTION('',(0.,-0.,1.));
#9944 = PCURVE('',#6906,#9945);
#9945 = DEFINITIONAL_REPRESENTATION('',(#9946),#9955);
#9946 = B_SPLINE_CURVE_WITH_KNOTS('',7,(#9947,#9948,#9949,#9950,#9951,
    #9952,#9953,#9954),.UNSPECIFIED.,.F.,.F.,(8,8),(-0.405465108108,
    0.405465108108),.PIECEWISE_BEZIER_KNOTS.);
#9947 = CARTESIAN_POINT('',(4.317597860685,2.));
#9948 = CARTESIAN_POINT('',(4.424533713373,1.813149719766));
#9949 = CARTESIAN_POINT('',(4.537028630401,1.691959178479));
#9950 = CARTESIAN_POINT('',(4.653429363031,1.632332794412));
#9951 = CARTESIAN_POINT('',(4.77134859774,1.632332794413));
#9952 = CARTESIAN_POINT('',(4.887749330369,1.691959178479));
#9953 = CARTESIAN_POINT('',(5.000244247397,1.813149719766));
#9954 = CARTESIAN_POINT('',(5.107180100084,2.));
#9955 = ( GEOMETRIC_REPRESENTATION_CONTEXT(2) 
PARAMETRIC_REPRESENTATION_CONTEXT() REPRESENTATION_CONTEXT('2D SPACE',''
  ) );
#9956 = PCURVE('',#494,#9957);
#9957 = DEFINITIONAL_REPRESENTATION('',(#9958),#9962);
#9958 = HYPERBOLA('',#9959,3.870967741935,3.);
#9959 = AXIS2_PLACEMENT_2D('',#9960,#9961);
#9960 = CARTESIAN_POINT('',(-123.3064516129,12.));
#9961 = DIRECTION('',(-1.,0.));
#9962 = ( GEOMETRIC_REPRESENTATION_CONTEXT(2) 
PARAMETRIC_REPRESENTATION_CONTEXT() REPRESENTATION_CONTEXT('2D SPACE',''
  ) );
#9963 = ORIENTED_EDGE('',*,*,#6889,.F.);
#9964 = ORIENTED_EDGE('',*,*,#9913,.F.);
#9965 = ORIENTED_EDGE('',*,*,#9966,.T.);
#9966 = EDGE_CURVE('',#9914,#9914,#9967,.T.);
#9967 = SURFACE_CURVE('',#9968,(#9973,#9980),.PCURVE_S1.);
#9968 = CIRCLE('',#9969,1.7);
#9969 = AXIS2_PLACEMENT_3D('',#9970,#9971,#9972);
#9970 = CARTESIAN_POINT('',(212.,-58.,156.));
#9971 = DIRECTION('',(0.,0.,1.));
#9972 = DIRECTION('',(1.,0.,-0.));
#9973 = PCURVE('',#6906,#9974);
#9974 = DEFINITIONAL_REPRESENTATION('',(#9975),#9979);
#9975 = LINE('',#9976,#9977);
#9976 = CARTESIAN_POINT('',(0.,0.));
#9977 = VECTOR('',#9978,1.);
#9978 = DIRECTION('',(1.,0.));
#9979 = ( GEOMETRIC_REPRESENTATION_CONTEXT(2) 
PARAMETRIC_REPRESENTATION_CONTEXT() REPRESENTATION_CONTEXT('2D SPACE',''
  ) );
#9980 = PCURVE('',#9981,#9986);
#9981 = CYLINDRICAL_SURFACE('',#9982,1.7);
#9982 = AXIS2_PLACEMENT_3D('',#9983,#9984,#9985);
#9983 = CARTESIAN_POINT('',(212.,-58.,151.));
#9984 = DIRECTION('',(-0.,-0.,-1.));
#9985 = DIRECTION('',(1.,0.,0.));
#9986 = DEFINITIONAL_REPRESENTATION('',(#9987),#9991);
#9987 = LINE('',#9988,#9989);
#9988 = CARTESIAN_POINT('',(-0.,-5.));
#9989 = VECTOR('',#9990,1.);
#9990 = DIRECTION('',(-1.,0.));
#9991 = ( GEOMETRIC_REPRESENTATION_CONTEXT(2) 
PARAMETRIC_REPRESENTATION_CONTEXT() REPRESENTATION_CONTEXT('2D SPACE',''
  ) );
#9992 = ADVANCED_FACE('',(#9993),#9981,.F.);
#9993 = FACE_BOUND('',#9994,.T.);
#9994 = EDGE_LOOP('',(#9995,#10018,#10049,#10050));
#9995 = ORIENTED_EDGE('',*,*,#9996,.F.);
#9996 = EDGE_CURVE('',#9997,#9914,#9999,.T.);
#9997 = VERTEX_POINT('',#9998);
#9998 = CARTESIAN_POINT('',(213.7,-58.,152.));
#9999 = SEAM_CURVE('',#10000,(#10004,#10011),.PCURVE_S1.);
#10000 = LINE('',#10001,#10002);
#10001 = CARTESIAN_POINT('',(213.7,-58.,151.));
#10002 = VECTOR('',#10003,1.);
#10003 = DIRECTION('',(0.,0.,1.));
#10004 = PCURVE('',#9981,#10005);
#10005 = DEFINITIONAL_REPRESENTATION('',(#10006),#10010);
#10006 = LINE('',#10007,#10008);
#10007 = CARTESIAN_POINT('',(-6.28318530718,0.));
#10008 = VECTOR('',#10009,1.);
#10009 = DIRECTION('',(-0.,-1.));
#10010 = ( GEOMETRIC_REPRESENTATION_CONTEXT(2) 
PARAMETRIC_REPRESENTATION_CONTEXT() REPRESENTATION_CONTEXT('2D SPACE',''
  ) );
#10011 = PCURVE('',#9981,#10012);
#10012 = DEFINITIONAL_REPRESENTATION('',(#10013),#10017);
#10013 = LINE('',#10014,#10015);
#10014 = CARTESIAN_POINT('',(-0.,0.));
#10015 = VECTOR('',#10016,1.);
#10016 = DIRECTION('',(-0.,-1.));
#10017 = ( GEOMETRIC_REPRESENTATION_CONTEXT(2) 
PARAMETRIC_REPRESENTATION_CONTEXT() REPRESENTATION_CONTEXT('2D SPACE',''
  ) );
#10018 = ORIENTED_EDGE('',*,*,#10019,.T.);
#10019 = EDGE_CURVE('',#9997,#9997,#10020,.T.);
#10020 = SURFACE_CURVE('',#10021,(#10026,#10033),.PCURVE_S1.);
#10021 = CIRCLE('',#10022,1.7);
#10022 = AXIS2_PLACEMENT_3D('',#10023,#10024,#10025);
#10023 = CARTESIAN_POINT('',(212.,-58.,152.));
#10024 = DIRECTION('',(0.,0.,-1.));
#10025 = DIRECTION('',(1.,0.,0.));
#10026 = PCURVE('',#9981,#10027);
#10027 = DEFINITIONAL_REPRESENTATION('',(#10028),#10032);
#10028 = LINE('',#10029,#10030);
#10029 = CARTESIAN_POINT('',(-6.28318530718,-1.));
#10030 = VECTOR('',#10031,1.);
#10031 = DIRECTION('',(1.,-0.));
#10032 = ( GEOMETRIC_REPRESENTATION_CONTEXT(2) 
PARAMETRIC_REPRESENTATION_CONTEXT() REPRESENTATION_CONTEXT('2D SPACE',''
  ) );
#10033 = PCURVE('',#10034,#10039);
#10034 = PLANE('',#10035);
#10035 = AXIS2_PLACEMENT_3D('',#10036,#10037,#10038);
#10036 = CARTESIAN_POINT('',(200.,-55.,152.));
#10037 = DIRECTION('',(0.,0.,1.));
#10038 = DIRECTION('',(-1.,-0.,0.));
#10039 = DEFINITIONAL_REPRESENTATION('',(#10040),#10048);
#10040 = ( BOUNDED_CURVE() B_SPLINE_CURVE(2,(#10041,#10042,#10043,#10044
    ,#10045,#10046,#10047),.UNSPECIFIED.,.T.,.F.) 
B_SPLINE_CURVE_WITH_KNOTS((1,2,2,2,2,1),(-2.094395102393,0.,
    2.094395102393,4.188790204786,6.28318530718,8.377580409573),
.UNSPECIFIED.) CURVE() GEOMETRIC_REPRESENTATION_ITEM() 
RATIONAL_B_SPLINE_CURVE((1.,0.5,1.,0.5,1.,0.5,1.)) REPRESENTATION_ITEM(
  '') );
#10041 = CARTESIAN_POINT('',(-13.7,3.));
#10042 = CARTESIAN_POINT('',(-13.7,5.944486372867));
#10043 = CARTESIAN_POINT('',(-11.15,4.472243186434));
#10044 = CARTESIAN_POINT('',(-8.6,3.));
#10045 = CARTESIAN_POINT('',(-11.15,1.527756813566));
#10046 = CARTESIAN_POINT('',(-13.7,5.551362713293E-02));
#10047 = CARTESIAN_POINT('',(-13.7,3.));
#10048 = ( GEOMETRIC_REPRESENTATION_CONTEXT(2) 
PARAMETRIC_REPRESENTATION_CONTEXT() REPRESENTATION_CONTEXT('2D SPACE',''
  ) );
#10049 = ORIENTED_EDGE('',*,*,#9996,.T.);
#10050 = ORIENTED_EDGE('',*,*,#9966,.T.);
#10051 = ADVANCED_FACE('',(#10052,#10055),#10034,.T.);
#10052 = FACE_BOUND('',#10053,.F.);
#10053 = EDGE_LOOP('',(#10054));
#10054 = ORIENTED_EDGE('',*,*,#10019,.T.);
#10055 = FACE_BOUND('',#10056,.F.);
#10056 = EDGE_LOOP('',(#10057));
#10057 = ORIENTED_EDGE('',*,*,#10058,.T.);
#10058 = EDGE_CURVE('',#10059,#10059,#10061,.T.);
#10059 = VERTEX_POINT('',#10060);
#10060 = CARTESIAN_POINT('',(213.25,-58.,152.));
#10061 = SURFACE_CURVE('',#10062,(#10067,#10074),.PCURVE_S1.);
#10062 = CIRCLE('',#10063,1.25);
#10063 = AXIS2_PLACEMENT_3D('',#10064,#10065,#10066);
#10064 = CARTESIAN_POINT('',(212.,-58.,152.));
#10065 = DIRECTION('',(0.,0.,1.));
#10066 = DIRECTION('',(1.,-0.,-0.));
#10067 = PCURVE('',#10034,#10068);
#10068 = DEFINITIONAL_REPRESENTATION('',(#10069),#10073);
#10069 = CIRCLE('',#10070,1.25);
#10070 = AXIS2_PLACEMENT_2D('',#10071,#10072);
#10071 = CARTESIAN_POINT('',(-12.,3.));
#10072 = DIRECTION('',(-1.,-0.));
#10073 = ( GEOMETRIC_REPRESENTATION_CONTEXT(2) 
PARAMETRIC_REPRESENTATION_CONTEXT() REPRESENTATION_CONTEXT('2D SPACE',''
  ) );
#10074 = PCURVE('',#10075,#10080);
#10075 = CYLINDRICAL_SURFACE('',#10076,1.25);
#10076 = AXIS2_PLACEMENT_3D('',#10077,#10078,#10079);
#10077 = CARTESIAN_POINT('',(212.,-58.,142.));
#10078 = DIRECTION('',(-0.,0.,-1.));
#10079 = DIRECTION('',(1.,-0.,-0.));
#10080 = DEFINITIONAL_REPRESENTATION('',(#10081),#10085);
#10081 = LINE('',#10082,#10083);
#10082 = CARTESIAN_POINT('',(6.28318530718,-10.));
#10083 = VECTOR('',#10084,1.);
#10084 = DIRECTION('',(-1.,0.));
#10085 = ( GEOMETRIC_REPRESENTATION_CONTEXT(2) 
PARAMETRIC_REPRESENTATION_CONTEXT() REPRESENTATION_CONTEXT('2D SPACE',''
  ) );
#10086 = ADVANCED_FACE('',(#10087),#10075,.F.);
#10087 = FACE_BOUND('',#10088,.F.);
#10088 = EDGE_LOOP('',(#10089,#10122,#10143,#10144));
#10089 = ORIENTED_EDGE('',*,*,#10090,.F.);
#10090 = EDGE_CURVE('',#10091,#10091,#10093,.T.);
#10091 = VERTEX_POINT('',#10092);
#10092 = CARTESIAN_POINT('',(213.25,-58.,142.));
#10093 = SURFACE_CURVE('',#10094,(#10099,#10106),.PCURVE_S1.);
#10094 = CIRCLE('',#10095,1.25);
#10095 = AXIS2_PLACEMENT_3D('',#10096,#10097,#10098);
#10096 = CARTESIAN_POINT('',(212.,-58.,142.));
#10097 = DIRECTION('',(0.,0.,-1.));
#10098 = DIRECTION('',(1.,-0.,-0.));
#10099 = PCURVE('',#10075,#10100);
#10100 = DEFINITIONAL_REPRESENTATION('',(#10101),#10105);
#10101 = LINE('',#10102,#10103);
#10102 = CARTESIAN_POINT('',(0.,0.));
#10103 = VECTOR('',#10104,1.);
#10104 = DIRECTION('',(1.,0.));
#10105 = ( GEOMETRIC_REPRESENTATION_CONTEXT(2) 
PARAMETRIC_REPRESENTATION_CONTEXT() REPRESENTATION_CONTEXT('2D SPACE',''
  ) );
#10106 = PCURVE('',#10107,#10112);
#10107 = PLANE('',#10108);
#10108 = AXIS2_PLACEMENT_3D('',#10109,#10110,#10111);
#10109 = CARTESIAN_POINT('',(208.,-54.,142.));
#10110 = DIRECTION('',(0.,0.,1.));
#10111 = DIRECTION('',(-1.,-0.,0.));
#10112 = DEFINITIONAL_REPRESENTATION('',(#10113),#10121);
#10113 = ( BOUNDED_CURVE() B_SPLINE_CURVE(2,(#10114,#10115,#10116,#10117
    ,#10118,#10119,#10120),.UNSPECIFIED.,.T.,.F.) 
B_SPLINE_CURVE_WITH_KNOTS((1,2,2,2,2,1),(-2.094395102393,0.,
    2.094395102393,4.188790204786,6.28318530718,8.377580409573),
.UNSPECIFIED.) CURVE() GEOMETRIC_REPRESENTATION_ITEM() 
RATIONAL_B_SPLINE_CURVE((1.,0.5,1.,0.5,1.,0.5,1.)) REPRESENTATION_ITEM(
  '') );
#10114 = CARTESIAN_POINT('',(-5.25,4.));
#10115 = CARTESIAN_POINT('',(-5.25,6.165063509461));
#10116 = CARTESIAN_POINT('',(-3.375,5.082531754731));
#10117 = CARTESIAN_POINT('',(-1.5,4.));
#10118 = CARTESIAN_POINT('',(-3.375,2.917468245269));
#10119 = CARTESIAN_POINT('',(-5.25,1.834936490539));
#10120 = CARTESIAN_POINT('',(-5.25,4.));
#10121 = ( GEOMETRIC_REPRESENTATION_CONTEXT(2) 
PARAMETRIC_REPRESENTATION_CONTEXT() REPRESENTATION_CONTEXT('2D SPACE',''
  ) );
#10122 = ORIENTED_EDGE('',*,*,#10123,.T.);
#10123 = EDGE_CURVE('',#10091,#10059,#10124,.T.);
#10124 = SEAM_CURVE('',#10125,(#10129,#10136),.PCURVE_S1.);
#10125 = LINE('',#10126,#10127);
#10126 = CARTESIAN_POINT('',(213.25,-58.,142.));
#10127 = VECTOR('',#10128,1.);
#10128 = DIRECTION('',(-0.,-0.,1.));
#10129 = PCURVE('',#10075,#10130);
#10130 = DEFINITIONAL_REPRESENTATION('',(#10131),#10135);
#10131 = LINE('',#10132,#10133);
#10132 = CARTESIAN_POINT('',(6.28318530718,0.));
#10133 = VECTOR('',#10134,1.);
#10134 = DIRECTION('',(0.,-1.));
#10135 = ( GEOMETRIC_REPRESENTATION_CONTEXT(2) 
PARAMETRIC_REPRESENTATION_CONTEXT() REPRESENTATION_CONTEXT('2D SPACE',''
  ) );
#10136 = PCURVE('',#10075,#10137);
#10137 = DEFINITIONAL_REPRESENTATION('',(#10138),#10142);
#10138 = LINE('',#10139,#10140);
#10139 = CARTESIAN_POINT('',(0.,0.));
#10140 = VECTOR('',#10141,1.);
#10141 = DIRECTION('',(0.,-1.));
#10142 = ( GEOMETRIC_REPRESENTATION_CONTEXT(2) 
PARAMETRIC_REPRESENTATION_CONTEXT() REPRESENTATION_CONTEXT('2D SPACE',''
  ) );
#10143 = ORIENTED_EDGE('',*,*,#10058,.F.);
#10144 = ORIENTED_EDGE('',*,*,#10123,.F.);
#10145 = ADVANCED_FACE('',(#10146,#10250),#10107,.F.);
#10146 = FACE_BOUND('',#10147,.T.);
#10147 = EDGE_LOOP('',(#10148,#10178,#10201,#10229));
#10148 = ORIENTED_EDGE('',*,*,#10149,.F.);
#10149 = EDGE_CURVE('',#10150,#10152,#10154,.T.);
#10150 = VERTEX_POINT('',#10151);
#10151 = CARTESIAN_POINT('',(208.,-55.,142.));
#10152 = VERTEX_POINT('',#10153);
#10153 = CARTESIAN_POINT('',(208.,-61.,142.));
#10154 = SURFACE_CURVE('',#10155,(#10159,#10166),.PCURVE_S1.);
#10155 = LINE('',#10156,#10157);
#10156 = CARTESIAN_POINT('',(208.,-54.,142.));
#10157 = VECTOR('',#10158,1.);
#10158 = DIRECTION('',(0.,-1.,0.));
#10159 = PCURVE('',#10107,#10160);
#10160 = DEFINITIONAL_REPRESENTATION('',(#10161),#10165);
#10161 = LINE('',#10162,#10163);
#10162 = CARTESIAN_POINT('',(-0.,-0.));
#10163 = VECTOR('',#10164,1.);
#10164 = DIRECTION('',(-0.,1.));
#10165 = ( GEOMETRIC_REPRESENTATION_CONTEXT(2) 
PARAMETRIC_REPRESENTATION_CONTEXT() REPRESENTATION_CONTEXT('2D SPACE',''
  ) );
#10166 = PCURVE('',#10167,#10172);
#10167 = PLANE('',#10168);
#10168 = AXIS2_PLACEMENT_3D('',#10169,#10170,#10171);
#10169 = CARTESIAN_POINT('',(208.,-54.,44.));
#10170 = DIRECTION('',(1.,0.,0.));
#10171 = DIRECTION('',(0.,-0.,-1.));
#10172 = DEFINITIONAL_REPRESENTATION('',(#10173),#10177);
#10173 = LINE('',#10174,#10175);
#10174 = CARTESIAN_POINT('',(-98.,0.));
#10175 = VECTOR('',#10176,1.);
#10176 = DIRECTION('',(-0.,-1.));
#10177 = ( GEOMETRIC_REPRESENTATION_CONTEXT(2) 
PARAMETRIC_REPRESENTATION_CONTEXT() REPRESENTATION_CONTEXT('2D SPACE',''
  ) );
#10178 = ORIENTED_EDGE('',*,*,#10179,.T.);
#10179 = EDGE_CURVE('',#10150,#10180,#10182,.T.);
#10180 = VERTEX_POINT('',#10181);
#10181 = CARTESIAN_POINT('',(223.66666666666,-55.,142.));
#10182 = SURFACE_CURVE('',#10183,(#10187,#10194),.PCURVE_S1.);
#10183 = LINE('',#10184,#10185);
#10184 = CARTESIAN_POINT('',(204.,-55.,142.));
#10185 = VECTOR('',#10186,1.);
#10186 = DIRECTION('',(1.,-0.,-0.));
#10187 = PCURVE('',#10107,#10188);
#10188 = DEFINITIONAL_REPRESENTATION('',(#10189),#10193);
#10189 = LINE('',#10190,#10191);
#10190 = CARTESIAN_POINT('',(4.,1.));
#10191 = VECTOR('',#10192,1.);
#10192 = DIRECTION('',(-1.,0.));
#10193 = ( GEOMETRIC_REPRESENTATION_CONTEXT(2) 
PARAMETRIC_REPRESENTATION_CONTEXT() REPRESENTATION_CONTEXT('2D SPACE',''
  ) );
#10194 = PCURVE('',#72,#10195);
#10195 = DEFINITIONAL_REPRESENTATION('',(#10196),#10200);
#10196 = LINE('',#10197,#10198);
#10197 = CARTESIAN_POINT('',(-111.5,4.));
#10198 = VECTOR('',#10199,1.);
#10199 = DIRECTION('',(-0.,1.));
#10200 = ( GEOMETRIC_REPRESENTATION_CONTEXT(2) 
PARAMETRIC_REPRESENTATION_CONTEXT() REPRESENTATION_CONTEXT('2D SPACE',''
  ) );
#10201 = ORIENTED_EDGE('',*,*,#10202,.T.);
#10202 = EDGE_CURVE('',#10180,#10203,#10205,.T.);
#10203 = VERTEX_POINT('',#10204);
#10204 = CARTESIAN_POINT('',(223.66666666666,-61.,142.));
#10205 = SURFACE_CURVE('',#10206,(#10210,#10217),.PCURVE_S1.);
#10206 = LINE('',#10207,#10208);
#10207 = CARTESIAN_POINT('',(223.66666666666,-54.,142.));
#10208 = VECTOR('',#10209,1.);
#10209 = DIRECTION('',(0.,-1.,0.));
#10210 = PCURVE('',#10107,#10211);
#10211 = DEFINITIONAL_REPRESENTATION('',(#10212),#10216);
#10212 = LINE('',#10213,#10214);
#10213 = CARTESIAN_POINT('',(-15.66666666666,-0.));
#10214 = VECTOR('',#10215,1.);
#10215 = DIRECTION('',(-0.,1.));
#10216 = ( GEOMETRIC_REPRESENTATION_CONTEXT(2) 
PARAMETRIC_REPRESENTATION_CONTEXT() REPRESENTATION_CONTEXT('2D SPACE',''
  ) );
#10217 = PCURVE('',#10218,#10223);
#10218 = PLANE('',#10219);
#10219 = AXIS2_PLACEMENT_3D('',#10220,#10221,#10222);
#10220 = CARTESIAN_POINT('',(223.66666666666,-54.,44.));
#10221 = DIRECTION('',(1.,0.,0.));
#10222 = DIRECTION('',(0.,-0.,-1.));
#10223 = DEFINITIONAL_REPRESENTATION('',(#10224),#10228);
#10224 = LINE('',#10225,#10226);
#10225 = CARTESIAN_POINT('',(-98.,0.));
#10226 = VECTOR('',#10227,1.);
#10227 = DIRECTION('',(-0.,-1.));
#10228 = ( GEOMETRIC_REPRESENTATION_CONTEXT(2) 
PARAMETRIC_REPRESENTATION_CONTEXT() REPRESENTATION_CONTEXT('2D SPACE',''
  ) );
#10229 = ORIENTED_EDGE('',*,*,#10230,.F.);
#10230 = EDGE_CURVE('',#10152,#10203,#10231,.T.);
#10231 = SURFACE_CURVE('',#10232,(#10236,#10243),.PCURVE_S1.);
#10232 = LINE('',#10233,#10234);
#10233 = CARTESIAN_POINT('',(204.,-61.,142.));
#10234 = VECTOR('',#10235,1.);
#10235 = DIRECTION('',(1.,-0.,-0.));
#10236 = PCURVE('',#10107,#10237);
#10237 = DEFINITIONAL_REPRESENTATION('',(#10238),#10242);
#10238 = LINE('',#10239,#10240);
#10239 = CARTESIAN_POINT('',(4.,7.));
#10240 = VECTOR('',#10241,1.);
#10241 = DIRECTION('',(-1.,0.));
#10242 = ( GEOMETRIC_REPRESENTATION_CONTEXT(2) 
PARAMETRIC_REPRESENTATION_CONTEXT() REPRESENTATION_CONTEXT('2D SPACE',''
  ) );
#10243 = PCURVE('',#494,#10244);
#10244 = DEFINITIONAL_REPRESENTATION('',(#10245),#10249);
#10245 = LINE('',#10246,#10247);
#10246 = CARTESIAN_POINT('',(-111.5,4.));
#10247 = VECTOR('',#10248,1.);
#10248 = DIRECTION('',(-0.,1.));
#10249 = ( GEOMETRIC_REPRESENTATION_CONTEXT(2) 
PARAMETRIC_REPRESENTATION_CONTEXT() REPRESENTATION_CONTEXT('2D SPACE',''
  ) );
#10250 = FACE_BOUND('',#10251,.T.);
#10251 = EDGE_LOOP('',(#10252));
#10252 = ORIENTED_EDGE('',*,*,#10090,.F.);
#10253 = ADVANCED_FACE('',(#10254),#10218,.F.);
#10254 = FACE_BOUND('',#10255,.T.);
#10255 = EDGE_LOOP('',(#10256,#10257,#10280,#10308));
#10256 = ORIENTED_EDGE('',*,*,#10202,.F.);
#10257 = ORIENTED_EDGE('',*,*,#10258,.T.);
#10258 = EDGE_CURVE('',#10180,#10259,#10261,.T.);
#10259 = VERTEX_POINT('',#10260);
#10260 = CARTESIAN_POINT('',(223.66666666666,-55.,44.));
#10261 = SURFACE_CURVE('',#10262,(#10266,#10273),.PCURVE_S1.);
#10262 = LINE('',#10263,#10264);
#10263 = CARTESIAN_POINT('',(223.66666666666,-55.,37.25));
#10264 = VECTOR('',#10265,1.);
#10265 = DIRECTION('',(-0.,-0.,-1.));
#10266 = PCURVE('',#10218,#10267);
#10267 = DEFINITIONAL_REPRESENTATION('',(#10268),#10272);
#10268 = LINE('',#10269,#10270);
#10269 = CARTESIAN_POINT('',(6.75,-1.));
#10270 = VECTOR('',#10271,1.);
#10271 = DIRECTION('',(1.,-0.));
#10272 = ( GEOMETRIC_REPRESENTATION_CONTEXT(2) 
PARAMETRIC_REPRESENTATION_CONTEXT() REPRESENTATION_CONTEXT('2D SPACE',''
  ) );
#10273 = PCURVE('',#72,#10274);
#10274 = DEFINITIONAL_REPRESENTATION('',(#10275),#10279);
#10275 = LINE('',#10276,#10277);
#10276 = CARTESIAN_POINT('',(-6.75,23.666666666667));
#10277 = VECTOR('',#10278,1.);
#10278 = DIRECTION('',(1.,-0.));
#10279 = ( GEOMETRIC_REPRESENTATION_CONTEXT(2) 
PARAMETRIC_REPRESENTATION_CONTEXT() REPRESENTATION_CONTEXT('2D SPACE',''
  ) );
#10280 = ORIENTED_EDGE('',*,*,#10281,.T.);
#10281 = EDGE_CURVE('',#10259,#10282,#10284,.T.);
#10282 = VERTEX_POINT('',#10283);
#10283 = CARTESIAN_POINT('',(223.66666666666,-61.,44.));
#10284 = SURFACE_CURVE('',#10285,(#10289,#10296),.PCURVE_S1.);
#10285 = LINE('',#10286,#10287);
#10286 = CARTESIAN_POINT('',(223.66666666666,-54.,44.));
#10287 = VECTOR('',#10288,1.);
#10288 = DIRECTION('',(0.,-1.,0.));
#10289 = PCURVE('',#10218,#10290);
#10290 = DEFINITIONAL_REPRESENTATION('',(#10291),#10295);
#10291 = LINE('',#10292,#10293);
#10292 = CARTESIAN_POINT('',(-0.,0.));
#10293 = VECTOR('',#10294,1.);
#10294 = DIRECTION('',(-0.,-1.));
#10295 = ( GEOMETRIC_REPRESENTATION_CONTEXT(2) 
PARAMETRIC_REPRESENTATION_CONTEXT() REPRESENTATION_CONTEXT('2D SPACE',''
  ) );
#10296 = PCURVE('',#10297,#10302);
#10297 = PLANE('',#10298);
#10298 = AXIS2_PLACEMENT_3D('',#10299,#10300,#10301);
#10299 = CARTESIAN_POINT('',(208.,-54.,44.));
#10300 = DIRECTION('',(0.,0.,1.));
#10301 = DIRECTION('',(-1.,-0.,0.));
#10302 = DEFINITIONAL_REPRESENTATION('',(#10303),#10307);
#10303 = LINE('',#10304,#10305);
#10304 = CARTESIAN_POINT('',(-15.66666666666,-0.));
#10305 = VECTOR('',#10306,1.);
#10306 = DIRECTION('',(-0.,1.));
#10307 = ( GEOMETRIC_REPRESENTATION_CONTEXT(2) 
PARAMETRIC_REPRESENTATION_CONTEXT() REPRESENTATION_CONTEXT('2D SPACE',''
  ) );
#10308 = ORIENTED_EDGE('',*,*,#10309,.F.);
#10309 = EDGE_CURVE('',#10203,#10282,#10310,.T.);
#10310 = SURFACE_CURVE('',#10311,(#10315,#10322),.PCURVE_S1.);
#10311 = LINE('',#10312,#10313);
#10312 = CARTESIAN_POINT('',(223.66666666666,-61.,37.25));
#10313 = VECTOR('',#10314,1.);
#10314 = DIRECTION('',(-0.,-0.,-1.));
#10315 = PCURVE('',#10218,#10316);
#10316 = DEFINITIONAL_REPRESENTATION('',(#10317),#10321);
#10317 = LINE('',#10318,#10319);
#10318 = CARTESIAN_POINT('',(6.75,-7.));
#10319 = VECTOR('',#10320,1.);
#10320 = DIRECTION('',(1.,-0.));
#10321 = ( GEOMETRIC_REPRESENTATION_CONTEXT(2) 
PARAMETRIC_REPRESENTATION_CONTEXT() REPRESENTATION_CONTEXT('2D SPACE',''
  ) );
#10322 = PCURVE('',#494,#10323);
#10323 = DEFINITIONAL_REPRESENTATION('',(#10324),#10328);
#10324 = LINE('',#10325,#10326);
#10325 = CARTESIAN_POINT('',(-6.75,23.666666666667));
#10326 = VECTOR('',#10327,1.);
#10327 = DIRECTION('',(1.,-0.));
#10328 = ( GEOMETRIC_REPRESENTATION_CONTEXT(2) 
PARAMETRIC_REPRESENTATION_CONTEXT() REPRESENTATION_CONTEXT('2D SPACE',''
  ) );
#10329 = ADVANCED_FACE('',(#10330),#10297,.T.);
#10330 = FACE_BOUND('',#10331,.F.);
#10331 = EDGE_LOOP('',(#10332,#10357,#10378,#10379));
#10332 = ORIENTED_EDGE('',*,*,#10333,.F.);
#10333 = EDGE_CURVE('',#10334,#10336,#10338,.T.);
#10334 = VERTEX_POINT('',#10335);
#10335 = CARTESIAN_POINT('',(208.,-55.,44.));
#10336 = VERTEX_POINT('',#10337);
#10337 = CARTESIAN_POINT('',(208.,-61.,44.));
#10338 = SURFACE_CURVE('',#10339,(#10343,#10350),.PCURVE_S1.);
#10339 = LINE('',#10340,#10341);
#10340 = CARTESIAN_POINT('',(208.,-54.,44.));
#10341 = VECTOR('',#10342,1.);
#10342 = DIRECTION('',(0.,-1.,0.));
#10343 = PCURVE('',#10297,#10344);
#10344 = DEFINITIONAL_REPRESENTATION('',(#10345),#10349);
#10345 = LINE('',#10346,#10347);
#10346 = CARTESIAN_POINT('',(-0.,-0.));
#10347 = VECTOR('',#10348,1.);
#10348 = DIRECTION('',(-0.,1.));
#10349 = ( GEOMETRIC_REPRESENTATION_CONTEXT(2) 
PARAMETRIC_REPRESENTATION_CONTEXT() REPRESENTATION_CONTEXT('2D SPACE',''
  ) );
#10350 = PCURVE('',#10167,#10351);
#10351 = DEFINITIONAL_REPRESENTATION('',(#10352),#10356);
#10352 = LINE('',#10353,#10354);
#10353 = CARTESIAN_POINT('',(-0.,0.));
#10354 = VECTOR('',#10355,1.);
#10355 = DIRECTION('',(-0.,-1.));
#10356 = ( GEOMETRIC_REPRESENTATION_CONTEXT(2) 
PARAMETRIC_REPRESENTATION_CONTEXT() REPRESENTATION_CONTEXT('2D SPACE',''
  ) );
#10357 = ORIENTED_EDGE('',*,*,#10358,.T.);
#10358 = EDGE_CURVE('',#10334,#10259,#10359,.T.);
#10359 = SURFACE_CURVE('',#10360,(#10364,#10371),.PCURVE_S1.);
#10360 = LINE('',#10361,#10362);
#10361 = CARTESIAN_POINT('',(204.,-55.,44.));
#10362 = VECTOR('',#10363,1.);
#10363 = DIRECTION('',(1.,-0.,-0.));
#10364 = PCURVE('',#10297,#10365);
#10365 = DEFINITIONAL_REPRESENTATION('',(#10366),#10370);
#10366 = LINE('',#10367,#10368);
#10367 = CARTESIAN_POINT('',(4.,1.));
#10368 = VECTOR('',#10369,1.);
#10369 = DIRECTION('',(-1.,0.));
#10370 = ( GEOMETRIC_REPRESENTATION_CONTEXT(2) 
PARAMETRIC_REPRESENTATION_CONTEXT() REPRESENTATION_CONTEXT('2D SPACE',''
  ) );
#10371 = PCURVE('',#72,#10372);
#10372 = DEFINITIONAL_REPRESENTATION('',(#10373),#10377);
#10373 = LINE('',#10374,#10375);
#10374 = CARTESIAN_POINT('',(-13.5,4.));
#10375 = VECTOR('',#10376,1.);
#10376 = DIRECTION('',(-0.,1.));
#10377 = ( GEOMETRIC_REPRESENTATION_CONTEXT(2) 
PARAMETRIC_REPRESENTATION_CONTEXT() REPRESENTATION_CONTEXT('2D SPACE',''
  ) );
#10378 = ORIENTED_EDGE('',*,*,#10281,.T.);
#10379 = ORIENTED_EDGE('',*,*,#10380,.F.);
#10380 = EDGE_CURVE('',#10336,#10282,#10381,.T.);
#10381 = SURFACE_CURVE('',#10382,(#10386,#10393),.PCURVE_S1.);
#10382 = LINE('',#10383,#10384);
#10383 = CARTESIAN_POINT('',(204.,-61.,44.));
#10384 = VECTOR('',#10385,1.);
#10385 = DIRECTION('',(1.,-0.,-0.));
#10386 = PCURVE('',#10297,#10387);
#10387 = DEFINITIONAL_REPRESENTATION('',(#10388),#10392);
#10388 = LINE('',#10389,#10390);
#10389 = CARTESIAN_POINT('',(4.,7.));
#10390 = VECTOR('',#10391,1.);
#10391 = DIRECTION('',(-1.,0.));
#10392 = ( GEOMETRIC_REPRESENTATION_CONTEXT(2) 
PARAMETRIC_REPRESENTATION_CONTEXT() REPRESENTATION_CONTEXT('2D SPACE',''
  ) );
#10393 = PCURVE('',#494,#10394);
#10394 = DEFINITIONAL_REPRESENTATION('',(#10395),#10399);
#10395 = LINE('',#10396,#10397);
#10396 = CARTESIAN_POINT('',(-13.5,4.));
#10397 = VECTOR('',#10398,1.);
#10398 = DIRECTION('',(-0.,1.));
#10399 = ( GEOMETRIC_REPRESENTATION_CONTEXT(2) 
PARAMETRIC_REPRESENTATION_CONTEXT() REPRESENTATION_CONTEXT('2D SPACE',''
  ) );
#10400 = ADVANCED_FACE('',(#10401),#10167,.T.);
#10401 = FACE_BOUND('',#10402,.F.);
#10402 = EDGE_LOOP('',(#10403,#10404,#10425,#10426));
#10403 = ORIENTED_EDGE('',*,*,#10149,.F.);
#10404 = ORIENTED_EDGE('',*,*,#10405,.T.);
#10405 = EDGE_CURVE('',#10150,#10334,#10406,.T.);
#10406 = SURFACE_CURVE('',#10407,(#10411,#10418),.PCURVE_S1.);
#10407 = LINE('',#10408,#10409);
#10408 = CARTESIAN_POINT('',(208.,-55.,37.25));
#10409 = VECTOR('',#10410,1.);
#10410 = DIRECTION('',(-0.,-0.,-1.));
#10411 = PCURVE('',#10167,#10412);
#10412 = DEFINITIONAL_REPRESENTATION('',(#10413),#10417);
#10413 = LINE('',#10414,#10415);
#10414 = CARTESIAN_POINT('',(6.75,-1.));
#10415 = VECTOR('',#10416,1.);
#10416 = DIRECTION('',(1.,-0.));
#10417 = ( GEOMETRIC_REPRESENTATION_CONTEXT(2) 
PARAMETRIC_REPRESENTATION_CONTEXT() REPRESENTATION_CONTEXT('2D SPACE',''
  ) );
#10418 = PCURVE('',#72,#10419);
#10419 = DEFINITIONAL_REPRESENTATION('',(#10420),#10424);
#10420 = LINE('',#10421,#10422);
#10421 = CARTESIAN_POINT('',(-6.75,8.));
#10422 = VECTOR('',#10423,1.);
#10423 = DIRECTION('',(1.,-0.));
#10424 = ( GEOMETRIC_REPRESENTATION_CONTEXT(2) 
PARAMETRIC_REPRESENTATION_CONTEXT() REPRESENTATION_CONTEXT('2D SPACE',''
  ) );
#10425 = ORIENTED_EDGE('',*,*,#10333,.T.);
#10426 = ORIENTED_EDGE('',*,*,#10427,.F.);
#10427 = EDGE_CURVE('',#10152,#10336,#10428,.T.);
#10428 = SURFACE_CURVE('',#10429,(#10433,#10440),.PCURVE_S1.);
#10429 = LINE('',#10430,#10431);
#10430 = CARTESIAN_POINT('',(208.,-61.,37.25));
#10431 = VECTOR('',#10432,1.);
#10432 = DIRECTION('',(-0.,-0.,-1.));
#10433 = PCURVE('',#10167,#10434);
#10434 = DEFINITIONAL_REPRESENTATION('',(#10435),#10439);
#10435 = LINE('',#10436,#10437);
#10436 = CARTESIAN_POINT('',(6.75,-7.));
#10437 = VECTOR('',#10438,1.);
#10438 = DIRECTION('',(1.,-0.));
#10439 = ( GEOMETRIC_REPRESENTATION_CONTEXT(2) 
PARAMETRIC_REPRESENTATION_CONTEXT() REPRESENTATION_CONTEXT('2D SPACE',''
  ) );
#10440 = PCURVE('',#494,#10441);
#10441 = DEFINITIONAL_REPRESENTATION('',(#10442),#10446);
#10442 = LINE('',#10443,#10444);
#10443 = CARTESIAN_POINT('',(-6.75,8.));
#10444 = VECTOR('',#10445,1.);
#10445 = DIRECTION('',(1.,-0.));
#10446 = ( GEOMETRIC_REPRESENTATION_CONTEXT(2) 
PARAMETRIC_REPRESENTATION_CONTEXT() REPRESENTATION_CONTEXT('2D SPACE',''
  ) );
#10447 = ADVANCED_FACE('',(#10448),#6982,.F.);
#10448 = FACE_BOUND('',#10449,.F.);
#10449 = EDGE_LOOP('',(#10450,#10473,#10474,#10501,#10502,#10503));
#10450 = ORIENTED_EDGE('',*,*,#10451,.T.);
#10451 = EDGE_CURVE('',#10452,#6966,#10454,.T.);
#10452 = VERTEX_POINT('',#10453);
#10453 = CARTESIAN_POINT('',(276.7,-58.,156.));
#10454 = SEAM_CURVE('',#10455,(#10459,#10466),.PCURVE_S1.);
#10455 = LINE('',#10456,#10457);
#10456 = CARTESIAN_POINT('',(276.7,-58.,156.));
#10457 = VECTOR('',#10458,1.);
#10458 = DIRECTION('',(0.612571665436,-1.500367858649E-16,0.790415052175
    ));
#10459 = PCURVE('',#6982,#10460);
#10460 = DEFINITIONAL_REPRESENTATION('',(#10461),#10465);
#10461 = LINE('',#10462,#10463);
#10462 = CARTESIAN_POINT('',(6.28318530718,-0.));
#10463 = VECTOR('',#10464,1.);
#10464 = DIRECTION('',(0.,1.));
#10465 = ( GEOMETRIC_REPRESENTATION_CONTEXT(2) 
PARAMETRIC_REPRESENTATION_CONTEXT() REPRESENTATION_CONTEXT('2D SPACE',''
  ) );
#10466 = PCURVE('',#6982,#10467);
#10467 = DEFINITIONAL_REPRESENTATION('',(#10468),#10472);
#10468 = LINE('',#10469,#10470);
#10469 = CARTESIAN_POINT('',(0.,-0.));
#10470 = VECTOR('',#10471,1.);
#10471 = DIRECTION('',(0.,1.));
#10472 = ( GEOMETRIC_REPRESENTATION_CONTEXT(2) 
PARAMETRIC_REPRESENTATION_CONTEXT() REPRESENTATION_CONTEXT('2D SPACE',''
  ) );
#10473 = ORIENTED_EDGE('',*,*,#6994,.F.);
#10474 = ORIENTED_EDGE('',*,*,#10475,.F.);
#10475 = EDGE_CURVE('',#6943,#6995,#10476,.T.);
#10476 = SURFACE_CURVE('',#10477,(#10482,#10494),.PCURVE_S1.);
#10477 = HYPERBOLA('',#10478,3.870967741935,3.);
#10478 = AXIS2_PLACEMENT_3D('',#10479,#10480,#10481);
#10479 = CARTESIAN_POINT('',(275.,-61.,153.8064516129));
#10480 = DIRECTION('',(0.,1.,0.));
#10481 = DIRECTION('',(0.,-0.,1.));
#10482 = PCURVE('',#6982,#10483);
#10483 = DEFINITIONAL_REPRESENTATION('',(#10484),#10493);
#10484 = B_SPLINE_CURVE_WITH_KNOTS('',7,(#10485,#10486,#10487,#10488,
    #10489,#10490,#10491,#10492),.UNSPECIFIED.,.F.,.F.,(8,8),(
    -0.405465108108,0.405465108108),.PIECEWISE_BEZIER_KNOTS.);
#10485 = CARTESIAN_POINT('',(4.317597860685,2.));
#10486 = CARTESIAN_POINT('',(4.424533713373,1.813149719766));
#10487 = CARTESIAN_POINT('',(4.5370286304,1.691959178479));
#10488 = CARTESIAN_POINT('',(4.653429363034,1.632332794412));
#10489 = CARTESIAN_POINT('',(4.771348597736,1.632332794413));
#10490 = CARTESIAN_POINT('',(4.88774933037,1.691959178479));
#10491 = CARTESIAN_POINT('',(5.000244247397,1.813149719766));
#10492 = CARTESIAN_POINT('',(5.107180100084,2.));
#10493 = ( GEOMETRIC_REPRESENTATION_CONTEXT(2) 
PARAMETRIC_REPRESENTATION_CONTEXT() REPRESENTATION_CONTEXT('2D SPACE',''
  ) );
#10494 = PCURVE('',#494,#10495);
#10495 = DEFINITIONAL_REPRESENTATION('',(#10496),#10500);
#10496 = HYPERBOLA('',#10497,3.870967741935,3.);
#10497 = AXIS2_PLACEMENT_2D('',#10498,#10499);
#10498 = CARTESIAN_POINT('',(-123.3064516129,75.));
#10499 = DIRECTION('',(-1.,0.));
#10500 = ( GEOMETRIC_REPRESENTATION_CONTEXT(2) 
PARAMETRIC_REPRESENTATION_CONTEXT() REPRESENTATION_CONTEXT('2D SPACE',''
  ) );
#10501 = ORIENTED_EDGE('',*,*,#6965,.F.);
#10502 = ORIENTED_EDGE('',*,*,#10451,.F.);
#10503 = ORIENTED_EDGE('',*,*,#10504,.T.);
#10504 = EDGE_CURVE('',#10452,#10452,#10505,.T.);
#10505 = SURFACE_CURVE('',#10506,(#10511,#10518),.PCURVE_S1.);
#10506 = CIRCLE('',#10507,1.7);
#10507 = AXIS2_PLACEMENT_3D('',#10508,#10509,#10510);
#10508 = CARTESIAN_POINT('',(275.,-58.,156.));
#10509 = DIRECTION('',(0.,0.,1.));
#10510 = DIRECTION('',(1.,0.,-0.));
#10511 = PCURVE('',#6982,#10512);
#10512 = DEFINITIONAL_REPRESENTATION('',(#10513),#10517);
#10513 = LINE('',#10514,#10515);
#10514 = CARTESIAN_POINT('',(0.,0.));
#10515 = VECTOR('',#10516,1.);
#10516 = DIRECTION('',(1.,0.));
#10517 = ( GEOMETRIC_REPRESENTATION_CONTEXT(2) 
PARAMETRIC_REPRESENTATION_CONTEXT() REPRESENTATION_CONTEXT('2D SPACE',''
  ) );
#10518 = PCURVE('',#10519,#10524);
#10519 = CYLINDRICAL_SURFACE('',#10520,1.7);
#10520 = AXIS2_PLACEMENT_3D('',#10521,#10522,#10523);
#10521 = CARTESIAN_POINT('',(275.,-58.,151.));
#10522 = DIRECTION('',(-0.,-0.,-1.));
#10523 = DIRECTION('',(1.,0.,0.));
#10524 = DEFINITIONAL_REPRESENTATION('',(#10525),#10529);
#10525 = LINE('',#10526,#10527);
#10526 = CARTESIAN_POINT('',(-0.,-5.));
#10527 = VECTOR('',#10528,1.);
#10528 = DIRECTION('',(-1.,0.));
#10529 = ( GEOMETRIC_REPRESENTATION_CONTEXT(2) 
PARAMETRIC_REPRESENTATION_CONTEXT() REPRESENTATION_CONTEXT('2D SPACE',''
  ) );
#10530 = ADVANCED_FACE('',(#10531),#10519,.F.);
#10531 = FACE_BOUND('',#10532,.T.);
#10532 = EDGE_LOOP('',(#10533,#10556,#10587,#10588));
#10533 = ORIENTED_EDGE('',*,*,#10534,.F.);
#10534 = EDGE_CURVE('',#10535,#10452,#10537,.T.);
#10535 = VERTEX_POINT('',#10536);
#10536 = CARTESIAN_POINT('',(276.7,-58.,152.));
#10537 = SEAM_CURVE('',#10538,(#10542,#10549),.PCURVE_S1.);
#10538 = LINE('',#10539,#10540);
#10539 = CARTESIAN_POINT('',(276.7,-58.,151.));
#10540 = VECTOR('',#10541,1.);
#10541 = DIRECTION('',(0.,0.,1.));
#10542 = PCURVE('',#10519,#10543);
#10543 = DEFINITIONAL_REPRESENTATION('',(#10544),#10548);
#10544 = LINE('',#10545,#10546);
#10545 = CARTESIAN_POINT('',(-6.28318530718,0.));
#10546 = VECTOR('',#10547,1.);
#10547 = DIRECTION('',(-0.,-1.));
#10548 = ( GEOMETRIC_REPRESENTATION_CONTEXT(2) 
PARAMETRIC_REPRESENTATION_CONTEXT() REPRESENTATION_CONTEXT('2D SPACE',''
  ) );
#10549 = PCURVE('',#10519,#10550);
#10550 = DEFINITIONAL_REPRESENTATION('',(#10551),#10555);
#10551 = LINE('',#10552,#10553);
#10552 = CARTESIAN_POINT('',(-0.,0.));
#10553 = VECTOR('',#10554,1.);
#10554 = DIRECTION('',(-0.,-1.));
#10555 = ( GEOMETRIC_REPRESENTATION_CONTEXT(2) 
PARAMETRIC_REPRESENTATION_CONTEXT() REPRESENTATION_CONTEXT('2D SPACE',''
  ) );
#10556 = ORIENTED_EDGE('',*,*,#10557,.T.);
#10557 = EDGE_CURVE('',#10535,#10535,#10558,.T.);
#10558 = SURFACE_CURVE('',#10559,(#10564,#10571),.PCURVE_S1.);
#10559 = CIRCLE('',#10560,1.7);
#10560 = AXIS2_PLACEMENT_3D('',#10561,#10562,#10563);
#10561 = CARTESIAN_POINT('',(275.,-58.,152.));
#10562 = DIRECTION('',(0.,0.,-1.));
#10563 = DIRECTION('',(1.,0.,0.));
#10564 = PCURVE('',#10519,#10565);
#10565 = DEFINITIONAL_REPRESENTATION('',(#10566),#10570);
#10566 = LINE('',#10567,#10568);
#10567 = CARTESIAN_POINT('',(-6.28318530718,-1.));
#10568 = VECTOR('',#10569,1.);
#10569 = DIRECTION('',(1.,-0.));
#10570 = ( GEOMETRIC_REPRESENTATION_CONTEXT(2) 
PARAMETRIC_REPRESENTATION_CONTEXT() REPRESENTATION_CONTEXT('2D SPACE',''
  ) );
#10571 = PCURVE('',#10572,#10577);
#10572 = PLANE('',#10573);
#10573 = AXIS2_PLACEMENT_3D('',#10574,#10575,#10576);
#10574 = CARTESIAN_POINT('',(200.,-55.,152.));
#10575 = DIRECTION('',(0.,0.,1.));
#10576 = DIRECTION('',(-1.,-0.,0.));
#10577 = DEFINITIONAL_REPRESENTATION('',(#10578),#10586);
#10578 = ( BOUNDED_CURVE() B_SPLINE_CURVE(2,(#10579,#10580,#10581,#10582
    ,#10583,#10584,#10585),.UNSPECIFIED.,.T.,.F.) 
B_SPLINE_CURVE_WITH_KNOTS((1,2,2,2,2,1),(-2.094395102393,0.,
    2.094395102393,4.188790204786,6.28318530718,8.377580409573),
.UNSPECIFIED.) CURVE() GEOMETRIC_REPRESENTATION_ITEM() 
RATIONAL_B_SPLINE_CURVE((1.,0.5,1.,0.5,1.,0.5,1.)) REPRESENTATION_ITEM(
  '') );
#10579 = CARTESIAN_POINT('',(-76.7,3.));
#10580 = CARTESIAN_POINT('',(-76.7,5.944486372867));
#10581 = CARTESIAN_POINT('',(-74.15,4.472243186434));
#10582 = CARTESIAN_POINT('',(-71.6,3.));
#10583 = CARTESIAN_POINT('',(-74.15,1.527756813566));
#10584 = CARTESIAN_POINT('',(-76.7,5.551362713293E-02));
#10585 = CARTESIAN_POINT('',(-76.7,3.));
#10586 = ( GEOMETRIC_REPRESENTATION_CONTEXT(2) 
PARAMETRIC_REPRESENTATION_CONTEXT() REPRESENTATION_CONTEXT('2D SPACE',''
  ) );
#10587 = ORIENTED_EDGE('',*,*,#10534,.T.);
#10588 = ORIENTED_EDGE('',*,*,#10504,.T.);
#10589 = ADVANCED_FACE('',(#10590,#10593),#10572,.T.);
#10590 = FACE_BOUND('',#10591,.F.);
#10591 = EDGE_LOOP('',(#10592));
#10592 = ORIENTED_EDGE('',*,*,#10557,.T.);
#10593 = FACE_BOUND('',#10594,.F.);
#10594 = EDGE_LOOP('',(#10595));
#10595 = ORIENTED_EDGE('',*,*,#10596,.T.);
#10596 = EDGE_CURVE('',#10597,#10597,#10599,.T.);
#10597 = VERTEX_POINT('',#10598);
#10598 = CARTESIAN_POINT('',(276.25,-58.,152.));
#10599 = SURFACE_CURVE('',#10600,(#10605,#10612),.PCURVE_S1.);
#10600 = CIRCLE('',#10601,1.25);
#10601 = AXIS2_PLACEMENT_3D('',#10602,#10603,#10604);
#10602 = CARTESIAN_POINT('',(275.,-58.,152.));
#10603 = DIRECTION('',(0.,0.,1.));
#10604 = DIRECTION('',(1.,-0.,-0.));
#10605 = PCURVE('',#10572,#10606);
#10606 = DEFINITIONAL_REPRESENTATION('',(#10607),#10611);
#10607 = CIRCLE('',#10608,1.25);
#10608 = AXIS2_PLACEMENT_2D('',#10609,#10610);
#10609 = CARTESIAN_POINT('',(-75.,3.));
#10610 = DIRECTION('',(-1.,-0.));
#10611 = ( GEOMETRIC_REPRESENTATION_CONTEXT(2) 
PARAMETRIC_REPRESENTATION_CONTEXT() REPRESENTATION_CONTEXT('2D SPACE',''
  ) );
#10612 = PCURVE('',#10613,#10618);
#10613 = CYLINDRICAL_SURFACE('',#10614,1.25);
#10614 = AXIS2_PLACEMENT_3D('',#10615,#10616,#10617);
#10615 = CARTESIAN_POINT('',(275.,-58.,142.));
#10616 = DIRECTION('',(-0.,0.,-1.));
#10617 = DIRECTION('',(1.,-0.,-0.));
#10618 = DEFINITIONAL_REPRESENTATION('',(#10619),#10623);
#10619 = LINE('',#10620,#10621);
#10620 = CARTESIAN_POINT('',(6.28318530718,-10.));
#10621 = VECTOR('',#10622,1.);
#10622 = DIRECTION('',(-1.,0.));
#10623 = ( GEOMETRIC_REPRESENTATION_CONTEXT(2) 
PARAMETRIC_REPRESENTATION_CONTEXT() REPRESENTATION_CONTEXT('2D SPACE',''
  ) );
#10624 = ADVANCED_FACE('',(#10625),#10613,.F.);
#10625 = FACE_BOUND('',#10626,.F.);
#10626 = EDGE_LOOP('',(#10627,#10660,#10681,#10682));
#10627 = ORIENTED_EDGE('',*,*,#10628,.F.);
#10628 = EDGE_CURVE('',#10629,#10629,#10631,.T.);
#10629 = VERTEX_POINT('',#10630);
#10630 = CARTESIAN_POINT('',(276.25,-58.,142.));
#10631 = SURFACE_CURVE('',#10632,(#10637,#10644),.PCURVE_S1.);
#10632 = CIRCLE('',#10633,1.25);
#10633 = AXIS2_PLACEMENT_3D('',#10634,#10635,#10636);
#10634 = CARTESIAN_POINT('',(275.,-58.,142.));
#10635 = DIRECTION('',(0.,0.,-1.));
#10636 = DIRECTION('',(1.,-0.,-0.));
#10637 = PCURVE('',#10613,#10638);
#10638 = DEFINITIONAL_REPRESENTATION('',(#10639),#10643);
#10639 = LINE('',#10640,#10641);
#10640 = CARTESIAN_POINT('',(0.,0.));
#10641 = VECTOR('',#10642,1.);
#10642 = DIRECTION('',(1.,0.));
#10643 = ( GEOMETRIC_REPRESENTATION_CONTEXT(2) 
PARAMETRIC_REPRESENTATION_CONTEXT() REPRESENTATION_CONTEXT('2D SPACE',''
  ) );
#10644 = PCURVE('',#10645,#10650);
#10645 = PLANE('',#10646);
#10646 = AXIS2_PLACEMENT_3D('',#10647,#10648,#10649);
#10647 = CARTESIAN_POINT('',(275.,-58.,142.));
#10648 = DIRECTION('',(-0.,-0.,1.));
#10649 = DIRECTION('',(-1.,0.,0.));
#10650 = DEFINITIONAL_REPRESENTATION('',(#10651),#10659);
#10651 = ( BOUNDED_CURVE() B_SPLINE_CURVE(2,(#10652,#10653,#10654,#10655
    ,#10656,#10657,#10658),.UNSPECIFIED.,.T.,.F.) 
B_SPLINE_CURVE_WITH_KNOTS((1,2,2,2,2,1),(-2.094395102393,0.,
    2.094395102393,4.188790204786,6.28318530718,8.377580409573),
.UNSPECIFIED.) CURVE() GEOMETRIC_REPRESENTATION_ITEM() 
RATIONAL_B_SPLINE_CURVE((1.,0.5,1.,0.5,1.,0.5,1.)) REPRESENTATION_ITEM(
  '') );
#10652 = CARTESIAN_POINT('',(-1.25,0.));
#10653 = CARTESIAN_POINT('',(-1.25,2.165063509461));
#10654 = CARTESIAN_POINT('',(0.625,1.082531754731));
#10655 = CARTESIAN_POINT('',(2.5,3.061616997868E-16));
#10656 = CARTESIAN_POINT('',(0.625,-1.082531754731));
#10657 = CARTESIAN_POINT('',(-1.25,-2.165063509461));
#10658 = CARTESIAN_POINT('',(-1.25,0.));
#10659 = ( GEOMETRIC_REPRESENTATION_CONTEXT(2) 
PARAMETRIC_REPRESENTATION_CONTEXT() REPRESENTATION_CONTEXT('2D SPACE',''
  ) );
#10660 = ORIENTED_EDGE('',*,*,#10661,.T.);
#10661 = EDGE_CURVE('',#10629,#10597,#10662,.T.);
#10662 = SEAM_CURVE('',#10663,(#10667,#10674),.PCURVE_S1.);
#10663 = LINE('',#10664,#10665);
#10664 = CARTESIAN_POINT('',(276.25,-58.,142.));
#10665 = VECTOR('',#10666,1.);
#10666 = DIRECTION('',(-0.,-0.,1.));
#10667 = PCURVE('',#10613,#10668);
#10668 = DEFINITIONAL_REPRESENTATION('',(#10669),#10673);
#10669 = LINE('',#10670,#10671);
#10670 = CARTESIAN_POINT('',(6.28318530718,0.));
#10671 = VECTOR('',#10672,1.);
#10672 = DIRECTION('',(0.,-1.));
#10673 = ( GEOMETRIC_REPRESENTATION_CONTEXT(2) 
PARAMETRIC_REPRESENTATION_CONTEXT() REPRESENTATION_CONTEXT('2D SPACE',''
  ) );
#10674 = PCURVE('',#10613,#10675);
#10675 = DEFINITIONAL_REPRESENTATION('',(#10676),#10680);
#10676 = LINE('',#10677,#10678);
#10677 = CARTESIAN_POINT('',(0.,0.));
#10678 = VECTOR('',#10679,1.);
#10679 = DIRECTION('',(0.,-1.));
#10680 = ( GEOMETRIC_REPRESENTATION_CONTEXT(2) 
PARAMETRIC_REPRESENTATION_CONTEXT() REPRESENTATION_CONTEXT('2D SPACE',''
  ) );
#10681 = ORIENTED_EDGE('',*,*,#10596,.F.);
#10682 = ORIENTED_EDGE('',*,*,#10661,.F.);
#10683 = ADVANCED_FACE('',(#10684),#10645,.T.);
#10684 = FACE_BOUND('',#10685,.F.);
#10685 = EDGE_LOOP('',(#10686));
#10686 = ORIENTED_EDGE('',*,*,#10628,.T.);
#10687 = ADVANCED_FACE('',(#10688),#7058,.F.);
#10688 = FACE_BOUND('',#10689,.F.);
#10689 = EDGE_LOOP('',(#10690,#10713,#10714,#10741,#10742,#10743));
#10690 = ORIENTED_EDGE('',*,*,#10691,.T.);
#10691 = EDGE_CURVE('',#10692,#7042,#10694,.T.);
#10692 = VERTEX_POINT('',#10693);
#10693 = CARTESIAN_POINT('',(339.7,-58.,156.));
#10694 = SEAM_CURVE('',#10695,(#10699,#10706),.PCURVE_S1.);
#10695 = LINE('',#10696,#10697);
#10696 = CARTESIAN_POINT('',(339.7,-58.,156.));
#10697 = VECTOR('',#10698,1.);
#10698 = DIRECTION('',(0.612571665436,-1.500367858649E-16,0.790415052175
    ));
#10699 = PCURVE('',#7058,#10700);
#10700 = DEFINITIONAL_REPRESENTATION('',(#10701),#10705);
#10701 = LINE('',#10702,#10703);
#10702 = CARTESIAN_POINT('',(6.28318530718,-0.));
#10703 = VECTOR('',#10704,1.);
#10704 = DIRECTION('',(0.,1.));
#10705 = ( GEOMETRIC_REPRESENTATION_CONTEXT(2) 
PARAMETRIC_REPRESENTATION_CONTEXT() REPRESENTATION_CONTEXT('2D SPACE',''
  ) );
#10706 = PCURVE('',#7058,#10707);
#10707 = DEFINITIONAL_REPRESENTATION('',(#10708),#10712);
#10708 = LINE('',#10709,#10710);
#10709 = CARTESIAN_POINT('',(0.,-0.));
#10710 = VECTOR('',#10711,1.);
#10711 = DIRECTION('',(0.,1.));
#10712 = ( GEOMETRIC_REPRESENTATION_CONTEXT(2) 
PARAMETRIC_REPRESENTATION_CONTEXT() REPRESENTATION_CONTEXT('2D SPACE',''
  ) );
#10713 = ORIENTED_EDGE('',*,*,#7070,.F.);
#10714 = ORIENTED_EDGE('',*,*,#10715,.F.);
#10715 = EDGE_CURVE('',#7019,#7071,#10716,.T.);
#10716 = SURFACE_CURVE('',#10717,(#10722,#10734),.PCURVE_S1.);
#10717 = HYPERBOLA('',#10718,3.870967741935,3.);
#10718 = AXIS2_PLACEMENT_3D('',#10719,#10720,#10721);
#10719 = CARTESIAN_POINT('',(338.,-61.,153.8064516129));
#10720 = DIRECTION('',(0.,1.,0.));
#10721 = DIRECTION('',(0.,-0.,1.));
#10722 = PCURVE('',#7058,#10723);
#10723 = DEFINITIONAL_REPRESENTATION('',(#10724),#10733);
#10724 = B_SPLINE_CURVE_WITH_KNOTS('',7,(#10725,#10726,#10727,#10728,
    #10729,#10730,#10731,#10732),.UNSPECIFIED.,.F.,.F.,(8,8),(
    -0.405465108108,0.405465108108),.PIECEWISE_BEZIER_KNOTS.);
#10725 = CARTESIAN_POINT('',(4.317597860685,2.));
#10726 = CARTESIAN_POINT('',(4.424533713373,1.813149719766));
#10727 = CARTESIAN_POINT('',(4.5370286304,1.691959178479));
#10728 = CARTESIAN_POINT('',(4.653429363031,1.632332794413));
#10729 = CARTESIAN_POINT('',(4.771348597739,1.632332794413));
#10730 = CARTESIAN_POINT('',(4.887749330369,1.691959178479));
#10731 = CARTESIAN_POINT('',(5.000244247397,1.813149719766));
#10732 = CARTESIAN_POINT('',(5.107180100084,2.));
#10733 = ( GEOMETRIC_REPRESENTATION_CONTEXT(2) 
PARAMETRIC_REPRESENTATION_CONTEXT() REPRESENTATION_CONTEXT('2D SPACE',''
  ) );
#10734 = PCURVE('',#494,#10735);
#10735 = DEFINITIONAL_REPRESENTATION('',(#10736),#10740);
#10736 = HYPERBOLA('',#10737,3.870967741935,3.);
#10737 = AXIS2_PLACEMENT_2D('',#10738,#10739);
#10738 = CARTESIAN_POINT('',(-123.3064516129,138.));
#10739 = DIRECTION('',(-1.,0.));
#10740 = ( GEOMETRIC_REPRESENTATION_CONTEXT(2) 
PARAMETRIC_REPRESENTATION_CONTEXT() REPRESENTATION_CONTEXT('2D SPACE',''
  ) );
#10741 = ORIENTED_EDGE('',*,*,#7041,.F.);
#10742 = ORIENTED_EDGE('',*,*,#10691,.F.);
#10743 = ORIENTED_EDGE('',*,*,#10744,.T.);
#10744 = EDGE_CURVE('',#10692,#10692,#10745,.T.);
#10745 = SURFACE_CURVE('',#10746,(#10751,#10758),.PCURVE_S1.);
#10746 = CIRCLE('',#10747,1.7);
#10747 = AXIS2_PLACEMENT_3D('',#10748,#10749,#10750);
#10748 = CARTESIAN_POINT('',(338.,-58.,156.));
#10749 = DIRECTION('',(0.,0.,1.));
#10750 = DIRECTION('',(1.,0.,-0.));
#10751 = PCURVE('',#7058,#10752);
#10752 = DEFINITIONAL_REPRESENTATION('',(#10753),#10757);
#10753 = LINE('',#10754,#10755);
#10754 = CARTESIAN_POINT('',(0.,0.));
#10755 = VECTOR('',#10756,1.);
#10756 = DIRECTION('',(1.,0.));
#10757 = ( GEOMETRIC_REPRESENTATION_CONTEXT(2) 
PARAMETRIC_REPRESENTATION_CONTEXT() REPRESENTATION_CONTEXT('2D SPACE',''
  ) );
#10758 = PCURVE('',#10759,#10764);
#10759 = CYLINDRICAL_SURFACE('',#10760,1.7);
#10760 = AXIS2_PLACEMENT_3D('',#10761,#10762,#10763);
#10761 = CARTESIAN_POINT('',(338.,-58.,151.));
#10762 = DIRECTION('',(-0.,-0.,-1.));
#10763 = DIRECTION('',(1.,0.,0.));
#10764 = DEFINITIONAL_REPRESENTATION('',(#10765),#10769);
#10765 = LINE('',#10766,#10767);
#10766 = CARTESIAN_POINT('',(-0.,-5.));
#10767 = VECTOR('',#10768,1.);
#10768 = DIRECTION('',(-1.,0.));
#10769 = ( GEOMETRIC_REPRESENTATION_CONTEXT(2) 
PARAMETRIC_REPRESENTATION_CONTEXT() REPRESENTATION_CONTEXT('2D SPACE',''
  ) );
#10770 = ADVANCED_FACE('',(#10771),#10759,.F.);
#10771 = FACE_BOUND('',#10772,.T.);
#10772 = EDGE_LOOP('',(#10773,#10796,#10827,#10828));
#10773 = ORIENTED_EDGE('',*,*,#10774,.F.);
#10774 = EDGE_CURVE('',#10775,#10692,#10777,.T.);
#10775 = VERTEX_POINT('',#10776);
#10776 = CARTESIAN_POINT('',(339.7,-58.,152.));
#10777 = SEAM_CURVE('',#10778,(#10782,#10789),.PCURVE_S1.);
#10778 = LINE('',#10779,#10780);
#10779 = CARTESIAN_POINT('',(339.7,-58.,151.));
#10780 = VECTOR('',#10781,1.);
#10781 = DIRECTION('',(0.,0.,1.));
#10782 = PCURVE('',#10759,#10783);
#10783 = DEFINITIONAL_REPRESENTATION('',(#10784),#10788);
#10784 = LINE('',#10785,#10786);
#10785 = CARTESIAN_POINT('',(-6.28318530718,0.));
#10786 = VECTOR('',#10787,1.);
#10787 = DIRECTION('',(-0.,-1.));
#10788 = ( GEOMETRIC_REPRESENTATION_CONTEXT(2) 
PARAMETRIC_REPRESENTATION_CONTEXT() REPRESENTATION_CONTEXT('2D SPACE',''
  ) );
#10789 = PCURVE('',#10759,#10790);
#10790 = DEFINITIONAL_REPRESENTATION('',(#10791),#10795);
#10791 = LINE('',#10792,#10793);
#10792 = CARTESIAN_POINT('',(-0.,0.));
#10793 = VECTOR('',#10794,1.);
#10794 = DIRECTION('',(-0.,-1.));
#10795 = ( GEOMETRIC_REPRESENTATION_CONTEXT(2) 
PARAMETRIC_REPRESENTATION_CONTEXT() REPRESENTATION_CONTEXT('2D SPACE',''
  ) );
#10796 = ORIENTED_EDGE('',*,*,#10797,.T.);
#10797 = EDGE_CURVE('',#10775,#10775,#10798,.T.);
#10798 = SURFACE_CURVE('',#10799,(#10804,#10811),.PCURVE_S1.);
#10799 = CIRCLE('',#10800,1.7);
#10800 = AXIS2_PLACEMENT_3D('',#10801,#10802,#10803);
#10801 = CARTESIAN_POINT('',(338.,-58.,152.));
#10802 = DIRECTION('',(0.,0.,-1.));
#10803 = DIRECTION('',(1.,0.,0.));
#10804 = PCURVE('',#10759,#10805);
#10805 = DEFINITIONAL_REPRESENTATION('',(#10806),#10810);
#10806 = LINE('',#10807,#10808);
#10807 = CARTESIAN_POINT('',(-6.28318530718,-1.));
#10808 = VECTOR('',#10809,1.);
#10809 = DIRECTION('',(1.,-0.));
#10810 = ( GEOMETRIC_REPRESENTATION_CONTEXT(2) 
PARAMETRIC_REPRESENTATION_CONTEXT() REPRESENTATION_CONTEXT('2D SPACE',''
  ) );
#10811 = PCURVE('',#10812,#10817);
#10812 = PLANE('',#10813);
#10813 = AXIS2_PLACEMENT_3D('',#10814,#10815,#10816);
#10814 = CARTESIAN_POINT('',(200.,-55.,152.));
#10815 = DIRECTION('',(0.,0.,1.));
#10816 = DIRECTION('',(-1.,-0.,0.));
#10817 = DEFINITIONAL_REPRESENTATION('',(#10818),#10826);
#10818 = ( BOUNDED_CURVE() B_SPLINE_CURVE(2,(#10819,#10820,#10821,#10822
    ,#10823,#10824,#10825),.UNSPECIFIED.,.T.,.F.) 
B_SPLINE_CURVE_WITH_KNOTS((1,2,2,2,2,1),(-2.094395102393,0.,
    2.094395102393,4.188790204786,6.28318530718,8.377580409573),
.UNSPECIFIED.) CURVE() GEOMETRIC_REPRESENTATION_ITEM() 
RATIONAL_B_SPLINE_CURVE((1.,0.5,1.,0.5,1.,0.5,1.)) REPRESENTATION_ITEM(
  '') );
#10819 = CARTESIAN_POINT('',(-139.7,3.));
#10820 = CARTESIAN_POINT('',(-139.7,5.944486372867));
#10821 = CARTESIAN_POINT('',(-137.15,4.472243186434));
#10822 = CARTESIAN_POINT('',(-134.6,3.));
#10823 = CARTESIAN_POINT('',(-137.15,1.527756813566));
#10824 = CARTESIAN_POINT('',(-139.7,5.551362713293E-02));
#10825 = CARTESIAN_POINT('',(-139.7,3.));
#10826 = ( GEOMETRIC_REPRESENTATION_CONTEXT(2) 
PARAMETRIC_REPRESENTATION_CONTEXT() REPRESENTATION_CONTEXT('2D SPACE',''
  ) );
#10827 = ORIENTED_EDGE('',*,*,#10774,.T.);
#10828 = ORIENTED_EDGE('',*,*,#10744,.T.);
#10829 = ADVANCED_FACE('',(#10830,#10833),#10812,.T.);
#10830 = FACE_BOUND('',#10831,.F.);
#10831 = EDGE_LOOP('',(#10832));
#10832 = ORIENTED_EDGE('',*,*,#10797,.T.);
#10833 = FACE_BOUND('',#10834,.F.);
#10834 = EDGE_LOOP('',(#10835));
#10835 = ORIENTED_EDGE('',*,*,#10836,.T.);
#10836 = EDGE_CURVE('',#10837,#10837,#10839,.T.);
#10837 = VERTEX_POINT('',#10838);
#10838 = CARTESIAN_POINT('',(339.25,-58.,152.));
#10839 = SURFACE_CURVE('',#10840,(#10845,#10852),.PCURVE_S1.);
#10840 = CIRCLE('',#10841,1.25);
#10841 = AXIS2_PLACEMENT_3D('',#10842,#10843,#10844);
#10842 = CARTESIAN_POINT('',(338.,-58.,152.));
#10843 = DIRECTION('',(0.,0.,1.));
#10844 = DIRECTION('',(1.,-0.,-0.));
#10845 = PCURVE('',#10812,#10846);
#10846 = DEFINITIONAL_REPRESENTATION('',(#10847),#10851);
#10847 = CIRCLE('',#10848,1.25);
#10848 = AXIS2_PLACEMENT_2D('',#10849,#10850);
#10849 = CARTESIAN_POINT('',(-138.,3.));
#10850 = DIRECTION('',(-1.,-0.));
#10851 = ( GEOMETRIC_REPRESENTATION_CONTEXT(2) 
PARAMETRIC_REPRESENTATION_CONTEXT() REPRESENTATION_CONTEXT('2D SPACE',''
  ) );
#10852 = PCURVE('',#10853,#10858);
#10853 = CYLINDRICAL_SURFACE('',#10854,1.25);
#10854 = AXIS2_PLACEMENT_3D('',#10855,#10856,#10857);
#10855 = CARTESIAN_POINT('',(338.,-58.,142.));
#10856 = DIRECTION('',(-0.,0.,-1.));
#10857 = DIRECTION('',(1.,-0.,-0.));
#10858 = DEFINITIONAL_REPRESENTATION('',(#10859),#10863);
#10859 = LINE('',#10860,#10861);
#10860 = CARTESIAN_POINT('',(6.28318530718,-10.));
#10861 = VECTOR('',#10862,1.);
#10862 = DIRECTION('',(-1.,0.));
#10863 = ( GEOMETRIC_REPRESENTATION_CONTEXT(2) 
PARAMETRIC_REPRESENTATION_CONTEXT() REPRESENTATION_CONTEXT('2D SPACE',''
  ) );
#10864 = ADVANCED_FACE('',(#10865),#10853,.F.);
#10865 = FACE_BOUND('',#10866,.F.);
#10866 = EDGE_LOOP('',(#10867,#11132,#11153,#11154));
#10867 = ORIENTED_EDGE('',*,*,#10868,.F.);
#10868 = EDGE_CURVE('',#10869,#10869,#10871,.T.);
#10869 = VERTEX_POINT('',#10870);
#10870 = CARTESIAN_POINT('',(339.25,-58.,149.15217186218));
#10871 = SURFACE_CURVE('',#10872,(#10955,#11041),.PCURVE_S1.);
#10872 = B_SPLINE_CURVE_WITH_KNOTS('',6,(#10873,#10874,#10875,#10876,
    #10877,#10878,#10879,#10880,#10881,#10882,#10883,#10884,#10885,
    #10886,#10887,#10888,#10889,#10890,#10891,#10892,#10893,#10894,
    #10895,#10896,#10897,#10898,#10899,#10900,#10901,#10902,#10903,
    #10904,#10905,#10906,#10907,#10908,#10909,#10910,#10911,#10912,
    #10913,#10914,#10915,#10916,#10917,#10918,#10919,#10920,#10921,
    #10922,#10923,#10924,#10925,#10926,#10927,#10928,#10929,#10930,
    #10931,#10932,#10933,#10934,#10935,#10936,#10937,#10938,#10939,
    #10940,#10941,#10942,#10943,#10944,#10945,#10946,#10947,#10948,
    #10949,#10950,#10951,#10952,#10953,#10954),.UNSPECIFIED.,.T.,.F.,(7,
    5,5,5,5,5,5,5,5,5,5,5,5,5,5,5,7),(0.,4.820097852115E-02,
    0.109213021523,0.186641313034,0.249088411159,0.312902822982,
    0.391806952549,0.451207525739,0.499532959726,0.54809689176,
    0.609140475044,0.686608793243,0.749088173429,0.812935573768,
    0.891880492398,0.951311772394,1.),.UNSPECIFIED.);
#10873 = CARTESIAN_POINT('',(339.25,-58.,149.15217186218));
#10874 = CARTESIAN_POINT('',(339.25,-58.06194410447,149.15217186218));
#10875 = CARTESIAN_POINT('',(339.24631644317,-58.12367976329,
    149.15616812967));
#10876 = CARTESIAN_POINT('',(339.23899559793,-58.18492599482,
    149.1641108056));
#10877 = CARTESIAN_POINT('',(339.22811434377,-58.245376193,
    149.17572313802));
#10878 = CARTESIAN_POINT('',(339.21380076721,-58.30464371704,
    149.19049988425));
#10879 = CARTESIAN_POINT('',(339.17429575105,-58.43512026408,
    149.22963184047));
#10880 = CARTESIAN_POINT('',(339.14714792572,-58.50556860263,
    149.2555646666));
#10881 = CARTESIAN_POINT('',(339.11518488629,-58.57352633419,
    149.28455843661));
#10882 = CARTESIAN_POINT('',(339.07855161956,-58.63887861697,
    149.31564542909));
#10883 = CARTESIAN_POINT('',(339.03735333987,-58.70145831367,
    149.34798745985));
#10884 = CARTESIAN_POINT('',(338.93354843504,-58.83670777715,
    149.42253159715));
#10885 = CARTESIAN_POINT('',(338.86800625577,-58.90776761428,
    149.46515914029));
#10886 = CARTESIAN_POINT('',(338.79494176912,-58.97377078073,
    149.5072036855));
#10887 = CARTESIAN_POINT('',(338.71423271529,-59.03395882683,
    149.54726269055));
#10888 = CARTESIAN_POINT('',(338.62579013131,-59.08725987647,
    149.5838580777));
#10889 = CARTESIAN_POINT('',(338.45225761819,-59.16845156531,
    149.64076525502));
#10890 = CARTESIAN_POINT('',(338.36948223787,-59.1994260826,
    149.66297203905));
#10891 = CARTESIAN_POINT('',(338.28237971416,-59.2237981152,
    149.6807403731));
#10892 = CARTESIAN_POINT('',(338.19210884963,-59.2406566282,
    149.69312982592));
#10893 = CARTESIAN_POINT('',(338.09993676821,-59.24944764664,
    149.69959386083));
#10894 = CARTESIAN_POINT('',(337.91236308107,-59.25052292117,
    149.7003844979));
#10895 = CARTESIAN_POINT('',(337.81799456924,-59.24243546401,
    149.69443776227));
#10896 = CARTESIAN_POINT('',(337.72547233968,-59.2258739487,
    149.68225576984));
#10897 = CARTESIAN_POINT('',(337.63617853596,-59.20140384936,
    149.6643950619));
#10898 = CARTESIAN_POINT('',(337.55137921005,-59.169992062,
    149.64185524343));
#10899 = CARTESIAN_POINT('',(337.37415817813,-59.08743067129,
    149.58396537465));
#10900 = CARTESIAN_POINT('',(337.28408382,-59.03309440923,
    149.54665259237));
#10901 = CARTESIAN_POINT('',(337.20203773829,-58.97162569945,
    149.50575780465));
#10902 = CARTESIAN_POINT('',(337.12792048553,-58.90415165048,
    149.46284006347));
#10903 = CARTESIAN_POINT('',(337.06160020805,-58.83146197785,
    149.41937743444));
#10904 = CARTESIAN_POINT('',(336.95895931312,-58.69575481436,
    149.34506368784));
#10905 = CARTESIAN_POINT('',(336.91918368103,-58.63466643953,
    149.31368403483));
#10906 = CARTESIAN_POINT('',(336.88373568613,-58.57095809349,
    149.28353347731));
#10907 = CARTESIAN_POINT('',(336.8527142899,-58.50478299578,
    149.25538913865));
#10908 = CARTESIAN_POINT('',(336.82625517314,-58.43624743371,
    149.23014260247));
#10909 = CARTESIAN_POINT('',(336.78697967068,-58.30775719958,
    149.19130001306));
#10910 = CARTESIAN_POINT('',(336.77248883749,-58.24841962666,
    149.17635936098));
#10911 = CARTESIAN_POINT('',(336.76143940033,-58.18788479044,
    149.16457848359));
#10912 = CARTESIAN_POINT('',(336.75396119006,-58.1265397555,
    149.15646927678));
#10913 = CARTESIAN_POINT('',(336.75013258814,-58.06469030229,
    149.15231570739));
#10914 = CARTESIAN_POINT('',(336.74987224082,-57.94023297884,
    149.15203325594));
#10915 = CARTESIAN_POINT('',(336.75347798731,-57.87804966586,
    149.15594504676));
#10916 = CARTESIAN_POINT('',(336.76077446047,-57.81635348663,
    149.16386532248));
#10917 = CARTESIAN_POINT('',(336.771684089,-57.75545825975,
    149.17551505928));
#10918 = CARTESIAN_POINT('',(336.78607702011,-57.69575992505,
    149.19037882568));
#10919 = CARTESIAN_POINT('',(336.82570424894,-57.56487973591,
    149.22963184047));
#10920 = CARTESIAN_POINT('',(336.85285207427,-57.49443139736,
    149.2555646666));
#10921 = CARTESIAN_POINT('',(336.8848151137,-57.42647366581,
    149.28455843661));
#10922 = CARTESIAN_POINT('',(336.92144838043,-57.36112138303,
    149.31564542909));
#10923 = CARTESIAN_POINT('',(336.96264666012,-57.29854168632,
    149.34798745985));
#10924 = CARTESIAN_POINT('',(337.06645156495,-57.16329222284,
    149.42253159715));
#10925 = CARTESIAN_POINT('',(337.13199374422,-57.09223238571,
    149.46515914029));
#10926 = CARTESIAN_POINT('',(337.20505823087,-57.02622921926,
    149.5072036855));
#10927 = CARTESIAN_POINT('',(337.2857672847,-56.96604117316,
    149.54726269055));
#10928 = CARTESIAN_POINT('',(337.37420986868,-56.91274012352,
    149.5838580777));
#10929 = CARTESIAN_POINT('',(337.54774238171,-56.83154843473,
    149.64076525499));
#10930 = CARTESIAN_POINT('',(337.63051776189,-56.80057391749,
    149.66297203898));
#10931 = CARTESIAN_POINT('',(337.71762028607,-56.77620188458,
    149.68074037325));
#10932 = CARTESIAN_POINT('',(337.80789115087,-56.75934337188,
    149.69312982586));
#10933 = CARTESIAN_POINT('',(337.90006323123,-56.75055235336,
    149.69959386083));
#10934 = CARTESIAN_POINT('',(338.08763691892,-56.74947707882,
    149.7003844979));
#10935 = CARTESIAN_POINT('',(338.18200543075,-56.75756453598,
    149.69443776227));
#10936 = CARTESIAN_POINT('',(338.27452766031,-56.77412605129,
    149.68225576984));
#10937 = CARTESIAN_POINT('',(338.36382146403,-56.79859615063,
    149.6643950619));
#10938 = CARTESIAN_POINT('',(338.44862078994,-56.83000793799,
    149.64185524343));
#10939 = CARTESIAN_POINT('',(338.62584182186,-56.9125693287,
    149.58396537465));
#10940 = CARTESIAN_POINT('',(338.71591617999,-56.96690559076,
    149.54665259237));
#10941 = CARTESIAN_POINT('',(338.7979622617,-57.02837430054,
    149.50575780465));
#10942 = CARTESIAN_POINT('',(338.87207951446,-57.09584834951,
    149.46284006347));
#10943 = CARTESIAN_POINT('',(338.93839979194,-57.16853802214,
    149.41937743444));
#10944 = CARTESIAN_POINT('',(339.04104068687,-57.30424518563,
    149.34506368784));
#10945 = CARTESIAN_POINT('',(339.08081631896,-57.36533356046,
    149.31368403483));
#10946 = CARTESIAN_POINT('',(339.11626431386,-57.4290419065,
    149.28353347731));
#10947 = CARTESIAN_POINT('',(339.14728571009,-57.49521700421,
    149.25538913865));
#10948 = CARTESIAN_POINT('',(339.17374482685,-57.56375256628,
    149.23014260247));
#10949 = CARTESIAN_POINT('',(339.21314342756,-57.69264551767,
    149.19117827166));
#10950 = CARTESIAN_POINT('',(339.22771478464,-57.75241382558,
    149.17614943841));
#10951 = CARTESIAN_POINT('',(339.23879367986,-57.8133939879,
    149.16432987822));
#10952 = CARTESIAN_POINT('',(339.24624843564,-57.87518932598,
    149.15624190874));
#10953 = CARTESIAN_POINT('',(339.25,-57.9374866732,149.15217186218));
#10954 = CARTESIAN_POINT('',(339.25,-58.,149.15217186218));
#10955 = PCURVE('',#10853,#10956);
#10956 = DEFINITIONAL_REPRESENTATION('',(#10957),#11040);
#10957 = B_SPLINE_CURVE_WITH_KNOTS('',6,(#10958,#10959,#10960,#10961,
    #10962,#10963,#10964,#10965,#10966,#10967,#10968,#10969,#10970,
    #10971,#10972,#10973,#10974,#10975,#10976,#10977,#10978,#10979,
    #10980,#10981,#10982,#10983,#10984,#10985,#10986,#10987,#10988,
    #10989,#10990,#10991,#10992,#10993,#10994,#10995,#10996,#10997,
    #10998,#10999,#11000,#11001,#11002,#11003,#11004,#11005,#11006,
    #11007,#11008,#11009,#11010,#11011,#11012,#11013,#11014,#11015,
    #11016,#11017,#11018,#11019,#11020,#11021,#11022,#11023,#11024,
    #11025,#11026,#11027,#11028,#11029,#11030,#11031,#11032,#11033,
    #11034,#11035,#11036,#11037,#11038,#11039),.UNSPECIFIED.,.F.,.F.,(7,
    5,5,5,5,5,5,5,5,5,5,5,5,5,5,5,7),(0.,4.820097852115E-02,
    0.109213021523,0.186641313034,0.249088411159,0.312902822982,
    0.391806952549,0.451207525739,0.499532959726,0.54809689176,
    0.609140475044,0.686608793243,0.749088173429,0.812935573768,
    0.891880492398,0.951311772394,1.),.UNSPECIFIED.);
#10958 = CARTESIAN_POINT('',(0.,-7.15217186218));
#10959 = CARTESIAN_POINT('',(4.955528357611E-02,-7.15217186218));
#10960 = CARTESIAN_POINT('',(9.894372543878E-02,-7.156168129672));
#10961 = CARTESIAN_POINT('',(0.148160175113,-7.164110805605));
#10962 = CARTESIAN_POINT('',(0.197169002536,-7.175723138025));
#10963 = CARTESIAN_POINT('',(0.245866782172,-7.190499884256));
#10964 = CARTESIAN_POINT('',(0.354927574407,-7.229631840472));
#10965 = CARTESIAN_POINT('',(0.415161757923,-7.255564666604));
#10966 = CARTESIAN_POINT('',(0.475011490974,-7.28455843661));
#10967 = CARTESIAN_POINT('',(0.534719515707,-7.315645429096));
#10968 = CARTESIAN_POINT('',(0.594501344844,-7.347987459857));
#10969 = CARTESIAN_POINT('',(0.730895774374,-7.422531597152));
#10970 = CARTESIAN_POINT('',(0.807916880318,-7.46515914029));
#10971 = CARTESIAN_POINT('',(0.88619059279,-7.507203685508));
#10972 = CARTESIAN_POINT('',(0.966176675623,-7.547262690559));
#10973 = CARTESIAN_POINT('',(1.048333871125,-7.583858077705));
#10974 = CARTESIAN_POINT('',(1.201603564822,-7.640765255021));
#10975 = CARTESIAN_POINT('',(1.272084612308,-7.662972039057));
#10976 = CARTESIAN_POINT('',(1.344039844518,-7.680740373104));
#10977 = CARTESIAN_POINT('',(1.417068981169,-7.693129825923));
#10978 = CARTESIAN_POINT('',(1.490845661375,-7.699593860833));
#10979 = CARTESIAN_POINT('',(1.640907076694,-7.700384497902));
#10980 = CARTESIAN_POINT('',(1.71636345252,-7.694437762279));
#10981 = CARTESIAN_POINT('',(1.791089873142,-7.682255769847));
#10982 = CARTESIAN_POINT('',(1.864725806936,-7.664395061905));
#10983 = CARTESIAN_POINT('',(1.936831438288,-7.641855243435));
#10984 = CARTESIAN_POINT('',(2.093238450692,-7.583965374652));
#10985 = CARTESIAN_POINT('',(2.176914361699,-7.546652592373));
#10986 = CARTESIAN_POINT('',(2.258340124222,-7.505757804654));
#10987 = CARTESIAN_POINT('',(2.33800183368,-7.462840063472));
#10988 = CARTESIAN_POINT('',(2.41638713245,-7.419377434446));
#10989 = CARTESIAN_POINT('',(2.552508460764,-7.345063687844));
#10990 = CARTESIAN_POINT('',(2.610681316247,-7.313684034831));
#10991 = CARTESIAN_POINT('',(2.668796420996,-7.283533477311));
#10992 = CARTESIAN_POINT('',(2.727052796956,-7.255389138655));
#10993 = CARTESIAN_POINT('',(2.785674104895,-7.230142602471));
#10994 = CARTESIAN_POINT('',(2.89316119915,-7.191300013067));
#10995 = CARTESIAN_POINT('',(2.941946486633,-7.176359360984));
#10996 = CARTESIAN_POINT('',(2.99104522901,-7.164578483596));
#10997 = CARTESIAN_POINT('',(3.040354524968,-7.156469276782));
#10998 = CARTESIAN_POINT('',(3.089840301577,-7.152315707391));
#10999 = CARTESIAN_POINT('',(3.189406378177,-7.152033255948));
#11000 = CARTESIAN_POINT('',(3.239146795351,-7.155945046762));
#11001 = CARTESIAN_POINT('',(3.288715587327,-7.163865322486));
#11002 = CARTESIAN_POINT('',(3.33807601361,-7.175515059286));
#11003 = CARTESIAN_POINT('',(3.387122045422,-7.190378825682));
#11004 = CARTESIAN_POINT('',(3.496520227996,-7.229631840472));
#11005 = CARTESIAN_POINT('',(3.556754411512,-7.255564666604));
#11006 = CARTESIAN_POINT('',(3.616604144564,-7.28455843661));
#11007 = CARTESIAN_POINT('',(3.676312169297,-7.315645429096));
#11008 = CARTESIAN_POINT('',(3.736093998434,-7.347987459857));
#11009 = CARTESIAN_POINT('',(3.872488427963,-7.422531597152));
#11010 = CARTESIAN_POINT('',(3.949509533908,-7.46515914029));
#11011 = CARTESIAN_POINT('',(4.027783246379,-7.507203685508));
#11012 = CARTESIAN_POINT('',(4.107769329213,-7.547262690559));
#11013 = CARTESIAN_POINT('',(4.189926524715,-7.583858077705));
#11014 = CARTESIAN_POINT('',(4.34319621833,-7.640765254991));
#11015 = CARTESIAN_POINT('',(4.413677265706,-7.662972038985));
#11016 = CARTESIAN_POINT('',(4.485632498312,-7.680740373255));
#11017 = CARTESIAN_POINT('',(4.558661635159,-7.693129825861));
#11018 = CARTESIAN_POINT('',(4.632438314525,-7.699593860831));
#11019 = CARTESIAN_POINT('',(4.782499730284,-7.700384497902));
#11020 = CARTESIAN_POINT('',(4.85795610611,-7.694437762279));
#11021 = CARTESIAN_POINT('',(4.932682526732,-7.682255769847));
#11022 = CARTESIAN_POINT('',(5.006318460525,-7.664395061905));
#11023 = CARTESIAN_POINT('',(5.078424091878,-7.641855243435));
#11024 = CARTESIAN_POINT('',(5.234831104281,-7.583965374652));
#11025 = CARTESIAN_POINT('',(5.318507015288,-7.546652592373));
#11026 = CARTESIAN_POINT('',(5.399932777812,-7.505757804654));
#11027 = CARTESIAN_POINT('',(5.479594487269,-7.462840063472));
#11028 = CARTESIAN_POINT('',(5.55797978604,-7.419377434446));
#11029 = CARTESIAN_POINT('',(5.694101114354,-7.345063687844));
#11030 = CARTESIAN_POINT('',(5.752273969836,-7.313684034831));
#11031 = CARTESIAN_POINT('',(5.810389074586,-7.283533477311));
#11032 = CARTESIAN_POINT('',(5.868645450545,-7.255389138655));
#11033 = CARTESIAN_POINT('',(5.927266758484,-7.230142602471));
#11034 = CARTESIAN_POINT('',(6.035090741441,-7.191178271665));
#11035 = CARTESIAN_POINT('',(6.084224391731,-7.176149438417));
#11036 = CARTESIAN_POINT('',(6.13367500579,-7.164329878221));
#11037 = CARTESIAN_POINT('',(6.183336857772,-7.156241908741));
#11038 = CARTESIAN_POINT('',(6.233174645744,-7.15217186218));
#11039 = CARTESIAN_POINT('',(6.28318530718,-7.15217186218));
#11040 = ( GEOMETRIC_REPRESENTATION_CONTEXT(2) 
PARAMETRIC_REPRESENTATION_CONTEXT() REPRESENTATION_CONTEXT('2D SPACE',''
  ) );
#11041 = PCURVE('',#11042,#11047);
#11042 = CYLINDRICAL_SURFACE('',#11043,1.7);
#11043 = AXIS2_PLACEMENT_3D('',#11044,#11045,#11046);
#11044 = CARTESIAN_POINT('',(338.,-54.,148.));
#11045 = DIRECTION('',(-0.,1.,-0.));
#11046 = DIRECTION('',(1.,-0.,-0.));
#11047 = DEFINITIONAL_REPRESENTATION('',(#11048),#11131);
#11048 = B_SPLINE_CURVE_WITH_KNOTS('',6,(#11049,#11050,#11051,#11052,
    #11053,#11054,#11055,#11056,#11057,#11058,#11059,#11060,#11061,
    #11062,#11063,#11064,#11065,#11066,#11067,#11068,#11069,#11070,
    #11071,#11072,#11073,#11074,#11075,#11076,#11077,#11078,#11079,
    #11080,#11081,#11082,#11083,#11084,#11085,#11086,#11087,#11088,
    #11089,#11090,#11091,#11092,#11093,#11094,#11095,#11096,#11097,
    #11098,#11099,#11100,#11101,#11102,#11103,#11104,#11105,#11106,
    #11107,#11108,#11109,#11110,#11111,#11112,#11113,#11114,#11115,
    #11116,#11117,#11118,#11119,#11120,#11121,#11122,#11123,#11124,
    #11125,#11126,#11127,#11128,#11129,#11130),.UNSPECIFIED.,.T.,.F.,(7,
    5,5,5,5,5,5,5,5,5,5,5,5,5,5,5,7),(0.,4.820097852115E-02,
    0.109213021523,0.186641313034,0.249088411159,0.312902822982,
    0.391806952549,0.451207525739,0.499532959726,0.54809689176,
    0.609140475044,0.686608793243,0.749088173429,0.812935573768,
    0.891880492398,0.951311772394,1.),.UNSPECIFIED.);
#11049 = CARTESIAN_POINT('',(-0.744695784868,-4.));
#11050 = CARTESIAN_POINT('',(-0.744695784868,-4.06194410447));
#11051 = CARTESIAN_POINT('',(-0.747892774641,-4.123679763293));
#11052 = CARTESIAN_POINT('',(-0.754247032271,-4.184925994829));
#11053 = CARTESIAN_POINT('',(-0.763607250686,-4.245376193005));
#11054 = CARTESIAN_POINT('',(-0.775706129127,-4.304643717044));
#11055 = CARTESIAN_POINT('',(-0.808415165681,-4.435120264085));
#11056 = CARTESIAN_POINT('',(-0.830496003013,-4.505568602639));
#11057 = CARTESIAN_POINT('',(-0.85586702377,-4.57352633419));
#11058 = CARTESIAN_POINT('',(-0.88410194837,-4.63887861697));
#11059 = CARTESIAN_POINT('',(-0.914883591956,-4.701458313678));
#11060 = CARTESIAN_POINT('',(-0.990058789107,-4.836707777153));
#11061 = CARTESIAN_POINT('',(-1.036000996736,-4.907767614287));
#11062 = CARTESIAN_POINT('',(-1.085471031952,-4.973770780738));
#11063 = CARTESIAN_POINT('',(-1.138304334652,-5.033958826835));
#11064 = CARTESIAN_POINT('',(-1.194447002444,-5.087259876478));
#11065 = CARTESIAN_POINT('',(-1.301873584665,-5.168451565313));
#11066 = CARTESIAN_POINT('',(-1.352211225157,-5.199426082601));
#11067 = CARTESIAN_POINT('',(-1.404352108784,-5.223798115202));
#11068 = CARTESIAN_POINT('',(-1.457774990152,-5.240656628205));
#11069 = CARTESIAN_POINT('',(-1.512009495291,-5.249447646642));
#11070 = CARTESIAN_POINT('',(-1.622347938488,-5.250522921171));
#11071 = CARTESIAN_POINT('',(-1.677843696038,-5.242435464019));
#11072 = CARTESIAN_POINT('',(-1.732549530233,-5.225873948703));
#11073 = CARTESIAN_POINT('',(-1.785953094087,-5.201403849365));
#11074 = CARTESIAN_POINT('',(-1.837486446147,-5.169992062003));
#11075 = CARTESIAN_POINT('',(-1.947154916445,-5.087430671294));
#11076 = CARTESIAN_POINT('',(-2.004336098745,-5.033094409239));
#11077 = CARTESIAN_POINT('',(-2.05808353114,-4.971625699452));
#11078 = CARTESIAN_POINT('',(-2.108341328462,-4.904151650486));
#11079 = CARTESIAN_POINT('',(-2.154933772514,-4.831461977855));
#11080 = CARTESIAN_POINT('',(-2.229474317311,-4.695754814366));
#11081 = CARTESIAN_POINT('',(-2.259250999809,-4.634666439537));
#11082 = CARTESIAN_POINT('',(-2.28660046158,-4.570958093498));
#11083 = CARTESIAN_POINT('',(-2.311226583988,-4.504782995781));
#11084 = CARTESIAN_POINT('',(-2.3327358046,-4.436247433716));
#11085 = CARTESIAN_POINT('',(-2.365229146187,-4.307757199582));
#11086 = CARTESIAN_POINT('',(-2.377469753978,-4.248419626662));
#11087 = CARTESIAN_POINT('',(-2.386969912056,-4.187884790443));
#11088 = CARTESIAN_POINT('',(-2.39345894026,-4.126539755507));
#11089 = CARTESIAN_POINT('',(-2.396781792304,-4.064690302292));
#11090 = CARTESIAN_POINT('',(-2.397007753953,-3.940232978846));
#11091 = CARTESIAN_POINT('',(-2.393878325611,-3.878049665864));
#11092 = CARTESIAN_POINT('',(-2.387543463916,-3.81635348663));
#11093 = CARTESIAN_POINT('',(-2.378155775869,-3.755458259752));
#11094 = CARTESIAN_POINT('',(-2.3659877131,-3.69575992505));
#11095 = CARTESIAN_POINT('',(-2.333177487909,-3.564879735915));
#11096 = CARTESIAN_POINT('',(-2.311096650577,-3.494431397361));
#11097 = CARTESIAN_POINT('',(-2.28572562982,-3.42647366581));
#11098 = CARTESIAN_POINT('',(-2.25749070522,-3.36112138303));
#11099 = CARTESIAN_POINT('',(-2.226709061634,-3.298541686322));
#11100 = CARTESIAN_POINT('',(-2.151533864483,-3.163292222847));
#11101 = CARTESIAN_POINT('',(-2.105591656854,-3.092232385713));
#11102 = CARTESIAN_POINT('',(-2.056121621637,-3.026229219262));
#11103 = CARTESIAN_POINT('',(-2.003288318937,-2.966041173165));
#11104 = CARTESIAN_POINT('',(-1.947145651146,-2.912740123522));
#11105 = CARTESIAN_POINT('',(-1.839719068982,-2.83154843473));
#11106 = CARTESIAN_POINT('',(-1.789381428571,-2.800573917496));
#11107 = CARTESIAN_POINT('',(-1.737240544662,-2.776201884589));
#11108 = CARTESIAN_POINT('',(-1.683817663141,-2.759343371881));
#11109 = CARTESIAN_POINT('',(-1.629583158622,-2.750552353362));
#11110 = CARTESIAN_POINT('',(-1.519244715102,-2.749477078829));
#11111 = CARTESIAN_POINT('',(-1.463748957551,-2.757564535981));
#11112 = CARTESIAN_POINT('',(-1.409043123357,-2.774126051298));
#11113 = CARTESIAN_POINT('',(-1.355639559503,-2.798596150635));
#11114 = CARTESIAN_POINT('',(-1.304106207443,-2.830007937996));
#11115 = CARTESIAN_POINT('',(-1.194437737145,-2.912569328706));
#11116 = CARTESIAN_POINT('',(-1.137256554845,-2.966905590761));
#11117 = CARTESIAN_POINT('',(-1.08350912245,-3.028374300548));
#11118 = CARTESIAN_POINT('',(-1.033251325127,-3.095848349514));
#11119 = CARTESIAN_POINT('',(-0.986658881076,-3.168538022145));
#11120 = CARTESIAN_POINT('',(-0.912118336279,-3.304245185634));
#11121 = CARTESIAN_POINT('',(-0.882341653781,-3.365333560462));
#11122 = CARTESIAN_POINT('',(-0.85499219201,-3.429041906502));
#11123 = CARTESIAN_POINT('',(-0.830366069602,-3.495217004219));
#11124 = CARTESIAN_POINT('',(-0.80885684899,-3.563752566283));
#11125 = CARTESIAN_POINT('',(-0.77626166597,-3.692645517678));
#11126 = CARTESIAN_POINT('',(-0.763950907483,-3.752413825583));
#11127 = CARTESIAN_POINT('',(-0.754422297383,-3.813393987903));
#11128 = CARTESIAN_POINT('',(-0.747951796107,-3.875189325984));
#11129 = CARTESIAN_POINT('',(-0.744695784868,-3.937486673205));
#11130 = CARTESIAN_POINT('',(-0.744695784868,-4.));
#11131 = ( GEOMETRIC_REPRESENTATION_CONTEXT(2) 
PARAMETRIC_REPRESENTATION_CONTEXT() REPRESENTATION_CONTEXT('2D SPACE',''
  ) );
#11132 = ORIENTED_EDGE('',*,*,#11133,.T.);
#11133 = EDGE_CURVE('',#10869,#10837,#11134,.T.);
#11134 = SEAM_CURVE('',#11135,(#11139,#11146),.PCURVE_S1.);
#11135 = LINE('',#11136,#11137);
#11136 = CARTESIAN_POINT('',(339.25,-58.,142.));
#11137 = VECTOR('',#11138,1.);
#11138 = DIRECTION('',(-0.,-0.,1.));
#11139 = PCURVE('',#10853,#11140);
#11140 = DEFINITIONAL_REPRESENTATION('',(#11141),#11145);
#11141 = LINE('',#11142,#11143);
#11142 = CARTESIAN_POINT('',(6.28318530718,0.));
#11143 = VECTOR('',#11144,1.);
#11144 = DIRECTION('',(0.,-1.));
#11145 = ( GEOMETRIC_REPRESENTATION_CONTEXT(2) 
PARAMETRIC_REPRESENTATION_CONTEXT() REPRESENTATION_CONTEXT('2D SPACE',''
  ) );
#11146 = PCURVE('',#10853,#11147);
#11147 = DEFINITIONAL_REPRESENTATION('',(#11148),#11152);
#11148 = LINE('',#11149,#11150);
#11149 = CARTESIAN_POINT('',(0.,0.));
#11150 = VECTOR('',#11151,1.);
#11151 = DIRECTION('',(0.,-1.));
#11152 = ( GEOMETRIC_REPRESENTATION_CONTEXT(2) 
PARAMETRIC_REPRESENTATION_CONTEXT() REPRESENTATION_CONTEXT('2D SPACE',''
  ) );
#11153 = ORIENTED_EDGE('',*,*,#10836,.F.);
#11154 = ORIENTED_EDGE('',*,*,#11133,.F.);
#11155 = ADVANCED_FACE('',(#11156,#11228,#11231),#11042,.F.);
#11156 = FACE_BOUND('',#11157,.T.);
#11157 = EDGE_LOOP('',(#11158,#11182,#11205,#11227));
#11158 = ORIENTED_EDGE('',*,*,#11159,.F.);
#11159 = EDGE_CURVE('',#11160,#11160,#11162,.T.);
#11160 = VERTEX_POINT('',#11161);
#11161 = CARTESIAN_POINT('',(339.7,-55.,148.));
#11162 = SURFACE_CURVE('',#11163,(#11168,#11175),.PCURVE_S1.);
#11163 = CIRCLE('',#11164,1.7);
#11164 = AXIS2_PLACEMENT_3D('',#11165,#11166,#11167);
#11165 = CARTESIAN_POINT('',(338.,-55.,148.));
#11166 = DIRECTION('',(-0.,-1.,-0.));
#11167 = DIRECTION('',(1.,-0.,-0.));
#11168 = PCURVE('',#11042,#11169);
#11169 = DEFINITIONAL_REPRESENTATION('',(#11170),#11174);
#11170 = LINE('',#11171,#11172);
#11171 = CARTESIAN_POINT('',(-0.,-1.));
#11172 = VECTOR('',#11173,1.);
#11173 = DIRECTION('',(-1.,0.));
#11174 = ( GEOMETRIC_REPRESENTATION_CONTEXT(2) 
PARAMETRIC_REPRESENTATION_CONTEXT() REPRESENTATION_CONTEXT('2D SPACE',''
  ) );
#11175 = PCURVE('',#72,#11176);
#11176 = DEFINITIONAL_REPRESENTATION('',(#11177),#11181);
#11177 = CIRCLE('',#11178,1.7);
#11178 = AXIS2_PLACEMENT_2D('',#11179,#11180);
#11179 = CARTESIAN_POINT('',(-117.5,138.));
#11180 = DIRECTION('',(-0.,1.));
#11181 = ( GEOMETRIC_REPRESENTATION_CONTEXT(2) 
PARAMETRIC_REPRESENTATION_CONTEXT() REPRESENTATION_CONTEXT('2D SPACE',''
  ) );
#11182 = ORIENTED_EDGE('',*,*,#11183,.T.);
#11183 = EDGE_CURVE('',#11160,#11184,#11186,.T.);
#11184 = VERTEX_POINT('',#11185);
#11185 = CARTESIAN_POINT('',(339.7,-61.,148.));
#11186 = SEAM_CURVE('',#11187,(#11191,#11198),.PCURVE_S1.);
#11187 = LINE('',#11188,#11189);
#11188 = CARTESIAN_POINT('',(339.7,-54.,148.));
#11189 = VECTOR('',#11190,1.);
#11190 = DIRECTION('',(-0.,-1.,-0.));
#11191 = PCURVE('',#11042,#11192);
#11192 = DEFINITIONAL_REPRESENTATION('',(#11193),#11197);
#11193 = LINE('',#11194,#11195);
#11194 = CARTESIAN_POINT('',(-6.28318530718,0.));
#11195 = VECTOR('',#11196,1.);
#11196 = DIRECTION('',(-0.,-1.));
#11197 = ( GEOMETRIC_REPRESENTATION_CONTEXT(2) 
PARAMETRIC_REPRESENTATION_CONTEXT() REPRESENTATION_CONTEXT('2D SPACE',''
  ) );
#11198 = PCURVE('',#11042,#11199);
#11199 = DEFINITIONAL_REPRESENTATION('',(#11200),#11204);
#11200 = LINE('',#11201,#11202);
#11201 = CARTESIAN_POINT('',(-0.,0.));
#11202 = VECTOR('',#11203,1.);
#11203 = DIRECTION('',(-0.,-1.));
#11204 = ( GEOMETRIC_REPRESENTATION_CONTEXT(2) 
PARAMETRIC_REPRESENTATION_CONTEXT() REPRESENTATION_CONTEXT('2D SPACE',''
  ) );
#11205 = ORIENTED_EDGE('',*,*,#11206,.T.);
#11206 = EDGE_CURVE('',#11184,#11184,#11207,.T.);
#11207 = SURFACE_CURVE('',#11208,(#11213,#11220),.PCURVE_S1.);
#11208 = CIRCLE('',#11209,1.7);
#11209 = AXIS2_PLACEMENT_3D('',#11210,#11211,#11212);
#11210 = CARTESIAN_POINT('',(338.,-61.,148.));
#11211 = DIRECTION('',(-0.,-1.,-0.));
#11212 = DIRECTION('',(1.,-0.,-0.));
#11213 = PCURVE('',#11042,#11214);
#11214 = DEFINITIONAL_REPRESENTATION('',(#11215),#11219);
#11215 = LINE('',#11216,#11217);
#11216 = CARTESIAN_POINT('',(-0.,-7.));
#11217 = VECTOR('',#11218,1.);
#11218 = DIRECTION('',(-1.,0.));
#11219 = ( GEOMETRIC_REPRESENTATION_CONTEXT(2) 
PARAMETRIC_REPRESENTATION_CONTEXT() REPRESENTATION_CONTEXT('2D SPACE',''
  ) );
#11220 = PCURVE('',#494,#11221);
#11221 = DEFINITIONAL_REPRESENTATION('',(#11222),#11226);
#11222 = CIRCLE('',#11223,1.7);
#11223 = AXIS2_PLACEMENT_2D('',#11224,#11225);
#11224 = CARTESIAN_POINT('',(-117.5,138.));
#11225 = DIRECTION('',(-0.,1.));
#11226 = ( GEOMETRIC_REPRESENTATION_CONTEXT(2) 
PARAMETRIC_REPRESENTATION_CONTEXT() REPRESENTATION_CONTEXT('2D SPACE',''
  ) );
#11227 = ORIENTED_EDGE('',*,*,#11183,.F.);
#11228 = FACE_BOUND('',#11229,.T.);
#11229 = EDGE_LOOP('',(#11230));
#11230 = ORIENTED_EDGE('',*,*,#10868,.F.);
#11231 = FACE_BOUND('',#11232,.T.);
#11232 = EDGE_LOOP('',(#11233));
#11233 = ORIENTED_EDGE('',*,*,#11234,.T.);
#11234 = EDGE_CURVE('',#11235,#11235,#11237,.T.);
#11235 = VERTEX_POINT('',#11236);
#11236 = CARTESIAN_POINT('',(339.25,-58.,146.84782813782));
#11237 = SURFACE_CURVE('',#11238,(#11321,#11407),.PCURVE_S1.);
#11238 = B_SPLINE_CURVE_WITH_KNOTS('',6,(#11239,#11240,#11241,#11242,
    #11243,#11244,#11245,#11246,#11247,#11248,#11249,#11250,#11251,
    #11252,#11253,#11254,#11255,#11256,#11257,#11258,#11259,#11260,
    #11261,#11262,#11263,#11264,#11265,#11266,#11267,#11268,#11269,
    #11270,#11271,#11272,#11273,#11274,#11275,#11276,#11277,#11278,
    #11279,#11280,#11281,#11282,#11283,#11284,#11285,#11286,#11287,
    #11288,#11289,#11290,#11291,#11292,#11293,#11294,#11295,#11296,
    #11297,#11298,#11299,#11300,#11301,#11302,#11303,#11304,#11305,
    #11306,#11307,#11308,#11309,#11310,#11311,#11312,#11313,#11314,
    #11315,#11316,#11317,#11318,#11319,#11320),.UNSPECIFIED.,.T.,.F.,(7,
    5,5,5,5,5,5,5,5,5,5,5,5,5,5,5,7),(0.,4.82009784342E-02,
    0.109213021326,0.186641312697,0.24908841071,0.312902822418,
    0.391806951843,0.451207524927,0.499532958826,0.548096890773,
    0.609140473947,0.686608792008,0.74908817215,0.812935572814,
    0.891880491847,0.951311772146,1.),.UNSPECIFIED.);
#11239 = CARTESIAN_POINT('',(339.25,-58.,146.84782813782));
#11240 = CARTESIAN_POINT('',(339.25,-58.06194410447,146.84782813782));
#11241 = CARTESIAN_POINT('',(339.24631644317,-58.12367976329,
    146.84383187032));
#11242 = CARTESIAN_POINT('',(339.23899559793,-58.18492599482,
    146.83588919439));
#11243 = CARTESIAN_POINT('',(339.22811434377,-58.245376193,
    146.82427686197));
#11244 = CARTESIAN_POINT('',(339.21380076721,-58.30464371704,
    146.80950011574));
#11245 = CARTESIAN_POINT('',(339.17429575105,-58.43512026408,
    146.77036815952));
#11246 = CARTESIAN_POINT('',(339.14714792572,-58.50556860263,
    146.74443533339));
#11247 = CARTESIAN_POINT('',(339.11518488629,-58.57352633419,
    146.71544156339));
#11248 = CARTESIAN_POINT('',(339.07855161956,-58.63887861697,
    146.6843545709));
#11249 = CARTESIAN_POINT('',(339.03735333987,-58.70145831367,
    146.65201254014));
#11250 = CARTESIAN_POINT('',(338.93354843504,-58.83670777715,
    146.57746840284));
#11251 = CARTESIAN_POINT('',(338.86800625577,-58.90776761428,
    146.53484085971));
#11252 = CARTESIAN_POINT('',(338.79494176912,-58.97377078073,
    146.49279631449));
#11253 = CARTESIAN_POINT('',(338.71423271529,-59.03395882683,
    146.45273730944));
#11254 = CARTESIAN_POINT('',(338.62579013131,-59.08725987647,
    146.41614192229));
#11255 = CARTESIAN_POINT('',(338.45225761819,-59.16845156531,
    146.35923474497));
#11256 = CARTESIAN_POINT('',(338.36948223787,-59.1994260826,
    146.33702796094));
#11257 = CARTESIAN_POINT('',(338.28237971416,-59.2237981152,
    146.31925962689));
#11258 = CARTESIAN_POINT('',(338.19210884963,-59.2406566282,
    146.30687017407));
#11259 = CARTESIAN_POINT('',(338.09993676821,-59.24944764664,
    146.30040613916));
#11260 = CARTESIAN_POINT('',(337.91236308107,-59.25052292117,
    146.29961550209));
#11261 = CARTESIAN_POINT('',(337.81799456924,-59.24243546401,
    146.30556223772));
#11262 = CARTESIAN_POINT('',(337.72547233968,-59.2258739487,
    146.31774423015));
#11263 = CARTESIAN_POINT('',(337.63617853596,-59.20140384936,
    146.33560493809));
#11264 = CARTESIAN_POINT('',(337.55137921005,-59.169992062,
    146.35814475656));
#11265 = CARTESIAN_POINT('',(337.37415817813,-59.08743067129,
    146.41603462534));
#11266 = CARTESIAN_POINT('',(337.28408382,-59.03309440923,
    146.45334740762));
#11267 = CARTESIAN_POINT('',(337.20203773829,-58.97162569945,
    146.49424219534));
#11268 = CARTESIAN_POINT('',(337.12792048553,-58.90415165048,
    146.53715993652));
#11269 = CARTESIAN_POINT('',(337.06160020805,-58.83146197785,
    146.58062256555));
#11270 = CARTESIAN_POINT('',(336.95895931312,-58.69575481436,
    146.65493631215));
#11271 = CARTESIAN_POINT('',(336.91918368103,-58.63466643953,
    146.68631596516));
#11272 = CARTESIAN_POINT('',(336.88373568613,-58.57095809349,
    146.71646652268));
#11273 = CARTESIAN_POINT('',(336.8527142899,-58.50478299578,
    146.74461086134));
#11274 = CARTESIAN_POINT('',(336.82625517314,-58.43624743371,
    146.76985739752));
#11275 = CARTESIAN_POINT('',(336.78697967068,-58.30775719958,
    146.80869998693));
#11276 = CARTESIAN_POINT('',(336.77248883749,-58.24841962666,
    146.82364063901));
#11277 = CARTESIAN_POINT('',(336.76143940033,-58.18788479044,
    146.8354215164));
#11278 = CARTESIAN_POINT('',(336.75396119006,-58.1265397555,
    146.84353072321));
#11279 = CARTESIAN_POINT('',(336.75013258814,-58.06469030229,
    146.8476842926));
#11280 = CARTESIAN_POINT('',(336.74987224082,-57.94023297884,
    146.84796674405));
#11281 = CARTESIAN_POINT('',(336.75347798731,-57.87804966586,
    146.84405495323));
#11282 = CARTESIAN_POINT('',(336.76077446047,-57.81635348663,
    146.83613467751));
#11283 = CARTESIAN_POINT('',(336.771684089,-57.75545825975,
    146.82448494071));
#11284 = CARTESIAN_POINT('',(336.78607702011,-57.69575992505,
    146.80962117431));
#11285 = CARTESIAN_POINT('',(336.82570424894,-57.56487973591,
    146.77036815952));
#11286 = CARTESIAN_POINT('',(336.85285207427,-57.49443139736,
    146.74443533339));
#11287 = CARTESIAN_POINT('',(336.8848151137,-57.42647366581,
    146.71544156339));
#11288 = CARTESIAN_POINT('',(336.92144838043,-57.36112138303,
    146.6843545709));
#11289 = CARTESIAN_POINT('',(336.96264666012,-57.29854168632,
    146.65201254014));
#11290 = CARTESIAN_POINT('',(337.06645156495,-57.16329222284,
    146.57746840284));
#11291 = CARTESIAN_POINT('',(337.13199374422,-57.09223238571,
    146.53484085971));
#11292 = CARTESIAN_POINT('',(337.20505823087,-57.02622921926,
    146.49279631449));
#11293 = CARTESIAN_POINT('',(337.2857672847,-56.96604117316,
    146.45273730944));
#11294 = CARTESIAN_POINT('',(337.37420986868,-56.91274012352,
    146.41614192229));
#11295 = CARTESIAN_POINT('',(337.54774238179,-56.83154843469,
    146.35923474498));
#11296 = CARTESIAN_POINT('',(337.63051776212,-56.80057391739,
    146.33702796094));
#11297 = CARTESIAN_POINT('',(337.71762028584,-56.77620188479,
    146.31925962689));
#11298 = CARTESIAN_POINT('',(337.80789115037,-56.75934337179,
    146.30687017407));
#11299 = CARTESIAN_POINT('',(337.90006323177,-56.75055235335,
    146.30040613916));
#11300 = CARTESIAN_POINT('',(338.08763691892,-56.74947707882,
    146.29961550209));
#11301 = CARTESIAN_POINT('',(338.18200543075,-56.75756453598,
    146.30556223772));
#11302 = CARTESIAN_POINT('',(338.27452766031,-56.77412605129,
    146.31774423015));
#11303 = CARTESIAN_POINT('',(338.36382146403,-56.79859615063,
    146.33560493809));
#11304 = CARTESIAN_POINT('',(338.44862078994,-56.83000793799,
    146.35814475656));
#11305 = CARTESIAN_POINT('',(338.62584182186,-56.9125693287,
    146.41603462534));
#11306 = CARTESIAN_POINT('',(338.71591617999,-56.96690559076,
    146.45334740762));
#11307 = CARTESIAN_POINT('',(338.7979622617,-57.02837430054,
    146.49424219534));
#11308 = CARTESIAN_POINT('',(338.87207951446,-57.09584834951,
    146.53715993652));
#11309 = CARTESIAN_POINT('',(338.93839979194,-57.16853802214,
    146.58062256555));
#11310 = CARTESIAN_POINT('',(339.04104068687,-57.30424518563,
    146.65493631215));
#11311 = CARTESIAN_POINT('',(339.08081631896,-57.36533356046,
    146.68631596516));
#11312 = CARTESIAN_POINT('',(339.11626431386,-57.4290419065,
    146.71646652268));
#11313 = CARTESIAN_POINT('',(339.14728571009,-57.49521700422,
    146.74461086134));
#11314 = CARTESIAN_POINT('',(339.17374482685,-57.56375256628,
    146.76985739752));
#11315 = CARTESIAN_POINT('',(339.21314342756,-57.69264551767,
    146.80882172833));
#11316 = CARTESIAN_POINT('',(339.22771478464,-57.75241382558,
    146.82385056158));
#11317 = CARTESIAN_POINT('',(339.23879367986,-57.8133939879,
    146.83567012177));
#11318 = CARTESIAN_POINT('',(339.24624843564,-57.87518932598,
    146.84375809125));
#11319 = CARTESIAN_POINT('',(339.25,-57.9374866732,146.84782813782));
#11320 = CARTESIAN_POINT('',(339.25,-58.,146.84782813782));
#11321 = PCURVE('',#11042,#11322);
#11322 = DEFINITIONAL_REPRESENTATION('',(#11323),#11406);
#11323 = B_SPLINE_CURVE_WITH_KNOTS('',6,(#11324,#11325,#11326,#11327,
    #11328,#11329,#11330,#11331,#11332,#11333,#11334,#11335,#11336,
    #11337,#11338,#11339,#11340,#11341,#11342,#11343,#11344,#11345,
    #11346,#11347,#11348,#11349,#11350,#11351,#11352,#11353,#11354,
    #11355,#11356,#11357,#11358,#11359,#11360,#11361,#11362,#11363,
    #11364,#11365,#11366,#11367,#11368,#11369,#11370,#11371,#11372,
    #11373,#11374,#11375,#11376,#11377,#11378,#11379,#11380,#11381,
    #11382,#11383,#11384,#11385,#11386,#11387,#11388,#11389,#11390,
    #11391,#11392,#11393,#11394,#11395,#11396,#11397,#11398,#11399,
    #11400,#11401,#11402,#11403,#11404,#11405),.UNSPECIFIED.,.T.,.F.,(7,
    5,5,5,5,5,5,5,5,5,5,5,5,5,5,5,7),(0.,4.82009784342E-02,
    0.109213021326,0.186641312697,0.24908841071,0.312902822418,
    0.391806951843,0.451207524927,0.499532958826,0.548096890773,
    0.609140473947,0.686608792008,0.74908817215,0.812935572814,
    0.891880491847,0.951311772146,1.),.UNSPECIFIED.);
#11324 = CARTESIAN_POINT('',(-5.538489522312,-4.));
#11325 = CARTESIAN_POINT('',(-5.538489522312,-4.06194410447));
#11326 = CARTESIAN_POINT('',(-5.535292532539,-4.123679763293));
#11327 = CARTESIAN_POINT('',(-5.528938274909,-4.184925994829));
#11328 = CARTESIAN_POINT('',(-5.519578056493,-4.245376193005));
#11329 = CARTESIAN_POINT('',(-5.507479178052,-4.304643717044));
#11330 = CARTESIAN_POINT('',(-5.474770141499,-4.435120264085));
#11331 = CARTESIAN_POINT('',(-5.452689304167,-4.505568602639));
#11332 = CARTESIAN_POINT('',(-5.427318283409,-4.57352633419));
#11333 = CARTESIAN_POINT('',(-5.39908335881,-4.63887861697));
#11334 = CARTESIAN_POINT('',(-5.368301715223,-4.701458313678));
#11335 = CARTESIAN_POINT('',(-5.293126518073,-4.836707777153));
#11336 = CARTESIAN_POINT('',(-5.247184310443,-4.907767614287));
#11337 = CARTESIAN_POINT('',(-5.197714275227,-4.973770780739));
#11338 = CARTESIAN_POINT('',(-5.144880972527,-5.033958826835));
#11339 = CARTESIAN_POINT('',(-5.088738304735,-5.087259876478));
#11340 = CARTESIAN_POINT('',(-4.981311722514,-5.168451565313));
#11341 = CARTESIAN_POINT('',(-4.930974082022,-5.199426082601));
#11342 = CARTESIAN_POINT('',(-4.878833198396,-5.223798115202));
#11343 = CARTESIAN_POINT('',(-4.825410317028,-5.240656628205));
#11344 = CARTESIAN_POINT('',(-4.771175811888,-5.249447646642));
#11345 = CARTESIAN_POINT('',(-4.660837368692,-5.250522921171));
#11346 = CARTESIAN_POINT('',(-4.605341611141,-5.242435464019));
#11347 = CARTESIAN_POINT('',(-4.550635776946,-5.225873948702));
#11348 = CARTESIAN_POINT('',(-4.497232213093,-5.201403849365));
#11349 = CARTESIAN_POINT('',(-4.445698861033,-5.169992062003));
#11350 = CARTESIAN_POINT('',(-4.336030390735,-5.087430671294));
#11351 = CARTESIAN_POINT('',(-4.278849208434,-5.033094409239));
#11352 = CARTESIAN_POINT('',(-4.22510177604,-4.971625699452));
#11353 = CARTESIAN_POINT('',(-4.174843978717,-4.904151650486));
#11354 = CARTESIAN_POINT('',(-4.128251534665,-4.831461977855));
#11355 = CARTESIAN_POINT('',(-4.053710989869,-4.695754814366));
#11356 = CARTESIAN_POINT('',(-4.023934307371,-4.634666439537));
#11357 = CARTESIAN_POINT('',(-3.9965848456,-4.570958093498));
#11358 = CARTESIAN_POINT('',(-3.971958723191,-4.504782995781));
#11359 = CARTESIAN_POINT('',(-3.95044950258,-4.436247433716));
#11360 = CARTESIAN_POINT('',(-3.917956160992,-4.307757199582));
#11361 = CARTESIAN_POINT('',(-3.905715553202,-4.248419626662));
#11362 = CARTESIAN_POINT('',(-3.896215395123,-4.187884790443));
#11363 = CARTESIAN_POINT('',(-3.88972636692,-4.126539755507));
#11364 = CARTESIAN_POINT('',(-3.886403514875,-4.064690302292));
#11365 = CARTESIAN_POINT('',(-3.886177553227,-3.940232978846));
#11366 = CARTESIAN_POINT('',(-3.889306981568,-3.878049665864));
#11367 = CARTESIAN_POINT('',(-3.895641843263,-3.81635348663));
#11368 = CARTESIAN_POINT('',(-3.90502953131,-3.755458259752));
#11369 = CARTESIAN_POINT('',(-3.91719759408,-3.69575992505));
#11370 = CARTESIAN_POINT('',(-3.95000781927,-3.564879735915));
#11371 = CARTESIAN_POINT('',(-3.972088656603,-3.494431397361));
#11372 = CARTESIAN_POINT('',(-3.99745967736,-3.42647366581));
#11373 = CARTESIAN_POINT('',(-4.02569460196,-3.36112138303));
#11374 = CARTESIAN_POINT('',(-4.056476245546,-3.298541686322));
#11375 = CARTESIAN_POINT('',(-4.131651442697,-3.163292222847));
#11376 = CARTESIAN_POINT('',(-4.177593650326,-3.092232385713));
#11377 = CARTESIAN_POINT('',(-4.227063685542,-3.026229219261));
#11378 = CARTESIAN_POINT('',(-4.279896988242,-2.966041173165));
#11379 = CARTESIAN_POINT('',(-4.336039656034,-2.912740123522));
#11380 = CARTESIAN_POINT('',(-4.44346623825,-2.831548434691));
#11381 = CARTESIAN_POINT('',(-4.493803878747,-2.800573917398));
#11382 = CARTESIAN_POINT('',(-4.545944762379,-2.776201884795));
#11383 = CARTESIAN_POINT('',(-4.599367643746,-2.759343371797));
#11384 = CARTESIAN_POINT('',(-4.653602148874,-2.750552353359));
#11385 = CARTESIAN_POINT('',(-4.763940592078,-2.749477078829));
#11386 = CARTESIAN_POINT('',(-4.819436349628,-2.757564535981));
#11387 = CARTESIAN_POINT('',(-4.874142183823,-2.774126051298));
#11388 = CARTESIAN_POINT('',(-4.927545747677,-2.798596150635));
#11389 = CARTESIAN_POINT('',(-4.979079099737,-2.830007937996));
#11390 = CARTESIAN_POINT('',(-5.088747570034,-2.912569328705));
#11391 = CARTESIAN_POINT('',(-5.145928752335,-2.966905590761));
#11392 = CARTESIAN_POINT('',(-5.19967618473,-3.028374300548));
#11393 = CARTESIAN_POINT('',(-5.249933982052,-3.095848349514));
#11394 = CARTESIAN_POINT('',(-5.296526426104,-3.168538022145));
#11395 = CARTESIAN_POINT('',(-5.371066970901,-3.304245185634));
#11396 = CARTESIAN_POINT('',(-5.400843653399,-3.365333560463));
#11397 = CARTESIAN_POINT('',(-5.428193115169,-3.429041906501));
#11398 = CARTESIAN_POINT('',(-5.452819237578,-3.49521700422));
#11399 = CARTESIAN_POINT('',(-5.474328458189,-3.563752566283));
#11400 = CARTESIAN_POINT('',(-5.50692364121,-3.692645517678));
#11401 = CARTESIAN_POINT('',(-5.519234399697,-3.752413825584));
#11402 = CARTESIAN_POINT('',(-5.528763009796,-3.813393987903));
#11403 = CARTESIAN_POINT('',(-5.535233511073,-3.875189325984));
#11404 = CARTESIAN_POINT('',(-5.538489522312,-3.937486673205));
#11405 = CARTESIAN_POINT('',(-5.538489522312,-4.));
#11406 = ( GEOMETRIC_REPRESENTATION_CONTEXT(2) 
PARAMETRIC_REPRESENTATION_CONTEXT() REPRESENTATION_CONTEXT('2D SPACE',''
  ) );
#11407 = PCURVE('',#11408,#11413);
#11408 = CYLINDRICAL_SURFACE('',#11409,1.25);
#11409 = AXIS2_PLACEMENT_3D('',#11410,#11411,#11412);
#11410 = CARTESIAN_POINT('',(338.,-58.,142.));
#11411 = DIRECTION('',(-0.,0.,-1.));
#11412 = DIRECTION('',(1.,-0.,-0.));
#11413 = DEFINITIONAL_REPRESENTATION('',(#11414),#11497);
#11414 = B_SPLINE_CURVE_WITH_KNOTS('',6,(#11415,#11416,#11417,#11418,
    #11419,#11420,#11421,#11422,#11423,#11424,#11425,#11426,#11427,
    #11428,#11429,#11430,#11431,#11432,#11433,#11434,#11435,#11436,
    #11437,#11438,#11439,#11440,#11441,#11442,#11443,#11444,#11445,
    #11446,#11447,#11448,#11449,#11450,#11451,#11452,#11453,#11454,
    #11455,#11456,#11457,#11458,#11459,#11460,#11461,#11462,#11463,
    #11464,#11465,#11466,#11467,#11468,#11469,#11470,#11471,#11472,
    #11473,#11474,#11475,#11476,#11477,#11478,#11479,#11480,#11481,
    #11482,#11483,#11484,#11485,#11486,#11487,#11488,#11489,#11490,
    #11491,#11492,#11493,#11494,#11495,#11496),.UNSPECIFIED.,.F.,.F.,(7,
    5,5,5,5,5,5,5,5,5,5,5,5,5,5,5,7),(0.,4.82009784342E-02,
    0.109213021326,0.186641312697,0.24908841071,0.312902822418,
    0.391806951843,0.451207524927,0.499532958826,0.548096890773,
    0.609140473947,0.686608792008,0.74908817215,0.812935572814,
    0.891880491847,0.951311772146,1.),.UNSPECIFIED.);
#11415 = CARTESIAN_POINT('',(0.,-4.84782813782));
#11416 = CARTESIAN_POINT('',(4.955528357611E-02,-4.84782813782));
#11417 = CARTESIAN_POINT('',(9.89437254388E-02,-4.843831870328));
#11418 = CARTESIAN_POINT('',(0.148160175113,-4.835889194395));
#11419 = CARTESIAN_POINT('',(0.197169002536,-4.824276861975));
#11420 = CARTESIAN_POINT('',(0.245866782172,-4.809500115744));
#11421 = CARTESIAN_POINT('',(0.354927574407,-4.770368159528));
#11422 = CARTESIAN_POINT('',(0.415161757923,-4.744435333396));
#11423 = CARTESIAN_POINT('',(0.475011490974,-4.71544156339));
#11424 = CARTESIAN_POINT('',(0.534719515707,-4.684354570904));
#11425 = CARTESIAN_POINT('',(0.594501344844,-4.652012540143));
#11426 = CARTESIAN_POINT('',(0.730895774374,-4.577468402848));
#11427 = CARTESIAN_POINT('',(0.807916880318,-4.53484085971));
#11428 = CARTESIAN_POINT('',(0.88619059279,-4.492796314492));
#11429 = CARTESIAN_POINT('',(0.966176675623,-4.452737309441));
#11430 = CARTESIAN_POINT('',(1.048333871125,-4.416141922295));
#11431 = CARTESIAN_POINT('',(1.201603564822,-4.359234744979));
#11432 = CARTESIAN_POINT('',(1.272084612308,-4.337027960943));
#11433 = CARTESIAN_POINT('',(1.344039844518,-4.319259626896));
#11434 = CARTESIAN_POINT('',(1.417068981169,-4.306870174077));
#11435 = CARTESIAN_POINT('',(1.490845661375,-4.300406139167));
#11436 = CARTESIAN_POINT('',(1.640907076694,-4.299615502098));
#11437 = CARTESIAN_POINT('',(1.71636345252,-4.305562237721));
#11438 = CARTESIAN_POINT('',(1.791089873142,-4.317744230153));
#11439 = CARTESIAN_POINT('',(1.864725806935,-4.335604938095));
#11440 = CARTESIAN_POINT('',(1.936831438288,-4.358144756565));
#11441 = CARTESIAN_POINT('',(2.093238450692,-4.416034625348));
#11442 = CARTESIAN_POINT('',(2.176914361699,-4.453347407627));
#11443 = CARTESIAN_POINT('',(2.258340124222,-4.494242195346));
#11444 = CARTESIAN_POINT('',(2.33800183368,-4.537159936528));
#11445 = CARTESIAN_POINT('',(2.41638713245,-4.580622565554));
#11446 = CARTESIAN_POINT('',(2.552508460764,-4.654936312156));
#11447 = CARTESIAN_POINT('',(2.610681316247,-4.686315965169));
#11448 = CARTESIAN_POINT('',(2.668796420996,-4.716466522689));
#11449 = CARTESIAN_POINT('',(2.727052796956,-4.744610861345));
#11450 = CARTESIAN_POINT('',(2.785674104895,-4.769857397529));
#11451 = CARTESIAN_POINT('',(2.89316119915,-4.808699986933));
#11452 = CARTESIAN_POINT('',(2.941946486633,-4.823640639016));
#11453 = CARTESIAN_POINT('',(2.99104522901,-4.835421516404));
#11454 = CARTESIAN_POINT('',(3.040354524968,-4.843530723218));
#11455 = CARTESIAN_POINT('',(3.089840301577,-4.847684292609));
#11456 = CARTESIAN_POINT('',(3.189406378177,-4.847966744052));
#11457 = CARTESIAN_POINT('',(3.23914679535,-4.844054953238));
#11458 = CARTESIAN_POINT('',(3.288715587327,-4.836134677514));
#11459 = CARTESIAN_POINT('',(3.33807601361,-4.824484940714));
#11460 = CARTESIAN_POINT('',(3.387122045422,-4.809621174318));
#11461 = CARTESIAN_POINT('',(3.496520227996,-4.770368159528));
#11462 = CARTESIAN_POINT('',(3.556754411512,-4.744435333396));
#11463 = CARTESIAN_POINT('',(3.616604144564,-4.71544156339));
#11464 = CARTESIAN_POINT('',(3.676312169297,-4.684354570904));
#11465 = CARTESIAN_POINT('',(3.736093998434,-4.652012540143));
#11466 = CARTESIAN_POINT('',(3.872488427963,-4.577468402848));
#11467 = CARTESIAN_POINT('',(3.949509533908,-4.53484085971));
#11468 = CARTESIAN_POINT('',(4.02778324638,-4.492796314492));
#11469 = CARTESIAN_POINT('',(4.107769329213,-4.452737309441));
#11470 = CARTESIAN_POINT('',(4.189926524715,-4.416141922295));
#11471 = CARTESIAN_POINT('',(4.343196218405,-4.359234744982));
#11472 = CARTESIAN_POINT('',(4.413677265898,-4.337027960943));
#11473 = CARTESIAN_POINT('',(4.485632498115,-4.319259626894));
#11474 = CARTESIAN_POINT('',(4.558661634764,-4.306870174078));
#11475 = CARTESIAN_POINT('',(4.632438314955,-4.300406139167));
#11476 = CARTESIAN_POINT('',(4.782499730284,-4.299615502098));
#11477 = CARTESIAN_POINT('',(4.857956106109,-4.305562237721));
#11478 = CARTESIAN_POINT('',(4.932682526732,-4.317744230153));
#11479 = CARTESIAN_POINT('',(5.006318460525,-4.335604938095));
#11480 = CARTESIAN_POINT('',(5.078424091878,-4.358144756565));
#11481 = CARTESIAN_POINT('',(5.234831104281,-4.416034625348));
#11482 = CARTESIAN_POINT('',(5.318507015289,-4.453347407627));
#11483 = CARTESIAN_POINT('',(5.399932777811,-4.494242195346));
#11484 = CARTESIAN_POINT('',(5.47959448727,-4.537159936528));
#11485 = CARTESIAN_POINT('',(5.55797978604,-4.580622565554));
#11486 = CARTESIAN_POINT('',(5.694101114354,-4.654936312155));
#11487 = CARTESIAN_POINT('',(5.752273969837,-4.686315965169));
#11488 = CARTESIAN_POINT('',(5.810389074585,-4.716466522689));
#11489 = CARTESIAN_POINT('',(5.868645450546,-4.744610861345));
#11490 = CARTESIAN_POINT('',(5.927266758484,-4.769857397529));
#11491 = CARTESIAN_POINT('',(6.035090741441,-4.808821728335));
#11492 = CARTESIAN_POINT('',(6.084224391732,-4.823850561583));
#11493 = CARTESIAN_POINT('',(6.133675005789,-4.835670121779));
#11494 = CARTESIAN_POINT('',(6.183336857773,-4.843758091259));
#11495 = CARTESIAN_POINT('',(6.233174645744,-4.84782813782));
#11496 = CARTESIAN_POINT('',(6.28318530718,-4.84782813782));
#11497 = ( GEOMETRIC_REPRESENTATION_CONTEXT(2) 
PARAMETRIC_REPRESENTATION_CONTEXT() REPRESENTATION_CONTEXT('2D SPACE',''
  ) );
#11498 = ADVANCED_FACE('',(#11499),#11408,.F.);
#11499 = FACE_BOUND('',#11500,.F.);
#11500 = EDGE_LOOP('',(#11501,#11524,#11555,#11556));
#11501 = ORIENTED_EDGE('',*,*,#11502,.F.);
#11502 = EDGE_CURVE('',#11503,#11235,#11505,.T.);
#11503 = VERTEX_POINT('',#11504);
#11504 = CARTESIAN_POINT('',(339.25,-58.,142.));
#11505 = SEAM_CURVE('',#11506,(#11510,#11517),.PCURVE_S1.);
#11506 = LINE('',#11507,#11508);
#11507 = CARTESIAN_POINT('',(339.25,-58.,142.));
#11508 = VECTOR('',#11509,1.);
#11509 = DIRECTION('',(-0.,-0.,1.));
#11510 = PCURVE('',#11408,#11511);
#11511 = DEFINITIONAL_REPRESENTATION('',(#11512),#11516);
#11512 = LINE('',#11513,#11514);
#11513 = CARTESIAN_POINT('',(6.28318530718,0.));
#11514 = VECTOR('',#11515,1.);
#11515 = DIRECTION('',(0.,-1.));
#11516 = ( GEOMETRIC_REPRESENTATION_CONTEXT(2) 
PARAMETRIC_REPRESENTATION_CONTEXT() REPRESENTATION_CONTEXT('2D SPACE',''
  ) );
#11517 = PCURVE('',#11408,#11518);
#11518 = DEFINITIONAL_REPRESENTATION('',(#11519),#11523);
#11519 = LINE('',#11520,#11521);
#11520 = CARTESIAN_POINT('',(0.,0.));
#11521 = VECTOR('',#11522,1.);
#11522 = DIRECTION('',(0.,-1.));
#11523 = ( GEOMETRIC_REPRESENTATION_CONTEXT(2) 
PARAMETRIC_REPRESENTATION_CONTEXT() REPRESENTATION_CONTEXT('2D SPACE',''
  ) );
#11524 = ORIENTED_EDGE('',*,*,#11525,.F.);
#11525 = EDGE_CURVE('',#11503,#11503,#11526,.T.);
#11526 = SURFACE_CURVE('',#11527,(#11532,#11539),.PCURVE_S1.);
#11527 = CIRCLE('',#11528,1.25);
#11528 = AXIS2_PLACEMENT_3D('',#11529,#11530,#11531);
#11529 = CARTESIAN_POINT('',(338.,-58.,142.));
#11530 = DIRECTION('',(0.,0.,-1.));
#11531 = DIRECTION('',(1.,-0.,-0.));
#11532 = PCURVE('',#11408,#11533);
#11533 = DEFINITIONAL_REPRESENTATION('',(#11534),#11538);
#11534 = LINE('',#11535,#11536);
#11535 = CARTESIAN_POINT('',(0.,0.));
#11536 = VECTOR('',#11537,1.);
#11537 = DIRECTION('',(1.,0.));
#11538 = ( GEOMETRIC_REPRESENTATION_CONTEXT(2) 
PARAMETRIC_REPRESENTATION_CONTEXT() REPRESENTATION_CONTEXT('2D SPACE',''
  ) );
#11539 = PCURVE('',#11540,#11545);
#11540 = PLANE('',#11541);
#11541 = AXIS2_PLACEMENT_3D('',#11542,#11543,#11544);
#11542 = CARTESIAN_POINT('',(326.33333333333,-54.,142.));
#11543 = DIRECTION('',(0.,0.,1.));
#11544 = DIRECTION('',(-1.,-0.,0.));
#11545 = DEFINITIONAL_REPRESENTATION('',(#11546),#11554);
#11546 = ( BOUNDED_CURVE() B_SPLINE_CURVE(2,(#11547,#11548,#11549,#11550
    ,#11551,#11552,#11553),.UNSPECIFIED.,.T.,.F.) 
B_SPLINE_CURVE_WITH_KNOTS((1,2,2,2,2,1),(-2.094395102393,0.,
    2.094395102393,4.188790204786,6.28318530718,8.377580409573),
.UNSPECIFIED.) CURVE() GEOMETRIC_REPRESENTATION_ITEM() 
RATIONAL_B_SPLINE_CURVE((1.,0.5,1.,0.5,1.,0.5,1.)) REPRESENTATION_ITEM(
  '') );
#11547 = CARTESIAN_POINT('',(-12.91666666666,4.));
#11548 = CARTESIAN_POINT('',(-12.91666666666,6.165063509461));
#11549 = CARTESIAN_POINT('',(-11.04166666666,5.082531754731));
#11550 = CARTESIAN_POINT('',(-9.166666666667,4.));
#11551 = CARTESIAN_POINT('',(-11.04166666666,2.917468245269));
#11552 = CARTESIAN_POINT('',(-12.91666666666,1.834936490539));
#11553 = CARTESIAN_POINT('',(-12.91666666666,4.));
#11554 = ( GEOMETRIC_REPRESENTATION_CONTEXT(2) 
PARAMETRIC_REPRESENTATION_CONTEXT() REPRESENTATION_CONTEXT('2D SPACE',''
  ) );
#11555 = ORIENTED_EDGE('',*,*,#11502,.T.);
#11556 = ORIENTED_EDGE('',*,*,#11234,.T.);
#11557 = ADVANCED_FACE('',(#11558,#11662),#11540,.F.);
#11558 = FACE_BOUND('',#11559,.T.);
#11559 = EDGE_LOOP('',(#11560,#11590,#11613,#11641));
#11560 = ORIENTED_EDGE('',*,*,#11561,.F.);
#11561 = EDGE_CURVE('',#11562,#11564,#11566,.T.);
#11562 = VERTEX_POINT('',#11563);
#11563 = CARTESIAN_POINT('',(326.33333333333,-55.,142.));
#11564 = VERTEX_POINT('',#11565);
#11565 = CARTESIAN_POINT('',(326.33333333333,-61.,142.));
#11566 = SURFACE_CURVE('',#11567,(#11571,#11578),.PCURVE_S1.);
#11567 = LINE('',#11568,#11569);
#11568 = CARTESIAN_POINT('',(326.33333333333,-54.,142.));
#11569 = VECTOR('',#11570,1.);
#11570 = DIRECTION('',(0.,-1.,0.));
#11571 = PCURVE('',#11540,#11572);
#11572 = DEFINITIONAL_REPRESENTATION('',(#11573),#11577);
#11573 = LINE('',#11574,#11575);
#11574 = CARTESIAN_POINT('',(-0.,-0.));
#11575 = VECTOR('',#11576,1.);
#11576 = DIRECTION('',(-0.,1.));
#11577 = ( GEOMETRIC_REPRESENTATION_CONTEXT(2) 
PARAMETRIC_REPRESENTATION_CONTEXT() REPRESENTATION_CONTEXT('2D SPACE',''
  ) );
#11578 = PCURVE('',#11579,#11584);
#11579 = PLANE('',#11580);
#11580 = AXIS2_PLACEMENT_3D('',#11581,#11582,#11583);
#11581 = CARTESIAN_POINT('',(326.33333333333,-54.,44.));
#11582 = DIRECTION('',(1.,0.,0.));
#11583 = DIRECTION('',(0.,-0.,-1.));
#11584 = DEFINITIONAL_REPRESENTATION('',(#11585),#11589);
#11585 = LINE('',#11586,#11587);
#11586 = CARTESIAN_POINT('',(-98.,0.));
#11587 = VECTOR('',#11588,1.);
#11588 = DIRECTION('',(-0.,-1.));
#11589 = ( GEOMETRIC_REPRESENTATION_CONTEXT(2) 
PARAMETRIC_REPRESENTATION_CONTEXT() REPRESENTATION_CONTEXT('2D SPACE',''
  ) );
#11590 = ORIENTED_EDGE('',*,*,#11591,.T.);
#11591 = EDGE_CURVE('',#11562,#11592,#11594,.T.);
#11592 = VERTEX_POINT('',#11593);
#11593 = CARTESIAN_POINT('',(342.,-55.,142.));
#11594 = SURFACE_CURVE('',#11595,(#11599,#11606),.PCURVE_S1.);
#11595 = LINE('',#11596,#11597);
#11596 = CARTESIAN_POINT('',(263.16666666666,-55.,142.));
#11597 = VECTOR('',#11598,1.);
#11598 = DIRECTION('',(1.,-0.,-0.));
#11599 = PCURVE('',#11540,#11600);
#11600 = DEFINITIONAL_REPRESENTATION('',(#11601),#11605);
#11601 = LINE('',#11602,#11603);
#11602 = CARTESIAN_POINT('',(63.166666666667,1.));
#11603 = VECTOR('',#11604,1.);
#11604 = DIRECTION('',(-1.,0.));
#11605 = ( GEOMETRIC_REPRESENTATION_CONTEXT(2) 
PARAMETRIC_REPRESENTATION_CONTEXT() REPRESENTATION_CONTEXT('2D SPACE',''
  ) );
#11606 = PCURVE('',#72,#11607);
#11607 = DEFINITIONAL_REPRESENTATION('',(#11608),#11612);
#11608 = LINE('',#11609,#11610);
#11609 = CARTESIAN_POINT('',(-111.5,63.166666666667));
#11610 = VECTOR('',#11611,1.);
#11611 = DIRECTION('',(-0.,1.));
#11612 = ( GEOMETRIC_REPRESENTATION_CONTEXT(2) 
PARAMETRIC_REPRESENTATION_CONTEXT() REPRESENTATION_CONTEXT('2D SPACE',''
  ) );
#11613 = ORIENTED_EDGE('',*,*,#11614,.T.);
#11614 = EDGE_CURVE('',#11592,#11615,#11617,.T.);
#11615 = VERTEX_POINT('',#11616);
#11616 = CARTESIAN_POINT('',(342.,-61.,142.));
#11617 = SURFACE_CURVE('',#11618,(#11622,#11629),.PCURVE_S1.);
#11618 = LINE('',#11619,#11620);
#11619 = CARTESIAN_POINT('',(342.,-54.,142.));
#11620 = VECTOR('',#11621,1.);
#11621 = DIRECTION('',(0.,-1.,0.));
#11622 = PCURVE('',#11540,#11623);
#11623 = DEFINITIONAL_REPRESENTATION('',(#11624),#11628);
#11624 = LINE('',#11625,#11626);
#11625 = CARTESIAN_POINT('',(-15.66666666666,-0.));
#11626 = VECTOR('',#11627,1.);
#11627 = DIRECTION('',(-0.,1.));
#11628 = ( GEOMETRIC_REPRESENTATION_CONTEXT(2) 
PARAMETRIC_REPRESENTATION_CONTEXT() REPRESENTATION_CONTEXT('2D SPACE',''
  ) );
#11629 = PCURVE('',#11630,#11635);
#11630 = PLANE('',#11631);
#11631 = AXIS2_PLACEMENT_3D('',#11632,#11633,#11634);
#11632 = CARTESIAN_POINT('',(342.,-54.,44.));
#11633 = DIRECTION('',(1.,0.,0.));
#11634 = DIRECTION('',(0.,-0.,-1.));
#11635 = DEFINITIONAL_REPRESENTATION('',(#11636),#11640);
#11636 = LINE('',#11637,#11638);
#11637 = CARTESIAN_POINT('',(-98.,0.));
#11638 = VECTOR('',#11639,1.);
#11639 = DIRECTION('',(-0.,-1.));
#11640 = ( GEOMETRIC_REPRESENTATION_CONTEXT(2) 
PARAMETRIC_REPRESENTATION_CONTEXT() REPRESENTATION_CONTEXT('2D SPACE',''
  ) );
#11641 = ORIENTED_EDGE('',*,*,#11642,.F.);
#11642 = EDGE_CURVE('',#11564,#11615,#11643,.T.);
#11643 = SURFACE_CURVE('',#11644,(#11648,#11655),.PCURVE_S1.);
#11644 = LINE('',#11645,#11646);
#11645 = CARTESIAN_POINT('',(263.16666666666,-61.,142.));
#11646 = VECTOR('',#11647,1.);
#11647 = DIRECTION('',(1.,-0.,-0.));
#11648 = PCURVE('',#11540,#11649);
#11649 = DEFINITIONAL_REPRESENTATION('',(#11650),#11654);
#11650 = LINE('',#11651,#11652);
#11651 = CARTESIAN_POINT('',(63.166666666667,7.));
#11652 = VECTOR('',#11653,1.);
#11653 = DIRECTION('',(-1.,0.));
#11654 = ( GEOMETRIC_REPRESENTATION_CONTEXT(2) 
PARAMETRIC_REPRESENTATION_CONTEXT() REPRESENTATION_CONTEXT('2D SPACE',''
  ) );
#11655 = PCURVE('',#494,#11656);
#11656 = DEFINITIONAL_REPRESENTATION('',(#11657),#11661);
#11657 = LINE('',#11658,#11659);
#11658 = CARTESIAN_POINT('',(-111.5,63.166666666667));
#11659 = VECTOR('',#11660,1.);
#11660 = DIRECTION('',(-0.,1.));
#11661 = ( GEOMETRIC_REPRESENTATION_CONTEXT(2) 
PARAMETRIC_REPRESENTATION_CONTEXT() REPRESENTATION_CONTEXT('2D SPACE',''
  ) );
#11662 = FACE_BOUND('',#11663,.T.);
#11663 = EDGE_LOOP('',(#11664));
#11664 = ORIENTED_EDGE('',*,*,#11525,.F.);
#11665 = ADVANCED_FACE('',(#11666),#11630,.F.);
#11666 = FACE_BOUND('',#11667,.T.);
#11667 = EDGE_LOOP('',(#11668,#11669,#11692,#11720));
#11668 = ORIENTED_EDGE('',*,*,#11614,.F.);
#11669 = ORIENTED_EDGE('',*,*,#11670,.T.);
#11670 = EDGE_CURVE('',#11592,#11671,#11673,.T.);
#11671 = VERTEX_POINT('',#11672);
#11672 = CARTESIAN_POINT('',(342.,-55.,60.));
#11673 = SURFACE_CURVE('',#11674,(#11678,#11685),.PCURVE_S1.);
#11674 = LINE('',#11675,#11676);
#11675 = CARTESIAN_POINT('',(342.,-55.,37.25));
#11676 = VECTOR('',#11677,1.);
#11677 = DIRECTION('',(-0.,-0.,-1.));
#11678 = PCURVE('',#11630,#11679);
#11679 = DEFINITIONAL_REPRESENTATION('',(#11680),#11684);
#11680 = LINE('',#11681,#11682);
#11681 = CARTESIAN_POINT('',(6.75,-1.));
#11682 = VECTOR('',#11683,1.);
#11683 = DIRECTION('',(1.,-0.));
#11684 = ( GEOMETRIC_REPRESENTATION_CONTEXT(2) 
PARAMETRIC_REPRESENTATION_CONTEXT() REPRESENTATION_CONTEXT('2D SPACE',''
  ) );
#11685 = PCURVE('',#72,#11686);
#11686 = DEFINITIONAL_REPRESENTATION('',(#11687),#11691);
#11687 = LINE('',#11688,#11689);
#11688 = CARTESIAN_POINT('',(-6.75,142.));
#11689 = VECTOR('',#11690,1.);
#11690 = DIRECTION('',(1.,-0.));
#11691 = ( GEOMETRIC_REPRESENTATION_CONTEXT(2) 
PARAMETRIC_REPRESENTATION_CONTEXT() REPRESENTATION_CONTEXT('2D SPACE',''
  ) );
#11692 = ORIENTED_EDGE('',*,*,#11693,.T.);
#11693 = EDGE_CURVE('',#11671,#11694,#11696,.T.);
#11694 = VERTEX_POINT('',#11695);
#11695 = CARTESIAN_POINT('',(342.,-61.,60.));
#11696 = SURFACE_CURVE('',#11697,(#11701,#11708),.PCURVE_S1.);
#11697 = LINE('',#11698,#11699);
#11698 = CARTESIAN_POINT('',(342.,-55.,60.));
#11699 = VECTOR('',#11700,1.);
#11700 = DIRECTION('',(0.,-1.,0.));
#11701 = PCURVE('',#11630,#11702);
#11702 = DEFINITIONAL_REPRESENTATION('',(#11703),#11707);
#11703 = LINE('',#11704,#11705);
#11704 = CARTESIAN_POINT('',(-16.,-1.));
#11705 = VECTOR('',#11706,1.);
#11706 = DIRECTION('',(-0.,-1.));
#11707 = ( GEOMETRIC_REPRESENTATION_CONTEXT(2) 
PARAMETRIC_REPRESENTATION_CONTEXT() REPRESENTATION_CONTEXT('2D SPACE',''
  ) );
#11708 = PCURVE('',#11709,#11714);
#11709 = PLANE('',#11710);
#11710 = AXIS2_PLACEMENT_3D('',#11711,#11712,#11713);
#11711 = CARTESIAN_POINT('',(326.33333333333,-55.,60.));
#11712 = DIRECTION('',(0.,0.,1.));
#11713 = DIRECTION('',(-1.,-0.,0.));
#11714 = DEFINITIONAL_REPRESENTATION('',(#11715),#11719);
#11715 = LINE('',#11716,#11717);
#11716 = CARTESIAN_POINT('',(-15.66666666666,-0.));
#11717 = VECTOR('',#11718,1.);
#11718 = DIRECTION('',(-0.,1.));
#11719 = ( GEOMETRIC_REPRESENTATION_CONTEXT(2) 
PARAMETRIC_REPRESENTATION_CONTEXT() REPRESENTATION_CONTEXT('2D SPACE',''
  ) );
#11720 = ORIENTED_EDGE('',*,*,#11721,.F.);
#11721 = EDGE_CURVE('',#11615,#11694,#11722,.T.);
#11722 = SURFACE_CURVE('',#11723,(#11727,#11734),.PCURVE_S1.);
#11723 = LINE('',#11724,#11725);
#11724 = CARTESIAN_POINT('',(342.,-61.,37.25));
#11725 = VECTOR('',#11726,1.);
#11726 = DIRECTION('',(-0.,-0.,-1.));
#11727 = PCURVE('',#11630,#11728);
#11728 = DEFINITIONAL_REPRESENTATION('',(#11729),#11733);
#11729 = LINE('',#11730,#11731);
#11730 = CARTESIAN_POINT('',(6.75,-7.));
#11731 = VECTOR('',#11732,1.);
#11732 = DIRECTION('',(1.,-0.));
#11733 = ( GEOMETRIC_REPRESENTATION_CONTEXT(2) 
PARAMETRIC_REPRESENTATION_CONTEXT() REPRESENTATION_CONTEXT('2D SPACE',''
  ) );
#11734 = PCURVE('',#494,#11735);
#11735 = DEFINITIONAL_REPRESENTATION('',(#11736),#11740);
#11736 = LINE('',#11737,#11738);
#11737 = CARTESIAN_POINT('',(-6.75,142.));
#11738 = VECTOR('',#11739,1.);
#11739 = DIRECTION('',(1.,-0.));
#11740 = ( GEOMETRIC_REPRESENTATION_CONTEXT(2) 
PARAMETRIC_REPRESENTATION_CONTEXT() REPRESENTATION_CONTEXT('2D SPACE',''
  ) );
#11741 = ADVANCED_FACE('',(#11742),#11709,.T.);
#11742 = FACE_BOUND('',#11743,.F.);
#11743 = EDGE_LOOP('',(#11744,#11769,#11790,#11791));
#11744 = ORIENTED_EDGE('',*,*,#11745,.F.);
#11745 = EDGE_CURVE('',#11746,#11748,#11750,.T.);
#11746 = VERTEX_POINT('',#11747);
#11747 = CARTESIAN_POINT('',(326.33333333333,-55.,60.));
#11748 = VERTEX_POINT('',#11749);
#11749 = CARTESIAN_POINT('',(326.33333333333,-61.,60.));
#11750 = SURFACE_CURVE('',#11751,(#11755,#11762),.PCURVE_S1.);
#11751 = LINE('',#11752,#11753);
#11752 = CARTESIAN_POINT('',(326.33333333333,-55.,60.));
#11753 = VECTOR('',#11754,1.);
#11754 = DIRECTION('',(0.,-1.,0.));
#11755 = PCURVE('',#11709,#11756);
#11756 = DEFINITIONAL_REPRESENTATION('',(#11757),#11761);
#11757 = LINE('',#11758,#11759);
#11758 = CARTESIAN_POINT('',(-0.,-0.));
#11759 = VECTOR('',#11760,1.);
#11760 = DIRECTION('',(-0.,1.));
#11761 = ( GEOMETRIC_REPRESENTATION_CONTEXT(2) 
PARAMETRIC_REPRESENTATION_CONTEXT() REPRESENTATION_CONTEXT('2D SPACE',''
  ) );
#11762 = PCURVE('',#11579,#11763);
#11763 = DEFINITIONAL_REPRESENTATION('',(#11764),#11768);
#11764 = LINE('',#11765,#11766);
#11765 = CARTESIAN_POINT('',(-16.,-1.));
#11766 = VECTOR('',#11767,1.);
#11767 = DIRECTION('',(-0.,-1.));
#11768 = ( GEOMETRIC_REPRESENTATION_CONTEXT(2) 
PARAMETRIC_REPRESENTATION_CONTEXT() REPRESENTATION_CONTEXT('2D SPACE',''
  ) );
#11769 = ORIENTED_EDGE('',*,*,#11770,.T.);
#11770 = EDGE_CURVE('',#11746,#11671,#11771,.T.);
#11771 = SURFACE_CURVE('',#11772,(#11776,#11783),.PCURVE_S1.);
#11772 = LINE('',#11773,#11774);
#11773 = CARTESIAN_POINT('',(326.33333333333,-55.,60.));
#11774 = VECTOR('',#11775,1.);
#11775 = DIRECTION('',(1.,0.,0.));
#11776 = PCURVE('',#11709,#11777);
#11777 = DEFINITIONAL_REPRESENTATION('',(#11778),#11782);
#11778 = LINE('',#11779,#11780);
#11779 = CARTESIAN_POINT('',(-0.,-0.));
#11780 = VECTOR('',#11781,1.);
#11781 = DIRECTION('',(-1.,-0.));
#11782 = ( GEOMETRIC_REPRESENTATION_CONTEXT(2) 
PARAMETRIC_REPRESENTATION_CONTEXT() REPRESENTATION_CONTEXT('2D SPACE',''
  ) );
#11783 = PCURVE('',#72,#11784);
#11784 = DEFINITIONAL_REPRESENTATION('',(#11785),#11789);
#11785 = LINE('',#11786,#11787);
#11786 = CARTESIAN_POINT('',(-29.5,126.33333333333));
#11787 = VECTOR('',#11788,1.);
#11788 = DIRECTION('',(-0.,1.));
#11789 = ( GEOMETRIC_REPRESENTATION_CONTEXT(2) 
PARAMETRIC_REPRESENTATION_CONTEXT() REPRESENTATION_CONTEXT('2D SPACE',''
  ) );
#11790 = ORIENTED_EDGE('',*,*,#11693,.T.);
#11791 = ORIENTED_EDGE('',*,*,#11792,.F.);
#11792 = EDGE_CURVE('',#11748,#11694,#11793,.T.);
#11793 = SURFACE_CURVE('',#11794,(#11798,#11805),.PCURVE_S1.);
#11794 = LINE('',#11795,#11796);
#11795 = CARTESIAN_POINT('',(326.33333333333,-61.,60.));
#11796 = VECTOR('',#11797,1.);
#11797 = DIRECTION('',(1.,0.,0.));
#11798 = PCURVE('',#11709,#11799);
#11799 = DEFINITIONAL_REPRESENTATION('',(#11800),#11804);
#11800 = LINE('',#11801,#11802);
#11801 = CARTESIAN_POINT('',(-0.,6.));
#11802 = VECTOR('',#11803,1.);
#11803 = DIRECTION('',(-1.,-0.));
#11804 = ( GEOMETRIC_REPRESENTATION_CONTEXT(2) 
PARAMETRIC_REPRESENTATION_CONTEXT() REPRESENTATION_CONTEXT('2D SPACE',''
  ) );
#11805 = PCURVE('',#494,#11806);
#11806 = DEFINITIONAL_REPRESENTATION('',(#11807),#11811);
#11807 = LINE('',#11808,#11809);
#11808 = CARTESIAN_POINT('',(-29.5,126.33333333333));
#11809 = VECTOR('',#11810,1.);
#11810 = DIRECTION('',(-0.,1.));
#11811 = ( GEOMETRIC_REPRESENTATION_CONTEXT(2) 
PARAMETRIC_REPRESENTATION_CONTEXT() REPRESENTATION_CONTEXT('2D SPACE',''
  ) );
#11812 = ADVANCED_FACE('',(#11813),#11579,.T.);
#11813 = FACE_BOUND('',#11814,.F.);
#11814 = EDGE_LOOP('',(#11815,#11816,#11837,#11838));
#11815 = ORIENTED_EDGE('',*,*,#11561,.F.);
#11816 = ORIENTED_EDGE('',*,*,#11817,.T.);
#11817 = EDGE_CURVE('',#11562,#11746,#11818,.T.);
#11818 = SURFACE_CURVE('',#11819,(#11823,#11830),.PCURVE_S1.);
#11819 = LINE('',#11820,#11821);
#11820 = CARTESIAN_POINT('',(326.33333333333,-55.,37.25));
#11821 = VECTOR('',#11822,1.);
#11822 = DIRECTION('',(-0.,-0.,-1.));
#11823 = PCURVE('',#11579,#11824);
#11824 = DEFINITIONAL_REPRESENTATION('',(#11825),#11829);
#11825 = LINE('',#11826,#11827);
#11826 = CARTESIAN_POINT('',(6.75,-1.));
#11827 = VECTOR('',#11828,1.);
#11828 = DIRECTION('',(1.,-0.));
#11829 = ( GEOMETRIC_REPRESENTATION_CONTEXT(2) 
PARAMETRIC_REPRESENTATION_CONTEXT() REPRESENTATION_CONTEXT('2D SPACE',''
  ) );
#11830 = PCURVE('',#72,#11831);
#11831 = DEFINITIONAL_REPRESENTATION('',(#11832),#11836);
#11832 = LINE('',#11833,#11834);
#11833 = CARTESIAN_POINT('',(-6.75,126.33333333333));
#11834 = VECTOR('',#11835,1.);
#11835 = DIRECTION('',(1.,-0.));
#11836 = ( GEOMETRIC_REPRESENTATION_CONTEXT(2) 
PARAMETRIC_REPRESENTATION_CONTEXT() REPRESENTATION_CONTEXT('2D SPACE',''
  ) );
#11837 = ORIENTED_EDGE('',*,*,#11745,.T.);
#11838 = ORIENTED_EDGE('',*,*,#11839,.F.);
#11839 = EDGE_CURVE('',#11564,#11748,#11840,.T.);
#11840 = SURFACE_CURVE('',#11841,(#11845,#11852),.PCURVE_S1.);
#11841 = LINE('',#11842,#11843);
#11842 = CARTESIAN_POINT('',(326.33333333333,-61.,37.25));
#11843 = VECTOR('',#11844,1.);
#11844 = DIRECTION('',(-0.,-0.,-1.));
#11845 = PCURVE('',#11579,#11846);
#11846 = DEFINITIONAL_REPRESENTATION('',(#11847),#11851);
#11847 = LINE('',#11848,#11849);
#11848 = CARTESIAN_POINT('',(6.75,-7.));
#11849 = VECTOR('',#11850,1.);
#11850 = DIRECTION('',(1.,-0.));
#11851 = ( GEOMETRIC_REPRESENTATION_CONTEXT(2) 
PARAMETRIC_REPRESENTATION_CONTEXT() REPRESENTATION_CONTEXT('2D SPACE',''
  ) );
#11852 = PCURVE('',#494,#11853);
#11853 = DEFINITIONAL_REPRESENTATION('',(#11854),#11858);
#11854 = LINE('',#11855,#11856);
#11855 = CARTESIAN_POINT('',(-6.75,126.33333333333));
#11856 = VECTOR('',#11857,1.);
#11857 = DIRECTION('',(1.,-0.));
#11858 = ( GEOMETRIC_REPRESENTATION_CONTEXT(2) 
PARAMETRIC_REPRESENTATION_CONTEXT() REPRESENTATION_CONTEXT('2D SPACE',''
  ) );
#11859 = ADVANCED_FACE('',(#11860,#11934),#7133,.T.);
#11860 = FACE_BOUND('',#11861,.T.);
#11861 = EDGE_LOOP('',(#11862,#11887,#11908,#11909,#11910,#11911,#11912,
    #11913));
#11862 = ORIENTED_EDGE('',*,*,#11863,.F.);
#11863 = EDGE_CURVE('',#11864,#11866,#11868,.T.);
#11864 = VERTEX_POINT('',#11865);
#11865 = CARTESIAN_POINT('',(350.,-55.,32.));
#11866 = VERTEX_POINT('',#11867);
#11867 = CARTESIAN_POINT('',(350.,55.,32.));
#11868 = SURFACE_CURVE('',#11869,(#11873,#11880),.PCURVE_S1.);
#11869 = LINE('',#11870,#11871);
#11870 = CARTESIAN_POINT('',(350.,-75.,32.));
#11871 = VECTOR('',#11872,1.);
#11872 = DIRECTION('',(0.,1.,0.));
#11873 = PCURVE('',#7133,#11874);
#11874 = DEFINITIONAL_REPRESENTATION('',(#11875),#11879);
#11875 = LINE('',#11876,#11877);
#11876 = CARTESIAN_POINT('',(32.,0.));
#11877 = VECTOR('',#11878,1.);
#11878 = DIRECTION('',(0.,-1.));
#11879 = ( GEOMETRIC_REPRESENTATION_CONTEXT(2) 
PARAMETRIC_REPRESENTATION_CONTEXT() REPRESENTATION_CONTEXT('2D SPACE',''
  ) );
#11880 = PCURVE('',#380,#11881);
#11881 = DEFINITIONAL_REPRESENTATION('',(#11882),#11886);
#11882 = LINE('',#11883,#11884);
#11883 = CARTESIAN_POINT('',(150.,0.));
#11884 = VECTOR('',#11885,1.);
#11885 = DIRECTION('',(0.,1.));
#11886 = ( GEOMETRIC_REPRESENTATION_CONTEXT(2) 
PARAMETRIC_REPRESENTATION_CONTEXT() REPRESENTATION_CONTEXT('2D SPACE',''
  ) );
#11887 = ORIENTED_EDGE('',*,*,#11888,.T.);
#11888 = EDGE_CURVE('',#11864,#8483,#11889,.T.);
#11889 = SURFACE_CURVE('',#11890,(#11894,#11901),.PCURVE_S1.);
#11890 = LINE('',#11891,#11892);
#11891 = CARTESIAN_POINT('',(350.,-55.,30.5));
#11892 = VECTOR('',#11893,1.);
#11893 = DIRECTION('',(-0.,-0.,1.));
#11894 = PCURVE('',#7133,#11895);
#11895 = DEFINITIONAL_REPRESENTATION('',(#11896),#11900);
#11896 = LINE('',#11897,#11898);
#11897 = CARTESIAN_POINT('',(30.5,-20.));
#11898 = VECTOR('',#11899,1.);
#11899 = DIRECTION('',(1.,0.));
#11900 = ( GEOMETRIC_REPRESENTATION_CONTEXT(2) 
PARAMETRIC_REPRESENTATION_CONTEXT() REPRESENTATION_CONTEXT('2D SPACE',''
  ) );
#11901 = PCURVE('',#72,#11902);
#11902 = DEFINITIONAL_REPRESENTATION('',(#11903),#11907);
#11903 = LINE('',#11904,#11905);
#11904 = CARTESIAN_POINT('',(-0.,150.));
#11905 = VECTOR('',#11906,1.);
#11906 = DIRECTION('',(-1.,0.));
#11907 = ( GEOMETRIC_REPRESENTATION_CONTEXT(2) 
PARAMETRIC_REPRESENTATION_CONTEXT() REPRESENTATION_CONTEXT('2D SPACE',''
  ) );
#11908 = ORIENTED_EDGE('',*,*,#8505,.T.);
#11909 = ORIENTED_EDGE('',*,*,#8532,.T.);
#11910 = ORIENTED_EDGE('',*,*,#8206,.T.);
#11911 = ORIENTED_EDGE('',*,*,#8608,.F.);
#11912 = ORIENTED_EDGE('',*,*,#8679,.T.);
#11913 = ORIENTED_EDGE('',*,*,#11914,.F.);
#11914 = EDGE_CURVE('',#11866,#8635,#11915,.T.);
#11915 = SURFACE_CURVE('',#11916,(#11920,#11927),.PCURVE_S1.);
#11916 = LINE('',#11917,#11918);
#11917 = CARTESIAN_POINT('',(350.,55.,30.5));
#11918 = VECTOR('',#11919,1.);
#11919 = DIRECTION('',(0.,0.,1.));
#11920 = PCURVE('',#7133,#11921);
#11921 = DEFINITIONAL_REPRESENTATION('',(#11922),#11926);
#11922 = LINE('',#11923,#11924);
#11923 = CARTESIAN_POINT('',(30.5,-130.));
#11924 = VECTOR('',#11925,1.);
#11925 = DIRECTION('',(1.,0.));
#11926 = ( GEOMETRIC_REPRESENTATION_CONTEXT(2) 
PARAMETRIC_REPRESENTATION_CONTEXT() REPRESENTATION_CONTEXT('2D SPACE',''
  ) );
#11927 = PCURVE('',#240,#11928);
#11928 = DEFINITIONAL_REPRESENTATION('',(#11929),#11933);
#11929 = LINE('',#11930,#11931);
#11930 = CARTESIAN_POINT('',(0.,150.));
#11931 = VECTOR('',#11932,1.);
#11932 = DIRECTION('',(1.,0.));
#11933 = ( GEOMETRIC_REPRESENTATION_CONTEXT(2) 
PARAMETRIC_REPRESENTATION_CONTEXT() REPRESENTATION_CONTEXT('2D SPACE',''
  ) );
#11934 = FACE_BOUND('',#11935,.T.);
#11935 = EDGE_LOOP('',(#11936,#11959,#11982,#12005,#12028,#12051,#12074,
    #12095));
#11936 = ORIENTED_EDGE('',*,*,#11937,.F.);
#11937 = EDGE_CURVE('',#11938,#7095,#11940,.T.);
#11938 = VERTEX_POINT('',#11939);
#11939 = CARTESIAN_POINT('',(350.,-61.,36.));
#11940 = SURFACE_CURVE('',#11941,(#11945,#11952),.PCURVE_S1.);
#11941 = LINE('',#11942,#11943);
#11942 = CARTESIAN_POINT('',(350.,-61.,36.));
#11943 = VECTOR('',#11944,1.);
#11944 = DIRECTION('',(0.,0.,1.));
#11945 = PCURVE('',#7133,#11946);
#11946 = DEFINITIONAL_REPRESENTATION('',(#11947),#11951);
#11947 = LINE('',#11948,#11949);
#11948 = CARTESIAN_POINT('',(36.,-14.));
#11949 = VECTOR('',#11950,1.);
#11950 = DIRECTION('',(1.,0.));
#11951 = ( GEOMETRIC_REPRESENTATION_CONTEXT(2) 
PARAMETRIC_REPRESENTATION_CONTEXT() REPRESENTATION_CONTEXT('2D SPACE',''
  ) );
#11952 = PCURVE('',#494,#11953);
#11953 = DEFINITIONAL_REPRESENTATION('',(#11954),#11958);
#11954 = LINE('',#11955,#11956);
#11955 = CARTESIAN_POINT('',(-5.5,150.));
#11956 = VECTOR('',#11957,1.);
#11957 = DIRECTION('',(-1.,0.));
#11958 = ( GEOMETRIC_REPRESENTATION_CONTEXT(2) 
PARAMETRIC_REPRESENTATION_CONTEXT() REPRESENTATION_CONTEXT('2D SPACE',''
  ) );
#11959 = ORIENTED_EDGE('',*,*,#11960,.T.);
#11960 = EDGE_CURVE('',#11938,#11961,#11963,.T.);
#11961 = VERTEX_POINT('',#11962);
#11962 = CARTESIAN_POINT('',(350.,-75.,36.));
#11963 = SURFACE_CURVE('',#11964,(#11968,#11975),.PCURVE_S1.);
#11964 = LINE('',#11965,#11966);
#11965 = CARTESIAN_POINT('',(350.,-55.,36.));
#11966 = VECTOR('',#11967,1.);
#11967 = DIRECTION('',(0.,-1.,0.));
#11968 = PCURVE('',#7133,#11969);
#11969 = DEFINITIONAL_REPRESENTATION('',(#11970),#11974);
#11970 = LINE('',#11971,#11972);
#11971 = CARTESIAN_POINT('',(36.,-20.));
#11972 = VECTOR('',#11973,1.);
#11973 = DIRECTION('',(0.,1.));
#11974 = ( GEOMETRIC_REPRESENTATION_CONTEXT(2) 
PARAMETRIC_REPRESENTATION_CONTEXT() REPRESENTATION_CONTEXT('2D SPACE',''
  ) );
#11975 = PCURVE('',#522,#11976);
#11976 = DEFINITIONAL_REPRESENTATION('',(#11977),#11981);
#11977 = LINE('',#11978,#11979);
#11978 = CARTESIAN_POINT('',(-150.,-0.));
#11979 = VECTOR('',#11980,1.);
#11980 = DIRECTION('',(-0.,1.));
#11981 = ( GEOMETRIC_REPRESENTATION_CONTEXT(2) 
PARAMETRIC_REPRESENTATION_CONTEXT() REPRESENTATION_CONTEXT('2D SPACE',''
  ) );
#11982 = ORIENTED_EDGE('',*,*,#11983,.F.);
#11983 = EDGE_CURVE('',#11984,#11961,#11986,.T.);
#11984 = VERTEX_POINT('',#11985);
#11985 = CARTESIAN_POINT('',(350.,-75.,0.));
#11986 = SURFACE_CURVE('',#11987,(#11991,#11998),.PCURVE_S1.);
#11987 = LINE('',#11988,#11989);
#11988 = CARTESIAN_POINT('',(350.,-75.,0.));
#11989 = VECTOR('',#11990,1.);
#11990 = DIRECTION('',(0.,0.,1.));
#11991 = PCURVE('',#7133,#11992);
#11992 = DEFINITIONAL_REPRESENTATION('',(#11993),#11997);
#11993 = LINE('',#11994,#11995);
#11994 = CARTESIAN_POINT('',(0.,0.));
#11995 = VECTOR('',#11996,1.);
#11996 = DIRECTION('',(1.,0.));
#11997 = ( GEOMETRIC_REPRESENTATION_CONTEXT(2) 
PARAMETRIC_REPRESENTATION_CONTEXT() REPRESENTATION_CONTEXT('2D SPACE',''
  ) );
#11998 = PCURVE('',#550,#11999);
#11999 = DEFINITIONAL_REPRESENTATION('',(#12000),#12004);
#12000 = LINE('',#12001,#12002);
#12001 = CARTESIAN_POINT('',(0.,150.));
#12002 = VECTOR('',#12003,1.);
#12003 = DIRECTION('',(1.,0.));
#12004 = ( GEOMETRIC_REPRESENTATION_CONTEXT(2) 
PARAMETRIC_REPRESENTATION_CONTEXT() REPRESENTATION_CONTEXT('2D SPACE',''
  ) );
#12005 = ORIENTED_EDGE('',*,*,#12006,.T.);
#12006 = EDGE_CURVE('',#11984,#12007,#12009,.T.);
#12007 = VERTEX_POINT('',#12008);
#12008 = CARTESIAN_POINT('',(350.,75.,0.));
#12009 = SURFACE_CURVE('',#12010,(#12014,#12021),.PCURVE_S1.);
#12010 = LINE('',#12011,#12012);
#12011 = CARTESIAN_POINT('',(350.,-75.,0.));
#12012 = VECTOR('',#12013,1.);
#12013 = DIRECTION('',(0.,1.,0.));
#12014 = PCURVE('',#7133,#12015);
#12015 = DEFINITIONAL_REPRESENTATION('',(#12016),#12020);
#12016 = LINE('',#12017,#12018);
#12017 = CARTESIAN_POINT('',(0.,0.));
#12018 = VECTOR('',#12019,1.);
#12019 = DIRECTION('',(0.,-1.));
#12020 = ( GEOMETRIC_REPRESENTATION_CONTEXT(2) 
PARAMETRIC_REPRESENTATION_CONTEXT() REPRESENTATION_CONTEXT('2D SPACE',''
  ) );
#12021 = PCURVE('',#578,#12022);
#12022 = DEFINITIONAL_REPRESENTATION('',(#12023),#12027);
#12023 = LINE('',#12024,#12025);
#12024 = CARTESIAN_POINT('',(150.,0.));
#12025 = VECTOR('',#12026,1.);
#12026 = DIRECTION('',(0.,1.));
#12027 = ( GEOMETRIC_REPRESENTATION_CONTEXT(2) 
PARAMETRIC_REPRESENTATION_CONTEXT() REPRESENTATION_CONTEXT('2D SPACE',''
  ) );
#12028 = ORIENTED_EDGE('',*,*,#12029,.F.);
#12029 = EDGE_CURVE('',#12030,#12007,#12032,.T.);
#12030 = VERTEX_POINT('',#12031);
#12031 = CARTESIAN_POINT('',(350.,75.,36.));
#12032 = SURFACE_CURVE('',#12033,(#12037,#12044),.PCURVE_S1.);
#12033 = LINE('',#12034,#12035);
#12034 = CARTESIAN_POINT('',(350.,75.,36.));
#12035 = VECTOR('',#12036,1.);
#12036 = DIRECTION('',(0.,0.,-1.));
#12037 = PCURVE('',#7133,#12038);
#12038 = DEFINITIONAL_REPRESENTATION('',(#12039),#12043);
#12039 = LINE('',#12040,#12041);
#12040 = CARTESIAN_POINT('',(36.,-150.));
#12041 = VECTOR('',#12042,1.);
#12042 = DIRECTION('',(-1.,0.));
#12043 = ( GEOMETRIC_REPRESENTATION_CONTEXT(2) 
PARAMETRIC_REPRESENTATION_CONTEXT() REPRESENTATION_CONTEXT('2D SPACE',''
  ) );
#12044 = PCURVE('',#606,#12045);
#12045 = DEFINITIONAL_REPRESENTATION('',(#12046),#12050);
#12046 = LINE('',#12047,#12048);
#12047 = CARTESIAN_POINT('',(36.,150.));
#12048 = VECTOR('',#12049,1.);
#12049 = DIRECTION('',(-1.,0.));
#12050 = ( GEOMETRIC_REPRESENTATION_CONTEXT(2) 
PARAMETRIC_REPRESENTATION_CONTEXT() REPRESENTATION_CONTEXT('2D SPACE',''
  ) );
#12051 = ORIENTED_EDGE('',*,*,#12052,.F.);
#12052 = EDGE_CURVE('',#12053,#12030,#12055,.T.);
#12053 = VERTEX_POINT('',#12054);
#12054 = CARTESIAN_POINT('',(350.,61.,36.));
#12055 = SURFACE_CURVE('',#12056,(#12060,#12067),.PCURVE_S1.);
#12056 = LINE('',#12057,#12058);
#12057 = CARTESIAN_POINT('',(350.,55.,36.));
#12058 = VECTOR('',#12059,1.);
#12059 = DIRECTION('',(0.,1.,0.));
#12060 = PCURVE('',#7133,#12061);
#12061 = DEFINITIONAL_REPRESENTATION('',(#12062),#12066);
#12062 = LINE('',#12063,#12064);
#12063 = CARTESIAN_POINT('',(36.,-130.));
#12064 = VECTOR('',#12065,1.);
#12065 = DIRECTION('',(0.,-1.));
#12066 = ( GEOMETRIC_REPRESENTATION_CONTEXT(2) 
PARAMETRIC_REPRESENTATION_CONTEXT() REPRESENTATION_CONTEXT('2D SPACE',''
  ) );
#12067 = PCURVE('',#634,#12068);
#12068 = DEFINITIONAL_REPRESENTATION('',(#12069),#12073);
#12069 = LINE('',#12070,#12071);
#12070 = CARTESIAN_POINT('',(150.,0.));
#12071 = VECTOR('',#12072,1.);
#12072 = DIRECTION('',(0.,1.));
#12073 = ( GEOMETRIC_REPRESENTATION_CONTEXT(2) 
PARAMETRIC_REPRESENTATION_CONTEXT() REPRESENTATION_CONTEXT('2D SPACE',''
  ) );
#12074 = ORIENTED_EDGE('',*,*,#12075,.F.);
#12075 = EDGE_CURVE('',#7118,#12053,#12076,.T.);
#12076 = SURFACE_CURVE('',#12077,(#12081,#12088),.PCURVE_S1.);
#12077 = LINE('',#12078,#12079);
#12078 = CARTESIAN_POINT('',(350.,61.,158.));
#12079 = VECTOR('',#12080,1.);
#12080 = DIRECTION('',(0.,0.,-1.));
#12081 = PCURVE('',#7133,#12082);
#12082 = DEFINITIONAL_REPRESENTATION('',(#12083),#12087);
#12083 = LINE('',#12084,#12085);
#12084 = CARTESIAN_POINT('',(158.,-136.));
#12085 = VECTOR('',#12086,1.);
#12086 = DIRECTION('',(-1.,0.));
#12087 = ( GEOMETRIC_REPRESENTATION_CONTEXT(2) 
PARAMETRIC_REPRESENTATION_CONTEXT() REPRESENTATION_CONTEXT('2D SPACE',''
  ) );
#12088 = PCURVE('',#662,#12089);
#12089 = DEFINITIONAL_REPRESENTATION('',(#12090),#12094);
#12090 = LINE('',#12091,#12092);
#12091 = CARTESIAN_POINT('',(127.5,150.));
#12092 = VECTOR('',#12093,1.);
#12093 = DIRECTION('',(-1.,0.));
#12094 = ( GEOMETRIC_REPRESENTATION_CONTEXT(2) 
PARAMETRIC_REPRESENTATION_CONTEXT() REPRESENTATION_CONTEXT('2D SPACE',''
  ) );
#12095 = ORIENTED_EDGE('',*,*,#7117,.F.);
#12096 = ADVANCED_FACE('',(#12097),#7185,.F.);
#12097 = FACE_BOUND('',#12098,.F.);
#12098 = EDGE_LOOP('',(#12099,#12122,#12123,#12150,#12151,#12152));
#12099 = ORIENTED_EDGE('',*,*,#12100,.T.);
#12100 = EDGE_CURVE('',#12101,#7169,#12103,.T.);
#12101 = VERTEX_POINT('',#12102);
#12102 = CARTESIAN_POINT('',(339.7,58.,156.));
#12103 = SEAM_CURVE('',#12104,(#12108,#12115),.PCURVE_S1.);
#12104 = LINE('',#12105,#12106);
#12105 = CARTESIAN_POINT('',(339.7,58.,156.));
#12106 = VECTOR('',#12107,1.);
#12107 = DIRECTION('',(0.612571665436,-1.500367858649E-16,0.790415052175
    ));
#12108 = PCURVE('',#7185,#12109);
#12109 = DEFINITIONAL_REPRESENTATION('',(#12110),#12114);
#12110 = LINE('',#12111,#12112);
#12111 = CARTESIAN_POINT('',(6.28318530718,-0.));
#12112 = VECTOR('',#12113,1.);
#12113 = DIRECTION('',(0.,1.));
#12114 = ( GEOMETRIC_REPRESENTATION_CONTEXT(2) 
PARAMETRIC_REPRESENTATION_CONTEXT() REPRESENTATION_CONTEXT('2D SPACE',''
  ) );
#12115 = PCURVE('',#7185,#12116);
#12116 = DEFINITIONAL_REPRESENTATION('',(#12117),#12121);
#12117 = LINE('',#12118,#12119);
#12118 = CARTESIAN_POINT('',(0.,-0.));
#12119 = VECTOR('',#12120,1.);
#12120 = DIRECTION('',(0.,1.));
#12121 = ( GEOMETRIC_REPRESENTATION_CONTEXT(2) 
PARAMETRIC_REPRESENTATION_CONTEXT() REPRESENTATION_CONTEXT('2D SPACE',''
  ) );
#12122 = ORIENTED_EDGE('',*,*,#7197,.F.);
#12123 = ORIENTED_EDGE('',*,*,#12124,.T.);
#12124 = EDGE_CURVE('',#7198,#7146,#12125,.T.);
#12125 = SURFACE_CURVE('',#12126,(#12131,#12143),.PCURVE_S1.);
#12126 = HYPERBOLA('',#12127,3.870967741935,3.);
#12127 = AXIS2_PLACEMENT_3D('',#12128,#12129,#12130);
#12128 = CARTESIAN_POINT('',(338.,61.,153.8064516129));
#12129 = DIRECTION('',(0.,1.,0.));
#12130 = DIRECTION('',(0.,-0.,1.));
#12131 = PCURVE('',#7185,#12132);
#12132 = DEFINITIONAL_REPRESENTATION('',(#12133),#12142);
#12133 = B_SPLINE_CURVE_WITH_KNOTS('',7,(#12134,#12135,#12136,#12137,
    #12138,#12139,#12140,#12141),.UNSPECIFIED.,.F.,.F.,(8,8),(
    -0.405465108108,0.405465108108),.PIECEWISE_BEZIER_KNOTS.);
#12134 = CARTESIAN_POINT('',(1.965587446495,2.));
#12135 = CARTESIAN_POINT('',(1.858651593807,1.813149719766));
#12136 = CARTESIAN_POINT('',(1.746156676779,1.691959178479));
#12137 = CARTESIAN_POINT('',(1.629755944149,1.632332794413));
#12138 = CARTESIAN_POINT('',(1.511836709441,1.632332794413));
#12139 = CARTESIAN_POINT('',(1.39543597681,1.691959178479));
#12140 = CARTESIAN_POINT('',(1.282941059783,1.813149719766));
#12141 = CARTESIAN_POINT('',(1.176005207095,2.));
#12142 = ( GEOMETRIC_REPRESENTATION_CONTEXT(2) 
PARAMETRIC_REPRESENTATION_CONTEXT() REPRESENTATION_CONTEXT('2D SPACE',''
  ) );
#12143 = PCURVE('',#662,#12144);
#12144 = DEFINITIONAL_REPRESENTATION('',(#12145),#12149);
#12145 = HYPERBOLA('',#12146,3.870967741935,3.);
#12146 = AXIS2_PLACEMENT_2D('',#12147,#12148);
#12147 = CARTESIAN_POINT('',(123.3064516129,138.));
#12148 = DIRECTION('',(1.,0.));
#12149 = ( GEOMETRIC_REPRESENTATION_CONTEXT(2) 
PARAMETRIC_REPRESENTATION_CONTEXT() REPRESENTATION_CONTEXT('2D SPACE',''
  ) );
#12150 = ORIENTED_EDGE('',*,*,#7168,.F.);
#12151 = ORIENTED_EDGE('',*,*,#12100,.F.);
#12152 = ORIENTED_EDGE('',*,*,#12153,.T.);
#12153 = EDGE_CURVE('',#12101,#12101,#12154,.T.);
#12154 = SURFACE_CURVE('',#12155,(#12160,#12167),.PCURVE_S1.);
#12155 = CIRCLE('',#12156,1.7);
#12156 = AXIS2_PLACEMENT_3D('',#12157,#12158,#12159);
#12157 = CARTESIAN_POINT('',(338.,58.,156.));
#12158 = DIRECTION('',(0.,0.,1.));
#12159 = DIRECTION('',(1.,0.,-0.));
#12160 = PCURVE('',#7185,#12161);
#12161 = DEFINITIONAL_REPRESENTATION('',(#12162),#12166);
#12162 = LINE('',#12163,#12164);
#12163 = CARTESIAN_POINT('',(0.,0.));
#12164 = VECTOR('',#12165,1.);
#12165 = DIRECTION('',(1.,0.));
#12166 = ( GEOMETRIC_REPRESENTATION_CONTEXT(2) 
PARAMETRIC_REPRESENTATION_CONTEXT() REPRESENTATION_CONTEXT('2D SPACE',''
  ) );
#12167 = PCURVE('',#12168,#12173);
#12168 = CYLINDRICAL_SURFACE('',#12169,1.7);
#12169 = AXIS2_PLACEMENT_3D('',#12170,#12171,#12172);
#12170 = CARTESIAN_POINT('',(338.,58.,151.));
#12171 = DIRECTION('',(-0.,-0.,-1.));
#12172 = DIRECTION('',(1.,0.,0.));
#12173 = DEFINITIONAL_REPRESENTATION('',(#12174),#12178);
#12174 = LINE('',#12175,#12176);
#12175 = CARTESIAN_POINT('',(-0.,-5.));
#12176 = VECTOR('',#12177,1.);
#12177 = DIRECTION('',(-1.,0.));
#12178 = ( GEOMETRIC_REPRESENTATION_CONTEXT(2) 
PARAMETRIC_REPRESENTATION_CONTEXT() REPRESENTATION_CONTEXT('2D SPACE',''
  ) );
#12179 = ADVANCED_FACE('',(#12180),#12168,.F.);
#12180 = FACE_BOUND('',#12181,.T.);
#12181 = EDGE_LOOP('',(#12182,#12205,#12236,#12237));
#12182 = ORIENTED_EDGE('',*,*,#12183,.F.);
#12183 = EDGE_CURVE('',#12184,#12101,#12186,.T.);
#12184 = VERTEX_POINT('',#12185);
#12185 = CARTESIAN_POINT('',(339.7,58.,152.));
#12186 = SEAM_CURVE('',#12187,(#12191,#12198),.PCURVE_S1.);
#12187 = LINE('',#12188,#12189);
#12188 = CARTESIAN_POINT('',(339.7,58.,151.));
#12189 = VECTOR('',#12190,1.);
#12190 = DIRECTION('',(0.,0.,1.));
#12191 = PCURVE('',#12168,#12192);
#12192 = DEFINITIONAL_REPRESENTATION('',(#12193),#12197);
#12193 = LINE('',#12194,#12195);
#12194 = CARTESIAN_POINT('',(-6.28318530718,0.));
#12195 = VECTOR('',#12196,1.);
#12196 = DIRECTION('',(-0.,-1.));
#12197 = ( GEOMETRIC_REPRESENTATION_CONTEXT(2) 
PARAMETRIC_REPRESENTATION_CONTEXT() REPRESENTATION_CONTEXT('2D SPACE',''
  ) );
#12198 = PCURVE('',#12168,#12199);
#12199 = DEFINITIONAL_REPRESENTATION('',(#12200),#12204);
#12200 = LINE('',#12201,#12202);
#12201 = CARTESIAN_POINT('',(-0.,0.));
#12202 = VECTOR('',#12203,1.);
#12203 = DIRECTION('',(-0.,-1.));
#12204 = ( GEOMETRIC_REPRESENTATION_CONTEXT(2) 
PARAMETRIC_REPRESENTATION_CONTEXT() REPRESENTATION_CONTEXT('2D SPACE',''
  ) );
#12205 = ORIENTED_EDGE('',*,*,#12206,.T.);
#12206 = EDGE_CURVE('',#12184,#12184,#12207,.T.);
#12207 = SURFACE_CURVE('',#12208,(#12213,#12220),.PCURVE_S1.);
#12208 = CIRCLE('',#12209,1.7);
#12209 = AXIS2_PLACEMENT_3D('',#12210,#12211,#12212);
#12210 = CARTESIAN_POINT('',(338.,58.,152.));
#12211 = DIRECTION('',(0.,0.,-1.));
#12212 = DIRECTION('',(1.,0.,0.));
#12213 = PCURVE('',#12168,#12214);
#12214 = DEFINITIONAL_REPRESENTATION('',(#12215),#12219);
#12215 = LINE('',#12216,#12217);
#12216 = CARTESIAN_POINT('',(-6.28318530718,-1.));
#12217 = VECTOR('',#12218,1.);
#12218 = DIRECTION('',(1.,-0.));
#12219 = ( GEOMETRIC_REPRESENTATION_CONTEXT(2) 
PARAMETRIC_REPRESENTATION_CONTEXT() REPRESENTATION_CONTEXT('2D SPACE',''
  ) );
#12220 = PCURVE('',#12221,#12226);
#12221 = PLANE('',#12222);
#12222 = AXIS2_PLACEMENT_3D('',#12223,#12224,#12225);
#12223 = CARTESIAN_POINT('',(200.,55.,152.));
#12224 = DIRECTION('',(0.,0.,1.));
#12225 = DIRECTION('',(1.,0.,0.));
#12226 = DEFINITIONAL_REPRESENTATION('',(#12227),#12235);
#12227 = ( BOUNDED_CURVE() B_SPLINE_CURVE(2,(#12228,#12229,#12230,#12231
    ,#12232,#12233,#12234),.UNSPECIFIED.,.T.,.F.) 
B_SPLINE_CURVE_WITH_KNOTS((1,2,2,2,2,1),(-2.094395102393,0.,
    2.094395102393,4.188790204786,6.28318530718,8.377580409573),
.UNSPECIFIED.) CURVE() GEOMETRIC_REPRESENTATION_ITEM() 
RATIONAL_B_SPLINE_CURVE((1.,0.5,1.,0.5,1.,0.5,1.)) REPRESENTATION_ITEM(
  '') );
#12228 = CARTESIAN_POINT('',(139.7,3.));
#12229 = CARTESIAN_POINT('',(139.7,5.551362713293E-02));
#12230 = CARTESIAN_POINT('',(137.15,1.527756813566));
#12231 = CARTESIAN_POINT('',(134.6,3.));
#12232 = CARTESIAN_POINT('',(137.15,4.472243186434));
#12233 = CARTESIAN_POINT('',(139.7,5.944486372867));
#12234 = CARTESIAN_POINT('',(139.7,3.));
#12235 = ( GEOMETRIC_REPRESENTATION_CONTEXT(2) 
PARAMETRIC_REPRESENTATION_CONTEXT() REPRESENTATION_CONTEXT('2D SPACE',''
  ) );
#12236 = ORIENTED_EDGE('',*,*,#12183,.T.);
#12237 = ORIENTED_EDGE('',*,*,#12153,.T.);
#12238 = ADVANCED_FACE('',(#12239,#12242),#12221,.T.);
#12239 = FACE_BOUND('',#12240,.T.);
#12240 = EDGE_LOOP('',(#12241));
#12241 = ORIENTED_EDGE('',*,*,#12206,.F.);
#12242 = FACE_BOUND('',#12243,.T.);
#12243 = EDGE_LOOP('',(#12244));
#12244 = ORIENTED_EDGE('',*,*,#12245,.T.);
#12245 = EDGE_CURVE('',#12246,#12246,#12248,.T.);
#12246 = VERTEX_POINT('',#12247);
#12247 = CARTESIAN_POINT('',(339.25,58.,152.));
#12248 = SURFACE_CURVE('',#12249,(#12254,#12265),.PCURVE_S1.);
#12249 = CIRCLE('',#12250,1.25);
#12250 = AXIS2_PLACEMENT_3D('',#12251,#12252,#12253);
#12251 = CARTESIAN_POINT('',(338.,58.,152.));
#12252 = DIRECTION('',(0.,0.,-1.));
#12253 = DIRECTION('',(1.,0.,0.));
#12254 = PCURVE('',#12221,#12255);
#12255 = DEFINITIONAL_REPRESENTATION('',(#12256),#12264);
#12256 = ( BOUNDED_CURVE() B_SPLINE_CURVE(2,(#12257,#12258,#12259,#12260
    ,#12261,#12262,#12263),.UNSPECIFIED.,.T.,.F.) 
B_SPLINE_CURVE_WITH_KNOTS((1,2,2,2,2,1),(-2.094395102393,0.,
    2.094395102393,4.188790204786,6.28318530718,8.377580409573),
.UNSPECIFIED.) CURVE() GEOMETRIC_REPRESENTATION_ITEM() 
RATIONAL_B_SPLINE_CURVE((1.,0.5,1.,0.5,1.,0.5,1.)) REPRESENTATION_ITEM(
  '') );
#12257 = CARTESIAN_POINT('',(139.25,3.));
#12258 = CARTESIAN_POINT('',(139.25,0.834936490539));
#12259 = CARTESIAN_POINT('',(137.375,1.917468245269));
#12260 = CARTESIAN_POINT('',(135.5,3.));
#12261 = CARTESIAN_POINT('',(137.375,4.082531754731));
#12262 = CARTESIAN_POINT('',(139.25,5.165063509461));
#12263 = CARTESIAN_POINT('',(139.25,3.));
#12264 = ( GEOMETRIC_REPRESENTATION_CONTEXT(2) 
PARAMETRIC_REPRESENTATION_CONTEXT() REPRESENTATION_CONTEXT('2D SPACE',''
  ) );
#12265 = PCURVE('',#12266,#12271);
#12266 = CYLINDRICAL_SURFACE('',#12267,1.25);
#12267 = AXIS2_PLACEMENT_3D('',#12268,#12269,#12270);
#12268 = CARTESIAN_POINT('',(338.,58.,142.));
#12269 = DIRECTION('',(-0.,-0.,-1.));
#12270 = DIRECTION('',(1.,0.,0.));
#12271 = DEFINITIONAL_REPRESENTATION('',(#12272),#12276);
#12272 = LINE('',#12273,#12274);
#12273 = CARTESIAN_POINT('',(-6.28318530718,-10.));
#12274 = VECTOR('',#12275,1.);
#12275 = DIRECTION('',(1.,-0.));
#12276 = ( GEOMETRIC_REPRESENTATION_CONTEXT(2) 
PARAMETRIC_REPRESENTATION_CONTEXT() REPRESENTATION_CONTEXT('2D SPACE',''
  ) );
#12277 = ADVANCED_FACE('',(#12278),#12266,.F.);
#12278 = FACE_BOUND('',#12279,.T.);
#12279 = EDGE_LOOP('',(#12280,#12545,#12566,#12567));
#12280 = ORIENTED_EDGE('',*,*,#12281,.F.);
#12281 = EDGE_CURVE('',#12282,#12282,#12284,.T.);
#12282 = VERTEX_POINT('',#12283);
#12283 = CARTESIAN_POINT('',(339.25,58.,149.15217186218));
#12284 = SURFACE_CURVE('',#12285,(#12368,#12454),.PCURVE_S1.);
#12285 = B_SPLINE_CURVE_WITH_KNOTS('',6,(#12286,#12287,#12288,#12289,
    #12290,#12291,#12292,#12293,#12294,#12295,#12296,#12297,#12298,
    #12299,#12300,#12301,#12302,#12303,#12304,#12305,#12306,#12307,
    #12308,#12309,#12310,#12311,#12312,#12313,#12314,#12315,#12316,
    #12317,#12318,#12319,#12320,#12321,#12322,#12323,#12324,#12325,
    #12326,#12327,#12328,#12329,#12330,#12331,#12332,#12333,#12334,
    #12335,#12336,#12337,#12338,#12339,#12340,#12341,#12342,#12343,
    #12344,#12345,#12346,#12347,#12348,#12349,#12350,#12351,#12352,
    #12353,#12354,#12355,#12356,#12357,#12358,#12359,#12360,#12361,
    #12362,#12363,#12364,#12365,#12366,#12367),.UNSPECIFIED.,.T.,.F.,(7,
    5,5,5,5,5,5,5,5,5,5,5,5,5,5,5,7),(0.,4.820097852115E-02,
    0.109213021523,0.186641313034,0.249088411159,0.312902822982,
    0.391806952549,0.451207525739,0.499532959726,0.54809689176,
    0.609140475044,0.686608793243,0.749088173429,0.812935573768,
    0.891880492398,0.951311772394,1.),.UNSPECIFIED.);
#12286 = CARTESIAN_POINT('',(339.25,58.,149.15217186218));
#12287 = CARTESIAN_POINT('',(339.25,58.06194410447,149.15217186218));
#12288 = CARTESIAN_POINT('',(339.24631644317,58.123679763293,
    149.15616812967));
#12289 = CARTESIAN_POINT('',(339.23899559793,58.184925994829,
    149.1641108056));
#12290 = CARTESIAN_POINT('',(339.22811434377,58.245376193005,
    149.17572313802));
#12291 = CARTESIAN_POINT('',(339.21380076721,58.304643717044,
    149.19049988425));
#12292 = CARTESIAN_POINT('',(339.17429575105,58.435120264085,
    149.22963184047));
#12293 = CARTESIAN_POINT('',(339.14714792572,58.505568602639,
    149.2555646666));
#12294 = CARTESIAN_POINT('',(339.11518488629,58.57352633419,
    149.28455843661));
#12295 = CARTESIAN_POINT('',(339.07855161956,58.63887861697,
    149.31564542909));
#12296 = CARTESIAN_POINT('',(339.03735333987,58.701458313678,
    149.34798745985));
#12297 = CARTESIAN_POINT('',(338.93354843504,58.836707777153,
    149.42253159715));
#12298 = CARTESIAN_POINT('',(338.86800625577,58.907767614287,
    149.46515914029));
#12299 = CARTESIAN_POINT('',(338.79494176912,58.973770780738,
    149.5072036855));
#12300 = CARTESIAN_POINT('',(338.71423271529,59.033958826835,
    149.54726269055));
#12301 = CARTESIAN_POINT('',(338.62579013131,59.087259876478,
    149.5838580777));
#12302 = CARTESIAN_POINT('',(338.45225761819,59.168451565313,
    149.64076525502));
#12303 = CARTESIAN_POINT('',(338.36948223787,59.199426082601,
    149.66297203905));
#12304 = CARTESIAN_POINT('',(338.28237971416,59.223798115202,
    149.6807403731));
#12305 = CARTESIAN_POINT('',(338.19210884963,59.240656628205,
    149.69312982592));
#12306 = CARTESIAN_POINT('',(338.09993676821,59.249447646642,
    149.69959386083));
#12307 = CARTESIAN_POINT('',(337.91236308107,59.250522921171,
    149.7003844979));
#12308 = CARTESIAN_POINT('',(337.81799456924,59.242435464019,
    149.69443776227));
#12309 = CARTESIAN_POINT('',(337.72547233968,59.225873948702,
    149.68225576984));
#12310 = CARTESIAN_POINT('',(337.63617853596,59.201403849365,
    149.6643950619));
#12311 = CARTESIAN_POINT('',(337.55137921005,59.169992062003,
    149.64185524343));
#12312 = CARTESIAN_POINT('',(337.37415817813,59.087430671294,
    149.58396537465));
#12313 = CARTESIAN_POINT('',(337.28408382,59.033094409239,
    149.54665259237));
#12314 = CARTESIAN_POINT('',(337.20203773829,58.971625699452,
    149.50575780465));
#12315 = CARTESIAN_POINT('',(337.12792048553,58.904151650486,
    149.46284006347));
#12316 = CARTESIAN_POINT('',(337.06160020805,58.831461977855,
    149.41937743444));
#12317 = CARTESIAN_POINT('',(336.95895931312,58.695754814366,
    149.34506368784));
#12318 = CARTESIAN_POINT('',(336.91918368103,58.634666439537,
    149.31368403483));
#12319 = CARTESIAN_POINT('',(336.88373568613,58.570958093498,
    149.28353347731));
#12320 = CARTESIAN_POINT('',(336.8527142899,58.504782995781,
    149.25538913865));
#12321 = CARTESIAN_POINT('',(336.82625517314,58.436247433716,
    149.23014260247));
#12322 = CARTESIAN_POINT('',(336.78697967068,58.307757199582,
    149.19130001306));
#12323 = CARTESIAN_POINT('',(336.77248883749,58.248419626662,
    149.17635936098));
#12324 = CARTESIAN_POINT('',(336.76143940033,58.187884790443,
    149.16457848359));
#12325 = CARTESIAN_POINT('',(336.75396119006,58.126539755507,
    149.15646927678));
#12326 = CARTESIAN_POINT('',(336.75013258814,58.064690302292,
    149.15231570739));
#12327 = CARTESIAN_POINT('',(336.74987224082,57.940232978846,
    149.15203325594));
#12328 = CARTESIAN_POINT('',(336.75347798731,57.878049665864,
    149.15594504676));
#12329 = CARTESIAN_POINT('',(336.76077446047,57.81635348663,
    149.16386532248));
#12330 = CARTESIAN_POINT('',(336.771684089,57.755458259752,
    149.17551505928));
#12331 = CARTESIAN_POINT('',(336.78607702011,57.69575992505,
    149.19037882568));
#12332 = CARTESIAN_POINT('',(336.82570424894,57.564879735915,
    149.22963184047));
#12333 = CARTESIAN_POINT('',(336.85285207427,57.494431397361,
    149.2555646666));
#12334 = CARTESIAN_POINT('',(336.8848151137,57.42647366581,
    149.28455843661));
#12335 = CARTESIAN_POINT('',(336.92144838043,57.36112138303,
    149.31564542909));
#12336 = CARTESIAN_POINT('',(336.96264666012,57.298541686322,
    149.34798745985));
#12337 = CARTESIAN_POINT('',(337.06645156495,57.163292222847,
    149.42253159715));
#12338 = CARTESIAN_POINT('',(337.13199374422,57.092232385713,
    149.46515914029));
#12339 = CARTESIAN_POINT('',(337.20505823087,57.026229219262,
    149.5072036855));
#12340 = CARTESIAN_POINT('',(337.2857672847,56.966041173165,
    149.54726269055));
#12341 = CARTESIAN_POINT('',(337.37420986868,56.912740123522,
    149.5838580777));
#12342 = CARTESIAN_POINT('',(337.54774238171,56.83154843473,
    149.64076525499));
#12343 = CARTESIAN_POINT('',(337.63051776189,56.800573917496,
    149.66297203898));
#12344 = CARTESIAN_POINT('',(337.71762028607,56.776201884589,
    149.68074037325));
#12345 = CARTESIAN_POINT('',(337.80789115087,56.759343371881,
    149.69312982586));
#12346 = CARTESIAN_POINT('',(337.90006323123,56.750552353362,
    149.69959386083));
#12347 = CARTESIAN_POINT('',(338.08763691892,56.749477078829,
    149.7003844979));
#12348 = CARTESIAN_POINT('',(338.18200543075,56.757564535981,
    149.69443776227));
#12349 = CARTESIAN_POINT('',(338.27452766031,56.774126051298,
    149.68225576984));
#12350 = CARTESIAN_POINT('',(338.36382146403,56.798596150635,
    149.6643950619));
#12351 = CARTESIAN_POINT('',(338.44862078994,56.830007937996,
    149.64185524343));
#12352 = CARTESIAN_POINT('',(338.62584182186,56.912569328706,
    149.58396537465));
#12353 = CARTESIAN_POINT('',(338.71591617999,56.966905590761,
    149.54665259237));
#12354 = CARTESIAN_POINT('',(338.7979622617,57.028374300548,
    149.50575780465));
#12355 = CARTESIAN_POINT('',(338.87207951446,57.095848349514,
    149.46284006347));
#12356 = CARTESIAN_POINT('',(338.93839979194,57.168538022145,
    149.41937743444));
#12357 = CARTESIAN_POINT('',(339.04104068687,57.304245185634,
    149.34506368784));
#12358 = CARTESIAN_POINT('',(339.08081631896,57.365333560462,
    149.31368403483));
#12359 = CARTESIAN_POINT('',(339.11626431386,57.429041906502,
    149.28353347731));
#12360 = CARTESIAN_POINT('',(339.14728571009,57.495217004219,
    149.25538913865));
#12361 = CARTESIAN_POINT('',(339.17374482685,57.563752566283,
    149.23014260247));
#12362 = CARTESIAN_POINT('',(339.21314342756,57.692645517678,
    149.19117827166));
#12363 = CARTESIAN_POINT('',(339.22771478464,57.752413825583,
    149.17614943841));
#12364 = CARTESIAN_POINT('',(339.23879367986,57.813393987903,
    149.16432987822));
#12365 = CARTESIAN_POINT('',(339.24624843564,57.875189325984,
    149.15624190874));
#12366 = CARTESIAN_POINT('',(339.25,57.937486673205,149.15217186218));
#12367 = CARTESIAN_POINT('',(339.25,58.,149.15217186218));
#12368 = PCURVE('',#12266,#12369);
#12369 = DEFINITIONAL_REPRESENTATION('',(#12370),#12453);
#12370 = B_SPLINE_CURVE_WITH_KNOTS('',6,(#12371,#12372,#12373,#12374,
    #12375,#12376,#12377,#12378,#12379,#12380,#12381,#12382,#12383,
    #12384,#12385,#12386,#12387,#12388,#12389,#12390,#12391,#12392,
    #12393,#12394,#12395,#12396,#12397,#12398,#12399,#12400,#12401,
    #12402,#12403,#12404,#12405,#12406,#12407,#12408,#12409,#12410,
    #12411,#12412,#12413,#12414,#12415,#12416,#12417,#12418,#12419,
    #12420,#12421,#12422,#12423,#12424,#12425,#12426,#12427,#12428,
    #12429,#12430,#12431,#12432,#12433,#12434,#12435,#12436,#12437,
    #12438,#12439,#12440,#12441,#12442,#12443,#12444,#12445,#12446,
    #12447,#12448,#12449,#12450,#12451,#12452),.UNSPECIFIED.,.F.,.F.,(7,
    5,5,5,5,5,5,5,5,5,5,5,5,5,5,5,7),(0.,4.820097852115E-02,
    0.109213021523,0.186641313034,0.249088411159,0.312902822982,
    0.391806952549,0.451207525739,0.499532959726,0.54809689176,
    0.609140475044,0.686608793243,0.749088173429,0.812935573768,
    0.891880492398,0.951311772394,1.),.UNSPECIFIED.);
#12371 = CARTESIAN_POINT('',(0.,-7.15217186218));
#12372 = CARTESIAN_POINT('',(-4.955528357611E-02,-7.15217186218));
#12373 = CARTESIAN_POINT('',(-9.894372543878E-02,-7.156168129672));
#12374 = CARTESIAN_POINT('',(-0.148160175113,-7.164110805605));
#12375 = CARTESIAN_POINT('',(-0.197169002536,-7.175723138025));
#12376 = CARTESIAN_POINT('',(-0.245866782172,-7.190499884256));
#12377 = CARTESIAN_POINT('',(-0.354927574407,-7.229631840472));
#12378 = CARTESIAN_POINT('',(-0.415161757923,-7.255564666604));
#12379 = CARTESIAN_POINT('',(-0.475011490974,-7.28455843661));
#12380 = CARTESIAN_POINT('',(-0.534719515707,-7.315645429096));
#12381 = CARTESIAN_POINT('',(-0.594501344844,-7.347987459857));
#12382 = CARTESIAN_POINT('',(-0.730895774374,-7.422531597152));
#12383 = CARTESIAN_POINT('',(-0.807916880318,-7.46515914029));
#12384 = CARTESIAN_POINT('',(-0.88619059279,-7.507203685508));
#12385 = CARTESIAN_POINT('',(-0.966176675623,-7.547262690559));
#12386 = CARTESIAN_POINT('',(-1.048333871125,-7.583858077705));
#12387 = CARTESIAN_POINT('',(-1.201603564822,-7.640765255021));
#12388 = CARTESIAN_POINT('',(-1.272084612308,-7.662972039057));
#12389 = CARTESIAN_POINT('',(-1.344039844518,-7.680740373104));
#12390 = CARTESIAN_POINT('',(-1.417068981169,-7.693129825923));
#12391 = CARTESIAN_POINT('',(-1.490845661375,-7.699593860833));
#12392 = CARTESIAN_POINT('',(-1.640907076694,-7.700384497902));
#12393 = CARTESIAN_POINT('',(-1.71636345252,-7.694437762279));
#12394 = CARTESIAN_POINT('',(-1.791089873142,-7.682255769847));
#12395 = CARTESIAN_POINT('',(-1.864725806936,-7.664395061905));
#12396 = CARTESIAN_POINT('',(-1.936831438288,-7.641855243435));
#12397 = CARTESIAN_POINT('',(-2.093238450692,-7.583965374652));
#12398 = CARTESIAN_POINT('',(-2.176914361699,-7.546652592373));
#12399 = CARTESIAN_POINT('',(-2.258340124222,-7.505757804654));
#12400 = CARTESIAN_POINT('',(-2.33800183368,-7.462840063472));
#12401 = CARTESIAN_POINT('',(-2.41638713245,-7.419377434446));
#12402 = CARTESIAN_POINT('',(-2.552508460764,-7.345063687844));
#12403 = CARTESIAN_POINT('',(-2.610681316247,-7.313684034831));
#12404 = CARTESIAN_POINT('',(-2.668796420996,-7.283533477311));
#12405 = CARTESIAN_POINT('',(-2.727052796956,-7.255389138655));
#12406 = CARTESIAN_POINT('',(-2.785674104895,-7.230142602471));
#12407 = CARTESIAN_POINT('',(-2.89316119915,-7.191300013067));
#12408 = CARTESIAN_POINT('',(-2.941946486633,-7.176359360984));
#12409 = CARTESIAN_POINT('',(-2.99104522901,-7.164578483596));
#12410 = CARTESIAN_POINT('',(-3.040354524968,-7.156469276782));
#12411 = CARTESIAN_POINT('',(-3.089840301577,-7.152315707391));
#12412 = CARTESIAN_POINT('',(-3.189406378177,-7.152033255948));
#12413 = CARTESIAN_POINT('',(-3.239146795351,-7.155945046762));
#12414 = CARTESIAN_POINT('',(-3.288715587327,-7.163865322486));
#12415 = CARTESIAN_POINT('',(-3.33807601361,-7.175515059286));
#12416 = CARTESIAN_POINT('',(-3.387122045422,-7.190378825682));
#12417 = CARTESIAN_POINT('',(-3.496520227996,-7.229631840472));
#12418 = CARTESIAN_POINT('',(-3.556754411512,-7.255564666604));
#12419 = CARTESIAN_POINT('',(-3.616604144564,-7.28455843661));
#12420 = CARTESIAN_POINT('',(-3.676312169297,-7.315645429096));
#12421 = CARTESIAN_POINT('',(-3.736093998434,-7.347987459857));
#12422 = CARTESIAN_POINT('',(-3.872488427963,-7.422531597152));
#12423 = CARTESIAN_POINT('',(-3.949509533908,-7.46515914029));
#12424 = CARTESIAN_POINT('',(-4.027783246379,-7.507203685508));
#12425 = CARTESIAN_POINT('',(-4.107769329213,-7.547262690559));
#12426 = CARTESIAN_POINT('',(-4.189926524715,-7.583858077705));
#12427 = CARTESIAN_POINT('',(-4.34319621833,-7.640765254991));
#12428 = CARTESIAN_POINT('',(-4.413677265706,-7.662972038985));
#12429 = CARTESIAN_POINT('',(-4.485632498312,-7.680740373255));
#12430 = CARTESIAN_POINT('',(-4.558661635159,-7.693129825861));
#12431 = CARTESIAN_POINT('',(-4.632438314525,-7.699593860831));
#12432 = CARTESIAN_POINT('',(-4.782499730284,-7.700384497902));
#12433 = CARTESIAN_POINT('',(-4.85795610611,-7.694437762279));
#12434 = CARTESIAN_POINT('',(-4.932682526732,-7.682255769847));
#12435 = CARTESIAN_POINT('',(-5.006318460525,-7.664395061905));
#12436 = CARTESIAN_POINT('',(-5.078424091878,-7.641855243435));
#12437 = CARTESIAN_POINT('',(-5.234831104281,-7.583965374652));
#12438 = CARTESIAN_POINT('',(-5.318507015288,-7.546652592373));
#12439 = CARTESIAN_POINT('',(-5.399932777812,-7.505757804654));
#12440 = CARTESIAN_POINT('',(-5.479594487269,-7.462840063472));
#12441 = CARTESIAN_POINT('',(-5.55797978604,-7.419377434446));
#12442 = CARTESIAN_POINT('',(-5.694101114354,-7.345063687844));
#12443 = CARTESIAN_POINT('',(-5.752273969836,-7.313684034831));
#12444 = CARTESIAN_POINT('',(-5.810389074586,-7.283533477311));
#12445 = CARTESIAN_POINT('',(-5.868645450545,-7.255389138655));
#12446 = CARTESIAN_POINT('',(-5.927266758484,-7.230142602471));
#12447 = CARTESIAN_POINT('',(-6.035090741441,-7.191178271665));
#12448 = CARTESIAN_POINT('',(-6.084224391731,-7.176149438417));
#12449 = CARTESIAN_POINT('',(-6.13367500579,-7.164329878221));
#12450 = CARTESIAN_POINT('',(-6.183336857772,-7.156241908741));
#12451 = CARTESIAN_POINT('',(-6.233174645744,-7.15217186218));
#12452 = CARTESIAN_POINT('',(-6.28318530718,-7.15217186218));
#12453 = ( GEOMETRIC_REPRESENTATION_CONTEXT(2) 
PARAMETRIC_REPRESENTATION_CONTEXT() REPRESENTATION_CONTEXT('2D SPACE',''
  ) );
#12454 = PCURVE('',#12455,#12460);
#12455 = CYLINDRICAL_SURFACE('',#12456,1.7);
#12456 = AXIS2_PLACEMENT_3D('',#12457,#12458,#12459);
#12457 = CARTESIAN_POINT('',(338.,54.,148.));
#12458 = DIRECTION('',(0.,-1.,0.));
#12459 = DIRECTION('',(1.,0.,0.));
#12460 = DEFINITIONAL_REPRESENTATION('',(#12461),#12544);
#12461 = B_SPLINE_CURVE_WITH_KNOTS('',6,(#12462,#12463,#12464,#12465,
    #12466,#12467,#12468,#12469,#12470,#12471,#12472,#12473,#12474,
    #12475,#12476,#12477,#12478,#12479,#12480,#12481,#12482,#12483,
    #12484,#12485,#12486,#12487,#12488,#12489,#12490,#12491,#12492,
    #12493,#12494,#12495,#12496,#12497,#12498,#12499,#12500,#12501,
    #12502,#12503,#12504,#12505,#12506,#12507,#12508,#12509,#12510,
    #12511,#12512,#12513,#12514,#12515,#12516,#12517,#12518,#12519,
    #12520,#12521,#12522,#12523,#12524,#12525,#12526,#12527,#12528,
    #12529,#12530,#12531,#12532,#12533,#12534,#12535,#12536,#12537,
    #12538,#12539,#12540,#12541,#12542,#12543),.UNSPECIFIED.,.T.,.F.,(7,
    5,5,5,5,5,5,5,5,5,5,5,5,5,5,5,7),(0.,4.820097852115E-02,
    0.109213021523,0.186641313034,0.249088411159,0.312902822982,
    0.391806952549,0.451207525739,0.499532959726,0.54809689176,
    0.609140475044,0.686608793243,0.749088173429,0.812935573768,
    0.891880492398,0.951311772394,1.),.UNSPECIFIED.);
#12462 = CARTESIAN_POINT('',(0.744695784868,-4.));
#12463 = CARTESIAN_POINT('',(0.744695784868,-4.06194410447));
#12464 = CARTESIAN_POINT('',(0.747892774641,-4.123679763293));
#12465 = CARTESIAN_POINT('',(0.754247032271,-4.184925994829));
#12466 = CARTESIAN_POINT('',(0.763607250686,-4.245376193005));
#12467 = CARTESIAN_POINT('',(0.775706129127,-4.304643717044));
#12468 = CARTESIAN_POINT('',(0.808415165681,-4.435120264085));
#12469 = CARTESIAN_POINT('',(0.830496003013,-4.505568602639));
#12470 = CARTESIAN_POINT('',(0.85586702377,-4.57352633419));
#12471 = CARTESIAN_POINT('',(0.88410194837,-4.63887861697));
#12472 = CARTESIAN_POINT('',(0.914883591956,-4.701458313678));
#12473 = CARTESIAN_POINT('',(0.990058789107,-4.836707777153));
#12474 = CARTESIAN_POINT('',(1.036000996736,-4.907767614287));
#12475 = CARTESIAN_POINT('',(1.085471031952,-4.973770780738));
#12476 = CARTESIAN_POINT('',(1.138304334652,-5.033958826835));
#12477 = CARTESIAN_POINT('',(1.194447002444,-5.087259876478));
#12478 = CARTESIAN_POINT('',(1.301873584665,-5.168451565313));
#12479 = CARTESIAN_POINT('',(1.352211225157,-5.199426082601));
#12480 = CARTESIAN_POINT('',(1.404352108784,-5.223798115202));
#12481 = CARTESIAN_POINT('',(1.457774990152,-5.240656628205));
#12482 = CARTESIAN_POINT('',(1.512009495291,-5.249447646642));
#12483 = CARTESIAN_POINT('',(1.622347938488,-5.250522921171));
#12484 = CARTESIAN_POINT('',(1.677843696038,-5.242435464019));
#12485 = CARTESIAN_POINT('',(1.732549530233,-5.225873948703));
#12486 = CARTESIAN_POINT('',(1.785953094087,-5.201403849365));
#12487 = CARTESIAN_POINT('',(1.837486446147,-5.169992062003));
#12488 = CARTESIAN_POINT('',(1.947154916445,-5.087430671294));
#12489 = CARTESIAN_POINT('',(2.004336098745,-5.033094409239));
#12490 = CARTESIAN_POINT('',(2.05808353114,-4.971625699452));
#12491 = CARTESIAN_POINT('',(2.108341328462,-4.904151650486));
#12492 = CARTESIAN_POINT('',(2.154933772514,-4.831461977855));
#12493 = CARTESIAN_POINT('',(2.229474317311,-4.695754814366));
#12494 = CARTESIAN_POINT('',(2.259250999809,-4.634666439537));
#12495 = CARTESIAN_POINT('',(2.28660046158,-4.570958093498));
#12496 = CARTESIAN_POINT('',(2.311226583988,-4.504782995781));
#12497 = CARTESIAN_POINT('',(2.3327358046,-4.436247433716));
#12498 = CARTESIAN_POINT('',(2.365229146187,-4.307757199582));
#12499 = CARTESIAN_POINT('',(2.377469753978,-4.248419626662));
#12500 = CARTESIAN_POINT('',(2.386969912056,-4.187884790443));
#12501 = CARTESIAN_POINT('',(2.39345894026,-4.126539755507));
#12502 = CARTESIAN_POINT('',(2.396781792304,-4.064690302292));
#12503 = CARTESIAN_POINT('',(2.397007753953,-3.940232978846));
#12504 = CARTESIAN_POINT('',(2.393878325611,-3.878049665864));
#12505 = CARTESIAN_POINT('',(2.387543463916,-3.81635348663));
#12506 = CARTESIAN_POINT('',(2.378155775869,-3.755458259752));
#12507 = CARTESIAN_POINT('',(2.3659877131,-3.69575992505));
#12508 = CARTESIAN_POINT('',(2.333177487909,-3.564879735915));
#12509 = CARTESIAN_POINT('',(2.311096650577,-3.494431397361));
#12510 = CARTESIAN_POINT('',(2.28572562982,-3.42647366581));
#12511 = CARTESIAN_POINT('',(2.25749070522,-3.36112138303));
#12512 = CARTESIAN_POINT('',(2.226709061634,-3.298541686322));
#12513 = CARTESIAN_POINT('',(2.151533864483,-3.163292222847));
#12514 = CARTESIAN_POINT('',(2.105591656854,-3.092232385713));
#12515 = CARTESIAN_POINT('',(2.056121621637,-3.026229219262));
#12516 = CARTESIAN_POINT('',(2.003288318937,-2.966041173165));
#12517 = CARTESIAN_POINT('',(1.947145651146,-2.912740123522));
#12518 = CARTESIAN_POINT('',(1.839719068982,-2.83154843473));
#12519 = CARTESIAN_POINT('',(1.789381428571,-2.800573917496));
#12520 = CARTESIAN_POINT('',(1.737240544662,-2.776201884589));
#12521 = CARTESIAN_POINT('',(1.683817663141,-2.759343371881));
#12522 = CARTESIAN_POINT('',(1.629583158622,-2.750552353362));
#12523 = CARTESIAN_POINT('',(1.519244715102,-2.749477078829));
#12524 = CARTESIAN_POINT('',(1.463748957551,-2.757564535981));
#12525 = CARTESIAN_POINT('',(1.409043123357,-2.774126051298));
#12526 = CARTESIAN_POINT('',(1.355639559503,-2.798596150635));
#12527 = CARTESIAN_POINT('',(1.304106207443,-2.830007937996));
#12528 = CARTESIAN_POINT('',(1.194437737145,-2.912569328706));
#12529 = CARTESIAN_POINT('',(1.137256554845,-2.966905590761));
#12530 = CARTESIAN_POINT('',(1.08350912245,-3.028374300548));
#12531 = CARTESIAN_POINT('',(1.033251325127,-3.095848349514));
#12532 = CARTESIAN_POINT('',(0.986658881076,-3.168538022145));
#12533 = CARTESIAN_POINT('',(0.912118336279,-3.304245185634));
#12534 = CARTESIAN_POINT('',(0.882341653781,-3.365333560462));
#12535 = CARTESIAN_POINT('',(0.85499219201,-3.429041906502));
#12536 = CARTESIAN_POINT('',(0.830366069602,-3.495217004219));
#12537 = CARTESIAN_POINT('',(0.80885684899,-3.563752566283));
#12538 = CARTESIAN_POINT('',(0.77626166597,-3.692645517678));
#12539 = CARTESIAN_POINT('',(0.763950907483,-3.752413825583));
#12540 = CARTESIAN_POINT('',(0.754422297383,-3.813393987903));
#12541 = CARTESIAN_POINT('',(0.747951796107,-3.875189325984));
#12542 = CARTESIAN_POINT('',(0.744695784868,-3.937486673205));
#12543 = CARTESIAN_POINT('',(0.744695784868,-4.));
#12544 = ( GEOMETRIC_REPRESENTATION_CONTEXT(2) 
PARAMETRIC_REPRESENTATION_CONTEXT() REPRESENTATION_CONTEXT('2D SPACE',''
  ) );
#12545 = ORIENTED_EDGE('',*,*,#12546,.T.);
#12546 = EDGE_CURVE('',#12282,#12246,#12547,.T.);
#12547 = SEAM_CURVE('',#12548,(#12552,#12559),.PCURVE_S1.);
#12548 = LINE('',#12549,#12550);
#12549 = CARTESIAN_POINT('',(339.25,58.,142.));
#12550 = VECTOR('',#12551,1.);
#12551 = DIRECTION('',(0.,0.,1.));
#12552 = PCURVE('',#12266,#12553);
#12553 = DEFINITIONAL_REPRESENTATION('',(#12554),#12558);
#12554 = LINE('',#12555,#12556);
#12555 = CARTESIAN_POINT('',(-6.28318530718,0.));
#12556 = VECTOR('',#12557,1.);
#12557 = DIRECTION('',(-0.,-1.));
#12558 = ( GEOMETRIC_REPRESENTATION_CONTEXT(2) 
PARAMETRIC_REPRESENTATION_CONTEXT() REPRESENTATION_CONTEXT('2D SPACE',''
  ) );
#12559 = PCURVE('',#12266,#12560);
#12560 = DEFINITIONAL_REPRESENTATION('',(#12561),#12565);
#12561 = LINE('',#12562,#12563);
#12562 = CARTESIAN_POINT('',(-0.,0.));
#12563 = VECTOR('',#12564,1.);
#12564 = DIRECTION('',(-0.,-1.));
#12565 = ( GEOMETRIC_REPRESENTATION_CONTEXT(2) 
PARAMETRIC_REPRESENTATION_CONTEXT() REPRESENTATION_CONTEXT('2D SPACE',''
  ) );
#12566 = ORIENTED_EDGE('',*,*,#12245,.F.);
#12567 = ORIENTED_EDGE('',*,*,#12546,.F.);
#12568 = ADVANCED_FACE('',(#12569,#12649,#12652),#12455,.F.);
#12569 = FACE_BOUND('',#12570,.F.);
#12570 = EDGE_LOOP('',(#12571,#12599,#12622,#12648));
#12571 = ORIENTED_EDGE('',*,*,#12572,.F.);
#12572 = EDGE_CURVE('',#12573,#12573,#12575,.T.);
#12573 = VERTEX_POINT('',#12574);
#12574 = CARTESIAN_POINT('',(339.7,55.,148.));
#12575 = SURFACE_CURVE('',#12576,(#12581,#12588),.PCURVE_S1.);
#12576 = CIRCLE('',#12577,1.7);
#12577 = AXIS2_PLACEMENT_3D('',#12578,#12579,#12580);
#12578 = CARTESIAN_POINT('',(338.,55.,148.));
#12579 = DIRECTION('',(0.,-1.,0.));
#12580 = DIRECTION('',(1.,0.,0.));
#12581 = PCURVE('',#12455,#12582);
#12582 = DEFINITIONAL_REPRESENTATION('',(#12583),#12587);
#12583 = LINE('',#12584,#12585);
#12584 = CARTESIAN_POINT('',(0.,-1.));
#12585 = VECTOR('',#12586,1.);
#12586 = DIRECTION('',(1.,0.));
#12587 = ( GEOMETRIC_REPRESENTATION_CONTEXT(2) 
PARAMETRIC_REPRESENTATION_CONTEXT() REPRESENTATION_CONTEXT('2D SPACE',''
  ) );
#12588 = PCURVE('',#240,#12589);
#12589 = DEFINITIONAL_REPRESENTATION('',(#12590),#12598);
#12590 = ( BOUNDED_CURVE() B_SPLINE_CURVE(2,(#12591,#12592,#12593,#12594
    ,#12595,#12596,#12597),.UNSPECIFIED.,.T.,.F.) 
B_SPLINE_CURVE_WITH_KNOTS((1,2,2,2,2,1),(-2.094395102393,0.,
    2.094395102393,4.188790204786,6.28318530718,8.377580409573),
.UNSPECIFIED.) CURVE() GEOMETRIC_REPRESENTATION_ITEM() 
RATIONAL_B_SPLINE_CURVE((1.,0.5,1.,0.5,1.,0.5,1.)) REPRESENTATION_ITEM(
  '') );
#12591 = CARTESIAN_POINT('',(117.5,139.7));
#12592 = CARTESIAN_POINT('',(120.44448637286,139.7));
#12593 = CARTESIAN_POINT('',(118.97224318643,137.15));
#12594 = CARTESIAN_POINT('',(117.5,134.6));
#12595 = CARTESIAN_POINT('',(116.02775681356,137.15));
#12596 = CARTESIAN_POINT('',(114.55551362713,139.7));
#12597 = CARTESIAN_POINT('',(117.5,139.7));
#12598 = ( GEOMETRIC_REPRESENTATION_CONTEXT(2) 
PARAMETRIC_REPRESENTATION_CONTEXT() REPRESENTATION_CONTEXT('2D SPACE',''
  ) );
#12599 = ORIENTED_EDGE('',*,*,#12600,.T.);
#12600 = EDGE_CURVE('',#12573,#12601,#12603,.T.);
#12601 = VERTEX_POINT('',#12602);
#12602 = CARTESIAN_POINT('',(339.7,61.,148.));
#12603 = SEAM_CURVE('',#12604,(#12608,#12615),.PCURVE_S1.);
#12604 = LINE('',#12605,#12606);
#12605 = CARTESIAN_POINT('',(339.7,54.,148.));
#12606 = VECTOR('',#12607,1.);
#12607 = DIRECTION('',(-0.,1.,-0.));
#12608 = PCURVE('',#12455,#12609);
#12609 = DEFINITIONAL_REPRESENTATION('',(#12610),#12614);
#12610 = LINE('',#12611,#12612);
#12611 = CARTESIAN_POINT('',(6.28318530718,0.));
#12612 = VECTOR('',#12613,1.);
#12613 = DIRECTION('',(0.,-1.));
#12614 = ( GEOMETRIC_REPRESENTATION_CONTEXT(2) 
PARAMETRIC_REPRESENTATION_CONTEXT() REPRESENTATION_CONTEXT('2D SPACE',''
  ) );
#12615 = PCURVE('',#12455,#12616);
#12616 = DEFINITIONAL_REPRESENTATION('',(#12617),#12621);
#12617 = LINE('',#12618,#12619);
#12618 = CARTESIAN_POINT('',(0.,0.));
#12619 = VECTOR('',#12620,1.);
#12620 = DIRECTION('',(0.,-1.));
#12621 = ( GEOMETRIC_REPRESENTATION_CONTEXT(2) 
PARAMETRIC_REPRESENTATION_CONTEXT() REPRESENTATION_CONTEXT('2D SPACE',''
  ) );
#12622 = ORIENTED_EDGE('',*,*,#12623,.T.);
#12623 = EDGE_CURVE('',#12601,#12601,#12624,.T.);
#12624 = SURFACE_CURVE('',#12625,(#12630,#12637),.PCURVE_S1.);
#12625 = CIRCLE('',#12626,1.7);
#12626 = AXIS2_PLACEMENT_3D('',#12627,#12628,#12629);
#12627 = CARTESIAN_POINT('',(338.,61.,148.));
#12628 = DIRECTION('',(0.,-1.,0.));
#12629 = DIRECTION('',(1.,0.,0.));
#12630 = PCURVE('',#12455,#12631);
#12631 = DEFINITIONAL_REPRESENTATION('',(#12632),#12636);
#12632 = LINE('',#12633,#12634);
#12633 = CARTESIAN_POINT('',(0.,-7.));
#12634 = VECTOR('',#12635,1.);
#12635 = DIRECTION('',(1.,0.));
#12636 = ( GEOMETRIC_REPRESENTATION_CONTEXT(2) 
PARAMETRIC_REPRESENTATION_CONTEXT() REPRESENTATION_CONTEXT('2D SPACE',''
  ) );
#12637 = PCURVE('',#662,#12638);
#12638 = DEFINITIONAL_REPRESENTATION('',(#12639),#12647);
#12639 = ( BOUNDED_CURVE() B_SPLINE_CURVE(2,(#12640,#12641,#12642,#12643
    ,#12644,#12645,#12646),.UNSPECIFIED.,.T.,.F.) 
B_SPLINE_CURVE_WITH_KNOTS((1,2,2,2,2,1),(-2.094395102393,0.,
    2.094395102393,4.188790204786,6.28318530718,8.377580409573),
.UNSPECIFIED.) CURVE() GEOMETRIC_REPRESENTATION_ITEM() 
RATIONAL_B_SPLINE_CURVE((1.,0.5,1.,0.5,1.,0.5,1.)) REPRESENTATION_ITEM(
  '') );
#12640 = CARTESIAN_POINT('',(117.5,139.7));
#12641 = CARTESIAN_POINT('',(120.44448637286,139.7));
#12642 = CARTESIAN_POINT('',(118.97224318643,137.15));
#12643 = CARTESIAN_POINT('',(117.5,134.6));
#12644 = CARTESIAN_POINT('',(116.02775681356,137.15));
#12645 = CARTESIAN_POINT('',(114.55551362713,139.7));
#12646 = CARTESIAN_POINT('',(117.5,139.7));
#12647 = ( GEOMETRIC_REPRESENTATION_CONTEXT(2) 
PARAMETRIC_REPRESENTATION_CONTEXT() REPRESENTATION_CONTEXT('2D SPACE',''
  ) );
#12648 = ORIENTED_EDGE('',*,*,#12600,.F.);
#12649 = FACE_BOUND('',#12650,.F.);
#12650 = EDGE_LOOP('',(#12651));
#12651 = ORIENTED_EDGE('',*,*,#12281,.F.);
#12652 = FACE_BOUND('',#12653,.F.);
#12653 = EDGE_LOOP('',(#12654));
#12654 = ORIENTED_EDGE('',*,*,#12655,.T.);
#12655 = EDGE_CURVE('',#12656,#12656,#12658,.T.);
#12656 = VERTEX_POINT('',#12657);
#12657 = CARTESIAN_POINT('',(339.25,58.,146.84782813782));
#12658 = SURFACE_CURVE('',#12659,(#12742,#12828),.PCURVE_S1.);
#12659 = B_SPLINE_CURVE_WITH_KNOTS('',6,(#12660,#12661,#12662,#12663,
    #12664,#12665,#12666,#12667,#12668,#12669,#12670,#12671,#12672,
    #12673,#12674,#12675,#12676,#12677,#12678,#12679,#12680,#12681,
    #12682,#12683,#12684,#12685,#12686,#12687,#12688,#12689,#12690,
    #12691,#12692,#12693,#12694,#12695,#12696,#12697,#12698,#12699,
    #12700,#12701,#12702,#12703,#12704,#12705,#12706,#12707,#12708,
    #12709,#12710,#12711,#12712,#12713,#12714,#12715,#12716,#12717,
    #12718,#12719,#12720,#12721,#12722,#12723,#12724,#12725,#12726,
    #12727,#12728,#12729,#12730,#12731,#12732,#12733,#12734,#12735,
    #12736,#12737,#12738,#12739,#12740,#12741),.UNSPECIFIED.,.T.,.F.,(7,
    5,5,5,5,5,5,5,5,5,5,5,5,5,5,5,7),(0.,4.82009784342E-02,
    0.109213021326,0.186641312697,0.24908841071,0.312902822418,
    0.391806951843,0.451207524927,0.499532958826,0.548096890773,
    0.609140473947,0.686608792008,0.74908817215,0.812935572814,
    0.891880491847,0.951311772146,1.),.UNSPECIFIED.);
#12660 = CARTESIAN_POINT('',(339.25,58.,146.84782813782));
#12661 = CARTESIAN_POINT('',(339.25,58.06194410447,146.84782813782));
#12662 = CARTESIAN_POINT('',(339.24631644317,58.123679763293,
    146.84383187032));
#12663 = CARTESIAN_POINT('',(339.23899559793,58.184925994829,
    146.83588919439));
#12664 = CARTESIAN_POINT('',(339.22811434377,58.245376193005,
    146.82427686197));
#12665 = CARTESIAN_POINT('',(339.21380076721,58.304643717044,
    146.80950011574));
#12666 = CARTESIAN_POINT('',(339.17429575105,58.435120264085,
    146.77036815952));
#12667 = CARTESIAN_POINT('',(339.14714792572,58.505568602639,
    146.74443533339));
#12668 = CARTESIAN_POINT('',(339.11518488629,58.57352633419,
    146.71544156339));
#12669 = CARTESIAN_POINT('',(339.07855161956,58.63887861697,
    146.6843545709));
#12670 = CARTESIAN_POINT('',(339.03735333987,58.701458313678,
    146.65201254014));
#12671 = CARTESIAN_POINT('',(338.93354843504,58.836707777153,
    146.57746840284));
#12672 = CARTESIAN_POINT('',(338.86800625577,58.907767614287,
    146.53484085971));
#12673 = CARTESIAN_POINT('',(338.79494176912,58.973770780739,
    146.49279631449));
#12674 = CARTESIAN_POINT('',(338.71423271529,59.033958826835,
    146.45273730944));
#12675 = CARTESIAN_POINT('',(338.62579013131,59.087259876478,
    146.41614192229));
#12676 = CARTESIAN_POINT('',(338.45225761819,59.168451565313,
    146.35923474497));
#12677 = CARTESIAN_POINT('',(338.36948223787,59.199426082601,
    146.33702796094));
#12678 = CARTESIAN_POINT('',(338.28237971416,59.223798115202,
    146.31925962689));
#12679 = CARTESIAN_POINT('',(338.19210884963,59.240656628205,
    146.30687017407));
#12680 = CARTESIAN_POINT('',(338.09993676821,59.249447646642,
    146.30040613916));
#12681 = CARTESIAN_POINT('',(337.91236308107,59.250522921171,
    146.29961550209));
#12682 = CARTESIAN_POINT('',(337.81799456924,59.242435464019,
    146.30556223772));
#12683 = CARTESIAN_POINT('',(337.72547233968,59.225873948702,
    146.31774423015));
#12684 = CARTESIAN_POINT('',(337.63617853596,59.201403849365,
    146.33560493809));
#12685 = CARTESIAN_POINT('',(337.55137921005,59.169992062003,
    146.35814475656));
#12686 = CARTESIAN_POINT('',(337.37415817813,59.087430671294,
    146.41603462534));
#12687 = CARTESIAN_POINT('',(337.28408382,59.033094409239,
    146.45334740762));
#12688 = CARTESIAN_POINT('',(337.20203773829,58.971625699452,
    146.49424219534));
#12689 = CARTESIAN_POINT('',(337.12792048553,58.904151650486,
    146.53715993652));
#12690 = CARTESIAN_POINT('',(337.06160020805,58.831461977855,
    146.58062256555));
#12691 = CARTESIAN_POINT('',(336.95895931312,58.695754814366,
    146.65493631215));
#12692 = CARTESIAN_POINT('',(336.91918368103,58.634666439538,
    146.68631596516));
#12693 = CARTESIAN_POINT('',(336.88373568613,58.570958093498,
    146.71646652268));
#12694 = CARTESIAN_POINT('',(336.8527142899,58.504782995781,
    146.74461086134));
#12695 = CARTESIAN_POINT('',(336.82625517314,58.436247433716,
    146.76985739752));
#12696 = CARTESIAN_POINT('',(336.78697967068,58.307757199582,
    146.80869998693));
#12697 = CARTESIAN_POINT('',(336.77248883749,58.248419626662,
    146.82364063901));
#12698 = CARTESIAN_POINT('',(336.76143940033,58.187884790443,
    146.8354215164));
#12699 = CARTESIAN_POINT('',(336.75396119006,58.126539755507,
    146.84353072321));
#12700 = CARTESIAN_POINT('',(336.75013258814,58.064690302292,
    146.8476842926));
#12701 = CARTESIAN_POINT('',(336.74987224082,57.940232978846,
    146.84796674405));
#12702 = CARTESIAN_POINT('',(336.75347798731,57.878049665864,
    146.84405495323));
#12703 = CARTESIAN_POINT('',(336.76077446047,57.81635348663,
    146.83613467751));
#12704 = CARTESIAN_POINT('',(336.771684089,57.755458259752,
    146.82448494071));
#12705 = CARTESIAN_POINT('',(336.78607702011,57.69575992505,
    146.80962117431));
#12706 = CARTESIAN_POINT('',(336.82570424894,57.564879735915,
    146.77036815952));
#12707 = CARTESIAN_POINT('',(336.85285207427,57.494431397361,
    146.74443533339));
#12708 = CARTESIAN_POINT('',(336.8848151137,57.42647366581,
    146.71544156339));
#12709 = CARTESIAN_POINT('',(336.92144838043,57.36112138303,
    146.6843545709));
#12710 = CARTESIAN_POINT('',(336.96264666012,57.298541686322,
    146.65201254014));
#12711 = CARTESIAN_POINT('',(337.06645156495,57.163292222847,
    146.57746840284));
#12712 = CARTESIAN_POINT('',(337.13199374422,57.092232385713,
    146.53484085971));
#12713 = CARTESIAN_POINT('',(337.20505823087,57.026229219261,
    146.49279631449));
#12714 = CARTESIAN_POINT('',(337.2857672847,56.966041173165,
    146.45273730944));
#12715 = CARTESIAN_POINT('',(337.37420986868,56.912740123522,
    146.41614192229));
#12716 = CARTESIAN_POINT('',(337.54774238179,56.831548434691,
    146.35923474498));
#12717 = CARTESIAN_POINT('',(337.63051776212,56.800573917398,
    146.33702796094));
#12718 = CARTESIAN_POINT('',(337.71762028584,56.776201884794,
    146.31925962689));
#12719 = CARTESIAN_POINT('',(337.80789115037,56.759343371797,
    146.30687017407));
#12720 = CARTESIAN_POINT('',(337.90006323177,56.750552353359,
    146.30040613916));
#12721 = CARTESIAN_POINT('',(338.08763691892,56.749477078829,
    146.29961550209));
#12722 = CARTESIAN_POINT('',(338.18200543075,56.757564535981,
    146.30556223772));
#12723 = CARTESIAN_POINT('',(338.27452766031,56.774126051298,
    146.31774423015));
#12724 = CARTESIAN_POINT('',(338.36382146403,56.798596150635,
    146.33560493809));
#12725 = CARTESIAN_POINT('',(338.44862078994,56.830007937996,
    146.35814475656));
#12726 = CARTESIAN_POINT('',(338.62584182186,56.912569328705,
    146.41603462534));
#12727 = CARTESIAN_POINT('',(338.71591617999,56.966905590761,
    146.45334740762));
#12728 = CARTESIAN_POINT('',(338.7979622617,57.028374300548,
    146.49424219534));
#12729 = CARTESIAN_POINT('',(338.87207951446,57.095848349514,
    146.53715993652));
#12730 = CARTESIAN_POINT('',(338.93839979194,57.168538022145,
    146.58062256555));
#12731 = CARTESIAN_POINT('',(339.04104068687,57.304245185634,
    146.65493631215));
#12732 = CARTESIAN_POINT('',(339.08081631896,57.365333560463,
    146.68631596516));
#12733 = CARTESIAN_POINT('',(339.11626431386,57.429041906501,
    146.71646652268));
#12734 = CARTESIAN_POINT('',(339.14728571009,57.49521700422,
    146.74461086134));
#12735 = CARTESIAN_POINT('',(339.17374482685,57.563752566283,
    146.76985739752));
#12736 = CARTESIAN_POINT('',(339.21314342756,57.692645517678,
    146.80882172833));
#12737 = CARTESIAN_POINT('',(339.22771478464,57.752413825584,
    146.82385056158));
#12738 = CARTESIAN_POINT('',(339.23879367986,57.813393987903,
    146.83567012177));
#12739 = CARTESIAN_POINT('',(339.24624843564,57.875189325984,
    146.84375809125));
#12740 = CARTESIAN_POINT('',(339.25,57.937486673205,146.84782813782));
#12741 = CARTESIAN_POINT('',(339.25,58.,146.84782813782));
#12742 = PCURVE('',#12455,#12743);
#12743 = DEFINITIONAL_REPRESENTATION('',(#12744),#12827);
#12744 = B_SPLINE_CURVE_WITH_KNOTS('',6,(#12745,#12746,#12747,#12748,
    #12749,#12750,#12751,#12752,#12753,#12754,#12755,#12756,#12757,
    #12758,#12759,#12760,#12761,#12762,#12763,#12764,#12765,#12766,
    #12767,#12768,#12769,#12770,#12771,#12772,#12773,#12774,#12775,
    #12776,#12777,#12778,#12779,#12780,#12781,#12782,#12783,#12784,
    #12785,#12786,#12787,#12788,#12789,#12790,#12791,#12792,#12793,
    #12794,#12795,#12796,#12797,#12798,#12799,#12800,#12801,#12802,
    #12803,#12804,#12805,#12806,#12807,#12808,#12809,#12810,#12811,
    #12812,#12813,#12814,#12815,#12816,#12817,#12818,#12819,#12820,
    #12821,#12822,#12823,#12824,#12825,#12826),.UNSPECIFIED.,.T.,.F.,(7,
    5,5,5,5,5,5,5,5,5,5,5,5,5,5,5,7),(0.,4.82009784342E-02,
    0.109213021326,0.186641312697,0.24908841071,0.312902822418,
    0.391806951843,0.451207524927,0.499532958826,0.548096890773,
    0.609140473947,0.686608792008,0.74908817215,0.812935572814,
    0.891880491847,0.951311772146,1.),.UNSPECIFIED.);
#12745 = CARTESIAN_POINT('',(5.538489522312,-4.));
#12746 = CARTESIAN_POINT('',(5.538489522312,-4.06194410447));
#12747 = CARTESIAN_POINT('',(5.535292532539,-4.123679763293));
#12748 = CARTESIAN_POINT('',(5.528938274909,-4.184925994829));
#12749 = CARTESIAN_POINT('',(5.519578056493,-4.245376193005));
#12750 = CARTESIAN_POINT('',(5.507479178052,-4.304643717044));
#12751 = CARTESIAN_POINT('',(5.474770141499,-4.435120264085));
#12752 = CARTESIAN_POINT('',(5.452689304167,-4.505568602639));
#12753 = CARTESIAN_POINT('',(5.427318283409,-4.57352633419));
#12754 = CARTESIAN_POINT('',(5.39908335881,-4.63887861697));
#12755 = CARTESIAN_POINT('',(5.368301715223,-4.701458313678));
#12756 = CARTESIAN_POINT('',(5.293126518073,-4.836707777153));
#12757 = CARTESIAN_POINT('',(5.247184310443,-4.907767614287));
#12758 = CARTESIAN_POINT('',(5.197714275227,-4.973770780739));
#12759 = CARTESIAN_POINT('',(5.144880972527,-5.033958826835));
#12760 = CARTESIAN_POINT('',(5.088738304735,-5.087259876478));
#12761 = CARTESIAN_POINT('',(4.981311722514,-5.168451565313));
#12762 = CARTESIAN_POINT('',(4.930974082022,-5.199426082601));
#12763 = CARTESIAN_POINT('',(4.878833198396,-5.223798115202));
#12764 = CARTESIAN_POINT('',(4.825410317028,-5.240656628205));
#12765 = CARTESIAN_POINT('',(4.771175811888,-5.249447646642));
#12766 = CARTESIAN_POINT('',(4.660837368692,-5.250522921171));
#12767 = CARTESIAN_POINT('',(4.605341611141,-5.242435464019));
#12768 = CARTESIAN_POINT('',(4.550635776946,-5.225873948702));
#12769 = CARTESIAN_POINT('',(4.497232213093,-5.201403849365));
#12770 = CARTESIAN_POINT('',(4.445698861033,-5.169992062003));
#12771 = CARTESIAN_POINT('',(4.336030390735,-5.087430671294));
#12772 = CARTESIAN_POINT('',(4.278849208434,-5.033094409239));
#12773 = CARTESIAN_POINT('',(4.22510177604,-4.971625699452));
#12774 = CARTESIAN_POINT('',(4.174843978717,-4.904151650486));
#12775 = CARTESIAN_POINT('',(4.128251534665,-4.831461977855));
#12776 = CARTESIAN_POINT('',(4.053710989869,-4.695754814366));
#12777 = CARTESIAN_POINT('',(4.023934307371,-4.634666439537));
#12778 = CARTESIAN_POINT('',(3.9965848456,-4.570958093498));
#12779 = CARTESIAN_POINT('',(3.971958723191,-4.504782995781));
#12780 = CARTESIAN_POINT('',(3.95044950258,-4.436247433716));
#12781 = CARTESIAN_POINT('',(3.917956160992,-4.307757199582));
#12782 = CARTESIAN_POINT('',(3.905715553202,-4.248419626662));
#12783 = CARTESIAN_POINT('',(3.896215395123,-4.187884790443));
#12784 = CARTESIAN_POINT('',(3.88972636692,-4.126539755507));
#12785 = CARTESIAN_POINT('',(3.886403514875,-4.064690302292));
#12786 = CARTESIAN_POINT('',(3.886177553227,-3.940232978846));
#12787 = CARTESIAN_POINT('',(3.889306981568,-3.878049665864));
#12788 = CARTESIAN_POINT('',(3.895641843263,-3.81635348663));
#12789 = CARTESIAN_POINT('',(3.90502953131,-3.755458259752));
#12790 = CARTESIAN_POINT('',(3.91719759408,-3.69575992505));
#12791 = CARTESIAN_POINT('',(3.95000781927,-3.564879735915));
#12792 = CARTESIAN_POINT('',(3.972088656603,-3.494431397361));
#12793 = CARTESIAN_POINT('',(3.99745967736,-3.42647366581));
#12794 = CARTESIAN_POINT('',(4.02569460196,-3.36112138303));
#12795 = CARTESIAN_POINT('',(4.056476245546,-3.298541686322));
#12796 = CARTESIAN_POINT('',(4.131651442697,-3.163292222847));
#12797 = CARTESIAN_POINT('',(4.177593650326,-3.092232385713));
#12798 = CARTESIAN_POINT('',(4.227063685542,-3.026229219261));
#12799 = CARTESIAN_POINT('',(4.279896988242,-2.966041173165));
#12800 = CARTESIAN_POINT('',(4.336039656034,-2.912740123522));
#12801 = CARTESIAN_POINT('',(4.44346623825,-2.831548434691));
#12802 = CARTESIAN_POINT('',(4.493803878747,-2.800573917398));
#12803 = CARTESIAN_POINT('',(4.545944762379,-2.776201884795));
#12804 = CARTESIAN_POINT('',(4.599367643746,-2.759343371797));
#12805 = CARTESIAN_POINT('',(4.653602148874,-2.750552353359));
#12806 = CARTESIAN_POINT('',(4.763940592078,-2.749477078829));
#12807 = CARTESIAN_POINT('',(4.819436349628,-2.757564535981));
#12808 = CARTESIAN_POINT('',(4.874142183823,-2.774126051298));
#12809 = CARTESIAN_POINT('',(4.927545747677,-2.798596150635));
#12810 = CARTESIAN_POINT('',(4.979079099737,-2.830007937996));
#12811 = CARTESIAN_POINT('',(5.088747570034,-2.912569328705));
#12812 = CARTESIAN_POINT('',(5.145928752335,-2.966905590761));
#12813 = CARTESIAN_POINT('',(5.19967618473,-3.028374300548));
#12814 = CARTESIAN_POINT('',(5.249933982052,-3.095848349514));
#12815 = CARTESIAN_POINT('',(5.296526426104,-3.168538022145));
#12816 = CARTESIAN_POINT('',(5.371066970901,-3.304245185634));
#12817 = CARTESIAN_POINT('',(5.400843653399,-3.365333560463));
#12818 = CARTESIAN_POINT('',(5.428193115169,-3.429041906501));
#12819 = CARTESIAN_POINT('',(5.452819237578,-3.49521700422));
#12820 = CARTESIAN_POINT('',(5.474328458189,-3.563752566283));
#12821 = CARTESIAN_POINT('',(5.50692364121,-3.692645517678));
#12822 = CARTESIAN_POINT('',(5.519234399697,-3.752413825584));
#12823 = CARTESIAN_POINT('',(5.528763009796,-3.813393987903));
#12824 = CARTESIAN_POINT('',(5.535233511073,-3.875189325984));
#12825 = CARTESIAN_POINT('',(5.538489522312,-3.937486673205));
#12826 = CARTESIAN_POINT('',(5.538489522312,-4.));
#12827 = ( GEOMETRIC_REPRESENTATION_CONTEXT(2) 
PARAMETRIC_REPRESENTATION_CONTEXT() REPRESENTATION_CONTEXT('2D SPACE',''
  ) );
#12828 = PCURVE('',#12829,#12834);
#12829 = CYLINDRICAL_SURFACE('',#12830,1.25);
#12830 = AXIS2_PLACEMENT_3D('',#12831,#12832,#12833);
#12831 = CARTESIAN_POINT('',(338.,58.,142.));
#12832 = DIRECTION('',(-0.,-0.,-1.));
#12833 = DIRECTION('',(1.,0.,0.));
#12834 = DEFINITIONAL_REPRESENTATION('',(#12835),#12918);
#12835 = B_SPLINE_CURVE_WITH_KNOTS('',6,(#12836,#12837,#12838,#12839,
    #12840,#12841,#12842,#12843,#12844,#12845,#12846,#12847,#12848,
    #12849,#12850,#12851,#12852,#12853,#12854,#12855,#12856,#12857,
    #12858,#12859,#12860,#12861,#12862,#12863,#12864,#12865,#12866,
    #12867,#12868,#12869,#12870,#12871,#12872,#12873,#12874,#12875,
    #12876,#12877,#12878,#12879,#12880,#12881,#12882,#12883,#12884,
    #12885,#12886,#12887,#12888,#12889,#12890,#12891,#12892,#12893,
    #12894,#12895,#12896,#12897,#12898,#12899,#12900,#12901,#12902,
    #12903,#12904,#12905,#12906,#12907,#12908,#12909,#12910,#12911,
    #12912,#12913,#12914,#12915,#12916,#12917),.UNSPECIFIED.,.F.,.F.,(7,
    5,5,5,5,5,5,5,5,5,5,5,5,5,5,5,7),(0.,4.82009784342E-02,
    0.109213021326,0.186641312697,0.24908841071,0.312902822418,
    0.391806951843,0.451207524927,0.499532958826,0.548096890773,
    0.609140473947,0.686608792008,0.74908817215,0.812935572814,
    0.891880491847,0.951311772146,1.),.UNSPECIFIED.);
#12836 = CARTESIAN_POINT('',(0.,-4.84782813782));
#12837 = CARTESIAN_POINT('',(-4.955528357611E-02,-4.84782813782));
#12838 = CARTESIAN_POINT('',(-9.89437254388E-02,-4.843831870328));
#12839 = CARTESIAN_POINT('',(-0.148160175113,-4.835889194395));
#12840 = CARTESIAN_POINT('',(-0.197169002536,-4.824276861975));
#12841 = CARTESIAN_POINT('',(-0.245866782172,-4.809500115744));
#12842 = CARTESIAN_POINT('',(-0.354927574407,-4.770368159528));
#12843 = CARTESIAN_POINT('',(-0.415161757923,-4.744435333396));
#12844 = CARTESIAN_POINT('',(-0.475011490974,-4.71544156339));
#12845 = CARTESIAN_POINT('',(-0.534719515707,-4.684354570904));
#12846 = CARTESIAN_POINT('',(-0.594501344844,-4.652012540143));
#12847 = CARTESIAN_POINT('',(-0.730895774374,-4.577468402848));
#12848 = CARTESIAN_POINT('',(-0.807916880318,-4.53484085971));
#12849 = CARTESIAN_POINT('',(-0.88619059279,-4.492796314492));
#12850 = CARTESIAN_POINT('',(-0.966176675623,-4.452737309441));
#12851 = CARTESIAN_POINT('',(-1.048333871125,-4.416141922295));
#12852 = CARTESIAN_POINT('',(-1.201603564822,-4.359234744979));
#12853 = CARTESIAN_POINT('',(-1.272084612308,-4.337027960943));
#12854 = CARTESIAN_POINT('',(-1.344039844518,-4.319259626896));
#12855 = CARTESIAN_POINT('',(-1.417068981169,-4.306870174077));
#12856 = CARTESIAN_POINT('',(-1.490845661375,-4.300406139167));
#12857 = CARTESIAN_POINT('',(-1.640907076694,-4.299615502098));
#12858 = CARTESIAN_POINT('',(-1.71636345252,-4.305562237721));
#12859 = CARTESIAN_POINT('',(-1.791089873142,-4.317744230153));
#12860 = CARTESIAN_POINT('',(-1.864725806935,-4.335604938095));
#12861 = CARTESIAN_POINT('',(-1.936831438288,-4.358144756565));
#12862 = CARTESIAN_POINT('',(-2.093238450692,-4.416034625348));
#12863 = CARTESIAN_POINT('',(-2.176914361699,-4.453347407627));
#12864 = CARTESIAN_POINT('',(-2.258340124222,-4.494242195346));
#12865 = CARTESIAN_POINT('',(-2.33800183368,-4.537159936528));
#12866 = CARTESIAN_POINT('',(-2.41638713245,-4.580622565554));
#12867 = CARTESIAN_POINT('',(-2.552508460764,-4.654936312156));
#12868 = CARTESIAN_POINT('',(-2.610681316247,-4.686315965169));
#12869 = CARTESIAN_POINT('',(-2.668796420996,-4.716466522689));
#12870 = CARTESIAN_POINT('',(-2.727052796956,-4.744610861345));
#12871 = CARTESIAN_POINT('',(-2.785674104895,-4.769857397529));
#12872 = CARTESIAN_POINT('',(-2.89316119915,-4.808699986933));
#12873 = CARTESIAN_POINT('',(-2.941946486633,-4.823640639016));
#12874 = CARTESIAN_POINT('',(-2.99104522901,-4.835421516404));
#12875 = CARTESIAN_POINT('',(-3.040354524968,-4.843530723218));
#12876 = CARTESIAN_POINT('',(-3.089840301577,-4.847684292609));
#12877 = CARTESIAN_POINT('',(-3.189406378177,-4.847966744052));
#12878 = CARTESIAN_POINT('',(-3.23914679535,-4.844054953238));
#12879 = CARTESIAN_POINT('',(-3.288715587327,-4.836134677514));
#12880 = CARTESIAN_POINT('',(-3.33807601361,-4.824484940714));
#12881 = CARTESIAN_POINT('',(-3.387122045422,-4.809621174318));
#12882 = CARTESIAN_POINT('',(-3.496520227996,-4.770368159528));
#12883 = CARTESIAN_POINT('',(-3.556754411512,-4.744435333396));
#12884 = CARTESIAN_POINT('',(-3.616604144564,-4.71544156339));
#12885 = CARTESIAN_POINT('',(-3.676312169297,-4.684354570904));
#12886 = CARTESIAN_POINT('',(-3.736093998434,-4.652012540143));
#12887 = CARTESIAN_POINT('',(-3.872488427963,-4.577468402848));
#12888 = CARTESIAN_POINT('',(-3.949509533908,-4.53484085971));
#12889 = CARTESIAN_POINT('',(-4.02778324638,-4.492796314492));
#12890 = CARTESIAN_POINT('',(-4.107769329213,-4.452737309441));
#12891 = CARTESIAN_POINT('',(-4.189926524715,-4.416141922295));
#12892 = CARTESIAN_POINT('',(-4.343196218405,-4.359234744982));
#12893 = CARTESIAN_POINT('',(-4.413677265898,-4.337027960943));
#12894 = CARTESIAN_POINT('',(-4.485632498115,-4.319259626894));
#12895 = CARTESIAN_POINT('',(-4.558661634764,-4.306870174078));
#12896 = CARTESIAN_POINT('',(-4.632438314955,-4.300406139167));
#12897 = CARTESIAN_POINT('',(-4.782499730284,-4.299615502098));
#12898 = CARTESIAN_POINT('',(-4.857956106109,-4.305562237721));
#12899 = CARTESIAN_POINT('',(-4.932682526732,-4.317744230153));
#12900 = CARTESIAN_POINT('',(-5.006318460525,-4.335604938095));
#12901 = CARTESIAN_POINT('',(-5.078424091878,-4.358144756565));
#12902 = CARTESIAN_POINT('',(-5.234831104281,-4.416034625348));
#12903 = CARTESIAN_POINT('',(-5.318507015289,-4.453347407627));
#12904 = CARTESIAN_POINT('',(-5.399932777811,-4.494242195346));
#12905 = CARTESIAN_POINT('',(-5.47959448727,-4.537159936528));
#12906 = CARTESIAN_POINT('',(-5.55797978604,-4.580622565554));
#12907 = CARTESIAN_POINT('',(-5.694101114354,-4.654936312155));
#12908 = CARTESIAN_POINT('',(-5.752273969837,-4.686315965169));
#12909 = CARTESIAN_POINT('',(-5.810389074585,-4.716466522689));
#12910 = CARTESIAN_POINT('',(-5.868645450546,-4.744610861345));
#12911 = CARTESIAN_POINT('',(-5.927266758484,-4.769857397529));
#12912 = CARTESIAN_POINT('',(-6.035090741441,-4.808821728335));
#12913 = CARTESIAN_POINT('',(-6.084224391732,-4.823850561583));
#12914 = CARTESIAN_POINT('',(-6.133675005789,-4.835670121779));
#12915 = CARTESIAN_POINT('',(-6.183336857773,-4.843758091259));
#12916 = CARTESIAN_POINT('',(-6.233174645744,-4.84782813782));
#12917 = CARTESIAN_POINT('',(-6.28318530718,-4.84782813782));
#12918 = ( GEOMETRIC_REPRESENTATION_CONTEXT(2) 
PARAMETRIC_REPRESENTATION_CONTEXT() REPRESENTATION_CONTEXT('2D SPACE',''
  ) );
#12919 = ADVANCED_FACE('',(#12920),#12829,.F.);
#12920 = FACE_BOUND('',#12921,.T.);
#12921 = EDGE_LOOP('',(#12922,#12945,#12972,#12973));
#12922 = ORIENTED_EDGE('',*,*,#12923,.F.);
#12923 = EDGE_CURVE('',#12924,#12656,#12926,.T.);
#12924 = VERTEX_POINT('',#12925);
#12925 = CARTESIAN_POINT('',(339.25,58.,142.));
#12926 = SEAM_CURVE('',#12927,(#12931,#12938),.PCURVE_S1.);
#12927 = LINE('',#12928,#12929);
#12928 = CARTESIAN_POINT('',(339.25,58.,142.));
#12929 = VECTOR('',#12930,1.);
#12930 = DIRECTION('',(0.,0.,1.));
#12931 = PCURVE('',#12829,#12932);
#12932 = DEFINITIONAL_REPRESENTATION('',(#12933),#12937);
#12933 = LINE('',#12934,#12935);
#12934 = CARTESIAN_POINT('',(-6.28318530718,0.));
#12935 = VECTOR('',#12936,1.);
#12936 = DIRECTION('',(-0.,-1.));
#12937 = ( GEOMETRIC_REPRESENTATION_CONTEXT(2) 
PARAMETRIC_REPRESENTATION_CONTEXT() REPRESENTATION_CONTEXT('2D SPACE',''
  ) );
#12938 = PCURVE('',#12829,#12939);
#12939 = DEFINITIONAL_REPRESENTATION('',(#12940),#12944);
#12940 = LINE('',#12941,#12942);
#12941 = CARTESIAN_POINT('',(-0.,0.));
#12942 = VECTOR('',#12943,1.);
#12943 = DIRECTION('',(-0.,-1.));
#12944 = ( GEOMETRIC_REPRESENTATION_CONTEXT(2) 
PARAMETRIC_REPRESENTATION_CONTEXT() REPRESENTATION_CONTEXT('2D SPACE',''
  ) );
#12945 = ORIENTED_EDGE('',*,*,#12946,.F.);
#12946 = EDGE_CURVE('',#12924,#12924,#12947,.T.);
#12947 = SURFACE_CURVE('',#12948,(#12953,#12960),.PCURVE_S1.);
#12948 = CIRCLE('',#12949,1.25);
#12949 = AXIS2_PLACEMENT_3D('',#12950,#12951,#12952);
#12950 = CARTESIAN_POINT('',(338.,58.,142.));
#12951 = DIRECTION('',(0.,0.,1.));
#12952 = DIRECTION('',(1.,0.,0.));
#12953 = PCURVE('',#12829,#12954);
#12954 = DEFINITIONAL_REPRESENTATION('',(#12955),#12959);
#12955 = LINE('',#12956,#12957);
#12956 = CARTESIAN_POINT('',(-0.,0.));
#12957 = VECTOR('',#12958,1.);
#12958 = DIRECTION('',(-1.,0.));
#12959 = ( GEOMETRIC_REPRESENTATION_CONTEXT(2) 
PARAMETRIC_REPRESENTATION_CONTEXT() REPRESENTATION_CONTEXT('2D SPACE',''
  ) );
#12960 = PCURVE('',#12961,#12966);
#12961 = PLANE('',#12962);
#12962 = AXIS2_PLACEMENT_3D('',#12963,#12964,#12965);
#12963 = CARTESIAN_POINT('',(326.33333333333,54.,142.));
#12964 = DIRECTION('',(0.,0.,1.));
#12965 = DIRECTION('',(1.,0.,0.));
#12966 = DEFINITIONAL_REPRESENTATION('',(#12967),#12971);
#12967 = CIRCLE('',#12968,1.25);
#12968 = AXIS2_PLACEMENT_2D('',#12969,#12970);
#12969 = CARTESIAN_POINT('',(11.666666666667,4.));
#12970 = DIRECTION('',(1.,0.));
#12971 = ( GEOMETRIC_REPRESENTATION_CONTEXT(2) 
PARAMETRIC_REPRESENTATION_CONTEXT() REPRESENTATION_CONTEXT('2D SPACE',''
  ) );
#12972 = ORIENTED_EDGE('',*,*,#12923,.T.);
#12973 = ORIENTED_EDGE('',*,*,#12655,.T.);
#12974 = ADVANCED_FACE('',(#12975,#13079),#12961,.F.);
#12975 = FACE_BOUND('',#12976,.F.);
#12976 = EDGE_LOOP('',(#12977,#13007,#13030,#13058));
#12977 = ORIENTED_EDGE('',*,*,#12978,.F.);
#12978 = EDGE_CURVE('',#12979,#12981,#12983,.T.);
#12979 = VERTEX_POINT('',#12980);
#12980 = CARTESIAN_POINT('',(326.33333333333,55.,142.));
#12981 = VERTEX_POINT('',#12982);
#12982 = CARTESIAN_POINT('',(326.33333333333,61.,142.));
#12983 = SURFACE_CURVE('',#12984,(#12988,#12995),.PCURVE_S1.);
#12984 = LINE('',#12985,#12986);
#12985 = CARTESIAN_POINT('',(326.33333333333,54.,142.));
#12986 = VECTOR('',#12987,1.);
#12987 = DIRECTION('',(0.,1.,0.));
#12988 = PCURVE('',#12961,#12989);
#12989 = DEFINITIONAL_REPRESENTATION('',(#12990),#12994);
#12990 = LINE('',#12991,#12992);
#12991 = CARTESIAN_POINT('',(0.,0.));
#12992 = VECTOR('',#12993,1.);
#12993 = DIRECTION('',(0.,1.));
#12994 = ( GEOMETRIC_REPRESENTATION_CONTEXT(2) 
PARAMETRIC_REPRESENTATION_CONTEXT() REPRESENTATION_CONTEXT('2D SPACE',''
  ) );
#12995 = PCURVE('',#12996,#13001);
#12996 = PLANE('',#12997);
#12997 = AXIS2_PLACEMENT_3D('',#12998,#12999,#13000);
#12998 = CARTESIAN_POINT('',(326.33333333333,54.,44.));
#12999 = DIRECTION('',(1.,0.,0.));
#13000 = DIRECTION('',(0.,0.,1.));
#13001 = DEFINITIONAL_REPRESENTATION('',(#13002),#13006);
#13002 = LINE('',#13003,#13004);
#13003 = CARTESIAN_POINT('',(98.,0.));
#13004 = VECTOR('',#13005,1.);
#13005 = DIRECTION('',(0.,-1.));
#13006 = ( GEOMETRIC_REPRESENTATION_CONTEXT(2) 
PARAMETRIC_REPRESENTATION_CONTEXT() REPRESENTATION_CONTEXT('2D SPACE',''
  ) );
#13007 = ORIENTED_EDGE('',*,*,#13008,.T.);
#13008 = EDGE_CURVE('',#12979,#13009,#13011,.T.);
#13009 = VERTEX_POINT('',#13010);
#13010 = CARTESIAN_POINT('',(342.,55.,142.));
#13011 = SURFACE_CURVE('',#13012,(#13016,#13023),.PCURVE_S1.);
#13012 = LINE('',#13013,#13014);
#13013 = CARTESIAN_POINT('',(263.16666666666,55.,142.));
#13014 = VECTOR('',#13015,1.);
#13015 = DIRECTION('',(1.,0.,0.));
#13016 = PCURVE('',#12961,#13017);
#13017 = DEFINITIONAL_REPRESENTATION('',(#13018),#13022);
#13018 = LINE('',#13019,#13020);
#13019 = CARTESIAN_POINT('',(-63.16666666666,1.));
#13020 = VECTOR('',#13021,1.);
#13021 = DIRECTION('',(1.,0.));
#13022 = ( GEOMETRIC_REPRESENTATION_CONTEXT(2) 
PARAMETRIC_REPRESENTATION_CONTEXT() REPRESENTATION_CONTEXT('2D SPACE',''
  ) );
#13023 = PCURVE('',#240,#13024);
#13024 = DEFINITIONAL_REPRESENTATION('',(#13025),#13029);
#13025 = LINE('',#13026,#13027);
#13026 = CARTESIAN_POINT('',(111.5,63.166666666667));
#13027 = VECTOR('',#13028,1.);
#13028 = DIRECTION('',(0.,1.));
#13029 = ( GEOMETRIC_REPRESENTATION_CONTEXT(2) 
PARAMETRIC_REPRESENTATION_CONTEXT() REPRESENTATION_CONTEXT('2D SPACE',''
  ) );
#13030 = ORIENTED_EDGE('',*,*,#13031,.T.);
#13031 = EDGE_CURVE('',#13009,#13032,#13034,.T.);
#13032 = VERTEX_POINT('',#13033);
#13033 = CARTESIAN_POINT('',(342.,61.,142.));
#13034 = SURFACE_CURVE('',#13035,(#13039,#13046),.PCURVE_S1.);
#13035 = LINE('',#13036,#13037);
#13036 = CARTESIAN_POINT('',(342.,54.,142.));
#13037 = VECTOR('',#13038,1.);
#13038 = DIRECTION('',(0.,1.,0.));
#13039 = PCURVE('',#12961,#13040);
#13040 = DEFINITIONAL_REPRESENTATION('',(#13041),#13045);
#13041 = LINE('',#13042,#13043);
#13042 = CARTESIAN_POINT('',(15.666666666667,0.));
#13043 = VECTOR('',#13044,1.);
#13044 = DIRECTION('',(0.,1.));
#13045 = ( GEOMETRIC_REPRESENTATION_CONTEXT(2) 
PARAMETRIC_REPRESENTATION_CONTEXT() REPRESENTATION_CONTEXT('2D SPACE',''
  ) );
#13046 = PCURVE('',#13047,#13052);
#13047 = PLANE('',#13048);
#13048 = AXIS2_PLACEMENT_3D('',#13049,#13050,#13051);
#13049 = CARTESIAN_POINT('',(342.,54.,44.));
#13050 = DIRECTION('',(1.,0.,0.));
#13051 = DIRECTION('',(0.,0.,1.));
#13052 = DEFINITIONAL_REPRESENTATION('',(#13053),#13057);
#13053 = LINE('',#13054,#13055);
#13054 = CARTESIAN_POINT('',(98.,0.));
#13055 = VECTOR('',#13056,1.);
#13056 = DIRECTION('',(0.,-1.));
#13057 = ( GEOMETRIC_REPRESENTATION_CONTEXT(2) 
PARAMETRIC_REPRESENTATION_CONTEXT() REPRESENTATION_CONTEXT('2D SPACE',''
  ) );
#13058 = ORIENTED_EDGE('',*,*,#13059,.F.);
#13059 = EDGE_CURVE('',#12981,#13032,#13060,.T.);
#13060 = SURFACE_CURVE('',#13061,(#13065,#13072),.PCURVE_S1.);
#13061 = LINE('',#13062,#13063);
#13062 = CARTESIAN_POINT('',(263.16666666666,61.,142.));
#13063 = VECTOR('',#13064,1.);
#13064 = DIRECTION('',(1.,0.,0.));
#13065 = PCURVE('',#12961,#13066);
#13066 = DEFINITIONAL_REPRESENTATION('',(#13067),#13071);
#13067 = LINE('',#13068,#13069);
#13068 = CARTESIAN_POINT('',(-63.16666666666,7.));
#13069 = VECTOR('',#13070,1.);
#13070 = DIRECTION('',(1.,0.));
#13071 = ( GEOMETRIC_REPRESENTATION_CONTEXT(2) 
PARAMETRIC_REPRESENTATION_CONTEXT() REPRESENTATION_CONTEXT('2D SPACE',''
  ) );
#13072 = PCURVE('',#662,#13073);
#13073 = DEFINITIONAL_REPRESENTATION('',(#13074),#13078);
#13074 = LINE('',#13075,#13076);
#13075 = CARTESIAN_POINT('',(111.5,63.166666666667));
#13076 = VECTOR('',#13077,1.);
#13077 = DIRECTION('',(0.,1.));
#13078 = ( GEOMETRIC_REPRESENTATION_CONTEXT(2) 
PARAMETRIC_REPRESENTATION_CONTEXT() REPRESENTATION_CONTEXT('2D SPACE',''
  ) );
#13079 = FACE_BOUND('',#13080,.F.);
#13080 = EDGE_LOOP('',(#13081));
#13081 = ORIENTED_EDGE('',*,*,#12946,.F.);
#13082 = ADVANCED_FACE('',(#13083),#13047,.F.);
#13083 = FACE_BOUND('',#13084,.F.);
#13084 = EDGE_LOOP('',(#13085,#13086,#13109,#13137));
#13085 = ORIENTED_EDGE('',*,*,#13031,.F.);
#13086 = ORIENTED_EDGE('',*,*,#13087,.T.);
#13087 = EDGE_CURVE('',#13009,#13088,#13090,.T.);
#13088 = VERTEX_POINT('',#13089);
#13089 = CARTESIAN_POINT('',(342.,55.,60.));
#13090 = SURFACE_CURVE('',#13091,(#13095,#13102),.PCURVE_S1.);
#13091 = LINE('',#13092,#13093);
#13092 = CARTESIAN_POINT('',(342.,55.,37.25));
#13093 = VECTOR('',#13094,1.);
#13094 = DIRECTION('',(0.,0.,-1.));
#13095 = PCURVE('',#13047,#13096);
#13096 = DEFINITIONAL_REPRESENTATION('',(#13097),#13101);
#13097 = LINE('',#13098,#13099);
#13098 = CARTESIAN_POINT('',(-6.75,-1.));
#13099 = VECTOR('',#13100,1.);
#13100 = DIRECTION('',(-1.,0.));
#13101 = ( GEOMETRIC_REPRESENTATION_CONTEXT(2) 
PARAMETRIC_REPRESENTATION_CONTEXT() REPRESENTATION_CONTEXT('2D SPACE',''
  ) );
#13102 = PCURVE('',#240,#13103);
#13103 = DEFINITIONAL_REPRESENTATION('',(#13104),#13108);
#13104 = LINE('',#13105,#13106);
#13105 = CARTESIAN_POINT('',(6.75,142.));
#13106 = VECTOR('',#13107,1.);
#13107 = DIRECTION('',(-1.,0.));
#13108 = ( GEOMETRIC_REPRESENTATION_CONTEXT(2) 
PARAMETRIC_REPRESENTATION_CONTEXT() REPRESENTATION_CONTEXT('2D SPACE',''
  ) );
#13109 = ORIENTED_EDGE('',*,*,#13110,.T.);
#13110 = EDGE_CURVE('',#13088,#13111,#13113,.T.);
#13111 = VERTEX_POINT('',#13112);
#13112 = CARTESIAN_POINT('',(342.,61.,60.));
#13113 = SURFACE_CURVE('',#13114,(#13118,#13125),.PCURVE_S1.);
#13114 = LINE('',#13115,#13116);
#13115 = CARTESIAN_POINT('',(342.,55.,60.));
#13116 = VECTOR('',#13117,1.);
#13117 = DIRECTION('',(0.,1.,0.));
#13118 = PCURVE('',#13047,#13119);
#13119 = DEFINITIONAL_REPRESENTATION('',(#13120),#13124);
#13120 = LINE('',#13121,#13122);
#13121 = CARTESIAN_POINT('',(16.,-1.));
#13122 = VECTOR('',#13123,1.);
#13123 = DIRECTION('',(0.,-1.));
#13124 = ( GEOMETRIC_REPRESENTATION_CONTEXT(2) 
PARAMETRIC_REPRESENTATION_CONTEXT() REPRESENTATION_CONTEXT('2D SPACE',''
  ) );
#13125 = PCURVE('',#13126,#13131);
#13126 = PLANE('',#13127);
#13127 = AXIS2_PLACEMENT_3D('',#13128,#13129,#13130);
#13128 = CARTESIAN_POINT('',(326.33333333333,55.,60.));
#13129 = DIRECTION('',(0.,0.,1.));
#13130 = DIRECTION('',(1.,0.,0.));
#13131 = DEFINITIONAL_REPRESENTATION('',(#13132),#13136);
#13132 = LINE('',#13133,#13134);
#13133 = CARTESIAN_POINT('',(15.666666666667,0.));
#13134 = VECTOR('',#13135,1.);
#13135 = DIRECTION('',(0.,1.));
#13136 = ( GEOMETRIC_REPRESENTATION_CONTEXT(2) 
PARAMETRIC_REPRESENTATION_CONTEXT() REPRESENTATION_CONTEXT('2D SPACE',''
  ) );
#13137 = ORIENTED_EDGE('',*,*,#13138,.F.);
#13138 = EDGE_CURVE('',#13032,#13111,#13139,.T.);
#13139 = SURFACE_CURVE('',#13140,(#13144,#13151),.PCURVE_S1.);
#13140 = LINE('',#13141,#13142);
#13141 = CARTESIAN_POINT('',(342.,61.,37.25));
#13142 = VECTOR('',#13143,1.);
#13143 = DIRECTION('',(0.,0.,-1.));
#13144 = PCURVE('',#13047,#13145);
#13145 = DEFINITIONAL_REPRESENTATION('',(#13146),#13150);
#13146 = LINE('',#13147,#13148);
#13147 = CARTESIAN_POINT('',(-6.75,-7.));
#13148 = VECTOR('',#13149,1.);
#13149 = DIRECTION('',(-1.,0.));
#13150 = ( GEOMETRIC_REPRESENTATION_CONTEXT(2) 
PARAMETRIC_REPRESENTATION_CONTEXT() REPRESENTATION_CONTEXT('2D SPACE',''
  ) );
#13151 = PCURVE('',#662,#13152);
#13152 = DEFINITIONAL_REPRESENTATION('',(#13153),#13157);
#13153 = LINE('',#13154,#13155);
#13154 = CARTESIAN_POINT('',(6.75,142.));
#13155 = VECTOR('',#13156,1.);
#13156 = DIRECTION('',(-1.,0.));
#13157 = ( GEOMETRIC_REPRESENTATION_CONTEXT(2) 
PARAMETRIC_REPRESENTATION_CONTEXT() REPRESENTATION_CONTEXT('2D SPACE',''
  ) );
#13158 = ADVANCED_FACE('',(#13159),#13126,.T.);
#13159 = FACE_BOUND('',#13160,.T.);
#13160 = EDGE_LOOP('',(#13161,#13186,#13207,#13208));
#13161 = ORIENTED_EDGE('',*,*,#13162,.F.);
#13162 = EDGE_CURVE('',#13163,#13165,#13167,.T.);
#13163 = VERTEX_POINT('',#13164);
#13164 = CARTESIAN_POINT('',(326.33333333333,55.,60.));
#13165 = VERTEX_POINT('',#13166);
#13166 = CARTESIAN_POINT('',(326.33333333333,61.,60.));
#13167 = SURFACE_CURVE('',#13168,(#13172,#13179),.PCURVE_S1.);
#13168 = LINE('',#13169,#13170);
#13169 = CARTESIAN_POINT('',(326.33333333333,55.,60.));
#13170 = VECTOR('',#13171,1.);
#13171 = DIRECTION('',(0.,1.,0.));
#13172 = PCURVE('',#13126,#13173);
#13173 = DEFINITIONAL_REPRESENTATION('',(#13174),#13178);
#13174 = LINE('',#13175,#13176);
#13175 = CARTESIAN_POINT('',(0.,0.));
#13176 = VECTOR('',#13177,1.);
#13177 = DIRECTION('',(0.,1.));
#13178 = ( GEOMETRIC_REPRESENTATION_CONTEXT(2) 
PARAMETRIC_REPRESENTATION_CONTEXT() REPRESENTATION_CONTEXT('2D SPACE',''
  ) );
#13179 = PCURVE('',#12996,#13180);
#13180 = DEFINITIONAL_REPRESENTATION('',(#13181),#13185);
#13181 = LINE('',#13182,#13183);
#13182 = CARTESIAN_POINT('',(16.,-1.));
#13183 = VECTOR('',#13184,1.);
#13184 = DIRECTION('',(0.,-1.));
#13185 = ( GEOMETRIC_REPRESENTATION_CONTEXT(2) 
PARAMETRIC_REPRESENTATION_CONTEXT() REPRESENTATION_CONTEXT('2D SPACE',''
  ) );
#13186 = ORIENTED_EDGE('',*,*,#13187,.T.);
#13187 = EDGE_CURVE('',#13163,#13088,#13188,.T.);
#13188 = SURFACE_CURVE('',#13189,(#13193,#13200),.PCURVE_S1.);
#13189 = LINE('',#13190,#13191);
#13190 = CARTESIAN_POINT('',(326.33333333333,55.,60.));
#13191 = VECTOR('',#13192,1.);
#13192 = DIRECTION('',(1.,0.,0.));
#13193 = PCURVE('',#13126,#13194);
#13194 = DEFINITIONAL_REPRESENTATION('',(#13195),#13199);
#13195 = LINE('',#13196,#13197);
#13196 = CARTESIAN_POINT('',(0.,0.));
#13197 = VECTOR('',#13198,1.);
#13198 = DIRECTION('',(1.,0.));
#13199 = ( GEOMETRIC_REPRESENTATION_CONTEXT(2) 
PARAMETRIC_REPRESENTATION_CONTEXT() REPRESENTATION_CONTEXT('2D SPACE',''
  ) );
#13200 = PCURVE('',#240,#13201);
#13201 = DEFINITIONAL_REPRESENTATION('',(#13202),#13206);
#13202 = LINE('',#13203,#13204);
#13203 = CARTESIAN_POINT('',(29.5,126.33333333333));
#13204 = VECTOR('',#13205,1.);
#13205 = DIRECTION('',(0.,1.));
#13206 = ( GEOMETRIC_REPRESENTATION_CONTEXT(2) 
PARAMETRIC_REPRESENTATION_CONTEXT() REPRESENTATION_CONTEXT('2D SPACE',''
  ) );
#13207 = ORIENTED_EDGE('',*,*,#13110,.T.);
#13208 = ORIENTED_EDGE('',*,*,#13209,.F.);
#13209 = EDGE_CURVE('',#13165,#13111,#13210,.T.);
#13210 = SURFACE_CURVE('',#13211,(#13215,#13222),.PCURVE_S1.);
#13211 = LINE('',#13212,#13213);
#13212 = CARTESIAN_POINT('',(326.33333333333,61.,60.));
#13213 = VECTOR('',#13214,1.);
#13214 = DIRECTION('',(1.,0.,0.));
#13215 = PCURVE('',#13126,#13216);
#13216 = DEFINITIONAL_REPRESENTATION('',(#13217),#13221);
#13217 = LINE('',#13218,#13219);
#13218 = CARTESIAN_POINT('',(0.,6.));
#13219 = VECTOR('',#13220,1.);
#13220 = DIRECTION('',(1.,0.));
#13221 = ( GEOMETRIC_REPRESENTATION_CONTEXT(2) 
PARAMETRIC_REPRESENTATION_CONTEXT() REPRESENTATION_CONTEXT('2D SPACE',''
  ) );
#13222 = PCURVE('',#662,#13223);
#13223 = DEFINITIONAL_REPRESENTATION('',(#13224),#13228);
#13224 = LINE('',#13225,#13226);
#13225 = CARTESIAN_POINT('',(29.5,126.33333333333));
#13226 = VECTOR('',#13227,1.);
#13227 = DIRECTION('',(0.,1.));
#13228 = ( GEOMETRIC_REPRESENTATION_CONTEXT(2) 
PARAMETRIC_REPRESENTATION_CONTEXT() REPRESENTATION_CONTEXT('2D SPACE',''
  ) );
#13229 = ADVANCED_FACE('',(#13230),#12996,.T.);
#13230 = FACE_BOUND('',#13231,.T.);
#13231 = EDGE_LOOP('',(#13232,#13233,#13254,#13255));
#13232 = ORIENTED_EDGE('',*,*,#12978,.F.);
#13233 = ORIENTED_EDGE('',*,*,#13234,.T.);
#13234 = EDGE_CURVE('',#12979,#13163,#13235,.T.);
#13235 = SURFACE_CURVE('',#13236,(#13240,#13247),.PCURVE_S1.);
#13236 = LINE('',#13237,#13238);
#13237 = CARTESIAN_POINT('',(326.33333333333,55.,37.25));
#13238 = VECTOR('',#13239,1.);
#13239 = DIRECTION('',(0.,0.,-1.));
#13240 = PCURVE('',#12996,#13241);
#13241 = DEFINITIONAL_REPRESENTATION('',(#13242),#13246);
#13242 = LINE('',#13243,#13244);
#13243 = CARTESIAN_POINT('',(-6.75,-1.));
#13244 = VECTOR('',#13245,1.);
#13245 = DIRECTION('',(-1.,0.));
#13246 = ( GEOMETRIC_REPRESENTATION_CONTEXT(2) 
PARAMETRIC_REPRESENTATION_CONTEXT() REPRESENTATION_CONTEXT('2D SPACE',''
  ) );
#13247 = PCURVE('',#240,#13248);
#13248 = DEFINITIONAL_REPRESENTATION('',(#13249),#13253);
#13249 = LINE('',#13250,#13251);
#13250 = CARTESIAN_POINT('',(6.75,126.33333333333));
#13251 = VECTOR('',#13252,1.);
#13252 = DIRECTION('',(-1.,0.));
#13253 = ( GEOMETRIC_REPRESENTATION_CONTEXT(2) 
PARAMETRIC_REPRESENTATION_CONTEXT() REPRESENTATION_CONTEXT('2D SPACE',''
  ) );
#13254 = ORIENTED_EDGE('',*,*,#13162,.T.);
#13255 = ORIENTED_EDGE('',*,*,#13256,.F.);
#13256 = EDGE_CURVE('',#12981,#13165,#13257,.T.);
#13257 = SURFACE_CURVE('',#13258,(#13262,#13269),.PCURVE_S1.);
#13258 = LINE('',#13259,#13260);
#13259 = CARTESIAN_POINT('',(326.33333333333,61.,37.25));
#13260 = VECTOR('',#13261,1.);
#13261 = DIRECTION('',(0.,0.,-1.));
#13262 = PCURVE('',#12996,#13263);
#13263 = DEFINITIONAL_REPRESENTATION('',(#13264),#13268);
#13264 = LINE('',#13265,#13266);
#13265 = CARTESIAN_POINT('',(-6.75,-7.));
#13266 = VECTOR('',#13267,1.);
#13267 = DIRECTION('',(-1.,0.));
#13268 = ( GEOMETRIC_REPRESENTATION_CONTEXT(2) 
PARAMETRIC_REPRESENTATION_CONTEXT() REPRESENTATION_CONTEXT('2D SPACE',''
  ) );
#13269 = PCURVE('',#662,#13270);
#13270 = DEFINITIONAL_REPRESENTATION('',(#13271),#13275);
#13271 = LINE('',#13272,#13273);
#13272 = CARTESIAN_POINT('',(6.75,126.33333333333));
#13273 = VECTOR('',#13274,1.);
#13274 = DIRECTION('',(-1.,0.));
#13275 = ( GEOMETRIC_REPRESENTATION_CONTEXT(2) 
PARAMETRIC_REPRESENTATION_CONTEXT() REPRESENTATION_CONTEXT('2D SPACE',''
  ) );
#13276 = ADVANCED_FACE('',(#13277),#7261,.F.);
#13277 = FACE_BOUND('',#13278,.F.);
#13278 = EDGE_LOOP('',(#13279,#13302,#13303,#13330,#13331,#13332));
#13279 = ORIENTED_EDGE('',*,*,#13280,.T.);
#13280 = EDGE_CURVE('',#13281,#7245,#13283,.T.);
#13281 = VERTEX_POINT('',#13282);
#13282 = CARTESIAN_POINT('',(276.7,58.,156.));
#13283 = SEAM_CURVE('',#13284,(#13288,#13295),.PCURVE_S1.);
#13284 = LINE('',#13285,#13286);
#13285 = CARTESIAN_POINT('',(276.7,58.,156.));
#13286 = VECTOR('',#13287,1.);
#13287 = DIRECTION('',(0.612571665436,-1.500367858649E-16,0.790415052175
    ));
#13288 = PCURVE('',#7261,#13289);
#13289 = DEFINITIONAL_REPRESENTATION('',(#13290),#13294);
#13290 = LINE('',#13291,#13292);
#13291 = CARTESIAN_POINT('',(6.28318530718,-0.));
#13292 = VECTOR('',#13293,1.);
#13293 = DIRECTION('',(0.,1.));
#13294 = ( GEOMETRIC_REPRESENTATION_CONTEXT(2) 
PARAMETRIC_REPRESENTATION_CONTEXT() REPRESENTATION_CONTEXT('2D SPACE',''
  ) );
#13295 = PCURVE('',#7261,#13296);
#13296 = DEFINITIONAL_REPRESENTATION('',(#13297),#13301);
#13297 = LINE('',#13298,#13299);
#13298 = CARTESIAN_POINT('',(0.,-0.));
#13299 = VECTOR('',#13300,1.);
#13300 = DIRECTION('',(0.,1.));
#13301 = ( GEOMETRIC_REPRESENTATION_CONTEXT(2) 
PARAMETRIC_REPRESENTATION_CONTEXT() REPRESENTATION_CONTEXT('2D SPACE',''
  ) );
#13302 = ORIENTED_EDGE('',*,*,#7273,.F.);
#13303 = ORIENTED_EDGE('',*,*,#13304,.T.);
#13304 = EDGE_CURVE('',#7274,#7222,#13305,.T.);
#13305 = SURFACE_CURVE('',#13306,(#13311,#13323),.PCURVE_S1.);
#13306 = HYPERBOLA('',#13307,3.870967741935,3.);
#13307 = AXIS2_PLACEMENT_3D('',#13308,#13309,#13310);
#13308 = CARTESIAN_POINT('',(275.,61.,153.8064516129));
#13309 = DIRECTION('',(0.,1.,0.));
#13310 = DIRECTION('',(0.,-0.,1.));
#13311 = PCURVE('',#7261,#13312);
#13312 = DEFINITIONAL_REPRESENTATION('',(#13313),#13322);
#13313 = B_SPLINE_CURVE_WITH_KNOTS('',7,(#13314,#13315,#13316,#13317,
    #13318,#13319,#13320,#13321),.UNSPECIFIED.,.F.,.F.,(8,8),(
    -0.405465108108,0.405465108108),.PIECEWISE_BEZIER_KNOTS.);
#13314 = CARTESIAN_POINT('',(1.965587446495,2.));
#13315 = CARTESIAN_POINT('',(1.858651593807,1.813149719766));
#13316 = CARTESIAN_POINT('',(1.746156676779,1.691959178479));
#13317 = CARTESIAN_POINT('',(1.629755944149,1.632332794412));
#13318 = CARTESIAN_POINT('',(1.51183670944,1.632332794413));
#13319 = CARTESIAN_POINT('',(1.39543597681,1.691959178479));
#13320 = CARTESIAN_POINT('',(1.282941059783,1.813149719766));
#13321 = CARTESIAN_POINT('',(1.176005207095,2.));
#13322 = ( GEOMETRIC_REPRESENTATION_CONTEXT(2) 
PARAMETRIC_REPRESENTATION_CONTEXT() REPRESENTATION_CONTEXT('2D SPACE',''
  ) );
#13323 = PCURVE('',#662,#13324);
#13324 = DEFINITIONAL_REPRESENTATION('',(#13325),#13329);
#13325 = HYPERBOLA('',#13326,3.870967741935,3.);
#13326 = AXIS2_PLACEMENT_2D('',#13327,#13328);
#13327 = CARTESIAN_POINT('',(123.3064516129,75.));
#13328 = DIRECTION('',(1.,0.));
#13329 = ( GEOMETRIC_REPRESENTATION_CONTEXT(2) 
PARAMETRIC_REPRESENTATION_CONTEXT() REPRESENTATION_CONTEXT('2D SPACE',''
  ) );
#13330 = ORIENTED_EDGE('',*,*,#7244,.F.);
#13331 = ORIENTED_EDGE('',*,*,#13280,.F.);
#13332 = ORIENTED_EDGE('',*,*,#13333,.T.);
#13333 = EDGE_CURVE('',#13281,#13281,#13334,.T.);
#13334 = SURFACE_CURVE('',#13335,(#13340,#13347),.PCURVE_S1.);
#13335 = CIRCLE('',#13336,1.7);
#13336 = AXIS2_PLACEMENT_3D('',#13337,#13338,#13339);
#13337 = CARTESIAN_POINT('',(275.,58.,156.));
#13338 = DIRECTION('',(0.,0.,1.));
#13339 = DIRECTION('',(1.,0.,-0.));
#13340 = PCURVE('',#7261,#13341);
#13341 = DEFINITIONAL_REPRESENTATION('',(#13342),#13346);
#13342 = LINE('',#13343,#13344);
#13343 = CARTESIAN_POINT('',(0.,0.));
#13344 = VECTOR('',#13345,1.);
#13345 = DIRECTION('',(1.,0.));
#13346 = ( GEOMETRIC_REPRESENTATION_CONTEXT(2) 
PARAMETRIC_REPRESENTATION_CONTEXT() REPRESENTATION_CONTEXT('2D SPACE',''
  ) );
#13347 = PCURVE('',#13348,#13353);
#13348 = CYLINDRICAL_SURFACE('',#13349,1.7);
#13349 = AXIS2_PLACEMENT_3D('',#13350,#13351,#13352);
#13350 = CARTESIAN_POINT('',(275.,58.,151.));
#13351 = DIRECTION('',(-0.,-0.,-1.));
#13352 = DIRECTION('',(1.,0.,0.));
#13353 = DEFINITIONAL_REPRESENTATION('',(#13354),#13358);
#13354 = LINE('',#13355,#13356);
#13355 = CARTESIAN_POINT('',(-0.,-5.));
#13356 = VECTOR('',#13357,1.);
#13357 = DIRECTION('',(-1.,0.));
#13358 = ( GEOMETRIC_REPRESENTATION_CONTEXT(2) 
PARAMETRIC_REPRESENTATION_CONTEXT() REPRESENTATION_CONTEXT('2D SPACE',''
  ) );
#13359 = ADVANCED_FACE('',(#13360),#13348,.F.);
#13360 = FACE_BOUND('',#13361,.T.);
#13361 = EDGE_LOOP('',(#13362,#13385,#13416,#13417));
#13362 = ORIENTED_EDGE('',*,*,#13363,.F.);
#13363 = EDGE_CURVE('',#13364,#13281,#13366,.T.);
#13364 = VERTEX_POINT('',#13365);
#13365 = CARTESIAN_POINT('',(276.7,58.,152.));
#13366 = SEAM_CURVE('',#13367,(#13371,#13378),.PCURVE_S1.);
#13367 = LINE('',#13368,#13369);
#13368 = CARTESIAN_POINT('',(276.7,58.,151.));
#13369 = VECTOR('',#13370,1.);
#13370 = DIRECTION('',(0.,0.,1.));
#13371 = PCURVE('',#13348,#13372);
#13372 = DEFINITIONAL_REPRESENTATION('',(#13373),#13377);
#13373 = LINE('',#13374,#13375);
#13374 = CARTESIAN_POINT('',(-6.28318530718,0.));
#13375 = VECTOR('',#13376,1.);
#13376 = DIRECTION('',(-0.,-1.));
#13377 = ( GEOMETRIC_REPRESENTATION_CONTEXT(2) 
PARAMETRIC_REPRESENTATION_CONTEXT() REPRESENTATION_CONTEXT('2D SPACE',''
  ) );
#13378 = PCURVE('',#13348,#13379);
#13379 = DEFINITIONAL_REPRESENTATION('',(#13380),#13384);
#13380 = LINE('',#13381,#13382);
#13381 = CARTESIAN_POINT('',(-0.,0.));
#13382 = VECTOR('',#13383,1.);
#13383 = DIRECTION('',(-0.,-1.));
#13384 = ( GEOMETRIC_REPRESENTATION_CONTEXT(2) 
PARAMETRIC_REPRESENTATION_CONTEXT() REPRESENTATION_CONTEXT('2D SPACE',''
  ) );
#13385 = ORIENTED_EDGE('',*,*,#13386,.T.);
#13386 = EDGE_CURVE('',#13364,#13364,#13387,.T.);
#13387 = SURFACE_CURVE('',#13388,(#13393,#13400),.PCURVE_S1.);
#13388 = CIRCLE('',#13389,1.7);
#13389 = AXIS2_PLACEMENT_3D('',#13390,#13391,#13392);
#13390 = CARTESIAN_POINT('',(275.,58.,152.));
#13391 = DIRECTION('',(0.,0.,-1.));
#13392 = DIRECTION('',(1.,0.,0.));
#13393 = PCURVE('',#13348,#13394);
#13394 = DEFINITIONAL_REPRESENTATION('',(#13395),#13399);
#13395 = LINE('',#13396,#13397);
#13396 = CARTESIAN_POINT('',(-6.28318530718,-1.));
#13397 = VECTOR('',#13398,1.);
#13398 = DIRECTION('',(1.,-0.));
#13399 = ( GEOMETRIC_REPRESENTATION_CONTEXT(2) 
PARAMETRIC_REPRESENTATION_CONTEXT() REPRESENTATION_CONTEXT('2D SPACE',''
  ) );
#13400 = PCURVE('',#13401,#13406);
#13401 = PLANE('',#13402);
#13402 = AXIS2_PLACEMENT_3D('',#13403,#13404,#13405);
#13403 = CARTESIAN_POINT('',(200.,55.,152.));
#13404 = DIRECTION('',(0.,0.,1.));
#13405 = DIRECTION('',(1.,0.,0.));
#13406 = DEFINITIONAL_REPRESENTATION('',(#13407),#13415);
#13407 = ( BOUNDED_CURVE() B_SPLINE_CURVE(2,(#13408,#13409,#13410,#13411
    ,#13412,#13413,#13414),.UNSPECIFIED.,.T.,.F.) 
B_SPLINE_CURVE_WITH_KNOTS((1,2,2,2,2,1),(-2.094395102393,0.,
    2.094395102393,4.188790204786,6.28318530718,8.377580409573),
.UNSPECIFIED.) CURVE() GEOMETRIC_REPRESENTATION_ITEM() 
RATIONAL_B_SPLINE_CURVE((1.,0.5,1.,0.5,1.,0.5,1.)) REPRESENTATION_ITEM(
  '') );
#13408 = CARTESIAN_POINT('',(76.7,3.));
#13409 = CARTESIAN_POINT('',(76.7,5.551362713293E-02));
#13410 = CARTESIAN_POINT('',(74.15,1.527756813566));
#13411 = CARTESIAN_POINT('',(71.6,3.));
#13412 = CARTESIAN_POINT('',(74.15,4.472243186434));
#13413 = CARTESIAN_POINT('',(76.7,5.944486372867));
#13414 = CARTESIAN_POINT('',(76.7,3.));
#13415 = ( GEOMETRIC_REPRESENTATION_CONTEXT(2) 
PARAMETRIC_REPRESENTATION_CONTEXT() REPRESENTATION_CONTEXT('2D SPACE',''
  ) );
#13416 = ORIENTED_EDGE('',*,*,#13363,.T.);
#13417 = ORIENTED_EDGE('',*,*,#13333,.T.);
#13418 = ADVANCED_FACE('',(#13419,#13422),#13401,.T.);
#13419 = FACE_BOUND('',#13420,.T.);
#13420 = EDGE_LOOP('',(#13421));
#13421 = ORIENTED_EDGE('',*,*,#13386,.F.);
#13422 = FACE_BOUND('',#13423,.T.);
#13423 = EDGE_LOOP('',(#13424));
#13424 = ORIENTED_EDGE('',*,*,#13425,.T.);
#13425 = EDGE_CURVE('',#13426,#13426,#13428,.T.);
#13426 = VERTEX_POINT('',#13427);
#13427 = CARTESIAN_POINT('',(276.25,58.,152.));
#13428 = SURFACE_CURVE('',#13429,(#13434,#13445),.PCURVE_S1.);
#13429 = CIRCLE('',#13430,1.25);
#13430 = AXIS2_PLACEMENT_3D('',#13431,#13432,#13433);
#13431 = CARTESIAN_POINT('',(275.,58.,152.));
#13432 = DIRECTION('',(0.,0.,-1.));
#13433 = DIRECTION('',(1.,0.,0.));
#13434 = PCURVE('',#13401,#13435);
#13435 = DEFINITIONAL_REPRESENTATION('',(#13436),#13444);
#13436 = ( BOUNDED_CURVE() B_SPLINE_CURVE(2,(#13437,#13438,#13439,#13440
    ,#13441,#13442,#13443),.UNSPECIFIED.,.T.,.F.) 
B_SPLINE_CURVE_WITH_KNOTS((1,2,2,2,2,1),(-2.094395102393,0.,
    2.094395102393,4.188790204786,6.28318530718,8.377580409573),
.UNSPECIFIED.) CURVE() GEOMETRIC_REPRESENTATION_ITEM() 
RATIONAL_B_SPLINE_CURVE((1.,0.5,1.,0.5,1.,0.5,1.)) REPRESENTATION_ITEM(
  '') );
#13437 = CARTESIAN_POINT('',(76.25,3.));
#13438 = CARTESIAN_POINT('',(76.25,0.834936490539));
#13439 = CARTESIAN_POINT('',(74.375,1.917468245269));
#13440 = CARTESIAN_POINT('',(72.5,3.));
#13441 = CARTESIAN_POINT('',(74.375,4.082531754731));
#13442 = CARTESIAN_POINT('',(76.25,5.165063509461));
#13443 = CARTESIAN_POINT('',(76.25,3.));
#13444 = ( GEOMETRIC_REPRESENTATION_CONTEXT(2) 
PARAMETRIC_REPRESENTATION_CONTEXT() REPRESENTATION_CONTEXT('2D SPACE',''
  ) );
#13445 = PCURVE('',#13446,#13451);
#13446 = CYLINDRICAL_SURFACE('',#13447,1.25);
#13447 = AXIS2_PLACEMENT_3D('',#13448,#13449,#13450);
#13448 = CARTESIAN_POINT('',(275.,58.,142.));
#13449 = DIRECTION('',(-0.,-0.,-1.));
#13450 = DIRECTION('',(1.,0.,0.));
#13451 = DEFINITIONAL_REPRESENTATION('',(#13452),#13456);
#13452 = LINE('',#13453,#13454);
#13453 = CARTESIAN_POINT('',(-6.28318530718,-10.));
#13454 = VECTOR('',#13455,1.);
#13455 = DIRECTION('',(1.,-0.));
#13456 = ( GEOMETRIC_REPRESENTATION_CONTEXT(2) 
PARAMETRIC_REPRESENTATION_CONTEXT() REPRESENTATION_CONTEXT('2D SPACE',''
  ) );
#13457 = ADVANCED_FACE('',(#13458),#13446,.F.);
#13458 = FACE_BOUND('',#13459,.T.);
#13459 = EDGE_LOOP('',(#13460,#13489,#13510,#13511));
#13460 = ORIENTED_EDGE('',*,*,#13461,.F.);
#13461 = EDGE_CURVE('',#13462,#13462,#13464,.T.);
#13462 = VERTEX_POINT('',#13463);
#13463 = CARTESIAN_POINT('',(276.25,58.,142.));
#13464 = SURFACE_CURVE('',#13465,(#13470,#13477),.PCURVE_S1.);
#13465 = CIRCLE('',#13466,1.25);
#13466 = AXIS2_PLACEMENT_3D('',#13467,#13468,#13469);
#13467 = CARTESIAN_POINT('',(275.,58.,142.));
#13468 = DIRECTION('',(0.,0.,1.));
#13469 = DIRECTION('',(1.,0.,0.));
#13470 = PCURVE('',#13446,#13471);
#13471 = DEFINITIONAL_REPRESENTATION('',(#13472),#13476);
#13472 = LINE('',#13473,#13474);
#13473 = CARTESIAN_POINT('',(-0.,0.));
#13474 = VECTOR('',#13475,1.);
#13475 = DIRECTION('',(-1.,0.));
#13476 = ( GEOMETRIC_REPRESENTATION_CONTEXT(2) 
PARAMETRIC_REPRESENTATION_CONTEXT() REPRESENTATION_CONTEXT('2D SPACE',''
  ) );
#13477 = PCURVE('',#13478,#13483);
#13478 = PLANE('',#13479);
#13479 = AXIS2_PLACEMENT_3D('',#13480,#13481,#13482);
#13480 = CARTESIAN_POINT('',(275.,58.,142.));
#13481 = DIRECTION('',(0.,0.,1.));
#13482 = DIRECTION('',(1.,0.,-0.));
#13483 = DEFINITIONAL_REPRESENTATION('',(#13484),#13488);
#13484 = CIRCLE('',#13485,1.25);
#13485 = AXIS2_PLACEMENT_2D('',#13486,#13487);
#13486 = CARTESIAN_POINT('',(0.,0.));
#13487 = DIRECTION('',(1.,0.));
#13488 = ( GEOMETRIC_REPRESENTATION_CONTEXT(2) 
PARAMETRIC_REPRESENTATION_CONTEXT() REPRESENTATION_CONTEXT('2D SPACE',''
  ) );
#13489 = ORIENTED_EDGE('',*,*,#13490,.T.);
#13490 = EDGE_CURVE('',#13462,#13426,#13491,.T.);
#13491 = SEAM_CURVE('',#13492,(#13496,#13503),.PCURVE_S1.);
#13492 = LINE('',#13493,#13494);
#13493 = CARTESIAN_POINT('',(276.25,58.,142.));
#13494 = VECTOR('',#13495,1.);
#13495 = DIRECTION('',(0.,0.,1.));
#13496 = PCURVE('',#13446,#13497);
#13497 = DEFINITIONAL_REPRESENTATION('',(#13498),#13502);
#13498 = LINE('',#13499,#13500);
#13499 = CARTESIAN_POINT('',(-6.28318530718,0.));
#13500 = VECTOR('',#13501,1.);
#13501 = DIRECTION('',(-0.,-1.));
#13502 = ( GEOMETRIC_REPRESENTATION_CONTEXT(2) 
PARAMETRIC_REPRESENTATION_CONTEXT() REPRESENTATION_CONTEXT('2D SPACE',''
  ) );
#13503 = PCURVE('',#13446,#13504);
#13504 = DEFINITIONAL_REPRESENTATION('',(#13505),#13509);
#13505 = LINE('',#13506,#13507);
#13506 = CARTESIAN_POINT('',(-0.,0.));
#13507 = VECTOR('',#13508,1.);
#13508 = DIRECTION('',(-0.,-1.));
#13509 = ( GEOMETRIC_REPRESENTATION_CONTEXT(2) 
PARAMETRIC_REPRESENTATION_CONTEXT() REPRESENTATION_CONTEXT('2D SPACE',''
  ) );
#13510 = ORIENTED_EDGE('',*,*,#13425,.F.);
#13511 = ORIENTED_EDGE('',*,*,#13490,.F.);
#13512 = ADVANCED_FACE('',(#13513),#13478,.T.);
#13513 = FACE_BOUND('',#13514,.T.);
#13514 = EDGE_LOOP('',(#13515));
#13515 = ORIENTED_EDGE('',*,*,#13461,.T.);
#13516 = ADVANCED_FACE('',(#13517),#7337,.F.);
#13517 = FACE_BOUND('',#13518,.F.);
#13518 = EDGE_LOOP('',(#13519,#13542,#13543,#13570,#13571,#13572));
#13519 = ORIENTED_EDGE('',*,*,#13520,.T.);
#13520 = EDGE_CURVE('',#13521,#7321,#13523,.T.);
#13521 = VERTEX_POINT('',#13522);
#13522 = CARTESIAN_POINT('',(213.7,58.,156.));
#13523 = SEAM_CURVE('',#13524,(#13528,#13535),.PCURVE_S1.);
#13524 = LINE('',#13525,#13526);
#13525 = CARTESIAN_POINT('',(213.7,58.,156.));
#13526 = VECTOR('',#13527,1.);
#13527 = DIRECTION('',(0.612571665436,-1.500367858649E-16,0.790415052175
    ));
#13528 = PCURVE('',#7337,#13529);
#13529 = DEFINITIONAL_REPRESENTATION('',(#13530),#13534);
#13530 = LINE('',#13531,#13532);
#13531 = CARTESIAN_POINT('',(6.28318530718,-0.));
#13532 = VECTOR('',#13533,1.);
#13533 = DIRECTION('',(0.,1.));
#13534 = ( GEOMETRIC_REPRESENTATION_CONTEXT(2) 
PARAMETRIC_REPRESENTATION_CONTEXT() REPRESENTATION_CONTEXT('2D SPACE',''
  ) );
#13535 = PCURVE('',#7337,#13536);
#13536 = DEFINITIONAL_REPRESENTATION('',(#13537),#13541);
#13537 = LINE('',#13538,#13539);
#13538 = CARTESIAN_POINT('',(0.,-0.));
#13539 = VECTOR('',#13540,1.);
#13540 = DIRECTION('',(0.,1.));
#13541 = ( GEOMETRIC_REPRESENTATION_CONTEXT(2) 
PARAMETRIC_REPRESENTATION_CONTEXT() REPRESENTATION_CONTEXT('2D SPACE',''
  ) );
#13542 = ORIENTED_EDGE('',*,*,#7349,.F.);
#13543 = ORIENTED_EDGE('',*,*,#13544,.T.);
#13544 = EDGE_CURVE('',#7350,#7298,#13545,.T.);
#13545 = SURFACE_CURVE('',#13546,(#13551,#13563),.PCURVE_S1.);
#13546 = HYPERBOLA('',#13547,3.870967741935,3.);
#13547 = AXIS2_PLACEMENT_3D('',#13548,#13549,#13550);
#13548 = CARTESIAN_POINT('',(212.,61.,153.8064516129));
#13549 = DIRECTION('',(0.,1.,0.));
#13550 = DIRECTION('',(0.,-0.,1.));
#13551 = PCURVE('',#7337,#13552);
#13552 = DEFINITIONAL_REPRESENTATION('',(#13553),#13562);
#13553 = B_SPLINE_CURVE_WITH_KNOTS('',7,(#13554,#13555,#13556,#13557,
    #13558,#13559,#13560,#13561),.UNSPECIFIED.,.F.,.F.,(8,8),(
    -0.405465108108,0.405465108108),.PIECEWISE_BEZIER_KNOTS.);
#13554 = CARTESIAN_POINT('',(1.965587446495,2.));
#13555 = CARTESIAN_POINT('',(1.858651593807,1.813149719766));
#13556 = CARTESIAN_POINT('',(1.74615667678,1.69195917848));
#13557 = CARTESIAN_POINT('',(1.629755944149,1.632332794412));
#13558 = CARTESIAN_POINT('',(1.511836709441,1.632332794414));
#13559 = CARTESIAN_POINT('',(1.39543597681,1.691959178479));
#13560 = CARTESIAN_POINT('',(1.282941059783,1.813149719766));
#13561 = CARTESIAN_POINT('',(1.176005207095,2.));
#13562 = ( GEOMETRIC_REPRESENTATION_CONTEXT(2) 
PARAMETRIC_REPRESENTATION_CONTEXT() REPRESENTATION_CONTEXT('2D SPACE',''
  ) );
#13563 = PCURVE('',#662,#13564);
#13564 = DEFINITIONAL_REPRESENTATION('',(#13565),#13569);
#13565 = HYPERBOLA('',#13566,3.870967741935,3.);
#13566 = AXIS2_PLACEMENT_2D('',#13567,#13568);
#13567 = CARTESIAN_POINT('',(123.3064516129,12.));
#13568 = DIRECTION('',(1.,0.));
#13569 = ( GEOMETRIC_REPRESENTATION_CONTEXT(2) 
PARAMETRIC_REPRESENTATION_CONTEXT() REPRESENTATION_CONTEXT('2D SPACE',''
  ) );
#13570 = ORIENTED_EDGE('',*,*,#7320,.F.);
#13571 = ORIENTED_EDGE('',*,*,#13520,.F.);
#13572 = ORIENTED_EDGE('',*,*,#13573,.T.);
#13573 = EDGE_CURVE('',#13521,#13521,#13574,.T.);
#13574 = SURFACE_CURVE('',#13575,(#13580,#13587),.PCURVE_S1.);
#13575 = CIRCLE('',#13576,1.7);
#13576 = AXIS2_PLACEMENT_3D('',#13577,#13578,#13579);
#13577 = CARTESIAN_POINT('',(212.,58.,156.));
#13578 = DIRECTION('',(0.,0.,1.));
#13579 = DIRECTION('',(1.,0.,-0.));
#13580 = PCURVE('',#7337,#13581);
#13581 = DEFINITIONAL_REPRESENTATION('',(#13582),#13586);
#13582 = LINE('',#13583,#13584);
#13583 = CARTESIAN_POINT('',(0.,0.));
#13584 = VECTOR('',#13585,1.);
#13585 = DIRECTION('',(1.,0.));
#13586 = ( GEOMETRIC_REPRESENTATION_CONTEXT(2) 
PARAMETRIC_REPRESENTATION_CONTEXT() REPRESENTATION_CONTEXT('2D SPACE',''
  ) );
#13587 = PCURVE('',#13588,#13593);
#13588 = CYLINDRICAL_SURFACE('',#13589,1.7);
#13589 = AXIS2_PLACEMENT_3D('',#13590,#13591,#13592);
#13590 = CARTESIAN_POINT('',(212.,58.,151.));
#13591 = DIRECTION('',(-0.,-0.,-1.));
#13592 = DIRECTION('',(1.,0.,0.));
#13593 = DEFINITIONAL_REPRESENTATION('',(#13594),#13598);
#13594 = LINE('',#13595,#13596);
#13595 = CARTESIAN_POINT('',(-0.,-5.));
#13596 = VECTOR('',#13597,1.);
#13597 = DIRECTION('',(-1.,0.));
#13598 = ( GEOMETRIC_REPRESENTATION_CONTEXT(2) 
PARAMETRIC_REPRESENTATION_CONTEXT() REPRESENTATION_CONTEXT('2D SPACE',''
  ) );
#13599 = ADVANCED_FACE('',(#13600),#13588,.F.);
#13600 = FACE_BOUND('',#13601,.T.);
#13601 = EDGE_LOOP('',(#13602,#13625,#13656,#13657));
#13602 = ORIENTED_EDGE('',*,*,#13603,.F.);
#13603 = EDGE_CURVE('',#13604,#13521,#13606,.T.);
#13604 = VERTEX_POINT('',#13605);
#13605 = CARTESIAN_POINT('',(213.7,58.,152.));
#13606 = SEAM_CURVE('',#13607,(#13611,#13618),.PCURVE_S1.);
#13607 = LINE('',#13608,#13609);
#13608 = CARTESIAN_POINT('',(213.7,58.,151.));
#13609 = VECTOR('',#13610,1.);
#13610 = DIRECTION('',(0.,0.,1.));
#13611 = PCURVE('',#13588,#13612);
#13612 = DEFINITIONAL_REPRESENTATION('',(#13613),#13617);
#13613 = LINE('',#13614,#13615);
#13614 = CARTESIAN_POINT('',(-6.28318530718,0.));
#13615 = VECTOR('',#13616,1.);
#13616 = DIRECTION('',(-0.,-1.));
#13617 = ( GEOMETRIC_REPRESENTATION_CONTEXT(2) 
PARAMETRIC_REPRESENTATION_CONTEXT() REPRESENTATION_CONTEXT('2D SPACE',''
  ) );
#13618 = PCURVE('',#13588,#13619);
#13619 = DEFINITIONAL_REPRESENTATION('',(#13620),#13624);
#13620 = LINE('',#13621,#13622);
#13621 = CARTESIAN_POINT('',(-0.,0.));
#13622 = VECTOR('',#13623,1.);
#13623 = DIRECTION('',(-0.,-1.));
#13624 = ( GEOMETRIC_REPRESENTATION_CONTEXT(2) 
PARAMETRIC_REPRESENTATION_CONTEXT() REPRESENTATION_CONTEXT('2D SPACE',''
  ) );
#13625 = ORIENTED_EDGE('',*,*,#13626,.T.);
#13626 = EDGE_CURVE('',#13604,#13604,#13627,.T.);
#13627 = SURFACE_CURVE('',#13628,(#13633,#13640),.PCURVE_S1.);
#13628 = CIRCLE('',#13629,1.7);
#13629 = AXIS2_PLACEMENT_3D('',#13630,#13631,#13632);
#13630 = CARTESIAN_POINT('',(212.,58.,152.));
#13631 = DIRECTION('',(0.,0.,-1.));
#13632 = DIRECTION('',(1.,0.,0.));
#13633 = PCURVE('',#13588,#13634);
#13634 = DEFINITIONAL_REPRESENTATION('',(#13635),#13639);
#13635 = LINE('',#13636,#13637);
#13636 = CARTESIAN_POINT('',(-6.28318530718,-1.));
#13637 = VECTOR('',#13638,1.);
#13638 = DIRECTION('',(1.,-0.));
#13639 = ( GEOMETRIC_REPRESENTATION_CONTEXT(2) 
PARAMETRIC_REPRESENTATION_CONTEXT() REPRESENTATION_CONTEXT('2D SPACE',''
  ) );
#13640 = PCURVE('',#13641,#13646);
#13641 = PLANE('',#13642);
#13642 = AXIS2_PLACEMENT_3D('',#13643,#13644,#13645);
#13643 = CARTESIAN_POINT('',(200.,55.,152.));
#13644 = DIRECTION('',(0.,0.,1.));
#13645 = DIRECTION('',(1.,0.,0.));
#13646 = DEFINITIONAL_REPRESENTATION('',(#13647),#13655);
#13647 = ( BOUNDED_CURVE() B_SPLINE_CURVE(2,(#13648,#13649,#13650,#13651
    ,#13652,#13653,#13654),.UNSPECIFIED.,.T.,.F.) 
B_SPLINE_CURVE_WITH_KNOTS((1,2,2,2,2,1),(-2.094395102393,0.,
    2.094395102393,4.188790204786,6.28318530718,8.377580409573),
.UNSPECIFIED.) CURVE() GEOMETRIC_REPRESENTATION_ITEM() 
RATIONAL_B_SPLINE_CURVE((1.,0.5,1.,0.5,1.,0.5,1.)) REPRESENTATION_ITEM(
  '') );
#13648 = CARTESIAN_POINT('',(13.7,3.));
#13649 = CARTESIAN_POINT('',(13.7,5.551362713293E-02));
#13650 = CARTESIAN_POINT('',(11.15,1.527756813566));
#13651 = CARTESIAN_POINT('',(8.6,3.));
#13652 = CARTESIAN_POINT('',(11.15,4.472243186434));
#13653 = CARTESIAN_POINT('',(13.7,5.944486372867));
#13654 = CARTESIAN_POINT('',(13.7,3.));
#13655 = ( GEOMETRIC_REPRESENTATION_CONTEXT(2) 
PARAMETRIC_REPRESENTATION_CONTEXT() REPRESENTATION_CONTEXT('2D SPACE',''
  ) );
#13656 = ORIENTED_EDGE('',*,*,#13603,.T.);
#13657 = ORIENTED_EDGE('',*,*,#13573,.T.);
#13658 = ADVANCED_FACE('',(#13659,#13662),#13641,.T.);
#13659 = FACE_BOUND('',#13660,.T.);
#13660 = EDGE_LOOP('',(#13661));
#13661 = ORIENTED_EDGE('',*,*,#13626,.F.);
#13662 = FACE_BOUND('',#13663,.T.);
#13663 = EDGE_LOOP('',(#13664));
#13664 = ORIENTED_EDGE('',*,*,#13665,.T.);
#13665 = EDGE_CURVE('',#13666,#13666,#13668,.T.);
#13666 = VERTEX_POINT('',#13667);
#13667 = CARTESIAN_POINT('',(213.25,58.,152.));
#13668 = SURFACE_CURVE('',#13669,(#13674,#13685),.PCURVE_S1.);
#13669 = CIRCLE('',#13670,1.25);
#13670 = AXIS2_PLACEMENT_3D('',#13671,#13672,#13673);
#13671 = CARTESIAN_POINT('',(212.,58.,152.));
#13672 = DIRECTION('',(0.,0.,-1.));
#13673 = DIRECTION('',(1.,0.,0.));
#13674 = PCURVE('',#13641,#13675);
#13675 = DEFINITIONAL_REPRESENTATION('',(#13676),#13684);
#13676 = ( BOUNDED_CURVE() B_SPLINE_CURVE(2,(#13677,#13678,#13679,#13680
    ,#13681,#13682,#13683),.UNSPECIFIED.,.T.,.F.) 
B_SPLINE_CURVE_WITH_KNOTS((1,2,2,2,2,1),(-2.094395102393,0.,
    2.094395102393,4.188790204786,6.28318530718,8.377580409573),
.UNSPECIFIED.) CURVE() GEOMETRIC_REPRESENTATION_ITEM() 
RATIONAL_B_SPLINE_CURVE((1.,0.5,1.,0.5,1.,0.5,1.)) REPRESENTATION_ITEM(
  '') );
#13677 = CARTESIAN_POINT('',(13.25,3.));
#13678 = CARTESIAN_POINT('',(13.25,0.834936490539));
#13679 = CARTESIAN_POINT('',(11.375,1.917468245269));
#13680 = CARTESIAN_POINT('',(9.5,3.));
#13681 = CARTESIAN_POINT('',(11.375,4.082531754731));
#13682 = CARTESIAN_POINT('',(13.25,5.165063509461));
#13683 = CARTESIAN_POINT('',(13.25,3.));
#13684 = ( GEOMETRIC_REPRESENTATION_CONTEXT(2) 
PARAMETRIC_REPRESENTATION_CONTEXT() REPRESENTATION_CONTEXT('2D SPACE',''
  ) );
#13685 = PCURVE('',#13686,#13691);
#13686 = CYLINDRICAL_SURFACE('',#13687,1.25);
#13687 = AXIS2_PLACEMENT_3D('',#13688,#13689,#13690);
#13688 = CARTESIAN_POINT('',(212.,58.,142.));
#13689 = DIRECTION('',(-0.,-0.,-1.));
#13690 = DIRECTION('',(1.,0.,0.));
#13691 = DEFINITIONAL_REPRESENTATION('',(#13692),#13696);
#13692 = LINE('',#13693,#13694);
#13693 = CARTESIAN_POINT('',(-6.28318530718,-10.));
#13694 = VECTOR('',#13695,1.);
#13695 = DIRECTION('',(1.,-0.));
#13696 = ( GEOMETRIC_REPRESENTATION_CONTEXT(2) 
PARAMETRIC_REPRESENTATION_CONTEXT() REPRESENTATION_CONTEXT('2D SPACE',''
  ) );
#13697 = ADVANCED_FACE('',(#13698),#13686,.F.);
#13698 = FACE_BOUND('',#13699,.T.);
#13699 = EDGE_LOOP('',(#13700,#13729,#13750,#13751));
#13700 = ORIENTED_EDGE('',*,*,#13701,.F.);
#13701 = EDGE_CURVE('',#13702,#13702,#13704,.T.);
#13702 = VERTEX_POINT('',#13703);
#13703 = CARTESIAN_POINT('',(213.25,58.,142.));
#13704 = SURFACE_CURVE('',#13705,(#13710,#13717),.PCURVE_S1.);
#13705 = CIRCLE('',#13706,1.25);
#13706 = AXIS2_PLACEMENT_3D('',#13707,#13708,#13709);
#13707 = CARTESIAN_POINT('',(212.,58.,142.));
#13708 = DIRECTION('',(0.,0.,1.));
#13709 = DIRECTION('',(1.,0.,0.));
#13710 = PCURVE('',#13686,#13711);
#13711 = DEFINITIONAL_REPRESENTATION('',(#13712),#13716);
#13712 = LINE('',#13713,#13714);
#13713 = CARTESIAN_POINT('',(-0.,0.));
#13714 = VECTOR('',#13715,1.);
#13715 = DIRECTION('',(-1.,0.));
#13716 = ( GEOMETRIC_REPRESENTATION_CONTEXT(2) 
PARAMETRIC_REPRESENTATION_CONTEXT() REPRESENTATION_CONTEXT('2D SPACE',''
  ) );
#13717 = PCURVE('',#13718,#13723);
#13718 = PLANE('',#13719);
#13719 = AXIS2_PLACEMENT_3D('',#13720,#13721,#13722);
#13720 = CARTESIAN_POINT('',(208.,54.,142.));
#13721 = DIRECTION('',(0.,0.,1.));
#13722 = DIRECTION('',(1.,0.,0.));
#13723 = DEFINITIONAL_REPRESENTATION('',(#13724),#13728);
#13724 = CIRCLE('',#13725,1.25);
#13725 = AXIS2_PLACEMENT_2D('',#13726,#13727);
#13726 = CARTESIAN_POINT('',(4.,4.));
#13727 = DIRECTION('',(1.,0.));
#13728 = ( GEOMETRIC_REPRESENTATION_CONTEXT(2) 
PARAMETRIC_REPRESENTATION_CONTEXT() REPRESENTATION_CONTEXT('2D SPACE',''
  ) );
#13729 = ORIENTED_EDGE('',*,*,#13730,.T.);
#13730 = EDGE_CURVE('',#13702,#13666,#13731,.T.);
#13731 = SEAM_CURVE('',#13732,(#13736,#13743),.PCURVE_S1.);
#13732 = LINE('',#13733,#13734);
#13733 = CARTESIAN_POINT('',(213.25,58.,142.));
#13734 = VECTOR('',#13735,1.);
#13735 = DIRECTION('',(0.,0.,1.));
#13736 = PCURVE('',#13686,#13737);
#13737 = DEFINITIONAL_REPRESENTATION('',(#13738),#13742);
#13738 = LINE('',#13739,#13740);
#13739 = CARTESIAN_POINT('',(-6.28318530718,0.));
#13740 = VECTOR('',#13741,1.);
#13741 = DIRECTION('',(-0.,-1.));
#13742 = ( GEOMETRIC_REPRESENTATION_CONTEXT(2) 
PARAMETRIC_REPRESENTATION_CONTEXT() REPRESENTATION_CONTEXT('2D SPACE',''
  ) );
#13743 = PCURVE('',#13686,#13744);
#13744 = DEFINITIONAL_REPRESENTATION('',(#13745),#13749);
#13745 = LINE('',#13746,#13747);
#13746 = CARTESIAN_POINT('',(-0.,0.));
#13747 = VECTOR('',#13748,1.);
#13748 = DIRECTION('',(-0.,-1.));
#13749 = ( GEOMETRIC_REPRESENTATION_CONTEXT(2) 
PARAMETRIC_REPRESENTATION_CONTEXT() REPRESENTATION_CONTEXT('2D SPACE',''
  ) );
#13750 = ORIENTED_EDGE('',*,*,#13665,.F.);
#13751 = ORIENTED_EDGE('',*,*,#13730,.F.);
#13752 = ADVANCED_FACE('',(#13753,#13857),#13718,.F.);
#13753 = FACE_BOUND('',#13754,.F.);
#13754 = EDGE_LOOP('',(#13755,#13785,#13808,#13836));
#13755 = ORIENTED_EDGE('',*,*,#13756,.F.);
#13756 = EDGE_CURVE('',#13757,#13759,#13761,.T.);
#13757 = VERTEX_POINT('',#13758);
#13758 = CARTESIAN_POINT('',(208.,55.,142.));
#13759 = VERTEX_POINT('',#13760);
#13760 = CARTESIAN_POINT('',(208.,61.,142.));
#13761 = SURFACE_CURVE('',#13762,(#13766,#13773),.PCURVE_S1.);
#13762 = LINE('',#13763,#13764);
#13763 = CARTESIAN_POINT('',(208.,54.,142.));
#13764 = VECTOR('',#13765,1.);
#13765 = DIRECTION('',(0.,1.,0.));
#13766 = PCURVE('',#13718,#13767);
#13767 = DEFINITIONAL_REPRESENTATION('',(#13768),#13772);
#13768 = LINE('',#13769,#13770);
#13769 = CARTESIAN_POINT('',(0.,0.));
#13770 = VECTOR('',#13771,1.);
#13771 = DIRECTION('',(0.,1.));
#13772 = ( GEOMETRIC_REPRESENTATION_CONTEXT(2) 
PARAMETRIC_REPRESENTATION_CONTEXT() REPRESENTATION_CONTEXT('2D SPACE',''
  ) );
#13773 = PCURVE('',#13774,#13779);
#13774 = PLANE('',#13775);
#13775 = AXIS2_PLACEMENT_3D('',#13776,#13777,#13778);
#13776 = CARTESIAN_POINT('',(208.,54.,44.));
#13777 = DIRECTION('',(1.,0.,0.));
#13778 = DIRECTION('',(0.,0.,1.));
#13779 = DEFINITIONAL_REPRESENTATION('',(#13780),#13784);
#13780 = LINE('',#13781,#13782);
#13781 = CARTESIAN_POINT('',(98.,0.));
#13782 = VECTOR('',#13783,1.);
#13783 = DIRECTION('',(0.,-1.));
#13784 = ( GEOMETRIC_REPRESENTATION_CONTEXT(2) 
PARAMETRIC_REPRESENTATION_CONTEXT() REPRESENTATION_CONTEXT('2D SPACE',''
  ) );
#13785 = ORIENTED_EDGE('',*,*,#13786,.T.);
#13786 = EDGE_CURVE('',#13757,#13787,#13789,.T.);
#13787 = VERTEX_POINT('',#13788);
#13788 = CARTESIAN_POINT('',(223.66666666666,55.,142.));
#13789 = SURFACE_CURVE('',#13790,(#13794,#13801),.PCURVE_S1.);
#13790 = LINE('',#13791,#13792);
#13791 = CARTESIAN_POINT('',(204.,55.,142.));
#13792 = VECTOR('',#13793,1.);
#13793 = DIRECTION('',(1.,0.,0.));
#13794 = PCURVE('',#13718,#13795);
#13795 = DEFINITIONAL_REPRESENTATION('',(#13796),#13800);
#13796 = LINE('',#13797,#13798);
#13797 = CARTESIAN_POINT('',(-4.,1.));
#13798 = VECTOR('',#13799,1.);
#13799 = DIRECTION('',(1.,0.));
#13800 = ( GEOMETRIC_REPRESENTATION_CONTEXT(2) 
PARAMETRIC_REPRESENTATION_CONTEXT() REPRESENTATION_CONTEXT('2D SPACE',''
  ) );
#13801 = PCURVE('',#240,#13802);
#13802 = DEFINITIONAL_REPRESENTATION('',(#13803),#13807);
#13803 = LINE('',#13804,#13805);
#13804 = CARTESIAN_POINT('',(111.5,4.));
#13805 = VECTOR('',#13806,1.);
#13806 = DIRECTION('',(0.,1.));
#13807 = ( GEOMETRIC_REPRESENTATION_CONTEXT(2) 
PARAMETRIC_REPRESENTATION_CONTEXT() REPRESENTATION_CONTEXT('2D SPACE',''
  ) );
#13808 = ORIENTED_EDGE('',*,*,#13809,.T.);
#13809 = EDGE_CURVE('',#13787,#13810,#13812,.T.);
#13810 = VERTEX_POINT('',#13811);
#13811 = CARTESIAN_POINT('',(223.66666666666,61.,142.));
#13812 = SURFACE_CURVE('',#13813,(#13817,#13824),.PCURVE_S1.);
#13813 = LINE('',#13814,#13815);
#13814 = CARTESIAN_POINT('',(223.66666666666,54.,142.));
#13815 = VECTOR('',#13816,1.);
#13816 = DIRECTION('',(0.,1.,0.));
#13817 = PCURVE('',#13718,#13818);
#13818 = DEFINITIONAL_REPRESENTATION('',(#13819),#13823);
#13819 = LINE('',#13820,#13821);
#13820 = CARTESIAN_POINT('',(15.666666666667,0.));
#13821 = VECTOR('',#13822,1.);
#13822 = DIRECTION('',(0.,1.));
#13823 = ( GEOMETRIC_REPRESENTATION_CONTEXT(2) 
PARAMETRIC_REPRESENTATION_CONTEXT() REPRESENTATION_CONTEXT('2D SPACE',''
  ) );
#13824 = PCURVE('',#13825,#13830);
#13825 = PLANE('',#13826);
#13826 = AXIS2_PLACEMENT_3D('',#13827,#13828,#13829);
#13827 = CARTESIAN_POINT('',(223.66666666666,54.,44.));
#13828 = DIRECTION('',(1.,0.,0.));
#13829 = DIRECTION('',(0.,0.,1.));
#13830 = DEFINITIONAL_REPRESENTATION('',(#13831),#13835);
#13831 = LINE('',#13832,#13833);
#13832 = CARTESIAN_POINT('',(98.,0.));
#13833 = VECTOR('',#13834,1.);
#13834 = DIRECTION('',(0.,-1.));
#13835 = ( GEOMETRIC_REPRESENTATION_CONTEXT(2) 
PARAMETRIC_REPRESENTATION_CONTEXT() REPRESENTATION_CONTEXT('2D SPACE',''
  ) );
#13836 = ORIENTED_EDGE('',*,*,#13837,.F.);
#13837 = EDGE_CURVE('',#13759,#13810,#13838,.T.);
#13838 = SURFACE_CURVE('',#13839,(#13843,#13850),.PCURVE_S1.);
#13839 = LINE('',#13840,#13841);
#13840 = CARTESIAN_POINT('',(204.,61.,142.));
#13841 = VECTOR('',#13842,1.);
#13842 = DIRECTION('',(1.,0.,0.));
#13843 = PCURVE('',#13718,#13844);
#13844 = DEFINITIONAL_REPRESENTATION('',(#13845),#13849);
#13845 = LINE('',#13846,#13847);
#13846 = CARTESIAN_POINT('',(-4.,7.));
#13847 = VECTOR('',#13848,1.);
#13848 = DIRECTION('',(1.,0.));
#13849 = ( GEOMETRIC_REPRESENTATION_CONTEXT(2) 
PARAMETRIC_REPRESENTATION_CONTEXT() REPRESENTATION_CONTEXT('2D SPACE',''
  ) );
#13850 = PCURVE('',#662,#13851);
#13851 = DEFINITIONAL_REPRESENTATION('',(#13852),#13856);
#13852 = LINE('',#13853,#13854);
#13853 = CARTESIAN_POINT('',(111.5,4.));
#13854 = VECTOR('',#13855,1.);
#13855 = DIRECTION('',(0.,1.));
#13856 = ( GEOMETRIC_REPRESENTATION_CONTEXT(2) 
PARAMETRIC_REPRESENTATION_CONTEXT() REPRESENTATION_CONTEXT('2D SPACE',''
  ) );
#13857 = FACE_BOUND('',#13858,.F.);
#13858 = EDGE_LOOP('',(#13859));
#13859 = ORIENTED_EDGE('',*,*,#13701,.F.);
#13860 = ADVANCED_FACE('',(#13861),#13825,.F.);
#13861 = FACE_BOUND('',#13862,.F.);
#13862 = EDGE_LOOP('',(#13863,#13864,#13887,#13915));
#13863 = ORIENTED_EDGE('',*,*,#13809,.F.);
#13864 = ORIENTED_EDGE('',*,*,#13865,.T.);
#13865 = EDGE_CURVE('',#13787,#13866,#13868,.T.);
#13866 = VERTEX_POINT('',#13867);
#13867 = CARTESIAN_POINT('',(223.66666666666,55.,44.));
#13868 = SURFACE_CURVE('',#13869,(#13873,#13880),.PCURVE_S1.);
#13869 = LINE('',#13870,#13871);
#13870 = CARTESIAN_POINT('',(223.66666666666,55.,37.25));
#13871 = VECTOR('',#13872,1.);
#13872 = DIRECTION('',(0.,0.,-1.));
#13873 = PCURVE('',#13825,#13874);
#13874 = DEFINITIONAL_REPRESENTATION('',(#13875),#13879);
#13875 = LINE('',#13876,#13877);
#13876 = CARTESIAN_POINT('',(-6.75,-1.));
#13877 = VECTOR('',#13878,1.);
#13878 = DIRECTION('',(-1.,0.));
#13879 = ( GEOMETRIC_REPRESENTATION_CONTEXT(2) 
PARAMETRIC_REPRESENTATION_CONTEXT() REPRESENTATION_CONTEXT('2D SPACE',''
  ) );
#13880 = PCURVE('',#240,#13881);
#13881 = DEFINITIONAL_REPRESENTATION('',(#13882),#13886);
#13882 = LINE('',#13883,#13884);
#13883 = CARTESIAN_POINT('',(6.75,23.666666666667));
#13884 = VECTOR('',#13885,1.);
#13885 = DIRECTION('',(-1.,0.));
#13886 = ( GEOMETRIC_REPRESENTATION_CONTEXT(2) 
PARAMETRIC_REPRESENTATION_CONTEXT() REPRESENTATION_CONTEXT('2D SPACE',''
  ) );
#13887 = ORIENTED_EDGE('',*,*,#13888,.T.);
#13888 = EDGE_CURVE('',#13866,#13889,#13891,.T.);
#13889 = VERTEX_POINT('',#13890);
#13890 = CARTESIAN_POINT('',(223.66666666666,61.,44.));
#13891 = SURFACE_CURVE('',#13892,(#13896,#13903),.PCURVE_S1.);
#13892 = LINE('',#13893,#13894);
#13893 = CARTESIAN_POINT('',(223.66666666666,54.,44.));
#13894 = VECTOR('',#13895,1.);
#13895 = DIRECTION('',(0.,1.,0.));
#13896 = PCURVE('',#13825,#13897);
#13897 = DEFINITIONAL_REPRESENTATION('',(#13898),#13902);
#13898 = LINE('',#13899,#13900);
#13899 = CARTESIAN_POINT('',(0.,0.));
#13900 = VECTOR('',#13901,1.);
#13901 = DIRECTION('',(0.,-1.));
#13902 = ( GEOMETRIC_REPRESENTATION_CONTEXT(2) 
PARAMETRIC_REPRESENTATION_CONTEXT() REPRESENTATION_CONTEXT('2D SPACE',''
  ) );
#13903 = PCURVE('',#13904,#13909);
#13904 = PLANE('',#13905);
#13905 = AXIS2_PLACEMENT_3D('',#13906,#13907,#13908);
#13906 = CARTESIAN_POINT('',(208.,54.,44.));
#13907 = DIRECTION('',(0.,0.,1.));
#13908 = DIRECTION('',(1.,0.,0.));
#13909 = DEFINITIONAL_REPRESENTATION('',(#13910),#13914);
#13910 = LINE('',#13911,#13912);
#13911 = CARTESIAN_POINT('',(15.666666666667,0.));
#13912 = VECTOR('',#13913,1.);
#13913 = DIRECTION('',(0.,1.));
#13914 = ( GEOMETRIC_REPRESENTATION_CONTEXT(2) 
PARAMETRIC_REPRESENTATION_CONTEXT() REPRESENTATION_CONTEXT('2D SPACE',''
  ) );
#13915 = ORIENTED_EDGE('',*,*,#13916,.F.);
#13916 = EDGE_CURVE('',#13810,#13889,#13917,.T.);
#13917 = SURFACE_CURVE('',#13918,(#13922,#13929),.PCURVE_S1.);
#13918 = LINE('',#13919,#13920);
#13919 = CARTESIAN_POINT('',(223.66666666666,61.,37.25));
#13920 = VECTOR('',#13921,1.);
#13921 = DIRECTION('',(0.,0.,-1.));
#13922 = PCURVE('',#13825,#13923);
#13923 = DEFINITIONAL_REPRESENTATION('',(#13924),#13928);
#13924 = LINE('',#13925,#13926);
#13925 = CARTESIAN_POINT('',(-6.75,-7.));
#13926 = VECTOR('',#13927,1.);
#13927 = DIRECTION('',(-1.,0.));
#13928 = ( GEOMETRIC_REPRESENTATION_CONTEXT(2) 
PARAMETRIC_REPRESENTATION_CONTEXT() REPRESENTATION_CONTEXT('2D SPACE',''
  ) );
#13929 = PCURVE('',#662,#13930);
#13930 = DEFINITIONAL_REPRESENTATION('',(#13931),#13935);
#13931 = LINE('',#13932,#13933);
#13932 = CARTESIAN_POINT('',(6.75,23.666666666667));
#13933 = VECTOR('',#13934,1.);
#13934 = DIRECTION('',(-1.,0.));
#13935 = ( GEOMETRIC_REPRESENTATION_CONTEXT(2) 
PARAMETRIC_REPRESENTATION_CONTEXT() REPRESENTATION_CONTEXT('2D SPACE',''
  ) );
#13936 = ADVANCED_FACE('',(#13937),#13904,.T.);
#13937 = FACE_BOUND('',#13938,.T.);
#13938 = EDGE_LOOP('',(#13939,#13964,#13985,#13986));
#13939 = ORIENTED_EDGE('',*,*,#13940,.F.);
#13940 = EDGE_CURVE('',#13941,#13943,#13945,.T.);
#13941 = VERTEX_POINT('',#13942);
#13942 = CARTESIAN_POINT('',(208.,55.,44.));
#13943 = VERTEX_POINT('',#13944);
#13944 = CARTESIAN_POINT('',(208.,61.,44.));
#13945 = SURFACE_CURVE('',#13946,(#13950,#13957),.PCURVE_S1.);
#13946 = LINE('',#13947,#13948);
#13947 = CARTESIAN_POINT('',(208.,54.,44.));
#13948 = VECTOR('',#13949,1.);
#13949 = DIRECTION('',(0.,1.,0.));
#13950 = PCURVE('',#13904,#13951);
#13951 = DEFINITIONAL_REPRESENTATION('',(#13952),#13956);
#13952 = LINE('',#13953,#13954);
#13953 = CARTESIAN_POINT('',(0.,0.));
#13954 = VECTOR('',#13955,1.);
#13955 = DIRECTION('',(0.,1.));
#13956 = ( GEOMETRIC_REPRESENTATION_CONTEXT(2) 
PARAMETRIC_REPRESENTATION_CONTEXT() REPRESENTATION_CONTEXT('2D SPACE',''
  ) );
#13957 = PCURVE('',#13774,#13958);
#13958 = DEFINITIONAL_REPRESENTATION('',(#13959),#13963);
#13959 = LINE('',#13960,#13961);
#13960 = CARTESIAN_POINT('',(0.,0.));
#13961 = VECTOR('',#13962,1.);
#13962 = DIRECTION('',(0.,-1.));
#13963 = ( GEOMETRIC_REPRESENTATION_CONTEXT(2) 
PARAMETRIC_REPRESENTATION_CONTEXT() REPRESENTATION_CONTEXT('2D SPACE',''
  ) );
#13964 = ORIENTED_EDGE('',*,*,#13965,.T.);
#13965 = EDGE_CURVE('',#13941,#13866,#13966,.T.);
#13966 = SURFACE_CURVE('',#13967,(#13971,#13978),.PCURVE_S1.);
#13967 = LINE('',#13968,#13969);
#13968 = CARTESIAN_POINT('',(204.,55.,44.));
#13969 = VECTOR('',#13970,1.);
#13970 = DIRECTION('',(1.,0.,0.));
#13971 = PCURVE('',#13904,#13972);
#13972 = DEFINITIONAL_REPRESENTATION('',(#13973),#13977);
#13973 = LINE('',#13974,#13975);
#13974 = CARTESIAN_POINT('',(-4.,1.));
#13975 = VECTOR('',#13976,1.);
#13976 = DIRECTION('',(1.,0.));
#13977 = ( GEOMETRIC_REPRESENTATION_CONTEXT(2) 
PARAMETRIC_REPRESENTATION_CONTEXT() REPRESENTATION_CONTEXT('2D SPACE',''
  ) );
#13978 = PCURVE('',#240,#13979);
#13979 = DEFINITIONAL_REPRESENTATION('',(#13980),#13984);
#13980 = LINE('',#13981,#13982);
#13981 = CARTESIAN_POINT('',(13.5,4.));
#13982 = VECTOR('',#13983,1.);
#13983 = DIRECTION('',(0.,1.));
#13984 = ( GEOMETRIC_REPRESENTATION_CONTEXT(2) 
PARAMETRIC_REPRESENTATION_CONTEXT() REPRESENTATION_CONTEXT('2D SPACE',''
  ) );
#13985 = ORIENTED_EDGE('',*,*,#13888,.T.);
#13986 = ORIENTED_EDGE('',*,*,#13987,.F.);
#13987 = EDGE_CURVE('',#13943,#13889,#13988,.T.);
#13988 = SURFACE_CURVE('',#13989,(#13993,#14000),.PCURVE_S1.);
#13989 = LINE('',#13990,#13991);
#13990 = CARTESIAN_POINT('',(204.,61.,44.));
#13991 = VECTOR('',#13992,1.);
#13992 = DIRECTION('',(1.,0.,0.));
#13993 = PCURVE('',#13904,#13994);
#13994 = DEFINITIONAL_REPRESENTATION('',(#13995),#13999);
#13995 = LINE('',#13996,#13997);
#13996 = CARTESIAN_POINT('',(-4.,7.));
#13997 = VECTOR('',#13998,1.);
#13998 = DIRECTION('',(1.,0.));
#13999 = ( GEOMETRIC_REPRESENTATION_CONTEXT(2) 
PARAMETRIC_REPRESENTATION_CONTEXT() REPRESENTATION_CONTEXT('2D SPACE',''
  ) );
#14000 = PCURVE('',#662,#14001);
#14001 = DEFINITIONAL_REPRESENTATION('',(#14002),#14006);
#14002 = LINE('',#14003,#14004);
#14003 = CARTESIAN_POINT('',(13.5,4.));
#14004 = VECTOR('',#14005,1.);
#14005 = DIRECTION('',(0.,1.));
#14006 = ( GEOMETRIC_REPRESENTATION_CONTEXT(2) 
PARAMETRIC_REPRESENTATION_CONTEXT() REPRESENTATION_CONTEXT('2D SPACE',''
  ) );
#14007 = ADVANCED_FACE('',(#14008),#13774,.T.);
#14008 = FACE_BOUND('',#14009,.T.);
#14009 = EDGE_LOOP('',(#14010,#14011,#14032,#14033));
#14010 = ORIENTED_EDGE('',*,*,#13756,.F.);
#14011 = ORIENTED_EDGE('',*,*,#14012,.T.);
#14012 = EDGE_CURVE('',#13757,#13941,#14013,.T.);
#14013 = SURFACE_CURVE('',#14014,(#14018,#14025),.PCURVE_S1.);
#14014 = LINE('',#14015,#14016);
#14015 = CARTESIAN_POINT('',(208.,55.,37.25));
#14016 = VECTOR('',#14017,1.);
#14017 = DIRECTION('',(0.,0.,-1.));
#14018 = PCURVE('',#13774,#14019);
#14019 = DEFINITIONAL_REPRESENTATION('',(#14020),#14024);
#14020 = LINE('',#14021,#14022);
#14021 = CARTESIAN_POINT('',(-6.75,-1.));
#14022 = VECTOR('',#14023,1.);
#14023 = DIRECTION('',(-1.,0.));
#14024 = ( GEOMETRIC_REPRESENTATION_CONTEXT(2) 
PARAMETRIC_REPRESENTATION_CONTEXT() REPRESENTATION_CONTEXT('2D SPACE',''
  ) );
#14025 = PCURVE('',#240,#14026);
#14026 = DEFINITIONAL_REPRESENTATION('',(#14027),#14031);
#14027 = LINE('',#14028,#14029);
#14028 = CARTESIAN_POINT('',(6.75,8.));
#14029 = VECTOR('',#14030,1.);
#14030 = DIRECTION('',(-1.,0.));
#14031 = ( GEOMETRIC_REPRESENTATION_CONTEXT(2) 
PARAMETRIC_REPRESENTATION_CONTEXT() REPRESENTATION_CONTEXT('2D SPACE',''
  ) );
#14032 = ORIENTED_EDGE('',*,*,#13940,.T.);
#14033 = ORIENTED_EDGE('',*,*,#14034,.F.);
#14034 = EDGE_CURVE('',#13759,#13943,#14035,.T.);
#14035 = SURFACE_CURVE('',#14036,(#14040,#14047),.PCURVE_S1.);
#14036 = LINE('',#14037,#14038);
#14037 = CARTESIAN_POINT('',(208.,61.,37.25));
#14038 = VECTOR('',#14039,1.);
#14039 = DIRECTION('',(0.,0.,-1.));
#14040 = PCURVE('',#13774,#14041);
#14041 = DEFINITIONAL_REPRESENTATION('',(#14042),#14046);
#14042 = LINE('',#14043,#14044);
#14043 = CARTESIAN_POINT('',(-6.75,-7.));
#14044 = VECTOR('',#14045,1.);
#14045 = DIRECTION('',(-1.,0.));
#14046 = ( GEOMETRIC_REPRESENTATION_CONTEXT(2) 
PARAMETRIC_REPRESENTATION_CONTEXT() REPRESENTATION_CONTEXT('2D SPACE',''
  ) );
#14047 = PCURVE('',#662,#14048);
#14048 = DEFINITIONAL_REPRESENTATION('',(#14049),#14053);
#14049 = LINE('',#14050,#14051);
#14050 = CARTESIAN_POINT('',(6.75,8.));
#14051 = VECTOR('',#14052,1.);
#14052 = DIRECTION('',(-1.,0.));
#14053 = ( GEOMETRIC_REPRESENTATION_CONTEXT(2) 
PARAMETRIC_REPRESENTATION_CONTEXT() REPRESENTATION_CONTEXT('2D SPACE',''
  ) );
#14054 = ADVANCED_FACE('',(#14055,#14087,#14093,#14207,#14321,#14435,
    #14470,#14584,#14590),#662,.T.);
#14055 = FACE_BOUND('',#14056,.T.);
#14056 = EDGE_LOOP('',(#14057,#14078,#14079,#14080,#14081,#14082,#14083,
    #14084,#14085,#14086));
#14057 = ORIENTED_EDGE('',*,*,#14058,.F.);
#14058 = EDGE_CURVE('',#619,#12053,#14059,.T.);
#14059 = SURFACE_CURVE('',#14060,(#14064,#14071),.PCURVE_S1.);
#14060 = LINE('',#14061,#14062);
#14061 = CARTESIAN_POINT('',(200.,61.,36.));
#14062 = VECTOR('',#14063,1.);
#14063 = DIRECTION('',(1.,0.,0.));
#14064 = PCURVE('',#662,#14065);
#14065 = DEFINITIONAL_REPRESENTATION('',(#14066),#14070);
#14066 = LINE('',#14067,#14068);
#14067 = CARTESIAN_POINT('',(5.5,0.));
#14068 = VECTOR('',#14069,1.);
#14069 = DIRECTION('',(0.,1.));
#14070 = ( GEOMETRIC_REPRESENTATION_CONTEXT(2) 
PARAMETRIC_REPRESENTATION_CONTEXT() REPRESENTATION_CONTEXT('2D SPACE',''
  ) );
#14071 = PCURVE('',#634,#14072);
#14072 = DEFINITIONAL_REPRESENTATION('',(#14073),#14077);
#14073 = LINE('',#14074,#14075);
#14074 = CARTESIAN_POINT('',(0.,6.));
#14075 = VECTOR('',#14076,1.);
#14076 = DIRECTION('',(1.,0.));
#14077 = ( GEOMETRIC_REPRESENTATION_CONTEXT(2) 
PARAMETRIC_REPRESENTATION_CONTEXT() REPRESENTATION_CONTEXT('2D SPACE',''
  ) );
#14078 = ORIENTED_EDGE('',*,*,#646,.F.);
#14079 = ORIENTED_EDGE('',*,*,#7373,.F.);
#14080 = ORIENTED_EDGE('',*,*,#13544,.T.);
#14081 = ORIENTED_EDGE('',*,*,#7297,.F.);
#14082 = ORIENTED_EDGE('',*,*,#13304,.T.);
#14083 = ORIENTED_EDGE('',*,*,#7221,.F.);
#14084 = ORIENTED_EDGE('',*,*,#12124,.T.);
#14085 = ORIENTED_EDGE('',*,*,#7145,.F.);
#14086 = ORIENTED_EDGE('',*,*,#12075,.T.);
#14087 = FACE_BOUND('',#14088,.T.);
#14088 = EDGE_LOOP('',(#14089,#14090,#14091,#14092));
#14089 = ORIENTED_EDGE('',*,*,#13837,.F.);
#14090 = ORIENTED_EDGE('',*,*,#14034,.T.);
#14091 = ORIENTED_EDGE('',*,*,#13987,.T.);
#14092 = ORIENTED_EDGE('',*,*,#13916,.F.);
#14093 = FACE_BOUND('',#14094,.T.);
#14094 = EDGE_LOOP('',(#14095,#14125,#14153,#14181));
#14095 = ORIENTED_EDGE('',*,*,#14096,.F.);
#14096 = EDGE_CURVE('',#14097,#14099,#14101,.T.);
#14097 = VERTEX_POINT('',#14098);
#14098 = CARTESIAN_POINT('',(231.66666666666,61.,142.));
#14099 = VERTEX_POINT('',#14100);
#14100 = CARTESIAN_POINT('',(247.33333333333,61.,142.));
#14101 = SURFACE_CURVE('',#14102,(#14106,#14113),.PCURVE_S1.);
#14102 = LINE('',#14103,#14104);
#14103 = CARTESIAN_POINT('',(215.83333333333,61.,142.));
#14104 = VECTOR('',#14105,1.);
#14105 = DIRECTION('',(1.,0.,0.));
#14106 = PCURVE('',#662,#14107);
#14107 = DEFINITIONAL_REPRESENTATION('',(#14108),#14112);
#14108 = LINE('',#14109,#14110);
#14109 = CARTESIAN_POINT('',(111.5,15.833333333333));
#14110 = VECTOR('',#14111,1.);
#14111 = DIRECTION('',(0.,1.));
#14112 = ( GEOMETRIC_REPRESENTATION_CONTEXT(2) 
PARAMETRIC_REPRESENTATION_CONTEXT() REPRESENTATION_CONTEXT('2D SPACE',''
  ) );
#14113 = PCURVE('',#14114,#14119);
#14114 = PLANE('',#14115);
#14115 = AXIS2_PLACEMENT_3D('',#14116,#14117,#14118);
#14116 = CARTESIAN_POINT('',(231.66666666666,54.,142.));
#14117 = DIRECTION('',(0.,0.,1.));
#14118 = DIRECTION('',(1.,0.,0.));
#14119 = DEFINITIONAL_REPRESENTATION('',(#14120),#14124);
#14120 = LINE('',#14121,#14122);
#14121 = CARTESIAN_POINT('',(-15.83333333333,7.));
#14122 = VECTOR('',#14123,1.);
#14123 = DIRECTION('',(1.,0.));
#14124 = ( GEOMETRIC_REPRESENTATION_CONTEXT(2) 
PARAMETRIC_REPRESENTATION_CONTEXT() REPRESENTATION_CONTEXT('2D SPACE',''
  ) );
#14125 = ORIENTED_EDGE('',*,*,#14126,.T.);
#14126 = EDGE_CURVE('',#14097,#14127,#14129,.T.);
#14127 = VERTEX_POINT('',#14128);
#14128 = CARTESIAN_POINT('',(231.66666666666,61.,44.));
#14129 = SURFACE_CURVE('',#14130,(#14134,#14141),.PCURVE_S1.);
#14130 = LINE('',#14131,#14132);
#14131 = CARTESIAN_POINT('',(231.66666666666,61.,37.25));
#14132 = VECTOR('',#14133,1.);
#14133 = DIRECTION('',(0.,0.,-1.));
#14134 = PCURVE('',#662,#14135);
#14135 = DEFINITIONAL_REPRESENTATION('',(#14136),#14140);
#14136 = LINE('',#14137,#14138);
#14137 = CARTESIAN_POINT('',(6.75,31.666666666667));
#14138 = VECTOR('',#14139,1.);
#14139 = DIRECTION('',(-1.,0.));
#14140 = ( GEOMETRIC_REPRESENTATION_CONTEXT(2) 
PARAMETRIC_REPRESENTATION_CONTEXT() REPRESENTATION_CONTEXT('2D SPACE',''
  ) );
#14141 = PCURVE('',#14142,#14147);
#14142 = PLANE('',#14143);
#14143 = AXIS2_PLACEMENT_3D('',#14144,#14145,#14146);
#14144 = CARTESIAN_POINT('',(231.66666666666,54.,44.));
#14145 = DIRECTION('',(1.,0.,0.));
#14146 = DIRECTION('',(0.,0.,1.));
#14147 = DEFINITIONAL_REPRESENTATION('',(#14148),#14152);
#14148 = LINE('',#14149,#14150);
#14149 = CARTESIAN_POINT('',(-6.75,-7.));
#14150 = VECTOR('',#14151,1.);
#14151 = DIRECTION('',(-1.,0.));
#14152 = ( GEOMETRIC_REPRESENTATION_CONTEXT(2) 
PARAMETRIC_REPRESENTATION_CONTEXT() REPRESENTATION_CONTEXT('2D SPACE',''
  ) );
#14153 = ORIENTED_EDGE('',*,*,#14154,.T.);
#14154 = EDGE_CURVE('',#14127,#14155,#14157,.T.);
#14155 = VERTEX_POINT('',#14156);
#14156 = CARTESIAN_POINT('',(247.33333333333,61.,44.));
#14157 = SURFACE_CURVE('',#14158,(#14162,#14169),.PCURVE_S1.);
#14158 = LINE('',#14159,#14160);
#14159 = CARTESIAN_POINT('',(215.83333333333,61.,44.));
#14160 = VECTOR('',#14161,1.);
#14161 = DIRECTION('',(1.,0.,0.));
#14162 = PCURVE('',#662,#14163);
#14163 = DEFINITIONAL_REPRESENTATION('',(#14164),#14168);
#14164 = LINE('',#14165,#14166);
#14165 = CARTESIAN_POINT('',(13.5,15.833333333333));
#14166 = VECTOR('',#14167,1.);
#14167 = DIRECTION('',(0.,1.));
#14168 = ( GEOMETRIC_REPRESENTATION_CONTEXT(2) 
PARAMETRIC_REPRESENTATION_CONTEXT() REPRESENTATION_CONTEXT('2D SPACE',''
  ) );
#14169 = PCURVE('',#14170,#14175);
#14170 = PLANE('',#14171);
#14171 = AXIS2_PLACEMENT_3D('',#14172,#14173,#14174);
#14172 = CARTESIAN_POINT('',(231.66666666666,54.,44.));
#14173 = DIRECTION('',(0.,0.,1.));
#14174 = DIRECTION('',(1.,0.,0.));
#14175 = DEFINITIONAL_REPRESENTATION('',(#14176),#14180);
#14176 = LINE('',#14177,#14178);
#14177 = CARTESIAN_POINT('',(-15.83333333333,7.));
#14178 = VECTOR('',#14179,1.);
#14179 = DIRECTION('',(1.,0.));
#14180 = ( GEOMETRIC_REPRESENTATION_CONTEXT(2) 
PARAMETRIC_REPRESENTATION_CONTEXT() REPRESENTATION_CONTEXT('2D SPACE',''
  ) );
#14181 = ORIENTED_EDGE('',*,*,#14182,.F.);
#14182 = EDGE_CURVE('',#14099,#14155,#14183,.T.);
#14183 = SURFACE_CURVE('',#14184,(#14188,#14195),.PCURVE_S1.);
#14184 = LINE('',#14185,#14186);
#14185 = CARTESIAN_POINT('',(247.33333333333,61.,37.25));
#14186 = VECTOR('',#14187,1.);
#14187 = DIRECTION('',(0.,0.,-1.));
#14188 = PCURVE('',#662,#14189);
#14189 = DEFINITIONAL_REPRESENTATION('',(#14190),#14194);
#14190 = LINE('',#14191,#14192);
#14191 = CARTESIAN_POINT('',(6.75,47.333333333333));
#14192 = VECTOR('',#14193,1.);
#14193 = DIRECTION('',(-1.,0.));
#14194 = ( GEOMETRIC_REPRESENTATION_CONTEXT(2) 
PARAMETRIC_REPRESENTATION_CONTEXT() REPRESENTATION_CONTEXT('2D SPACE',''
  ) );
#14195 = PCURVE('',#14196,#14201);
#14196 = PLANE('',#14197);
#14197 = AXIS2_PLACEMENT_3D('',#14198,#14199,#14200);
#14198 = CARTESIAN_POINT('',(247.33333333333,54.,44.));
#14199 = DIRECTION('',(1.,0.,0.));
#14200 = DIRECTION('',(0.,0.,1.));
#14201 = DEFINITIONAL_REPRESENTATION('',(#14202),#14206);
#14202 = LINE('',#14203,#14204);
#14203 = CARTESIAN_POINT('',(-6.75,-7.));
#14204 = VECTOR('',#14205,1.);
#14205 = DIRECTION('',(-1.,0.));
#14206 = ( GEOMETRIC_REPRESENTATION_CONTEXT(2) 
PARAMETRIC_REPRESENTATION_CONTEXT() REPRESENTATION_CONTEXT('2D SPACE',''
  ) );
#14207 = FACE_BOUND('',#14208,.T.);
#14208 = EDGE_LOOP('',(#14209,#14239,#14267,#14295));
#14209 = ORIENTED_EDGE('',*,*,#14210,.F.);
#14210 = EDGE_CURVE('',#14211,#14213,#14215,.T.);
#14211 = VERTEX_POINT('',#14212);
#14212 = CARTESIAN_POINT('',(255.33333333333,61.,142.));
#14213 = VERTEX_POINT('',#14214);
#14214 = CARTESIAN_POINT('',(271.,61.,142.));
#14215 = SURFACE_CURVE('',#14216,(#14220,#14227),.PCURVE_S1.);
#14216 = LINE('',#14217,#14218);
#14217 = CARTESIAN_POINT('',(227.66666666666,61.,142.));
#14218 = VECTOR('',#14219,1.);
#14219 = DIRECTION('',(1.,0.,0.));
#14220 = PCURVE('',#662,#14221);
#14221 = DEFINITIONAL_REPRESENTATION('',(#14222),#14226);
#14222 = LINE('',#14223,#14224);
#14223 = CARTESIAN_POINT('',(111.5,27.666666666667));
#14224 = VECTOR('',#14225,1.);
#14225 = DIRECTION('',(0.,1.));
#14226 = ( GEOMETRIC_REPRESENTATION_CONTEXT(2) 
PARAMETRIC_REPRESENTATION_CONTEXT() REPRESENTATION_CONTEXT('2D SPACE',''
  ) );
#14227 = PCURVE('',#14228,#14233);
#14228 = PLANE('',#14229);
#14229 = AXIS2_PLACEMENT_3D('',#14230,#14231,#14232);
#14230 = CARTESIAN_POINT('',(255.33333333333,54.,142.));
#14231 = DIRECTION('',(0.,0.,1.));
#14232 = DIRECTION('',(1.,0.,0.));
#14233 = DEFINITIONAL_REPRESENTATION('',(#14234),#14238);
#14234 = LINE('',#14235,#14236);
#14235 = CARTESIAN_POINT('',(-27.66666666666,7.));
#14236 = VECTOR('',#14237,1.);
#14237 = DIRECTION('',(1.,0.));
#14238 = ( GEOMETRIC_REPRESENTATION_CONTEXT(2) 
PARAMETRIC_REPRESENTATION_CONTEXT() REPRESENTATION_CONTEXT('2D SPACE',''
  ) );
#14239 = ORIENTED_EDGE('',*,*,#14240,.T.);
#14240 = EDGE_CURVE('',#14211,#14241,#14243,.T.);
#14241 = VERTEX_POINT('',#14242);
#14242 = CARTESIAN_POINT('',(255.33333333333,61.,44.));
#14243 = SURFACE_CURVE('',#14244,(#14248,#14255),.PCURVE_S1.);
#14244 = LINE('',#14245,#14246);
#14245 = CARTESIAN_POINT('',(255.33333333333,61.,37.25));
#14246 = VECTOR('',#14247,1.);
#14247 = DIRECTION('',(0.,0.,-1.));
#14248 = PCURVE('',#662,#14249);
#14249 = DEFINITIONAL_REPRESENTATION('',(#14250),#14254);
#14250 = LINE('',#14251,#14252);
#14251 = CARTESIAN_POINT('',(6.75,55.333333333333));
#14252 = VECTOR('',#14253,1.);
#14253 = DIRECTION('',(-1.,0.));
#14254 = ( GEOMETRIC_REPRESENTATION_CONTEXT(2) 
PARAMETRIC_REPRESENTATION_CONTEXT() REPRESENTATION_CONTEXT('2D SPACE',''
  ) );
#14255 = PCURVE('',#14256,#14261);
#14256 = PLANE('',#14257);
#14257 = AXIS2_PLACEMENT_3D('',#14258,#14259,#14260);
#14258 = CARTESIAN_POINT('',(255.33333333333,54.,44.));
#14259 = DIRECTION('',(1.,0.,0.));
#14260 = DIRECTION('',(0.,0.,1.));
#14261 = DEFINITIONAL_REPRESENTATION('',(#14262),#14266);
#14262 = LINE('',#14263,#14264);
#14263 = CARTESIAN_POINT('',(-6.75,-7.));
#14264 = VECTOR('',#14265,1.);
#14265 = DIRECTION('',(-1.,0.));
#14266 = ( GEOMETRIC_REPRESENTATION_CONTEXT(2) 
PARAMETRIC_REPRESENTATION_CONTEXT() REPRESENTATION_CONTEXT('2D SPACE',''
  ) );
#14267 = ORIENTED_EDGE('',*,*,#14268,.T.);
#14268 = EDGE_CURVE('',#14241,#14269,#14271,.T.);
#14269 = VERTEX_POINT('',#14270);
#14270 = CARTESIAN_POINT('',(271.,61.,44.));
#14271 = SURFACE_CURVE('',#14272,(#14276,#14283),.PCURVE_S1.);
#14272 = LINE('',#14273,#14274);
#14273 = CARTESIAN_POINT('',(227.66666666666,61.,44.));
#14274 = VECTOR('',#14275,1.);
#14275 = DIRECTION('',(1.,0.,0.));
#14276 = PCURVE('',#662,#14277);
#14277 = DEFINITIONAL_REPRESENTATION('',(#14278),#14282);
#14278 = LINE('',#14279,#14280);
#14279 = CARTESIAN_POINT('',(13.5,27.666666666667));
#14280 = VECTOR('',#14281,1.);
#14281 = DIRECTION('',(0.,1.));
#14282 = ( GEOMETRIC_REPRESENTATION_CONTEXT(2) 
PARAMETRIC_REPRESENTATION_CONTEXT() REPRESENTATION_CONTEXT('2D SPACE',''
  ) );
#14283 = PCURVE('',#14284,#14289);
#14284 = PLANE('',#14285);
#14285 = AXIS2_PLACEMENT_3D('',#14286,#14287,#14288);
#14286 = CARTESIAN_POINT('',(255.33333333333,54.,44.));
#14287 = DIRECTION('',(0.,0.,1.));
#14288 = DIRECTION('',(1.,0.,0.));
#14289 = DEFINITIONAL_REPRESENTATION('',(#14290),#14294);
#14290 = LINE('',#14291,#14292);
#14291 = CARTESIAN_POINT('',(-27.66666666666,7.));
#14292 = VECTOR('',#14293,1.);
#14293 = DIRECTION('',(1.,0.));
#14294 = ( GEOMETRIC_REPRESENTATION_CONTEXT(2) 
PARAMETRIC_REPRESENTATION_CONTEXT() REPRESENTATION_CONTEXT('2D SPACE',''
  ) );
#14295 = ORIENTED_EDGE('',*,*,#14296,.F.);
#14296 = EDGE_CURVE('',#14213,#14269,#14297,.T.);
#14297 = SURFACE_CURVE('',#14298,(#14302,#14309),.PCURVE_S1.);
#14298 = LINE('',#14299,#14300);
#14299 = CARTESIAN_POINT('',(271.,61.,37.25));
#14300 = VECTOR('',#14301,1.);
#14301 = DIRECTION('',(0.,0.,-1.));
#14302 = PCURVE('',#662,#14303);
#14303 = DEFINITIONAL_REPRESENTATION('',(#14304),#14308);
#14304 = LINE('',#14305,#14306);
#14305 = CARTESIAN_POINT('',(6.75,71.));
#14306 = VECTOR('',#14307,1.);
#14307 = DIRECTION('',(-1.,0.));
#14308 = ( GEOMETRIC_REPRESENTATION_CONTEXT(2) 
PARAMETRIC_REPRESENTATION_CONTEXT() REPRESENTATION_CONTEXT('2D SPACE',''
  ) );
#14309 = PCURVE('',#14310,#14315);
#14310 = PLANE('',#14311);
#14311 = AXIS2_PLACEMENT_3D('',#14312,#14313,#14314);
#14312 = CARTESIAN_POINT('',(271.,54.,44.));
#14313 = DIRECTION('',(1.,0.,0.));
#14314 = DIRECTION('',(0.,0.,1.));
#14315 = DEFINITIONAL_REPRESENTATION('',(#14316),#14320);
#14316 = LINE('',#14317,#14318);
#14317 = CARTESIAN_POINT('',(-6.75,-7.));
#14318 = VECTOR('',#14319,1.);
#14319 = DIRECTION('',(-1.,0.));
#14320 = ( GEOMETRIC_REPRESENTATION_CONTEXT(2) 
PARAMETRIC_REPRESENTATION_CONTEXT() REPRESENTATION_CONTEXT('2D SPACE',''
  ) );
#14321 = FACE_BOUND('',#14322,.T.);
#14322 = EDGE_LOOP('',(#14323,#14353,#14381,#14409));
#14323 = ORIENTED_EDGE('',*,*,#14324,.F.);
#14324 = EDGE_CURVE('',#14325,#14327,#14329,.T.);
#14325 = VERTEX_POINT('',#14326);
#14326 = CARTESIAN_POINT('',(279.,61.,142.));
#14327 = VERTEX_POINT('',#14328);
#14328 = CARTESIAN_POINT('',(294.66666666666,61.,142.));
#14329 = SURFACE_CURVE('',#14330,(#14334,#14341),.PCURVE_S1.);
#14330 = LINE('',#14331,#14332);
#14331 = CARTESIAN_POINT('',(239.5,61.,142.));
#14332 = VECTOR('',#14333,1.);
#14333 = DIRECTION('',(1.,0.,0.));
#14334 = PCURVE('',#662,#14335);
#14335 = DEFINITIONAL_REPRESENTATION('',(#14336),#14340);
#14336 = LINE('',#14337,#14338);
#14337 = CARTESIAN_POINT('',(111.5,39.5));
#14338 = VECTOR('',#14339,1.);
#14339 = DIRECTION('',(0.,1.));
#14340 = ( GEOMETRIC_REPRESENTATION_CONTEXT(2) 
PARAMETRIC_REPRESENTATION_CONTEXT() REPRESENTATION_CONTEXT('2D SPACE',''
  ) );
#14341 = PCURVE('',#14342,#14347);
#14342 = PLANE('',#14343);
#14343 = AXIS2_PLACEMENT_3D('',#14344,#14345,#14346);
#14344 = CARTESIAN_POINT('',(279.,54.,142.));
#14345 = DIRECTION('',(0.,0.,1.));
#14346 = DIRECTION('',(1.,0.,0.));
#14347 = DEFINITIONAL_REPRESENTATION('',(#14348),#14352);
#14348 = LINE('',#14349,#14350);
#14349 = CARTESIAN_POINT('',(-39.5,7.));
#14350 = VECTOR('',#14351,1.);
#14351 = DIRECTION('',(1.,0.));
#14352 = ( GEOMETRIC_REPRESENTATION_CONTEXT(2) 
PARAMETRIC_REPRESENTATION_CONTEXT() REPRESENTATION_CONTEXT('2D SPACE',''
  ) );
#14353 = ORIENTED_EDGE('',*,*,#14354,.T.);
#14354 = EDGE_CURVE('',#14325,#14355,#14357,.T.);
#14355 = VERTEX_POINT('',#14356);
#14356 = CARTESIAN_POINT('',(279.,61.,44.));
#14357 = SURFACE_CURVE('',#14358,(#14362,#14369),.PCURVE_S1.);
#14358 = LINE('',#14359,#14360);
#14359 = CARTESIAN_POINT('',(279.,61.,37.25));
#14360 = VECTOR('',#14361,1.);
#14361 = DIRECTION('',(0.,0.,-1.));
#14362 = PCURVE('',#662,#14363);
#14363 = DEFINITIONAL_REPRESENTATION('',(#14364),#14368);
#14364 = LINE('',#14365,#14366);
#14365 = CARTESIAN_POINT('',(6.75,79.));
#14366 = VECTOR('',#14367,1.);
#14367 = DIRECTION('',(-1.,0.));
#14368 = ( GEOMETRIC_REPRESENTATION_CONTEXT(2) 
PARAMETRIC_REPRESENTATION_CONTEXT() REPRESENTATION_CONTEXT('2D SPACE',''
  ) );
#14369 = PCURVE('',#14370,#14375);
#14370 = PLANE('',#14371);
#14371 = AXIS2_PLACEMENT_3D('',#14372,#14373,#14374);
#14372 = CARTESIAN_POINT('',(279.,54.,44.));
#14373 = DIRECTION('',(1.,0.,0.));
#14374 = DIRECTION('',(0.,0.,1.));
#14375 = DEFINITIONAL_REPRESENTATION('',(#14376),#14380);
#14376 = LINE('',#14377,#14378);
#14377 = CARTESIAN_POINT('',(-6.75,-7.));
#14378 = VECTOR('',#14379,1.);
#14379 = DIRECTION('',(-1.,0.));
#14380 = ( GEOMETRIC_REPRESENTATION_CONTEXT(2) 
PARAMETRIC_REPRESENTATION_CONTEXT() REPRESENTATION_CONTEXT('2D SPACE',''
  ) );
#14381 = ORIENTED_EDGE('',*,*,#14382,.T.);
#14382 = EDGE_CURVE('',#14355,#14383,#14385,.T.);
#14383 = VERTEX_POINT('',#14384);
#14384 = CARTESIAN_POINT('',(294.66666666666,61.,44.));
#14385 = SURFACE_CURVE('',#14386,(#14390,#14397),.PCURVE_S1.);
#14386 = LINE('',#14387,#14388);
#14387 = CARTESIAN_POINT('',(239.5,61.,44.));
#14388 = VECTOR('',#14389,1.);
#14389 = DIRECTION('',(1.,0.,0.));
#14390 = PCURVE('',#662,#14391);
#14391 = DEFINITIONAL_REPRESENTATION('',(#14392),#14396);
#14392 = LINE('',#14393,#14394);
#14393 = CARTESIAN_POINT('',(13.5,39.5));
#14394 = VECTOR('',#14395,1.);
#14395 = DIRECTION('',(0.,1.));
#14396 = ( GEOMETRIC_REPRESENTATION_CONTEXT(2) 
PARAMETRIC_REPRESENTATION_CONTEXT() REPRESENTATION_CONTEXT('2D SPACE',''
  ) );
#14397 = PCURVE('',#14398,#14403);
#14398 = PLANE('',#14399);
#14399 = AXIS2_PLACEMENT_3D('',#14400,#14401,#14402);
#14400 = CARTESIAN_POINT('',(279.,54.,44.));
#14401 = DIRECTION('',(0.,0.,1.));
#14402 = DIRECTION('',(1.,0.,0.));
#14403 = DEFINITIONAL_REPRESENTATION('',(#14404),#14408);
#14404 = LINE('',#14405,#14406);
#14405 = CARTESIAN_POINT('',(-39.5,7.));
#14406 = VECTOR('',#14407,1.);
#14407 = DIRECTION('',(1.,0.));
#14408 = ( GEOMETRIC_REPRESENTATION_CONTEXT(2) 
PARAMETRIC_REPRESENTATION_CONTEXT() REPRESENTATION_CONTEXT('2D SPACE',''
  ) );
#14409 = ORIENTED_EDGE('',*,*,#14410,.F.);
#14410 = EDGE_CURVE('',#14327,#14383,#14411,.T.);
#14411 = SURFACE_CURVE('',#14412,(#14416,#14423),.PCURVE_S1.);
#14412 = LINE('',#14413,#14414);
#14413 = CARTESIAN_POINT('',(294.66666666666,61.,37.25));
#14414 = VECTOR('',#14415,1.);
#14415 = DIRECTION('',(0.,0.,-1.));
#14416 = PCURVE('',#662,#14417);
#14417 = DEFINITIONAL_REPRESENTATION('',(#14418),#14422);
#14418 = LINE('',#14419,#14420);
#14419 = CARTESIAN_POINT('',(6.75,94.666666666667));
#14420 = VECTOR('',#14421,1.);
#14421 = DIRECTION('',(-1.,0.));
#14422 = ( GEOMETRIC_REPRESENTATION_CONTEXT(2) 
PARAMETRIC_REPRESENTATION_CONTEXT() REPRESENTATION_CONTEXT('2D SPACE',''
  ) );
#14423 = PCURVE('',#14424,#14429);
#14424 = PLANE('',#14425);
#14425 = AXIS2_PLACEMENT_3D('',#14426,#14427,#14428);
#14426 = CARTESIAN_POINT('',(294.66666666666,54.,44.));
#14427 = DIRECTION('',(1.,0.,0.));
#14428 = DIRECTION('',(0.,0.,1.));
#14429 = DEFINITIONAL_REPRESENTATION('',(#14430),#14434);
#14430 = LINE('',#14431,#14432);
#14431 = CARTESIAN_POINT('',(-6.75,-7.));
#14432 = VECTOR('',#14433,1.);
#14433 = DIRECTION('',(-1.,0.));
#14434 = ( GEOMETRIC_REPRESENTATION_CONTEXT(2) 
PARAMETRIC_REPRESENTATION_CONTEXT() REPRESENTATION_CONTEXT('2D SPACE',''
  ) );
#14435 = FACE_BOUND('',#14436,.T.);
#14436 = EDGE_LOOP('',(#14437));
#14437 = ORIENTED_EDGE('',*,*,#14438,.T.);
#14438 = EDGE_CURVE('',#14439,#14439,#14441,.T.);
#14439 = VERTEX_POINT('',#14440);
#14440 = CARTESIAN_POINT('',(335.2,61.,49.));
#14441 = SURFACE_CURVE('',#14442,(#14447,#14458),.PCURVE_S1.);
#14442 = CIRCLE('',#14443,3.2);
#14443 = AXIS2_PLACEMENT_3D('',#14444,#14445,#14446);
#14444 = CARTESIAN_POINT('',(332.,61.,49.));
#14445 = DIRECTION('',(0.,-1.,0.));
#14446 = DIRECTION('',(1.,0.,0.));
#14447 = PCURVE('',#662,#14448);
#14448 = DEFINITIONAL_REPRESENTATION('',(#14449),#14457);
#14449 = ( BOUNDED_CURVE() B_SPLINE_CURVE(2,(#14450,#14451,#14452,#14453
    ,#14454,#14455,#14456),.UNSPECIFIED.,.T.,.F.) 
B_SPLINE_CURVE_WITH_KNOTS((1,2,2,2,2,1),(-2.094395102393,0.,
    2.094395102393,4.188790204786,6.28318530718,8.377580409573),
.UNSPECIFIED.) CURVE() GEOMETRIC_REPRESENTATION_ITEM() 
RATIONAL_B_SPLINE_CURVE((1.,0.5,1.,0.5,1.,0.5,1.)) REPRESENTATION_ITEM(
  '') );
#14450 = CARTESIAN_POINT('',(18.5,135.2));
#14451 = CARTESIAN_POINT('',(24.04256258422,135.2));
#14452 = CARTESIAN_POINT('',(21.27128129211,130.4));
#14453 = CARTESIAN_POINT('',(18.5,125.6));
#14454 = CARTESIAN_POINT('',(15.72871870789,130.4));
#14455 = CARTESIAN_POINT('',(12.95743741578,135.2));
#14456 = CARTESIAN_POINT('',(18.5,135.2));
#14457 = ( GEOMETRIC_REPRESENTATION_CONTEXT(2) 
PARAMETRIC_REPRESENTATION_CONTEXT() REPRESENTATION_CONTEXT('2D SPACE',''
  ) );
#14458 = PCURVE('',#14459,#14464);
#14459 = CYLINDRICAL_SURFACE('',#14460,3.2);
#14460 = AXIS2_PLACEMENT_3D('',#14461,#14462,#14463);
#14461 = CARTESIAN_POINT('',(332.,54.,49.));
#14462 = DIRECTION('',(0.,-1.,0.));
#14463 = DIRECTION('',(1.,0.,0.));
#14464 = DEFINITIONAL_REPRESENTATION('',(#14465),#14469);
#14465 = LINE('',#14466,#14467);
#14466 = CARTESIAN_POINT('',(0.,-7.));
#14467 = VECTOR('',#14468,1.);
#14468 = DIRECTION('',(1.,0.));
#14469 = ( GEOMETRIC_REPRESENTATION_CONTEXT(2) 
PARAMETRIC_REPRESENTATION_CONTEXT() REPRESENTATION_CONTEXT('2D SPACE',''
  ) );
#14470 = FACE_BOUND('',#14471,.T.);
#14471 = EDGE_LOOP('',(#14472,#14502,#14530,#14558));
#14472 = ORIENTED_EDGE('',*,*,#14473,.F.);
#14473 = EDGE_CURVE('',#14474,#14476,#14478,.T.);
#14474 = VERTEX_POINT('',#14475);
#14475 = CARTESIAN_POINT('',(302.66666666666,61.,142.));
#14476 = VERTEX_POINT('',#14477);
#14477 = CARTESIAN_POINT('',(318.33333333333,61.,142.));
#14478 = SURFACE_CURVE('',#14479,(#14483,#14490),.PCURVE_S1.);
#14479 = LINE('',#14480,#14481);
#14480 = CARTESIAN_POINT('',(251.33333333333,61.,142.));
#14481 = VECTOR('',#14482,1.);
#14482 = DIRECTION('',(1.,0.,0.));
#14483 = PCURVE('',#662,#14484);
#14484 = DEFINITIONAL_REPRESENTATION('',(#14485),#14489);
#14485 = LINE('',#14486,#14487);
#14486 = CARTESIAN_POINT('',(111.5,51.333333333333));
#14487 = VECTOR('',#14488,1.);
#14488 = DIRECTION('',(0.,1.));
#14489 = ( GEOMETRIC_REPRESENTATION_CONTEXT(2) 
PARAMETRIC_REPRESENTATION_CONTEXT() REPRESENTATION_CONTEXT('2D SPACE',''
  ) );
#14490 = PCURVE('',#14491,#14496);
#14491 = PLANE('',#14492);
#14492 = AXIS2_PLACEMENT_3D('',#14493,#14494,#14495);
#14493 = CARTESIAN_POINT('',(302.66666666666,54.,142.));
#14494 = DIRECTION('',(0.,0.,1.));
#14495 = DIRECTION('',(1.,0.,0.));
#14496 = DEFINITIONAL_REPRESENTATION('',(#14497),#14501);
#14497 = LINE('',#14498,#14499);
#14498 = CARTESIAN_POINT('',(-51.33333333333,7.));
#14499 = VECTOR('',#14500,1.);
#14500 = DIRECTION('',(1.,0.));
#14501 = ( GEOMETRIC_REPRESENTATION_CONTEXT(2) 
PARAMETRIC_REPRESENTATION_CONTEXT() REPRESENTATION_CONTEXT('2D SPACE',''
  ) );
#14502 = ORIENTED_EDGE('',*,*,#14503,.T.);
#14503 = EDGE_CURVE('',#14474,#14504,#14506,.T.);
#14504 = VERTEX_POINT('',#14505);
#14505 = CARTESIAN_POINT('',(302.66666666666,61.,44.));
#14506 = SURFACE_CURVE('',#14507,(#14511,#14518),.PCURVE_S1.);
#14507 = LINE('',#14508,#14509);
#14508 = CARTESIAN_POINT('',(302.66666666666,61.,37.25));
#14509 = VECTOR('',#14510,1.);
#14510 = DIRECTION('',(0.,0.,-1.));
#14511 = PCURVE('',#662,#14512);
#14512 = DEFINITIONAL_REPRESENTATION('',(#14513),#14517);
#14513 = LINE('',#14514,#14515);
#14514 = CARTESIAN_POINT('',(6.75,102.66666666666));
#14515 = VECTOR('',#14516,1.);
#14516 = DIRECTION('',(-1.,0.));
#14517 = ( GEOMETRIC_REPRESENTATION_CONTEXT(2) 
PARAMETRIC_REPRESENTATION_CONTEXT() REPRESENTATION_CONTEXT('2D SPACE',''
  ) );
#14518 = PCURVE('',#14519,#14524);
#14519 = PLANE('',#14520);
#14520 = AXIS2_PLACEMENT_3D('',#14521,#14522,#14523);
#14521 = CARTESIAN_POINT('',(302.66666666666,54.,44.));
#14522 = DIRECTION('',(1.,0.,0.));
#14523 = DIRECTION('',(0.,0.,1.));
#14524 = DEFINITIONAL_REPRESENTATION('',(#14525),#14529);
#14525 = LINE('',#14526,#14527);
#14526 = CARTESIAN_POINT('',(-6.75,-7.));
#14527 = VECTOR('',#14528,1.);
#14528 = DIRECTION('',(-1.,0.));
#14529 = ( GEOMETRIC_REPRESENTATION_CONTEXT(2) 
PARAMETRIC_REPRESENTATION_CONTEXT() REPRESENTATION_CONTEXT('2D SPACE',''
  ) );
#14530 = ORIENTED_EDGE('',*,*,#14531,.T.);
#14531 = EDGE_CURVE('',#14504,#14532,#14534,.T.);
#14532 = VERTEX_POINT('',#14533);
#14533 = CARTESIAN_POINT('',(318.33333333333,61.,44.));
#14534 = SURFACE_CURVE('',#14535,(#14539,#14546),.PCURVE_S1.);
#14535 = LINE('',#14536,#14537);
#14536 = CARTESIAN_POINT('',(251.33333333333,61.,44.));
#14537 = VECTOR('',#14538,1.);
#14538 = DIRECTION('',(1.,0.,0.));
#14539 = PCURVE('',#662,#14540);
#14540 = DEFINITIONAL_REPRESENTATION('',(#14541),#14545);
#14541 = LINE('',#14542,#14543);
#14542 = CARTESIAN_POINT('',(13.5,51.333333333333));
#14543 = VECTOR('',#14544,1.);
#14544 = DIRECTION('',(0.,1.));
#14545 = ( GEOMETRIC_REPRESENTATION_CONTEXT(2) 
PARAMETRIC_REPRESENTATION_CONTEXT() REPRESENTATION_CONTEXT('2D SPACE',''
  ) );
#14546 = PCURVE('',#14547,#14552);
#14547 = PLANE('',#14548);
#14548 = AXIS2_PLACEMENT_3D('',#14549,#14550,#14551);
#14549 = CARTESIAN_POINT('',(302.66666666666,54.,44.));
#14550 = DIRECTION('',(0.,0.,1.));
#14551 = DIRECTION('',(1.,0.,0.));
#14552 = DEFINITIONAL_REPRESENTATION('',(#14553),#14557);
#14553 = LINE('',#14554,#14555);
#14554 = CARTESIAN_POINT('',(-51.33333333333,7.));
#14555 = VECTOR('',#14556,1.);
#14556 = DIRECTION('',(1.,0.));
#14557 = ( GEOMETRIC_REPRESENTATION_CONTEXT(2) 
PARAMETRIC_REPRESENTATION_CONTEXT() REPRESENTATION_CONTEXT('2D SPACE',''
  ) );
#14558 = ORIENTED_EDGE('',*,*,#14559,.F.);
#14559 = EDGE_CURVE('',#14476,#14532,#14560,.T.);
#14560 = SURFACE_CURVE('',#14561,(#14565,#14572),.PCURVE_S1.);
#14561 = LINE('',#14562,#14563);
#14562 = CARTESIAN_POINT('',(318.33333333333,61.,37.25));
#14563 = VECTOR('',#14564,1.);
#14564 = DIRECTION('',(0.,0.,-1.));
#14565 = PCURVE('',#662,#14566);
#14566 = DEFINITIONAL_REPRESENTATION('',(#14567),#14571);
#14567 = LINE('',#14568,#14569);
#14568 = CARTESIAN_POINT('',(6.75,118.33333333333));
#14569 = VECTOR('',#14570,1.);
#14570 = DIRECTION('',(-1.,0.));
#14571 = ( GEOMETRIC_REPRESENTATION_CONTEXT(2) 
PARAMETRIC_REPRESENTATION_CONTEXT() REPRESENTATION_CONTEXT('2D SPACE',''
  ) );
#14572 = PCURVE('',#14573,#14578);
#14573 = PLANE('',#14574);
#14574 = AXIS2_PLACEMENT_3D('',#14575,#14576,#14577);
#14575 = CARTESIAN_POINT('',(318.33333333333,54.,44.));
#14576 = DIRECTION('',(1.,0.,0.));
#14577 = DIRECTION('',(0.,0.,1.));
#14578 = DEFINITIONAL_REPRESENTATION('',(#14579),#14583);
#14579 = LINE('',#14580,#14581);
#14580 = CARTESIAN_POINT('',(-6.75,-7.));
#14581 = VECTOR('',#14582,1.);
#14582 = DIRECTION('',(-1.,0.));
#14583 = ( GEOMETRIC_REPRESENTATION_CONTEXT(2) 
PARAMETRIC_REPRESENTATION_CONTEXT() REPRESENTATION_CONTEXT('2D SPACE',''
  ) );
#14584 = FACE_BOUND('',#14585,.T.);
#14585 = EDGE_LOOP('',(#14586,#14587,#14588,#14589));
#14586 = ORIENTED_EDGE('',*,*,#13059,.F.);
#14587 = ORIENTED_EDGE('',*,*,#13256,.T.);
#14588 = ORIENTED_EDGE('',*,*,#13209,.T.);
#14589 = ORIENTED_EDGE('',*,*,#13138,.F.);
#14590 = FACE_BOUND('',#14591,.T.);
#14591 = EDGE_LOOP('',(#14592));
#14592 = ORIENTED_EDGE('',*,*,#12623,.T.);
#14593 = ADVANCED_FACE('',(#14594),#14573,.F.);
#14594 = FACE_BOUND('',#14595,.F.);
#14595 = EDGE_LOOP('',(#14596,#14619,#14642,#14663));
#14596 = ORIENTED_EDGE('',*,*,#14597,.F.);
#14597 = EDGE_CURVE('',#14598,#14476,#14600,.T.);
#14598 = VERTEX_POINT('',#14599);
#14599 = CARTESIAN_POINT('',(318.33333333333,55.,142.));
#14600 = SURFACE_CURVE('',#14601,(#14605,#14612),.PCURVE_S1.);
#14601 = LINE('',#14602,#14603);
#14602 = CARTESIAN_POINT('',(318.33333333333,54.,142.));
#14603 = VECTOR('',#14604,1.);
#14604 = DIRECTION('',(0.,1.,0.));
#14605 = PCURVE('',#14573,#14606);
#14606 = DEFINITIONAL_REPRESENTATION('',(#14607),#14611);
#14607 = LINE('',#14608,#14609);
#14608 = CARTESIAN_POINT('',(98.,0.));
#14609 = VECTOR('',#14610,1.);
#14610 = DIRECTION('',(0.,-1.));
#14611 = ( GEOMETRIC_REPRESENTATION_CONTEXT(2) 
PARAMETRIC_REPRESENTATION_CONTEXT() REPRESENTATION_CONTEXT('2D SPACE',''
  ) );
#14612 = PCURVE('',#14491,#14613);
#14613 = DEFINITIONAL_REPRESENTATION('',(#14614),#14618);
#14614 = LINE('',#14615,#14616);
#14615 = CARTESIAN_POINT('',(15.666666666667,0.));
#14616 = VECTOR('',#14617,1.);
#14617 = DIRECTION('',(0.,1.));
#14618 = ( GEOMETRIC_REPRESENTATION_CONTEXT(2) 
PARAMETRIC_REPRESENTATION_CONTEXT() REPRESENTATION_CONTEXT('2D SPACE',''
  ) );
#14619 = ORIENTED_EDGE('',*,*,#14620,.T.);
#14620 = EDGE_CURVE('',#14598,#14621,#14623,.T.);
#14621 = VERTEX_POINT('',#14622);
#14622 = CARTESIAN_POINT('',(318.33333333333,55.,44.));
#14623 = SURFACE_CURVE('',#14624,(#14628,#14635),.PCURVE_S1.);
#14624 = LINE('',#14625,#14626);
#14625 = CARTESIAN_POINT('',(318.33333333333,55.,37.25));
#14626 = VECTOR('',#14627,1.);
#14627 = DIRECTION('',(0.,0.,-1.));
#14628 = PCURVE('',#14573,#14629);
#14629 = DEFINITIONAL_REPRESENTATION('',(#14630),#14634);
#14630 = LINE('',#14631,#14632);
#14631 = CARTESIAN_POINT('',(-6.75,-1.));
#14632 = VECTOR('',#14633,1.);
#14633 = DIRECTION('',(-1.,0.));
#14634 = ( GEOMETRIC_REPRESENTATION_CONTEXT(2) 
PARAMETRIC_REPRESENTATION_CONTEXT() REPRESENTATION_CONTEXT('2D SPACE',''
  ) );
#14635 = PCURVE('',#240,#14636);
#14636 = DEFINITIONAL_REPRESENTATION('',(#14637),#14641);
#14637 = LINE('',#14638,#14639);
#14638 = CARTESIAN_POINT('',(6.75,118.33333333333));
#14639 = VECTOR('',#14640,1.);
#14640 = DIRECTION('',(-1.,0.));
#14641 = ( GEOMETRIC_REPRESENTATION_CONTEXT(2) 
PARAMETRIC_REPRESENTATION_CONTEXT() REPRESENTATION_CONTEXT('2D SPACE',''
  ) );
#14642 = ORIENTED_EDGE('',*,*,#14643,.T.);
#14643 = EDGE_CURVE('',#14621,#14532,#14644,.T.);
#14644 = SURFACE_CURVE('',#14645,(#14649,#14656),.PCURVE_S1.);
#14645 = LINE('',#14646,#14647);
#14646 = CARTESIAN_POINT('',(318.33333333333,54.,44.));
#14647 = VECTOR('',#14648,1.);
#14648 = DIRECTION('',(0.,1.,0.));
#14649 = PCURVE('',#14573,#14650);
#14650 = DEFINITIONAL_REPRESENTATION('',(#14651),#14655);
#14651 = LINE('',#14652,#14653);
#14652 = CARTESIAN_POINT('',(0.,0.));
#14653 = VECTOR('',#14654,1.);
#14654 = DIRECTION('',(0.,-1.));
#14655 = ( GEOMETRIC_REPRESENTATION_CONTEXT(2) 
PARAMETRIC_REPRESENTATION_CONTEXT() REPRESENTATION_CONTEXT('2D SPACE',''
  ) );
#14656 = PCURVE('',#14547,#14657);
#14657 = DEFINITIONAL_REPRESENTATION('',(#14658),#14662);
#14658 = LINE('',#14659,#14660);
#14659 = CARTESIAN_POINT('',(15.666666666667,0.));
#14660 = VECTOR('',#14661,1.);
#14661 = DIRECTION('',(0.,1.));
#14662 = ( GEOMETRIC_REPRESENTATION_CONTEXT(2) 
PARAMETRIC_REPRESENTATION_CONTEXT() REPRESENTATION_CONTEXT('2D SPACE',''
  ) );
#14663 = ORIENTED_EDGE('',*,*,#14559,.F.);
#14664 = ADVANCED_FACE('',(#14665),#14547,.T.);
#14665 = FACE_BOUND('',#14666,.T.);
#14666 = EDGE_LOOP('',(#14667,#14690,#14711,#14712));
#14667 = ORIENTED_EDGE('',*,*,#14668,.F.);
#14668 = EDGE_CURVE('',#14669,#14504,#14671,.T.);
#14669 = VERTEX_POINT('',#14670);
#14670 = CARTESIAN_POINT('',(302.66666666666,55.,44.));
#14671 = SURFACE_CURVE('',#14672,(#14676,#14683),.PCURVE_S1.);
#14672 = LINE('',#14673,#14674);
#14673 = CARTESIAN_POINT('',(302.66666666666,54.,44.));
#14674 = VECTOR('',#14675,1.);
#14675 = DIRECTION('',(0.,1.,0.));
#14676 = PCURVE('',#14547,#14677);
#14677 = DEFINITIONAL_REPRESENTATION('',(#14678),#14682);
#14678 = LINE('',#14679,#14680);
#14679 = CARTESIAN_POINT('',(0.,0.));
#14680 = VECTOR('',#14681,1.);
#14681 = DIRECTION('',(0.,1.));
#14682 = ( GEOMETRIC_REPRESENTATION_CONTEXT(2) 
PARAMETRIC_REPRESENTATION_CONTEXT() REPRESENTATION_CONTEXT('2D SPACE',''
  ) );
#14683 = PCURVE('',#14519,#14684);
#14684 = DEFINITIONAL_REPRESENTATION('',(#14685),#14689);
#14685 = LINE('',#14686,#14687);
#14686 = CARTESIAN_POINT('',(0.,0.));
#14687 = VECTOR('',#14688,1.);
#14688 = DIRECTION('',(0.,-1.));
#14689 = ( GEOMETRIC_REPRESENTATION_CONTEXT(2) 
PARAMETRIC_REPRESENTATION_CONTEXT() REPRESENTATION_CONTEXT('2D SPACE',''
  ) );
#14690 = ORIENTED_EDGE('',*,*,#14691,.T.);
#14691 = EDGE_CURVE('',#14669,#14621,#14692,.T.);
#14692 = SURFACE_CURVE('',#14693,(#14697,#14704),.PCURVE_S1.);
#14693 = LINE('',#14694,#14695);
#14694 = CARTESIAN_POINT('',(251.33333333333,55.,44.));
#14695 = VECTOR('',#14696,1.);
#14696 = DIRECTION('',(1.,0.,0.));
#14697 = PCURVE('',#14547,#14698);
#14698 = DEFINITIONAL_REPRESENTATION('',(#14699),#14703);
#14699 = LINE('',#14700,#14701);
#14700 = CARTESIAN_POINT('',(-51.33333333333,1.));
#14701 = VECTOR('',#14702,1.);
#14702 = DIRECTION('',(1.,0.));
#14703 = ( GEOMETRIC_REPRESENTATION_CONTEXT(2) 
PARAMETRIC_REPRESENTATION_CONTEXT() REPRESENTATION_CONTEXT('2D SPACE',''
  ) );
#14704 = PCURVE('',#240,#14705);
#14705 = DEFINITIONAL_REPRESENTATION('',(#14706),#14710);
#14706 = LINE('',#14707,#14708);
#14707 = CARTESIAN_POINT('',(13.5,51.333333333333));
#14708 = VECTOR('',#14709,1.);
#14709 = DIRECTION('',(0.,1.));
#14710 = ( GEOMETRIC_REPRESENTATION_CONTEXT(2) 
PARAMETRIC_REPRESENTATION_CONTEXT() REPRESENTATION_CONTEXT('2D SPACE',''
  ) );
#14711 = ORIENTED_EDGE('',*,*,#14643,.T.);
#14712 = ORIENTED_EDGE('',*,*,#14531,.F.);
#14713 = ADVANCED_FACE('',(#14714),#14519,.T.);
#14714 = FACE_BOUND('',#14715,.T.);
#14715 = EDGE_LOOP('',(#14716,#14739,#14760,#14761));
#14716 = ORIENTED_EDGE('',*,*,#14717,.F.);
#14717 = EDGE_CURVE('',#14718,#14474,#14720,.T.);
#14718 = VERTEX_POINT('',#14719);
#14719 = CARTESIAN_POINT('',(302.66666666666,55.,142.));
#14720 = SURFACE_CURVE('',#14721,(#14725,#14732),.PCURVE_S1.);
#14721 = LINE('',#14722,#14723);
#14722 = CARTESIAN_POINT('',(302.66666666666,54.,142.));
#14723 = VECTOR('',#14724,1.);
#14724 = DIRECTION('',(0.,1.,0.));
#14725 = PCURVE('',#14519,#14726);
#14726 = DEFINITIONAL_REPRESENTATION('',(#14727),#14731);
#14727 = LINE('',#14728,#14729);
#14728 = CARTESIAN_POINT('',(98.,0.));
#14729 = VECTOR('',#14730,1.);
#14730 = DIRECTION('',(0.,-1.));
#14731 = ( GEOMETRIC_REPRESENTATION_CONTEXT(2) 
PARAMETRIC_REPRESENTATION_CONTEXT() REPRESENTATION_CONTEXT('2D SPACE',''
  ) );
#14732 = PCURVE('',#14491,#14733);
#14733 = DEFINITIONAL_REPRESENTATION('',(#14734),#14738);
#14734 = LINE('',#14735,#14736);
#14735 = CARTESIAN_POINT('',(0.,0.));
#14736 = VECTOR('',#14737,1.);
#14737 = DIRECTION('',(0.,1.));
#14738 = ( GEOMETRIC_REPRESENTATION_CONTEXT(2) 
PARAMETRIC_REPRESENTATION_CONTEXT() REPRESENTATION_CONTEXT('2D SPACE',''
  ) );
#14739 = ORIENTED_EDGE('',*,*,#14740,.T.);
#14740 = EDGE_CURVE('',#14718,#14669,#14741,.T.);
#14741 = SURFACE_CURVE('',#14742,(#14746,#14753),.PCURVE_S1.);
#14742 = LINE('',#14743,#14744);
#14743 = CARTESIAN_POINT('',(302.66666666666,55.,37.25));
#14744 = VECTOR('',#14745,1.);
#14745 = DIRECTION('',(0.,0.,-1.));
#14746 = PCURVE('',#14519,#14747);
#14747 = DEFINITIONAL_REPRESENTATION('',(#14748),#14752);
#14748 = LINE('',#14749,#14750);
#14749 = CARTESIAN_POINT('',(-6.75,-1.));
#14750 = VECTOR('',#14751,1.);
#14751 = DIRECTION('',(-1.,0.));
#14752 = ( GEOMETRIC_REPRESENTATION_CONTEXT(2) 
PARAMETRIC_REPRESENTATION_CONTEXT() REPRESENTATION_CONTEXT('2D SPACE',''
  ) );
#14753 = PCURVE('',#240,#14754);
#14754 = DEFINITIONAL_REPRESENTATION('',(#14755),#14759);
#14755 = LINE('',#14756,#14757);
#14756 = CARTESIAN_POINT('',(6.75,102.66666666666));
#14757 = VECTOR('',#14758,1.);
#14758 = DIRECTION('',(-1.,0.));
#14759 = ( GEOMETRIC_REPRESENTATION_CONTEXT(2) 
PARAMETRIC_REPRESENTATION_CONTEXT() REPRESENTATION_CONTEXT('2D SPACE',''
  ) );
#14760 = ORIENTED_EDGE('',*,*,#14668,.T.);
#14761 = ORIENTED_EDGE('',*,*,#14503,.F.);
#14762 = ADVANCED_FACE('',(#14763),#14491,.F.);
#14763 = FACE_BOUND('',#14764,.F.);
#14764 = EDGE_LOOP('',(#14765,#14766,#14787,#14788));
#14765 = ORIENTED_EDGE('',*,*,#14717,.F.);
#14766 = ORIENTED_EDGE('',*,*,#14767,.T.);
#14767 = EDGE_CURVE('',#14718,#14598,#14768,.T.);
#14768 = SURFACE_CURVE('',#14769,(#14773,#14780),.PCURVE_S1.);
#14769 = LINE('',#14770,#14771);
#14770 = CARTESIAN_POINT('',(251.33333333333,55.,142.));
#14771 = VECTOR('',#14772,1.);
#14772 = DIRECTION('',(1.,0.,0.));
#14773 = PCURVE('',#14491,#14774);
#14774 = DEFINITIONAL_REPRESENTATION('',(#14775),#14779);
#14775 = LINE('',#14776,#14777);
#14776 = CARTESIAN_POINT('',(-51.33333333333,1.));
#14777 = VECTOR('',#14778,1.);
#14778 = DIRECTION('',(1.,0.));
#14779 = ( GEOMETRIC_REPRESENTATION_CONTEXT(2) 
PARAMETRIC_REPRESENTATION_CONTEXT() REPRESENTATION_CONTEXT('2D SPACE',''
  ) );
#14780 = PCURVE('',#240,#14781);
#14781 = DEFINITIONAL_REPRESENTATION('',(#14782),#14786);
#14782 = LINE('',#14783,#14784);
#14783 = CARTESIAN_POINT('',(111.5,51.333333333333));
#14784 = VECTOR('',#14785,1.);
#14785 = DIRECTION('',(0.,1.));
#14786 = ( GEOMETRIC_REPRESENTATION_CONTEXT(2) 
PARAMETRIC_REPRESENTATION_CONTEXT() REPRESENTATION_CONTEXT('2D SPACE',''
  ) );
#14787 = ORIENTED_EDGE('',*,*,#14597,.T.);
#14788 = ORIENTED_EDGE('',*,*,#14473,.F.);
#14789 = ADVANCED_FACE('',(#14790),#14459,.F.);
#14790 = FACE_BOUND('',#14791,.F.);
#14791 = EDGE_LOOP('',(#14792,#14820,#14841,#14842));
#14792 = ORIENTED_EDGE('',*,*,#14793,.F.);
#14793 = EDGE_CURVE('',#14794,#14794,#14796,.T.);
#14794 = VERTEX_POINT('',#14795);
#14795 = CARTESIAN_POINT('',(335.2,55.,49.));
#14796 = SURFACE_CURVE('',#14797,(#14802,#14809),.PCURVE_S1.);
#14797 = CIRCLE('',#14798,3.2);
#14798 = AXIS2_PLACEMENT_3D('',#14799,#14800,#14801);
#14799 = CARTESIAN_POINT('',(332.,55.,49.));
#14800 = DIRECTION('',(0.,-1.,0.));
#14801 = DIRECTION('',(1.,0.,0.));
#14802 = PCURVE('',#14459,#14803);
#14803 = DEFINITIONAL_REPRESENTATION('',(#14804),#14808);
#14804 = LINE('',#14805,#14806);
#14805 = CARTESIAN_POINT('',(0.,-1.));
#14806 = VECTOR('',#14807,1.);
#14807 = DIRECTION('',(1.,0.));
#14808 = ( GEOMETRIC_REPRESENTATION_CONTEXT(2) 
PARAMETRIC_REPRESENTATION_CONTEXT() REPRESENTATION_CONTEXT('2D SPACE',''
  ) );
#14809 = PCURVE('',#240,#14810);
#14810 = DEFINITIONAL_REPRESENTATION('',(#14811),#14819);
#14811 = ( BOUNDED_CURVE() B_SPLINE_CURVE(2,(#14812,#14813,#14814,#14815
    ,#14816,#14817,#14818),.UNSPECIFIED.,.T.,.F.) 
B_SPLINE_CURVE_WITH_KNOTS((1,2,2,2,2,1),(-2.094395102393,0.,
    2.094395102393,4.188790204786,6.28318530718,8.377580409573),
.UNSPECIFIED.) CURVE() GEOMETRIC_REPRESENTATION_ITEM() 
RATIONAL_B_SPLINE_CURVE((1.,0.5,1.,0.5,1.,0.5,1.)) REPRESENTATION_ITEM(
  '') );
#14812 = CARTESIAN_POINT('',(18.5,135.2));
#14813 = CARTESIAN_POINT('',(24.04256258422,135.2));
#14814 = CARTESIAN_POINT('',(21.27128129211,130.4));
#14815 = CARTESIAN_POINT('',(18.5,125.6));
#14816 = CARTESIAN_POINT('',(15.72871870789,130.4));
#14817 = CARTESIAN_POINT('',(12.95743741578,135.2));
#14818 = CARTESIAN_POINT('',(18.5,135.2));
#14819 = ( GEOMETRIC_REPRESENTATION_CONTEXT(2) 
PARAMETRIC_REPRESENTATION_CONTEXT() REPRESENTATION_CONTEXT('2D SPACE',''
  ) );
#14820 = ORIENTED_EDGE('',*,*,#14821,.T.);
#14821 = EDGE_CURVE('',#14794,#14439,#14822,.T.);
#14822 = SEAM_CURVE('',#14823,(#14827,#14834),.PCURVE_S1.);
#14823 = LINE('',#14824,#14825);
#14824 = CARTESIAN_POINT('',(335.2,54.,49.));
#14825 = VECTOR('',#14826,1.);
#14826 = DIRECTION('',(-0.,1.,-0.));
#14827 = PCURVE('',#14459,#14828);
#14828 = DEFINITIONAL_REPRESENTATION('',(#14829),#14833);
#14829 = LINE('',#14830,#14831);
#14830 = CARTESIAN_POINT('',(6.28318530718,0.));
#14831 = VECTOR('',#14832,1.);
#14832 = DIRECTION('',(0.,-1.));
#14833 = ( GEOMETRIC_REPRESENTATION_CONTEXT(2) 
PARAMETRIC_REPRESENTATION_CONTEXT() REPRESENTATION_CONTEXT('2D SPACE',''
  ) );
#14834 = PCURVE('',#14459,#14835);
#14835 = DEFINITIONAL_REPRESENTATION('',(#14836),#14840);
#14836 = LINE('',#14837,#14838);
#14837 = CARTESIAN_POINT('',(0.,0.));
#14838 = VECTOR('',#14839,1.);
#14839 = DIRECTION('',(0.,-1.));
#14840 = ( GEOMETRIC_REPRESENTATION_CONTEXT(2) 
PARAMETRIC_REPRESENTATION_CONTEXT() REPRESENTATION_CONTEXT('2D SPACE',''
  ) );
#14841 = ORIENTED_EDGE('',*,*,#14438,.T.);
#14842 = ORIENTED_EDGE('',*,*,#14821,.F.);
#14843 = ADVANCED_FACE('',(#14844),#14424,.F.);
#14844 = FACE_BOUND('',#14845,.F.);
#14845 = EDGE_LOOP('',(#14846,#14869,#14892,#14913));
#14846 = ORIENTED_EDGE('',*,*,#14847,.F.);
#14847 = EDGE_CURVE('',#14848,#14327,#14850,.T.);
#14848 = VERTEX_POINT('',#14849);
#14849 = CARTESIAN_POINT('',(294.66666666666,55.,142.));
#14850 = SURFACE_CURVE('',#14851,(#14855,#14862),.PCURVE_S1.);
#14851 = LINE('',#14852,#14853);
#14852 = CARTESIAN_POINT('',(294.66666666666,54.,142.));
#14853 = VECTOR('',#14854,1.);
#14854 = DIRECTION('',(0.,1.,0.));
#14855 = PCURVE('',#14424,#14856);
#14856 = DEFINITIONAL_REPRESENTATION('',(#14857),#14861);
#14857 = LINE('',#14858,#14859);
#14858 = CARTESIAN_POINT('',(98.,0.));
#14859 = VECTOR('',#14860,1.);
#14860 = DIRECTION('',(0.,-1.));
#14861 = ( GEOMETRIC_REPRESENTATION_CONTEXT(2) 
PARAMETRIC_REPRESENTATION_CONTEXT() REPRESENTATION_CONTEXT('2D SPACE',''
  ) );
#14862 = PCURVE('',#14342,#14863);
#14863 = DEFINITIONAL_REPRESENTATION('',(#14864),#14868);
#14864 = LINE('',#14865,#14866);
#14865 = CARTESIAN_POINT('',(15.666666666667,0.));
#14866 = VECTOR('',#14867,1.);
#14867 = DIRECTION('',(0.,1.));
#14868 = ( GEOMETRIC_REPRESENTATION_CONTEXT(2) 
PARAMETRIC_REPRESENTATION_CONTEXT() REPRESENTATION_CONTEXT('2D SPACE',''
  ) );
#14869 = ORIENTED_EDGE('',*,*,#14870,.T.);
#14870 = EDGE_CURVE('',#14848,#14871,#14873,.T.);
#14871 = VERTEX_POINT('',#14872);
#14872 = CARTESIAN_POINT('',(294.66666666666,55.,44.));
#14873 = SURFACE_CURVE('',#14874,(#14878,#14885),.PCURVE_S1.);
#14874 = LINE('',#14875,#14876);
#14875 = CARTESIAN_POINT('',(294.66666666666,55.,37.25));
#14876 = VECTOR('',#14877,1.);
#14877 = DIRECTION('',(0.,0.,-1.));
#14878 = PCURVE('',#14424,#14879);
#14879 = DEFINITIONAL_REPRESENTATION('',(#14880),#14884);
#14880 = LINE('',#14881,#14882);
#14881 = CARTESIAN_POINT('',(-6.75,-1.));
#14882 = VECTOR('',#14883,1.);
#14883 = DIRECTION('',(-1.,0.));
#14884 = ( GEOMETRIC_REPRESENTATION_CONTEXT(2) 
PARAMETRIC_REPRESENTATION_CONTEXT() REPRESENTATION_CONTEXT('2D SPACE',''
  ) );
#14885 = PCURVE('',#240,#14886);
#14886 = DEFINITIONAL_REPRESENTATION('',(#14887),#14891);
#14887 = LINE('',#14888,#14889);
#14888 = CARTESIAN_POINT('',(6.75,94.666666666667));
#14889 = VECTOR('',#14890,1.);
#14890 = DIRECTION('',(-1.,0.));
#14891 = ( GEOMETRIC_REPRESENTATION_CONTEXT(2) 
PARAMETRIC_REPRESENTATION_CONTEXT() REPRESENTATION_CONTEXT('2D SPACE',''
  ) );
#14892 = ORIENTED_EDGE('',*,*,#14893,.T.);
#14893 = EDGE_CURVE('',#14871,#14383,#14894,.T.);
#14894 = SURFACE_CURVE('',#14895,(#14899,#14906),.PCURVE_S1.);
#14895 = LINE('',#14896,#14897);
#14896 = CARTESIAN_POINT('',(294.66666666666,54.,44.));
#14897 = VECTOR('',#14898,1.);
#14898 = DIRECTION('',(0.,1.,0.));
#14899 = PCURVE('',#14424,#14900);
#14900 = DEFINITIONAL_REPRESENTATION('',(#14901),#14905);
#14901 = LINE('',#14902,#14903);
#14902 = CARTESIAN_POINT('',(0.,0.));
#14903 = VECTOR('',#14904,1.);
#14904 = DIRECTION('',(0.,-1.));
#14905 = ( GEOMETRIC_REPRESENTATION_CONTEXT(2) 
PARAMETRIC_REPRESENTATION_CONTEXT() REPRESENTATION_CONTEXT('2D SPACE',''
  ) );
#14906 = PCURVE('',#14398,#14907);
#14907 = DEFINITIONAL_REPRESENTATION('',(#14908),#14912);
#14908 = LINE('',#14909,#14910);
#14909 = CARTESIAN_POINT('',(15.666666666667,0.));
#14910 = VECTOR('',#14911,1.);
#14911 = DIRECTION('',(0.,1.));
#14912 = ( GEOMETRIC_REPRESENTATION_CONTEXT(2) 
PARAMETRIC_REPRESENTATION_CONTEXT() REPRESENTATION_CONTEXT('2D SPACE',''
  ) );
#14913 = ORIENTED_EDGE('',*,*,#14410,.F.);
#14914 = ADVANCED_FACE('',(#14915),#14398,.T.);
#14915 = FACE_BOUND('',#14916,.T.);
#14916 = EDGE_LOOP('',(#14917,#14940,#14961,#14962));
#14917 = ORIENTED_EDGE('',*,*,#14918,.F.);
#14918 = EDGE_CURVE('',#14919,#14355,#14921,.T.);
#14919 = VERTEX_POINT('',#14920);
#14920 = CARTESIAN_POINT('',(279.,55.,44.));
#14921 = SURFACE_CURVE('',#14922,(#14926,#14933),.PCURVE_S1.);
#14922 = LINE('',#14923,#14924);
#14923 = CARTESIAN_POINT('',(279.,54.,44.));
#14924 = VECTOR('',#14925,1.);
#14925 = DIRECTION('',(0.,1.,0.));
#14926 = PCURVE('',#14398,#14927);
#14927 = DEFINITIONAL_REPRESENTATION('',(#14928),#14932);
#14928 = LINE('',#14929,#14930);
#14929 = CARTESIAN_POINT('',(0.,0.));
#14930 = VECTOR('',#14931,1.);
#14931 = DIRECTION('',(0.,1.));
#14932 = ( GEOMETRIC_REPRESENTATION_CONTEXT(2) 
PARAMETRIC_REPRESENTATION_CONTEXT() REPRESENTATION_CONTEXT('2D SPACE',''
  ) );
#14933 = PCURVE('',#14370,#14934);
#14934 = DEFINITIONAL_REPRESENTATION('',(#14935),#14939);
#14935 = LINE('',#14936,#14937);
#14936 = CARTESIAN_POINT('',(0.,0.));
#14937 = VECTOR('',#14938,1.);
#14938 = DIRECTION('',(0.,-1.));
#14939 = ( GEOMETRIC_REPRESENTATION_CONTEXT(2) 
PARAMETRIC_REPRESENTATION_CONTEXT() REPRESENTATION_CONTEXT('2D SPACE',''
  ) );
#14940 = ORIENTED_EDGE('',*,*,#14941,.T.);
#14941 = EDGE_CURVE('',#14919,#14871,#14942,.T.);
#14942 = SURFACE_CURVE('',#14943,(#14947,#14954),.PCURVE_S1.);
#14943 = LINE('',#14944,#14945);
#14944 = CARTESIAN_POINT('',(239.5,55.,44.));
#14945 = VECTOR('',#14946,1.);
#14946 = DIRECTION('',(1.,0.,0.));
#14947 = PCURVE('',#14398,#14948);
#14948 = DEFINITIONAL_REPRESENTATION('',(#14949),#14953);
#14949 = LINE('',#14950,#14951);
#14950 = CARTESIAN_POINT('',(-39.5,1.));
#14951 = VECTOR('',#14952,1.);
#14952 = DIRECTION('',(1.,0.));
#14953 = ( GEOMETRIC_REPRESENTATION_CONTEXT(2) 
PARAMETRIC_REPRESENTATION_CONTEXT() REPRESENTATION_CONTEXT('2D SPACE',''
  ) );
#14954 = PCURVE('',#240,#14955);
#14955 = DEFINITIONAL_REPRESENTATION('',(#14956),#14960);
#14956 = LINE('',#14957,#14958);
#14957 = CARTESIAN_POINT('',(13.5,39.5));
#14958 = VECTOR('',#14959,1.);
#14959 = DIRECTION('',(0.,1.));
#14960 = ( GEOMETRIC_REPRESENTATION_CONTEXT(2) 
PARAMETRIC_REPRESENTATION_CONTEXT() REPRESENTATION_CONTEXT('2D SPACE',''
  ) );
#14961 = ORIENTED_EDGE('',*,*,#14893,.T.);
#14962 = ORIENTED_EDGE('',*,*,#14382,.F.);
#14963 = ADVANCED_FACE('',(#14964),#14370,.T.);
#14964 = FACE_BOUND('',#14965,.T.);
#14965 = EDGE_LOOP('',(#14966,#14989,#15010,#15011));
#14966 = ORIENTED_EDGE('',*,*,#14967,.F.);
#14967 = EDGE_CURVE('',#14968,#14325,#14970,.T.);
#14968 = VERTEX_POINT('',#14969);
#14969 = CARTESIAN_POINT('',(279.,55.,142.));
#14970 = SURFACE_CURVE('',#14971,(#14975,#14982),.PCURVE_S1.);
#14971 = LINE('',#14972,#14973);
#14972 = CARTESIAN_POINT('',(279.,54.,142.));
#14973 = VECTOR('',#14974,1.);
#14974 = DIRECTION('',(0.,1.,0.));
#14975 = PCURVE('',#14370,#14976);
#14976 = DEFINITIONAL_REPRESENTATION('',(#14977),#14981);
#14977 = LINE('',#14978,#14979);
#14978 = CARTESIAN_POINT('',(98.,0.));
#14979 = VECTOR('',#14980,1.);
#14980 = DIRECTION('',(0.,-1.));
#14981 = ( GEOMETRIC_REPRESENTATION_CONTEXT(2) 
PARAMETRIC_REPRESENTATION_CONTEXT() REPRESENTATION_CONTEXT('2D SPACE',''
  ) );
#14982 = PCURVE('',#14342,#14983);
#14983 = DEFINITIONAL_REPRESENTATION('',(#14984),#14988);
#14984 = LINE('',#14985,#14986);
#14985 = CARTESIAN_POINT('',(0.,0.));
#14986 = VECTOR('',#14987,1.);
#14987 = DIRECTION('',(0.,1.));
#14988 = ( GEOMETRIC_REPRESENTATION_CONTEXT(2) 
PARAMETRIC_REPRESENTATION_CONTEXT() REPRESENTATION_CONTEXT('2D SPACE',''
  ) );
#14989 = ORIENTED_EDGE('',*,*,#14990,.T.);
#14990 = EDGE_CURVE('',#14968,#14919,#14991,.T.);
#14991 = SURFACE_CURVE('',#14992,(#14996,#15003),.PCURVE_S1.);
#14992 = LINE('',#14993,#14994);
#14993 = CARTESIAN_POINT('',(279.,55.,37.25));
#14994 = VECTOR('',#14995,1.);
#14995 = DIRECTION('',(0.,0.,-1.));
#14996 = PCURVE('',#14370,#14997);
#14997 = DEFINITIONAL_REPRESENTATION('',(#14998),#15002);
#14998 = LINE('',#14999,#15000);
#14999 = CARTESIAN_POINT('',(-6.75,-1.));
#15000 = VECTOR('',#15001,1.);
#15001 = DIRECTION('',(-1.,0.));
#15002 = ( GEOMETRIC_REPRESENTATION_CONTEXT(2) 
PARAMETRIC_REPRESENTATION_CONTEXT() REPRESENTATION_CONTEXT('2D SPACE',''
  ) );
#15003 = PCURVE('',#240,#15004);
#15004 = DEFINITIONAL_REPRESENTATION('',(#15005),#15009);
#15005 = LINE('',#15006,#15007);
#15006 = CARTESIAN_POINT('',(6.75,79.));
#15007 = VECTOR('',#15008,1.);
#15008 = DIRECTION('',(-1.,0.));
#15009 = ( GEOMETRIC_REPRESENTATION_CONTEXT(2) 
PARAMETRIC_REPRESENTATION_CONTEXT() REPRESENTATION_CONTEXT('2D SPACE',''
  ) );
#15010 = ORIENTED_EDGE('',*,*,#14918,.T.);
#15011 = ORIENTED_EDGE('',*,*,#14354,.F.);
#15012 = ADVANCED_FACE('',(#15013),#14342,.F.);
#15013 = FACE_BOUND('',#15014,.F.);
#15014 = EDGE_LOOP('',(#15015,#15016,#15037,#15038));
#15015 = ORIENTED_EDGE('',*,*,#14967,.F.);
#15016 = ORIENTED_EDGE('',*,*,#15017,.T.);
#15017 = EDGE_CURVE('',#14968,#14848,#15018,.T.);
#15018 = SURFACE_CURVE('',#15019,(#15023,#15030),.PCURVE_S1.);
#15019 = LINE('',#15020,#15021);
#15020 = CARTESIAN_POINT('',(239.5,55.,142.));
#15021 = VECTOR('',#15022,1.);
#15022 = DIRECTION('',(1.,0.,0.));
#15023 = PCURVE('',#14342,#15024);
#15024 = DEFINITIONAL_REPRESENTATION('',(#15025),#15029);
#15025 = LINE('',#15026,#15027);
#15026 = CARTESIAN_POINT('',(-39.5,1.));
#15027 = VECTOR('',#15028,1.);
#15028 = DIRECTION('',(1.,0.));
#15029 = ( GEOMETRIC_REPRESENTATION_CONTEXT(2) 
PARAMETRIC_REPRESENTATION_CONTEXT() REPRESENTATION_CONTEXT('2D SPACE',''
  ) );
#15030 = PCURVE('',#240,#15031);
#15031 = DEFINITIONAL_REPRESENTATION('',(#15032),#15036);
#15032 = LINE('',#15033,#15034);
#15033 = CARTESIAN_POINT('',(111.5,39.5));
#15034 = VECTOR('',#15035,1.);
#15035 = DIRECTION('',(0.,1.));
#15036 = ( GEOMETRIC_REPRESENTATION_CONTEXT(2) 
PARAMETRIC_REPRESENTATION_CONTEXT() REPRESENTATION_CONTEXT('2D SPACE',''
  ) );
#15037 = ORIENTED_EDGE('',*,*,#14847,.T.);
#15038 = ORIENTED_EDGE('',*,*,#14324,.F.);
#15039 = ADVANCED_FACE('',(#15040),#14310,.F.);
#15040 = FACE_BOUND('',#15041,.F.);
#15041 = EDGE_LOOP('',(#15042,#15065,#15088,#15109));
#15042 = ORIENTED_EDGE('',*,*,#15043,.F.);
#15043 = EDGE_CURVE('',#15044,#14213,#15046,.T.);
#15044 = VERTEX_POINT('',#15045);
#15045 = CARTESIAN_POINT('',(271.,55.,142.));
#15046 = SURFACE_CURVE('',#15047,(#15051,#15058),.PCURVE_S1.);
#15047 = LINE('',#15048,#15049);
#15048 = CARTESIAN_POINT('',(271.,54.,142.));
#15049 = VECTOR('',#15050,1.);
#15050 = DIRECTION('',(0.,1.,0.));
#15051 = PCURVE('',#14310,#15052);
#15052 = DEFINITIONAL_REPRESENTATION('',(#15053),#15057);
#15053 = LINE('',#15054,#15055);
#15054 = CARTESIAN_POINT('',(98.,0.));
#15055 = VECTOR('',#15056,1.);
#15056 = DIRECTION('',(0.,-1.));
#15057 = ( GEOMETRIC_REPRESENTATION_CONTEXT(2) 
PARAMETRIC_REPRESENTATION_CONTEXT() REPRESENTATION_CONTEXT('2D SPACE',''
  ) );
#15058 = PCURVE('',#14228,#15059);
#15059 = DEFINITIONAL_REPRESENTATION('',(#15060),#15064);
#15060 = LINE('',#15061,#15062);
#15061 = CARTESIAN_POINT('',(15.666666666667,0.));
#15062 = VECTOR('',#15063,1.);
#15063 = DIRECTION('',(0.,1.));
#15064 = ( GEOMETRIC_REPRESENTATION_CONTEXT(2) 
PARAMETRIC_REPRESENTATION_CONTEXT() REPRESENTATION_CONTEXT('2D SPACE',''
  ) );
#15065 = ORIENTED_EDGE('',*,*,#15066,.T.);
#15066 = EDGE_CURVE('',#15044,#15067,#15069,.T.);
#15067 = VERTEX_POINT('',#15068);
#15068 = CARTESIAN_POINT('',(271.,55.,44.));
#15069 = SURFACE_CURVE('',#15070,(#15074,#15081),.PCURVE_S1.);
#15070 = LINE('',#15071,#15072);
#15071 = CARTESIAN_POINT('',(271.,55.,37.25));
#15072 = VECTOR('',#15073,1.);
#15073 = DIRECTION('',(0.,0.,-1.));
#15074 = PCURVE('',#14310,#15075);
#15075 = DEFINITIONAL_REPRESENTATION('',(#15076),#15080);
#15076 = LINE('',#15077,#15078);
#15077 = CARTESIAN_POINT('',(-6.75,-1.));
#15078 = VECTOR('',#15079,1.);
#15079 = DIRECTION('',(-1.,0.));
#15080 = ( GEOMETRIC_REPRESENTATION_CONTEXT(2) 
PARAMETRIC_REPRESENTATION_CONTEXT() REPRESENTATION_CONTEXT('2D SPACE',''
  ) );
#15081 = PCURVE('',#240,#15082);
#15082 = DEFINITIONAL_REPRESENTATION('',(#15083),#15087);
#15083 = LINE('',#15084,#15085);
#15084 = CARTESIAN_POINT('',(6.75,71.));
#15085 = VECTOR('',#15086,1.);
#15086 = DIRECTION('',(-1.,0.));
#15087 = ( GEOMETRIC_REPRESENTATION_CONTEXT(2) 
PARAMETRIC_REPRESENTATION_CONTEXT() REPRESENTATION_CONTEXT('2D SPACE',''
  ) );
#15088 = ORIENTED_EDGE('',*,*,#15089,.T.);
#15089 = EDGE_CURVE('',#15067,#14269,#15090,.T.);
#15090 = SURFACE_CURVE('',#15091,(#15095,#15102),.PCURVE_S1.);
#15091 = LINE('',#15092,#15093);
#15092 = CARTESIAN_POINT('',(271.,54.,44.));
#15093 = VECTOR('',#15094,1.);
#15094 = DIRECTION('',(0.,1.,0.));
#15095 = PCURVE('',#14310,#15096);
#15096 = DEFINITIONAL_REPRESENTATION('',(#15097),#15101);
#15097 = LINE('',#15098,#15099);
#15098 = CARTESIAN_POINT('',(0.,0.));
#15099 = VECTOR('',#15100,1.);
#15100 = DIRECTION('',(0.,-1.));
#15101 = ( GEOMETRIC_REPRESENTATION_CONTEXT(2) 
PARAMETRIC_REPRESENTATION_CONTEXT() REPRESENTATION_CONTEXT('2D SPACE',''
  ) );
#15102 = PCURVE('',#14284,#15103);
#15103 = DEFINITIONAL_REPRESENTATION('',(#15104),#15108);
#15104 = LINE('',#15105,#15106);
#15105 = CARTESIAN_POINT('',(15.666666666667,0.));
#15106 = VECTOR('',#15107,1.);
#15107 = DIRECTION('',(0.,1.));
#15108 = ( GEOMETRIC_REPRESENTATION_CONTEXT(2) 
PARAMETRIC_REPRESENTATION_CONTEXT() REPRESENTATION_CONTEXT('2D SPACE',''
  ) );
#15109 = ORIENTED_EDGE('',*,*,#14296,.F.);
#15110 = ADVANCED_FACE('',(#15111),#14284,.T.);
#15111 = FACE_BOUND('',#15112,.T.);
#15112 = EDGE_LOOP('',(#15113,#15136,#15157,#15158));
#15113 = ORIENTED_EDGE('',*,*,#15114,.F.);
#15114 = EDGE_CURVE('',#15115,#14241,#15117,.T.);
#15115 = VERTEX_POINT('',#15116);
#15116 = CARTESIAN_POINT('',(255.33333333333,55.,44.));
#15117 = SURFACE_CURVE('',#15118,(#15122,#15129),.PCURVE_S1.);
#15118 = LINE('',#15119,#15120);
#15119 = CARTESIAN_POINT('',(255.33333333333,54.,44.));
#15120 = VECTOR('',#15121,1.);
#15121 = DIRECTION('',(0.,1.,0.));
#15122 = PCURVE('',#14284,#15123);
#15123 = DEFINITIONAL_REPRESENTATION('',(#15124),#15128);
#15124 = LINE('',#15125,#15126);
#15125 = CARTESIAN_POINT('',(0.,0.));
#15126 = VECTOR('',#15127,1.);
#15127 = DIRECTION('',(0.,1.));
#15128 = ( GEOMETRIC_REPRESENTATION_CONTEXT(2) 
PARAMETRIC_REPRESENTATION_CONTEXT() REPRESENTATION_CONTEXT('2D SPACE',''
  ) );
#15129 = PCURVE('',#14256,#15130);
#15130 = DEFINITIONAL_REPRESENTATION('',(#15131),#15135);
#15131 = LINE('',#15132,#15133);
#15132 = CARTESIAN_POINT('',(0.,0.));
#15133 = VECTOR('',#15134,1.);
#15134 = DIRECTION('',(0.,-1.));
#15135 = ( GEOMETRIC_REPRESENTATION_CONTEXT(2) 
PARAMETRIC_REPRESENTATION_CONTEXT() REPRESENTATION_CONTEXT('2D SPACE',''
  ) );
#15136 = ORIENTED_EDGE('',*,*,#15137,.T.);
#15137 = EDGE_CURVE('',#15115,#15067,#15138,.T.);
#15138 = SURFACE_CURVE('',#15139,(#15143,#15150),.PCURVE_S1.);
#15139 = LINE('',#15140,#15141);
#15140 = CARTESIAN_POINT('',(227.66666666666,55.,44.));
#15141 = VECTOR('',#15142,1.);
#15142 = DIRECTION('',(1.,0.,0.));
#15143 = PCURVE('',#14284,#15144);
#15144 = DEFINITIONAL_REPRESENTATION('',(#15145),#15149);
#15145 = LINE('',#15146,#15147);
#15146 = CARTESIAN_POINT('',(-27.66666666666,1.));
#15147 = VECTOR('',#15148,1.);
#15148 = DIRECTION('',(1.,0.));
#15149 = ( GEOMETRIC_REPRESENTATION_CONTEXT(2) 
PARAMETRIC_REPRESENTATION_CONTEXT() REPRESENTATION_CONTEXT('2D SPACE',''
  ) );
#15150 = PCURVE('',#240,#15151);
#15151 = DEFINITIONAL_REPRESENTATION('',(#15152),#15156);
#15152 = LINE('',#15153,#15154);
#15153 = CARTESIAN_POINT('',(13.5,27.666666666667));
#15154 = VECTOR('',#15155,1.);
#15155 = DIRECTION('',(0.,1.));
#15156 = ( GEOMETRIC_REPRESENTATION_CONTEXT(2) 
PARAMETRIC_REPRESENTATION_CONTEXT() REPRESENTATION_CONTEXT('2D SPACE',''
  ) );
#15157 = ORIENTED_EDGE('',*,*,#15089,.T.);
#15158 = ORIENTED_EDGE('',*,*,#14268,.F.);
#15159 = ADVANCED_FACE('',(#15160),#14256,.T.);
#15160 = FACE_BOUND('',#15161,.T.);
#15161 = EDGE_LOOP('',(#15162,#15185,#15206,#15207));
#15162 = ORIENTED_EDGE('',*,*,#15163,.F.);
#15163 = EDGE_CURVE('',#15164,#14211,#15166,.T.);
#15164 = VERTEX_POINT('',#15165);
#15165 = CARTESIAN_POINT('',(255.33333333333,55.,142.));
#15166 = SURFACE_CURVE('',#15167,(#15171,#15178),.PCURVE_S1.);
#15167 = LINE('',#15168,#15169);
#15168 = CARTESIAN_POINT('',(255.33333333333,54.,142.));
#15169 = VECTOR('',#15170,1.);
#15170 = DIRECTION('',(0.,1.,0.));
#15171 = PCURVE('',#14256,#15172);
#15172 = DEFINITIONAL_REPRESENTATION('',(#15173),#15177);
#15173 = LINE('',#15174,#15175);
#15174 = CARTESIAN_POINT('',(98.,0.));
#15175 = VECTOR('',#15176,1.);
#15176 = DIRECTION('',(0.,-1.));
#15177 = ( GEOMETRIC_REPRESENTATION_CONTEXT(2) 
PARAMETRIC_REPRESENTATION_CONTEXT() REPRESENTATION_CONTEXT('2D SPACE',''
  ) );
#15178 = PCURVE('',#14228,#15179);
#15179 = DEFINITIONAL_REPRESENTATION('',(#15180),#15184);
#15180 = LINE('',#15181,#15182);
#15181 = CARTESIAN_POINT('',(0.,0.));
#15182 = VECTOR('',#15183,1.);
#15183 = DIRECTION('',(0.,1.));
#15184 = ( GEOMETRIC_REPRESENTATION_CONTEXT(2) 
PARAMETRIC_REPRESENTATION_CONTEXT() REPRESENTATION_CONTEXT('2D SPACE',''
  ) );
#15185 = ORIENTED_EDGE('',*,*,#15186,.T.);
#15186 = EDGE_CURVE('',#15164,#15115,#15187,.T.);
#15187 = SURFACE_CURVE('',#15188,(#15192,#15199),.PCURVE_S1.);
#15188 = LINE('',#15189,#15190);
#15189 = CARTESIAN_POINT('',(255.33333333333,55.,37.25));
#15190 = VECTOR('',#15191,1.);
#15191 = DIRECTION('',(0.,0.,-1.));
#15192 = PCURVE('',#14256,#15193);
#15193 = DEFINITIONAL_REPRESENTATION('',(#15194),#15198);
#15194 = LINE('',#15195,#15196);
#15195 = CARTESIAN_POINT('',(-6.75,-1.));
#15196 = VECTOR('',#15197,1.);
#15197 = DIRECTION('',(-1.,0.));
#15198 = ( GEOMETRIC_REPRESENTATION_CONTEXT(2) 
PARAMETRIC_REPRESENTATION_CONTEXT() REPRESENTATION_CONTEXT('2D SPACE',''
  ) );
#15199 = PCURVE('',#240,#15200);
#15200 = DEFINITIONAL_REPRESENTATION('',(#15201),#15205);
#15201 = LINE('',#15202,#15203);
#15202 = CARTESIAN_POINT('',(6.75,55.333333333333));
#15203 = VECTOR('',#15204,1.);
#15204 = DIRECTION('',(-1.,0.));
#15205 = ( GEOMETRIC_REPRESENTATION_CONTEXT(2) 
PARAMETRIC_REPRESENTATION_CONTEXT() REPRESENTATION_CONTEXT('2D SPACE',''
  ) );
#15206 = ORIENTED_EDGE('',*,*,#15114,.T.);
#15207 = ORIENTED_EDGE('',*,*,#14240,.F.);
#15208 = ADVANCED_FACE('',(#15209),#14228,.F.);
#15209 = FACE_BOUND('',#15210,.F.);
#15210 = EDGE_LOOP('',(#15211,#15212,#15233,#15234));
#15211 = ORIENTED_EDGE('',*,*,#15163,.F.);
#15212 = ORIENTED_EDGE('',*,*,#15213,.T.);
#15213 = EDGE_CURVE('',#15164,#15044,#15214,.T.);
#15214 = SURFACE_CURVE('',#15215,(#15219,#15226),.PCURVE_S1.);
#15215 = LINE('',#15216,#15217);
#15216 = CARTESIAN_POINT('',(227.66666666666,55.,142.));
#15217 = VECTOR('',#15218,1.);
#15218 = DIRECTION('',(1.,0.,0.));
#15219 = PCURVE('',#14228,#15220);
#15220 = DEFINITIONAL_REPRESENTATION('',(#15221),#15225);
#15221 = LINE('',#15222,#15223);
#15222 = CARTESIAN_POINT('',(-27.66666666666,1.));
#15223 = VECTOR('',#15224,1.);
#15224 = DIRECTION('',(1.,0.));
#15225 = ( GEOMETRIC_REPRESENTATION_CONTEXT(2) 
PARAMETRIC_REPRESENTATION_CONTEXT() REPRESENTATION_CONTEXT('2D SPACE',''
  ) );
#15226 = PCURVE('',#240,#15227);
#15227 = DEFINITIONAL_REPRESENTATION('',(#15228),#15232);
#15228 = LINE('',#15229,#15230);
#15229 = CARTESIAN_POINT('',(111.5,27.666666666667));
#15230 = VECTOR('',#15231,1.);
#15231 = DIRECTION('',(0.,1.));
#15232 = ( GEOMETRIC_REPRESENTATION_CONTEXT(2) 
PARAMETRIC_REPRESENTATION_CONTEXT() REPRESENTATION_CONTEXT('2D SPACE',''
  ) );
#15233 = ORIENTED_EDGE('',*,*,#15043,.T.);
#15234 = ORIENTED_EDGE('',*,*,#14210,.F.);
#15235 = ADVANCED_FACE('',(#15236),#14196,.F.);
#15236 = FACE_BOUND('',#15237,.F.);
#15237 = EDGE_LOOP('',(#15238,#15261,#15284,#15305));
#15238 = ORIENTED_EDGE('',*,*,#15239,.F.);
#15239 = EDGE_CURVE('',#15240,#14099,#15242,.T.);
#15240 = VERTEX_POINT('',#15241);
#15241 = CARTESIAN_POINT('',(247.33333333333,55.,142.));
#15242 = SURFACE_CURVE('',#15243,(#15247,#15254),.PCURVE_S1.);
#15243 = LINE('',#15244,#15245);
#15244 = CARTESIAN_POINT('',(247.33333333333,54.,142.));
#15245 = VECTOR('',#15246,1.);
#15246 = DIRECTION('',(0.,1.,0.));
#15247 = PCURVE('',#14196,#15248);
#15248 = DEFINITIONAL_REPRESENTATION('',(#15249),#15253);
#15249 = LINE('',#15250,#15251);
#15250 = CARTESIAN_POINT('',(98.,0.));
#15251 = VECTOR('',#15252,1.);
#15252 = DIRECTION('',(0.,-1.));
#15253 = ( GEOMETRIC_REPRESENTATION_CONTEXT(2) 
PARAMETRIC_REPRESENTATION_CONTEXT() REPRESENTATION_CONTEXT('2D SPACE',''
  ) );
#15254 = PCURVE('',#14114,#15255);
#15255 = DEFINITIONAL_REPRESENTATION('',(#15256),#15260);
#15256 = LINE('',#15257,#15258);
#15257 = CARTESIAN_POINT('',(15.666666666667,0.));
#15258 = VECTOR('',#15259,1.);
#15259 = DIRECTION('',(0.,1.));
#15260 = ( GEOMETRIC_REPRESENTATION_CONTEXT(2) 
PARAMETRIC_REPRESENTATION_CONTEXT() REPRESENTATION_CONTEXT('2D SPACE',''
  ) );
#15261 = ORIENTED_EDGE('',*,*,#15262,.T.);
#15262 = EDGE_CURVE('',#15240,#15263,#15265,.T.);
#15263 = VERTEX_POINT('',#15264);
#15264 = CARTESIAN_POINT('',(247.33333333333,55.,44.));
#15265 = SURFACE_CURVE('',#15266,(#15270,#15277),.PCURVE_S1.);
#15266 = LINE('',#15267,#15268);
#15267 = CARTESIAN_POINT('',(247.33333333333,55.,37.25));
#15268 = VECTOR('',#15269,1.);
#15269 = DIRECTION('',(0.,0.,-1.));
#15270 = PCURVE('',#14196,#15271);
#15271 = DEFINITIONAL_REPRESENTATION('',(#15272),#15276);
#15272 = LINE('',#15273,#15274);
#15273 = CARTESIAN_POINT('',(-6.75,-1.));
#15274 = VECTOR('',#15275,1.);
#15275 = DIRECTION('',(-1.,0.));
#15276 = ( GEOMETRIC_REPRESENTATION_CONTEXT(2) 
PARAMETRIC_REPRESENTATION_CONTEXT() REPRESENTATION_CONTEXT('2D SPACE',''
  ) );
#15277 = PCURVE('',#240,#15278);
#15278 = DEFINITIONAL_REPRESENTATION('',(#15279),#15283);
#15279 = LINE('',#15280,#15281);
#15280 = CARTESIAN_POINT('',(6.75,47.333333333333));
#15281 = VECTOR('',#15282,1.);
#15282 = DIRECTION('',(-1.,0.));
#15283 = ( GEOMETRIC_REPRESENTATION_CONTEXT(2) 
PARAMETRIC_REPRESENTATION_CONTEXT() REPRESENTATION_CONTEXT('2D SPACE',''
  ) );
#15284 = ORIENTED_EDGE('',*,*,#15285,.T.);
#15285 = EDGE_CURVE('',#15263,#14155,#15286,.T.);
#15286 = SURFACE_CURVE('',#15287,(#15291,#15298),.PCURVE_S1.);
#15287 = LINE('',#15288,#15289);
#15288 = CARTESIAN_POINT('',(247.33333333333,54.,44.));
#15289 = VECTOR('',#15290,1.);
#15290 = DIRECTION('',(0.,1.,0.));
#15291 = PCURVE('',#14196,#15292);
#15292 = DEFINITIONAL_REPRESENTATION('',(#15293),#15297);
#15293 = LINE('',#15294,#15295);
#15294 = CARTESIAN_POINT('',(0.,0.));
#15295 = VECTOR('',#15296,1.);
#15296 = DIRECTION('',(0.,-1.));
#15297 = ( GEOMETRIC_REPRESENTATION_CONTEXT(2) 
PARAMETRIC_REPRESENTATION_CONTEXT() REPRESENTATION_CONTEXT('2D SPACE',''
  ) );
#15298 = PCURVE('',#14170,#15299);
#15299 = DEFINITIONAL_REPRESENTATION('',(#15300),#15304);
#15300 = LINE('',#15301,#15302);
#15301 = CARTESIAN_POINT('',(15.666666666667,0.));
#15302 = VECTOR('',#15303,1.);
#15303 = DIRECTION('',(0.,1.));
#15304 = ( GEOMETRIC_REPRESENTATION_CONTEXT(2) 
PARAMETRIC_REPRESENTATION_CONTEXT() REPRESENTATION_CONTEXT('2D SPACE',''
  ) );
#15305 = ORIENTED_EDGE('',*,*,#14182,.F.);
#15306 = ADVANCED_FACE('',(#15307),#14170,.T.);
#15307 = FACE_BOUND('',#15308,.T.);
#15308 = EDGE_LOOP('',(#15309,#15332,#15353,#15354));
#15309 = ORIENTED_EDGE('',*,*,#15310,.F.);
#15310 = EDGE_CURVE('',#15311,#14127,#15313,.T.);
#15311 = VERTEX_POINT('',#15312);
#15312 = CARTESIAN_POINT('',(231.66666666666,55.,44.));
#15313 = SURFACE_CURVE('',#15314,(#15318,#15325),.PCURVE_S1.);
#15314 = LINE('',#15315,#15316);
#15315 = CARTESIAN_POINT('',(231.66666666666,54.,44.));
#15316 = VECTOR('',#15317,1.);
#15317 = DIRECTION('',(0.,1.,0.));
#15318 = PCURVE('',#14170,#15319);
#15319 = DEFINITIONAL_REPRESENTATION('',(#15320),#15324);
#15320 = LINE('',#15321,#15322);
#15321 = CARTESIAN_POINT('',(0.,0.));
#15322 = VECTOR('',#15323,1.);
#15323 = DIRECTION('',(0.,1.));
#15324 = ( GEOMETRIC_REPRESENTATION_CONTEXT(2) 
PARAMETRIC_REPRESENTATION_CONTEXT() REPRESENTATION_CONTEXT('2D SPACE',''
  ) );
#15325 = PCURVE('',#14142,#15326);
#15326 = DEFINITIONAL_REPRESENTATION('',(#15327),#15331);
#15327 = LINE('',#15328,#15329);
#15328 = CARTESIAN_POINT('',(0.,0.));
#15329 = VECTOR('',#15330,1.);
#15330 = DIRECTION('',(0.,-1.));
#15331 = ( GEOMETRIC_REPRESENTATION_CONTEXT(2) 
PARAMETRIC_REPRESENTATION_CONTEXT() REPRESENTATION_CONTEXT('2D SPACE',''
  ) );
#15332 = ORIENTED_EDGE('',*,*,#15333,.T.);
#15333 = EDGE_CURVE('',#15311,#15263,#15334,.T.);
#15334 = SURFACE_CURVE('',#15335,(#15339,#15346),.PCURVE_S1.);
#15335 = LINE('',#15336,#15337);
#15336 = CARTESIAN_POINT('',(215.83333333333,55.,44.));
#15337 = VECTOR('',#15338,1.);
#15338 = DIRECTION('',(1.,0.,0.));
#15339 = PCURVE('',#14170,#15340);
#15340 = DEFINITIONAL_REPRESENTATION('',(#15341),#15345);
#15341 = LINE('',#15342,#15343);
#15342 = CARTESIAN_POINT('',(-15.83333333333,1.));
#15343 = VECTOR('',#15344,1.);
#15344 = DIRECTION('',(1.,0.));
#15345 = ( GEOMETRIC_REPRESENTATION_CONTEXT(2) 
PARAMETRIC_REPRESENTATION_CONTEXT() REPRESENTATION_CONTEXT('2D SPACE',''
  ) );
#15346 = PCURVE('',#240,#15347);
#15347 = DEFINITIONAL_REPRESENTATION('',(#15348),#15352);
#15348 = LINE('',#15349,#15350);
#15349 = CARTESIAN_POINT('',(13.5,15.833333333333));
#15350 = VECTOR('',#15351,1.);
#15351 = DIRECTION('',(0.,1.));
#15352 = ( GEOMETRIC_REPRESENTATION_CONTEXT(2) 
PARAMETRIC_REPRESENTATION_CONTEXT() REPRESENTATION_CONTEXT('2D SPACE',''
  ) );
#15353 = ORIENTED_EDGE('',*,*,#15285,.T.);
#15354 = ORIENTED_EDGE('',*,*,#14154,.F.);
#15355 = ADVANCED_FACE('',(#15356),#14142,.T.);
#15356 = FACE_BOUND('',#15357,.T.);
#15357 = EDGE_LOOP('',(#15358,#15381,#15402,#15403));
#15358 = ORIENTED_EDGE('',*,*,#15359,.F.);
#15359 = EDGE_CURVE('',#15360,#14097,#15362,.T.);
#15360 = VERTEX_POINT('',#15361);
#15361 = CARTESIAN_POINT('',(231.66666666666,55.,142.));
#15362 = SURFACE_CURVE('',#15363,(#15367,#15374),.PCURVE_S1.);
#15363 = LINE('',#15364,#15365);
#15364 = CARTESIAN_POINT('',(231.66666666666,54.,142.));
#15365 = VECTOR('',#15366,1.);
#15366 = DIRECTION('',(0.,1.,0.));
#15367 = PCURVE('',#14142,#15368);
#15368 = DEFINITIONAL_REPRESENTATION('',(#15369),#15373);
#15369 = LINE('',#15370,#15371);
#15370 = CARTESIAN_POINT('',(98.,0.));
#15371 = VECTOR('',#15372,1.);
#15372 = DIRECTION('',(0.,-1.));
#15373 = ( GEOMETRIC_REPRESENTATION_CONTEXT(2) 
PARAMETRIC_REPRESENTATION_CONTEXT() REPRESENTATION_CONTEXT('2D SPACE',''
  ) );
#15374 = PCURVE('',#14114,#15375);
#15375 = DEFINITIONAL_REPRESENTATION('',(#15376),#15380);
#15376 = LINE('',#15377,#15378);
#15377 = CARTESIAN_POINT('',(0.,0.));
#15378 = VECTOR('',#15379,1.);
#15379 = DIRECTION('',(0.,1.));
#15380 = ( GEOMETRIC_REPRESENTATION_CONTEXT(2) 
PARAMETRIC_REPRESENTATION_CONTEXT() REPRESENTATION_CONTEXT('2D SPACE',''
  ) );
#15381 = ORIENTED_EDGE('',*,*,#15382,.T.);
#15382 = EDGE_CURVE('',#15360,#15311,#15383,.T.);
#15383 = SURFACE_CURVE('',#15384,(#15388,#15395),.PCURVE_S1.);
#15384 = LINE('',#15385,#15386);
#15385 = CARTESIAN_POINT('',(231.66666666666,55.,37.25));
#15386 = VECTOR('',#15387,1.);
#15387 = DIRECTION('',(0.,0.,-1.));
#15388 = PCURVE('',#14142,#15389);
#15389 = DEFINITIONAL_REPRESENTATION('',(#15390),#15394);
#15390 = LINE('',#15391,#15392);
#15391 = CARTESIAN_POINT('',(-6.75,-1.));
#15392 = VECTOR('',#15393,1.);
#15393 = DIRECTION('',(-1.,0.));
#15394 = ( GEOMETRIC_REPRESENTATION_CONTEXT(2) 
PARAMETRIC_REPRESENTATION_CONTEXT() REPRESENTATION_CONTEXT('2D SPACE',''
  ) );
#15395 = PCURVE('',#240,#15396);
#15396 = DEFINITIONAL_REPRESENTATION('',(#15397),#15401);
#15397 = LINE('',#15398,#15399);
#15398 = CARTESIAN_POINT('',(6.75,31.666666666667));
#15399 = VECTOR('',#15400,1.);
#15400 = DIRECTION('',(-1.,0.));
#15401 = ( GEOMETRIC_REPRESENTATION_CONTEXT(2) 
PARAMETRIC_REPRESENTATION_CONTEXT() REPRESENTATION_CONTEXT('2D SPACE',''
  ) );
#15402 = ORIENTED_EDGE('',*,*,#15310,.T.);
#15403 = ORIENTED_EDGE('',*,*,#14126,.F.);
#15404 = ADVANCED_FACE('',(#15405),#14114,.F.);
#15405 = FACE_BOUND('',#15406,.F.);
#15406 = EDGE_LOOP('',(#15407,#15408,#15429,#15430));
#15407 = ORIENTED_EDGE('',*,*,#15359,.F.);
#15408 = ORIENTED_EDGE('',*,*,#15409,.T.);
#15409 = EDGE_CURVE('',#15360,#15240,#15410,.T.);
#15410 = SURFACE_CURVE('',#15411,(#15415,#15422),.PCURVE_S1.);
#15411 = LINE('',#15412,#15413);
#15412 = CARTESIAN_POINT('',(215.83333333333,55.,142.));
#15413 = VECTOR('',#15414,1.);
#15414 = DIRECTION('',(1.,0.,0.));
#15415 = PCURVE('',#14114,#15416);
#15416 = DEFINITIONAL_REPRESENTATION('',(#15417),#15421);
#15417 = LINE('',#15418,#15419);
#15418 = CARTESIAN_POINT('',(-15.83333333333,1.));
#15419 = VECTOR('',#15420,1.);
#15420 = DIRECTION('',(1.,0.));
#15421 = ( GEOMETRIC_REPRESENTATION_CONTEXT(2) 
PARAMETRIC_REPRESENTATION_CONTEXT() REPRESENTATION_CONTEXT('2D SPACE',''
  ) );
#15422 = PCURVE('',#240,#15423);
#15423 = DEFINITIONAL_REPRESENTATION('',(#15424),#15428);
#15424 = LINE('',#15425,#15426);
#15425 = CARTESIAN_POINT('',(111.5,15.833333333333));
#15426 = VECTOR('',#15427,1.);
#15427 = DIRECTION('',(0.,1.));
#15428 = ( GEOMETRIC_REPRESENTATION_CONTEXT(2) 
PARAMETRIC_REPRESENTATION_CONTEXT() REPRESENTATION_CONTEXT('2D SPACE',''
  ) );
#15429 = ORIENTED_EDGE('',*,*,#15239,.T.);
#15430 = ORIENTED_EDGE('',*,*,#14096,.F.);
#15431 = ADVANCED_FACE('',(#15432,#15458,#15461,#15464),#634,.T.);
#15432 = FACE_BOUND('',#15433,.T.);
#15433 = EDGE_LOOP('',(#15434,#15435,#15436,#15437));
#15434 = ORIENTED_EDGE('',*,*,#618,.F.);
#15435 = ORIENTED_EDGE('',*,*,#14058,.T.);
#15436 = ORIENTED_EDGE('',*,*,#12052,.T.);
#15437 = ORIENTED_EDGE('',*,*,#15438,.F.);
#15438 = EDGE_CURVE('',#591,#12030,#15439,.T.);
#15439 = SURFACE_CURVE('',#15440,(#15444,#15451),.PCURVE_S1.);
#15440 = LINE('',#15441,#15442);
#15441 = CARTESIAN_POINT('',(200.,75.,36.));
#15442 = VECTOR('',#15443,1.);
#15443 = DIRECTION('',(1.,0.,0.));
#15444 = PCURVE('',#634,#15445);
#15445 = DEFINITIONAL_REPRESENTATION('',(#15446),#15450);
#15446 = LINE('',#15447,#15448);
#15447 = CARTESIAN_POINT('',(0.,20.));
#15448 = VECTOR('',#15449,1.);
#15449 = DIRECTION('',(1.,0.));
#15450 = ( GEOMETRIC_REPRESENTATION_CONTEXT(2) 
PARAMETRIC_REPRESENTATION_CONTEXT() REPRESENTATION_CONTEXT('2D SPACE',''
  ) );
#15451 = PCURVE('',#606,#15452);
#15452 = DEFINITIONAL_REPRESENTATION('',(#15453),#15457);
#15453 = LINE('',#15454,#15455);
#15454 = CARTESIAN_POINT('',(36.,0.));
#15455 = VECTOR('',#15456,1.);
#15456 = DIRECTION('',(0.,1.));
#15457 = ( GEOMETRIC_REPRESENTATION_CONTEXT(2) 
PARAMETRIC_REPRESENTATION_CONTEXT() REPRESENTATION_CONTEXT('2D SPACE',''
  ) );
#15458 = FACE_BOUND('',#15459,.T.);
#15459 = EDGE_LOOP('',(#15460));
#15460 = ORIENTED_EDGE('',*,*,#3839,.T.);
#15461 = FACE_BOUND('',#15462,.T.);
#15462 = EDGE_LOOP('',(#15463));
#15463 = ORIENTED_EDGE('',*,*,#6066,.T.);
#15464 = FACE_BOUND('',#15465,.T.);
#15465 = EDGE_LOOP('',(#15466));
#15466 = ORIENTED_EDGE('',*,*,#3015,.T.);
#15467 = ADVANCED_FACE('',(#15468),#606,.T.);
#15468 = FACE_BOUND('',#15469,.T.);
#15469 = EDGE_LOOP('',(#15470,#15491,#15492,#15493));
#15470 = ORIENTED_EDGE('',*,*,#15471,.F.);
#15471 = EDGE_CURVE('',#563,#12007,#15472,.T.);
#15472 = SURFACE_CURVE('',#15473,(#15477,#15484),.PCURVE_S1.);
#15473 = LINE('',#15474,#15475);
#15474 = CARTESIAN_POINT('',(200.,75.,0.));
#15475 = VECTOR('',#15476,1.);
#15476 = DIRECTION('',(1.,0.,0.));
#15477 = PCURVE('',#606,#15478);
#15478 = DEFINITIONAL_REPRESENTATION('',(#15479),#15483);
#15479 = LINE('',#15480,#15481);
#15480 = CARTESIAN_POINT('',(0.,0.));
#15481 = VECTOR('',#15482,1.);
#15482 = DIRECTION('',(0.,1.));
#15483 = ( GEOMETRIC_REPRESENTATION_CONTEXT(2) 
PARAMETRIC_REPRESENTATION_CONTEXT() REPRESENTATION_CONTEXT('2D SPACE',''
  ) );
#15484 = PCURVE('',#578,#15485);
#15485 = DEFINITIONAL_REPRESENTATION('',(#15486),#15490);
#15486 = LINE('',#15487,#15488);
#15487 = CARTESIAN_POINT('',(0.,150.));
#15488 = VECTOR('',#15489,1.);
#15489 = DIRECTION('',(1.,0.));
#15490 = ( GEOMETRIC_REPRESENTATION_CONTEXT(2) 
PARAMETRIC_REPRESENTATION_CONTEXT() REPRESENTATION_CONTEXT('2D SPACE',''
  ) );
#15491 = ORIENTED_EDGE('',*,*,#590,.F.);
#15492 = ORIENTED_EDGE('',*,*,#15438,.T.);
#15493 = ORIENTED_EDGE('',*,*,#12029,.T.);
#15494 = ADVANCED_FACE('',(#15495,#15521,#15535,#15541,#15547,#15553,
    #15559,#15565,#15571,#15577),#578,.F.);
#15495 = FACE_BOUND('',#15496,.F.);
#15496 = EDGE_LOOP('',(#15497,#15518,#15519,#15520));
#15497 = ORIENTED_EDGE('',*,*,#15498,.T.);
#15498 = EDGE_CURVE('',#535,#11984,#15499,.T.);
#15499 = SURFACE_CURVE('',#15500,(#15504,#15511),.PCURVE_S1.);
#15500 = LINE('',#15501,#15502);
#15501 = CARTESIAN_POINT('',(200.,-75.,0.));
#15502 = VECTOR('',#15503,1.);
#15503 = DIRECTION('',(1.,0.,0.));
#15504 = PCURVE('',#578,#15505);
#15505 = DEFINITIONAL_REPRESENTATION('',(#15506),#15510);
#15506 = LINE('',#15507,#15508);
#15507 = CARTESIAN_POINT('',(0.,0.));
#15508 = VECTOR('',#15509,1.);
#15509 = DIRECTION('',(1.,0.));
#15510 = ( GEOMETRIC_REPRESENTATION_CONTEXT(2) 
PARAMETRIC_REPRESENTATION_CONTEXT() REPRESENTATION_CONTEXT('2D SPACE',''
  ) );
#15511 = PCURVE('',#550,#15512);
#15512 = DEFINITIONAL_REPRESENTATION('',(#15513),#15517);
#15513 = LINE('',#15514,#15515);
#15514 = CARTESIAN_POINT('',(0.,0.));
#15515 = VECTOR('',#15516,1.);
#15516 = DIRECTION('',(0.,1.));
#15517 = ( GEOMETRIC_REPRESENTATION_CONTEXT(2) 
PARAMETRIC_REPRESENTATION_CONTEXT() REPRESENTATION_CONTEXT('2D SPACE',''
  ) );
#15518 = ORIENTED_EDGE('',*,*,#12006,.T.);
#15519 = ORIENTED_EDGE('',*,*,#15471,.F.);
#15520 = ORIENTED_EDGE('',*,*,#562,.T.);
#15521 = FACE_BOUND('',#15522,.F.);
#15522 = EDGE_LOOP('',(#15523,#15524,#15525,#15526,#15527,#15528,#15529,
    #15530,#15531,#15532,#15533,#15534));
#15523 = ORIENTED_EDGE('',*,*,#4091,.T.);
#15524 = ORIENTED_EDGE('',*,*,#3989,.T.);
#15525 = ORIENTED_EDGE('',*,*,#3963,.T.);
#15526 = ORIENTED_EDGE('',*,*,#3869,.F.);
#15527 = ORIENTED_EDGE('',*,*,#5214,.T.);
#15528 = ORIENTED_EDGE('',*,*,#5164,.T.);
#15529 = ORIENTED_EDGE('',*,*,#5117,.F.);
#15530 = ORIENTED_EDGE('',*,*,#5583,.F.);
#15531 = ORIENTED_EDGE('',*,*,#1055,.T.);
#15532 = ORIENTED_EDGE('',*,*,#5610,.T.);
#15533 = ORIENTED_EDGE('',*,*,#4241,.T.);
#15534 = ORIENTED_EDGE('',*,*,#4140,.F.);
#15535 = FACE_BOUND('',#15536,.F.);
#15536 = EDGE_LOOP('',(#15537,#15538,#15539,#15540));
#15537 = ORIENTED_EDGE('',*,*,#6808,.T.);
#15538 = ORIENTED_EDGE('',*,*,#5046,.F.);
#15539 = ORIENTED_EDGE('',*,*,#6778,.T.);
#15540 = ORIENTED_EDGE('',*,*,#931,.T.);
#15541 = FACE_BOUND('',#15542,.F.);
#15542 = EDGE_LOOP('',(#15543,#15544,#15545,#15546));
#15543 = ORIENTED_EDGE('',*,*,#4924,.T.);
#15544 = ORIENTED_EDGE('',*,*,#4877,.F.);
#15545 = ORIENTED_EDGE('',*,*,#6754,.T.);
#15546 = ORIENTED_EDGE('',*,*,#4997,.T.);
#15547 = FACE_BOUND('',#15548,.F.);
#15548 = EDGE_LOOP('',(#15549,#15550,#15551,#15552));
#15549 = ORIENTED_EDGE('',*,*,#2558,.F.);
#15550 = ORIENTED_EDGE('',*,*,#6730,.T.);
#15551 = ORIENTED_EDGE('',*,*,#4828,.T.);
#15552 = ORIENTED_EDGE('',*,*,#4755,.T.);
#15553 = FACE_BOUND('',#15554,.F.);
#15554 = EDGE_LOOP('',(#15555,#15556,#15557,#15558));
#15555 = ORIENTED_EDGE('',*,*,#5477,.F.);
#15556 = ORIENTED_EDGE('',*,*,#5359,.F.);
#15557 = ORIENTED_EDGE('',*,*,#5308,.F.);
#15558 = ORIENTED_EDGE('',*,*,#5260,.T.);
#15559 = FACE_BOUND('',#15560,.F.);
#15560 = EDGE_LOOP('',(#15561,#15562,#15563,#15564));
#15561 = ORIENTED_EDGE('',*,*,#2048,.T.);
#15562 = ORIENTED_EDGE('',*,*,#2001,.F.);
#15563 = ORIENTED_EDGE('',*,*,#2146,.F.);
#15564 = ORIENTED_EDGE('',*,*,#2121,.T.);
#15565 = FACE_BOUND('',#15566,.F.);
#15566 = EDGE_LOOP('',(#15567,#15568,#15569,#15570));
#15567 = ORIENTED_EDGE('',*,*,#2484,.F.);
#15568 = ORIENTED_EDGE('',*,*,#2459,.T.);
#15569 = ORIENTED_EDGE('',*,*,#2364,.T.);
#15570 = ORIENTED_EDGE('',*,*,#2604,.F.);
#15571 = FACE_BOUND('',#15572,.F.);
#15572 = EDGE_LOOP('',(#15573,#15574,#15575,#15576));
#15573 = ORIENTED_EDGE('',*,*,#5431,.F.);
#15574 = ORIENTED_EDGE('',*,*,#2197,.F.);
#15575 = ORIENTED_EDGE('',*,*,#5556,.F.);
#15576 = ORIENTED_EDGE('',*,*,#5531,.T.);
#15577 = FACE_BOUND('',#15578,.F.);
#15578 = EDGE_LOOP('',(#15579,#15580,#15581,#15582));
#15579 = ORIENTED_EDGE('',*,*,#2315,.F.);
#15580 = ORIENTED_EDGE('',*,*,#2268,.T.);
#15581 = ORIENTED_EDGE('',*,*,#5407,.F.);
#15582 = ORIENTED_EDGE('',*,*,#2628,.F.);
#15583 = ADVANCED_FACE('',(#15584),#550,.F.);
#15584 = FACE_BOUND('',#15585,.F.);
#15585 = EDGE_LOOP('',(#15586,#15587,#15588,#15609));
#15586 = ORIENTED_EDGE('',*,*,#15498,.F.);
#15587 = ORIENTED_EDGE('',*,*,#534,.T.);
#15588 = ORIENTED_EDGE('',*,*,#15589,.T.);
#15589 = EDGE_CURVE('',#507,#11961,#15590,.T.);
#15590 = SURFACE_CURVE('',#15591,(#15595,#15602),.PCURVE_S1.);
#15591 = LINE('',#15592,#15593);
#15592 = CARTESIAN_POINT('',(200.,-75.,36.));
#15593 = VECTOR('',#15594,1.);
#15594 = DIRECTION('',(1.,0.,0.));
#15595 = PCURVE('',#550,#15596);
#15596 = DEFINITIONAL_REPRESENTATION('',(#15597),#15601);
#15597 = LINE('',#15598,#15599);
#15598 = CARTESIAN_POINT('',(36.,0.));
#15599 = VECTOR('',#15600,1.);
#15600 = DIRECTION('',(0.,1.));
#15601 = ( GEOMETRIC_REPRESENTATION_CONTEXT(2) 
PARAMETRIC_REPRESENTATION_CONTEXT() REPRESENTATION_CONTEXT('2D SPACE',''
  ) );
#15602 = PCURVE('',#522,#15603);
#15603 = DEFINITIONAL_REPRESENTATION('',(#15604),#15608);
#15604 = LINE('',#15605,#15606);
#15605 = CARTESIAN_POINT('',(-0.,20.));
#15606 = VECTOR('',#15607,1.);
#15607 = DIRECTION('',(-1.,-0.));
#15608 = ( GEOMETRIC_REPRESENTATION_CONTEXT(2) 
PARAMETRIC_REPRESENTATION_CONTEXT() REPRESENTATION_CONTEXT('2D SPACE',''
  ) );
#15609 = ORIENTED_EDGE('',*,*,#11983,.F.);
#15610 = ADVANCED_FACE('',(#15611,#15637,#15640,#15643),#522,.T.);
#15611 = FACE_BOUND('',#15612,.F.);
#15612 = EDGE_LOOP('',(#15613,#15614,#15635,#15636));
#15613 = ORIENTED_EDGE('',*,*,#506,.F.);
#15614 = ORIENTED_EDGE('',*,*,#15615,.T.);
#15615 = EDGE_CURVE('',#477,#11938,#15616,.T.);
#15616 = SURFACE_CURVE('',#15617,(#15621,#15628),.PCURVE_S1.);
#15617 = LINE('',#15618,#15619);
#15618 = CARTESIAN_POINT('',(200.,-61.,36.));
#15619 = VECTOR('',#15620,1.);
#15620 = DIRECTION('',(1.,-0.,-0.));
#15621 = PCURVE('',#522,#15622);
#15622 = DEFINITIONAL_REPRESENTATION('',(#15623),#15627);
#15623 = LINE('',#15624,#15625);
#15624 = CARTESIAN_POINT('',(-0.,6.));
#15625 = VECTOR('',#15626,1.);
#15626 = DIRECTION('',(-1.,0.));
#15627 = ( GEOMETRIC_REPRESENTATION_CONTEXT(2) 
PARAMETRIC_REPRESENTATION_CONTEXT() REPRESENTATION_CONTEXT('2D SPACE',''
  ) );
#15628 = PCURVE('',#494,#15629);
#15629 = DEFINITIONAL_REPRESENTATION('',(#15630),#15634);
#15630 = LINE('',#15631,#15632);
#15631 = CARTESIAN_POINT('',(-5.5,0.));
#15632 = VECTOR('',#15633,1.);
#15633 = DIRECTION('',(-0.,1.));
#15634 = ( GEOMETRIC_REPRESENTATION_CONTEXT(2) 
PARAMETRIC_REPRESENTATION_CONTEXT() REPRESENTATION_CONTEXT('2D SPACE',''
  ) );
#15635 = ORIENTED_EDGE('',*,*,#11960,.T.);
#15636 = ORIENTED_EDGE('',*,*,#15589,.F.);
#15637 = FACE_BOUND('',#15638,.F.);
#15638 = EDGE_LOOP('',(#15639));
#15639 = ORIENTED_EDGE('',*,*,#6502,.T.);
#15640 = FACE_BOUND('',#15641,.F.);
#15641 = EDGE_LOOP('',(#15642));
#15642 = ORIENTED_EDGE('',*,*,#6358,.T.);
#15643 = FACE_BOUND('',#15644,.F.);
#15644 = EDGE_LOOP('',(#15645));
#15645 = ORIENTED_EDGE('',*,*,#6214,.T.);
#15646 = ADVANCED_FACE('',(#15647,#15659,#15665,#15779,#15893,#16007,
    #16038,#16152,#16158),#494,.T.);
#15647 = FACE_BOUND('',#15648,.F.);
#15648 = EDGE_LOOP('',(#15649,#15650,#15651,#15652,#15653,#15654,#15655,
    #15656,#15657,#15658));
#15649 = ORIENTED_EDGE('',*,*,#11937,.F.);
#15650 = ORIENTED_EDGE('',*,*,#15615,.F.);
#15651 = ORIENTED_EDGE('',*,*,#476,.T.);
#15652 = ORIENTED_EDGE('',*,*,#6866,.T.);
#15653 = ORIENTED_EDGE('',*,*,#9937,.T.);
#15654 = ORIENTED_EDGE('',*,*,#6942,.T.);
#15655 = ORIENTED_EDGE('',*,*,#10475,.T.);
#15656 = ORIENTED_EDGE('',*,*,#7018,.T.);
#15657 = ORIENTED_EDGE('',*,*,#10715,.T.);
#15658 = ORIENTED_EDGE('',*,*,#7094,.T.);
#15659 = FACE_BOUND('',#15660,.F.);
#15660 = EDGE_LOOP('',(#15661,#15662,#15663,#15664));
#15661 = ORIENTED_EDGE('',*,*,#10230,.F.);
#15662 = ORIENTED_EDGE('',*,*,#10427,.T.);
#15663 = ORIENTED_EDGE('',*,*,#10380,.T.);
#15664 = ORIENTED_EDGE('',*,*,#10309,.F.);
#15665 = FACE_BOUND('',#15666,.F.);
#15666 = EDGE_LOOP('',(#15667,#15697,#15725,#15753));
#15667 = ORIENTED_EDGE('',*,*,#15668,.F.);
#15668 = EDGE_CURVE('',#15669,#15671,#15673,.T.);
#15669 = VERTEX_POINT('',#15670);
#15670 = CARTESIAN_POINT('',(231.66666666666,-61.,142.));
#15671 = VERTEX_POINT('',#15672);
#15672 = CARTESIAN_POINT('',(247.33333333333,-61.,142.));
#15673 = SURFACE_CURVE('',#15674,(#15678,#15685),.PCURVE_S1.);
#15674 = LINE('',#15675,#15676);
#15675 = CARTESIAN_POINT('',(215.83333333333,-61.,142.));
#15676 = VECTOR('',#15677,1.);
#15677 = DIRECTION('',(1.,-0.,-0.));
#15678 = PCURVE('',#494,#15679);
#15679 = DEFINITIONAL_REPRESENTATION('',(#15680),#15684);
#15680 = LINE('',#15681,#15682);
#15681 = CARTESIAN_POINT('',(-111.5,15.833333333333));
#15682 = VECTOR('',#15683,1.);
#15683 = DIRECTION('',(-0.,1.));
#15684 = ( GEOMETRIC_REPRESENTATION_CONTEXT(2) 
PARAMETRIC_REPRESENTATION_CONTEXT() REPRESENTATION_CONTEXT('2D SPACE',''
  ) );
#15685 = PCURVE('',#15686,#15691);
#15686 = PLANE('',#15687);
#15687 = AXIS2_PLACEMENT_3D('',#15688,#15689,#15690);
#15688 = CARTESIAN_POINT('',(231.66666666666,-54.,142.));
#15689 = DIRECTION('',(0.,0.,1.));
#15690 = DIRECTION('',(-1.,-0.,0.));
#15691 = DEFINITIONAL_REPRESENTATION('',(#15692),#15696);
#15692 = LINE('',#15693,#15694);
#15693 = CARTESIAN_POINT('',(15.833333333333,7.));
#15694 = VECTOR('',#15695,1.);
#15695 = DIRECTION('',(-1.,0.));
#15696 = ( GEOMETRIC_REPRESENTATION_CONTEXT(2) 
PARAMETRIC_REPRESENTATION_CONTEXT() REPRESENTATION_CONTEXT('2D SPACE',''
  ) );
#15697 = ORIENTED_EDGE('',*,*,#15698,.T.);
#15698 = EDGE_CURVE('',#15669,#15699,#15701,.T.);
#15699 = VERTEX_POINT('',#15700);
#15700 = CARTESIAN_POINT('',(231.66666666666,-61.,44.));
#15701 = SURFACE_CURVE('',#15702,(#15706,#15713),.PCURVE_S1.);
#15702 = LINE('',#15703,#15704);
#15703 = CARTESIAN_POINT('',(231.66666666666,-61.,37.25));
#15704 = VECTOR('',#15705,1.);
#15705 = DIRECTION('',(-0.,-0.,-1.));
#15706 = PCURVE('',#494,#15707);
#15707 = DEFINITIONAL_REPRESENTATION('',(#15708),#15712);
#15708 = LINE('',#15709,#15710);
#15709 = CARTESIAN_POINT('',(-6.75,31.666666666667));
#15710 = VECTOR('',#15711,1.);
#15711 = DIRECTION('',(1.,-0.));
#15712 = ( GEOMETRIC_REPRESENTATION_CONTEXT(2) 
PARAMETRIC_REPRESENTATION_CONTEXT() REPRESENTATION_CONTEXT('2D SPACE',''
  ) );
#15713 = PCURVE('',#15714,#15719);
#15714 = PLANE('',#15715);
#15715 = AXIS2_PLACEMENT_3D('',#15716,#15717,#15718);
#15716 = CARTESIAN_POINT('',(231.66666666666,-54.,44.));
#15717 = DIRECTION('',(1.,0.,0.));
#15718 = DIRECTION('',(0.,-0.,-1.));
#15719 = DEFINITIONAL_REPRESENTATION('',(#15720),#15724);
#15720 = LINE('',#15721,#15722);
#15721 = CARTESIAN_POINT('',(6.75,-7.));
#15722 = VECTOR('',#15723,1.);
#15723 = DIRECTION('',(1.,-0.));
#15724 = ( GEOMETRIC_REPRESENTATION_CONTEXT(2) 
PARAMETRIC_REPRESENTATION_CONTEXT() REPRESENTATION_CONTEXT('2D SPACE',''
  ) );
#15725 = ORIENTED_EDGE('',*,*,#15726,.T.);
#15726 = EDGE_CURVE('',#15699,#15727,#15729,.T.);
#15727 = VERTEX_POINT('',#15728);
#15728 = CARTESIAN_POINT('',(247.33333333333,-61.,44.));
#15729 = SURFACE_CURVE('',#15730,(#15734,#15741),.PCURVE_S1.);
#15730 = LINE('',#15731,#15732);
#15731 = CARTESIAN_POINT('',(215.83333333333,-61.,44.));
#15732 = VECTOR('',#15733,1.);
#15733 = DIRECTION('',(1.,-0.,-0.));
#15734 = PCURVE('',#494,#15735);
#15735 = DEFINITIONAL_REPRESENTATION('',(#15736),#15740);
#15736 = LINE('',#15737,#15738);
#15737 = CARTESIAN_POINT('',(-13.5,15.833333333333));
#15738 = VECTOR('',#15739,1.);
#15739 = DIRECTION('',(-0.,1.));
#15740 = ( GEOMETRIC_REPRESENTATION_CONTEXT(2) 
PARAMETRIC_REPRESENTATION_CONTEXT() REPRESENTATION_CONTEXT('2D SPACE',''
  ) );
#15741 = PCURVE('',#15742,#15747);
#15742 = PLANE('',#15743);
#15743 = AXIS2_PLACEMENT_3D('',#15744,#15745,#15746);
#15744 = CARTESIAN_POINT('',(231.66666666666,-54.,44.));
#15745 = DIRECTION('',(0.,0.,1.));
#15746 = DIRECTION('',(-1.,-0.,0.));
#15747 = DEFINITIONAL_REPRESENTATION('',(#15748),#15752);
#15748 = LINE('',#15749,#15750);
#15749 = CARTESIAN_POINT('',(15.833333333333,7.));
#15750 = VECTOR('',#15751,1.);
#15751 = DIRECTION('',(-1.,0.));
#15752 = ( GEOMETRIC_REPRESENTATION_CONTEXT(2) 
PARAMETRIC_REPRESENTATION_CONTEXT() REPRESENTATION_CONTEXT('2D SPACE',''
  ) );
#15753 = ORIENTED_EDGE('',*,*,#15754,.F.);
#15754 = EDGE_CURVE('',#15671,#15727,#15755,.T.);
#15755 = SURFACE_CURVE('',#15756,(#15760,#15767),.PCURVE_S1.);
#15756 = LINE('',#15757,#15758);
#15757 = CARTESIAN_POINT('',(247.33333333333,-61.,37.25));
#15758 = VECTOR('',#15759,1.);
#15759 = DIRECTION('',(-0.,-0.,-1.));
#15760 = PCURVE('',#494,#15761);
#15761 = DEFINITIONAL_REPRESENTATION('',(#15762),#15766);
#15762 = LINE('',#15763,#15764);
#15763 = CARTESIAN_POINT('',(-6.75,47.333333333333));
#15764 = VECTOR('',#15765,1.);
#15765 = DIRECTION('',(1.,-0.));
#15766 = ( GEOMETRIC_REPRESENTATION_CONTEXT(2) 
PARAMETRIC_REPRESENTATION_CONTEXT() REPRESENTATION_CONTEXT('2D SPACE',''
  ) );
#15767 = PCURVE('',#15768,#15773);
#15768 = PLANE('',#15769);
#15769 = AXIS2_PLACEMENT_3D('',#15770,#15771,#15772);
#15770 = CARTESIAN_POINT('',(247.33333333333,-54.,44.));
#15771 = DIRECTION('',(1.,0.,0.));
#15772 = DIRECTION('',(0.,-0.,-1.));
#15773 = DEFINITIONAL_REPRESENTATION('',(#15774),#15778);
#15774 = LINE('',#15775,#15776);
#15775 = CARTESIAN_POINT('',(6.75,-7.));
#15776 = VECTOR('',#15777,1.);
#15777 = DIRECTION('',(1.,-0.));
#15778 = ( GEOMETRIC_REPRESENTATION_CONTEXT(2) 
PARAMETRIC_REPRESENTATION_CONTEXT() REPRESENTATION_CONTEXT('2D SPACE',''
  ) );
#15779 = FACE_BOUND('',#15780,.F.);
#15780 = EDGE_LOOP('',(#15781,#15811,#15839,#15867));
#15781 = ORIENTED_EDGE('',*,*,#15782,.F.);
#15782 = EDGE_CURVE('',#15783,#15785,#15787,.T.);
#15783 = VERTEX_POINT('',#15784);
#15784 = CARTESIAN_POINT('',(255.33333333333,-61.,142.));
#15785 = VERTEX_POINT('',#15786);
#15786 = CARTESIAN_POINT('',(271.,-61.,142.));
#15787 = SURFACE_CURVE('',#15788,(#15792,#15799),.PCURVE_S1.);
#15788 = LINE('',#15789,#15790);
#15789 = CARTESIAN_POINT('',(227.66666666666,-61.,142.));
#15790 = VECTOR('',#15791,1.);
#15791 = DIRECTION('',(1.,-0.,-0.));
#15792 = PCURVE('',#494,#15793);
#15793 = DEFINITIONAL_REPRESENTATION('',(#15794),#15798);
#15794 = LINE('',#15795,#15796);
#15795 = CARTESIAN_POINT('',(-111.5,27.666666666667));
#15796 = VECTOR('',#15797,1.);
#15797 = DIRECTION('',(-0.,1.));
#15798 = ( GEOMETRIC_REPRESENTATION_CONTEXT(2) 
PARAMETRIC_REPRESENTATION_CONTEXT() REPRESENTATION_CONTEXT('2D SPACE',''
  ) );
#15799 = PCURVE('',#15800,#15805);
#15800 = PLANE('',#15801);
#15801 = AXIS2_PLACEMENT_3D('',#15802,#15803,#15804);
#15802 = CARTESIAN_POINT('',(255.33333333333,-54.,142.));
#15803 = DIRECTION('',(0.,0.,1.));
#15804 = DIRECTION('',(-1.,-0.,0.));
#15805 = DEFINITIONAL_REPRESENTATION('',(#15806),#15810);
#15806 = LINE('',#15807,#15808);
#15807 = CARTESIAN_POINT('',(27.666666666667,7.));
#15808 = VECTOR('',#15809,1.);
#15809 = DIRECTION('',(-1.,0.));
#15810 = ( GEOMETRIC_REPRESENTATION_CONTEXT(2) 
PARAMETRIC_REPRESENTATION_CONTEXT() REPRESENTATION_CONTEXT('2D SPACE',''
  ) );
#15811 = ORIENTED_EDGE('',*,*,#15812,.T.);
#15812 = EDGE_CURVE('',#15783,#15813,#15815,.T.);
#15813 = VERTEX_POINT('',#15814);
#15814 = CARTESIAN_POINT('',(255.33333333333,-61.,44.));
#15815 = SURFACE_CURVE('',#15816,(#15820,#15827),.PCURVE_S1.);
#15816 = LINE('',#15817,#15818);
#15817 = CARTESIAN_POINT('',(255.33333333333,-61.,37.25));
#15818 = VECTOR('',#15819,1.);
#15819 = DIRECTION('',(-0.,-0.,-1.));
#15820 = PCURVE('',#494,#15821);
#15821 = DEFINITIONAL_REPRESENTATION('',(#15822),#15826);
#15822 = LINE('',#15823,#15824);
#15823 = CARTESIAN_POINT('',(-6.75,55.333333333333));
#15824 = VECTOR('',#15825,1.);
#15825 = DIRECTION('',(1.,-0.));
#15826 = ( GEOMETRIC_REPRESENTATION_CONTEXT(2) 
PARAMETRIC_REPRESENTATION_CONTEXT() REPRESENTATION_CONTEXT('2D SPACE',''
  ) );
#15827 = PCURVE('',#15828,#15833);
#15828 = PLANE('',#15829);
#15829 = AXIS2_PLACEMENT_3D('',#15830,#15831,#15832);
#15830 = CARTESIAN_POINT('',(255.33333333333,-54.,44.));
#15831 = DIRECTION('',(1.,0.,0.));
#15832 = DIRECTION('',(0.,-0.,-1.));
#15833 = DEFINITIONAL_REPRESENTATION('',(#15834),#15838);
#15834 = LINE('',#15835,#15836);
#15835 = CARTESIAN_POINT('',(6.75,-7.));
#15836 = VECTOR('',#15837,1.);
#15837 = DIRECTION('',(1.,-0.));
#15838 = ( GEOMETRIC_REPRESENTATION_CONTEXT(2) 
PARAMETRIC_REPRESENTATION_CONTEXT() REPRESENTATION_CONTEXT('2D SPACE',''
  ) );
#15839 = ORIENTED_EDGE('',*,*,#15840,.T.);
#15840 = EDGE_CURVE('',#15813,#15841,#15843,.T.);
#15841 = VERTEX_POINT('',#15842);
#15842 = CARTESIAN_POINT('',(271.,-61.,44.));
#15843 = SURFACE_CURVE('',#15844,(#15848,#15855),.PCURVE_S1.);
#15844 = LINE('',#15845,#15846);
#15845 = CARTESIAN_POINT('',(227.66666666666,-61.,44.));
#15846 = VECTOR('',#15847,1.);
#15847 = DIRECTION('',(1.,-0.,-0.));
#15848 = PCURVE('',#494,#15849);
#15849 = DEFINITIONAL_REPRESENTATION('',(#15850),#15854);
#15850 = LINE('',#15851,#15852);
#15851 = CARTESIAN_POINT('',(-13.5,27.666666666667));
#15852 = VECTOR('',#15853,1.);
#15853 = DIRECTION('',(-0.,1.));
#15854 = ( GEOMETRIC_REPRESENTATION_CONTEXT(2) 
PARAMETRIC_REPRESENTATION_CONTEXT() REPRESENTATION_CONTEXT('2D SPACE',''
  ) );
#15855 = PCURVE('',#15856,#15861);
#15856 = PLANE('',#15857);
#15857 = AXIS2_PLACEMENT_3D('',#15858,#15859,#15860);
#15858 = CARTESIAN_POINT('',(255.33333333333,-54.,44.));
#15859 = DIRECTION('',(0.,0.,1.));
#15860 = DIRECTION('',(-1.,-0.,0.));
#15861 = DEFINITIONAL_REPRESENTATION('',(#15862),#15866);
#15862 = LINE('',#15863,#15864);
#15863 = CARTESIAN_POINT('',(27.666666666667,7.));
#15864 = VECTOR('',#15865,1.);
#15865 = DIRECTION('',(-1.,0.));
#15866 = ( GEOMETRIC_REPRESENTATION_CONTEXT(2) 
PARAMETRIC_REPRESENTATION_CONTEXT() REPRESENTATION_CONTEXT('2D SPACE',''
  ) );
#15867 = ORIENTED_EDGE('',*,*,#15868,.F.);
#15868 = EDGE_CURVE('',#15785,#15841,#15869,.T.);
#15869 = SURFACE_CURVE('',#15870,(#15874,#15881),.PCURVE_S1.);
#15870 = LINE('',#15871,#15872);
#15871 = CARTESIAN_POINT('',(271.,-61.,37.25));
#15872 = VECTOR('',#15873,1.);
#15873 = DIRECTION('',(-0.,-0.,-1.));
#15874 = PCURVE('',#494,#15875);
#15875 = DEFINITIONAL_REPRESENTATION('',(#15876),#15880);
#15876 = LINE('',#15877,#15878);
#15877 = CARTESIAN_POINT('',(-6.75,71.));
#15878 = VECTOR('',#15879,1.);
#15879 = DIRECTION('',(1.,-0.));
#15880 = ( GEOMETRIC_REPRESENTATION_CONTEXT(2) 
PARAMETRIC_REPRESENTATION_CONTEXT() REPRESENTATION_CONTEXT('2D SPACE',''
  ) );
#15881 = PCURVE('',#15882,#15887);
#15882 = PLANE('',#15883);
#15883 = AXIS2_PLACEMENT_3D('',#15884,#15885,#15886);
#15884 = CARTESIAN_POINT('',(271.,-54.,44.));
#15885 = DIRECTION('',(1.,0.,0.));
#15886 = DIRECTION('',(0.,-0.,-1.));
#15887 = DEFINITIONAL_REPRESENTATION('',(#15888),#15892);
#15888 = LINE('',#15889,#15890);
#15889 = CARTESIAN_POINT('',(6.75,-7.));
#15890 = VECTOR('',#15891,1.);
#15891 = DIRECTION('',(1.,-0.));
#15892 = ( GEOMETRIC_REPRESENTATION_CONTEXT(2) 
PARAMETRIC_REPRESENTATION_CONTEXT() REPRESENTATION_CONTEXT('2D SPACE',''
  ) );
#15893 = FACE_BOUND('',#15894,.F.);
#15894 = EDGE_LOOP('',(#15895,#15925,#15953,#15981));
#15895 = ORIENTED_EDGE('',*,*,#15896,.F.);
#15896 = EDGE_CURVE('',#15897,#15899,#15901,.T.);
#15897 = VERTEX_POINT('',#15898);
#15898 = CARTESIAN_POINT('',(279.,-61.,142.));
#15899 = VERTEX_POINT('',#15900);
#15900 = CARTESIAN_POINT('',(294.66666666666,-61.,142.));
#15901 = SURFACE_CURVE('',#15902,(#15906,#15913),.PCURVE_S1.);
#15902 = LINE('',#15903,#15904);
#15903 = CARTESIAN_POINT('',(239.5,-61.,142.));
#15904 = VECTOR('',#15905,1.);
#15905 = DIRECTION('',(1.,-0.,-0.));
#15906 = PCURVE('',#494,#15907);
#15907 = DEFINITIONAL_REPRESENTATION('',(#15908),#15912);
#15908 = LINE('',#15909,#15910);
#15909 = CARTESIAN_POINT('',(-111.5,39.5));
#15910 = VECTOR('',#15911,1.);
#15911 = DIRECTION('',(-0.,1.));
#15912 = ( GEOMETRIC_REPRESENTATION_CONTEXT(2) 
PARAMETRIC_REPRESENTATION_CONTEXT() REPRESENTATION_CONTEXT('2D SPACE',''
  ) );
#15913 = PCURVE('',#15914,#15919);
#15914 = PLANE('',#15915);
#15915 = AXIS2_PLACEMENT_3D('',#15916,#15917,#15918);
#15916 = CARTESIAN_POINT('',(279.,-54.,142.));
#15917 = DIRECTION('',(0.,0.,1.));
#15918 = DIRECTION('',(-1.,-0.,0.));
#15919 = DEFINITIONAL_REPRESENTATION('',(#15920),#15924);
#15920 = LINE('',#15921,#15922);
#15921 = CARTESIAN_POINT('',(39.5,7.));
#15922 = VECTOR('',#15923,1.);
#15923 = DIRECTION('',(-1.,0.));
#15924 = ( GEOMETRIC_REPRESENTATION_CONTEXT(2) 
PARAMETRIC_REPRESENTATION_CONTEXT() REPRESENTATION_CONTEXT('2D SPACE',''
  ) );
#15925 = ORIENTED_EDGE('',*,*,#15926,.T.);
#15926 = EDGE_CURVE('',#15897,#15927,#15929,.T.);
#15927 = VERTEX_POINT('',#15928);
#15928 = CARTESIAN_POINT('',(279.,-61.,44.));
#15929 = SURFACE_CURVE('',#15930,(#15934,#15941),.PCURVE_S1.);
#15930 = LINE('',#15931,#15932);
#15931 = CARTESIAN_POINT('',(279.,-61.,37.25));
#15932 = VECTOR('',#15933,1.);
#15933 = DIRECTION('',(-0.,-0.,-1.));
#15934 = PCURVE('',#494,#15935);
#15935 = DEFINITIONAL_REPRESENTATION('',(#15936),#15940);
#15936 = LINE('',#15937,#15938);
#15937 = CARTESIAN_POINT('',(-6.75,79.));
#15938 = VECTOR('',#15939,1.);
#15939 = DIRECTION('',(1.,-0.));
#15940 = ( GEOMETRIC_REPRESENTATION_CONTEXT(2) 
PARAMETRIC_REPRESENTATION_CONTEXT() REPRESENTATION_CONTEXT('2D SPACE',''
  ) );
#15941 = PCURVE('',#15942,#15947);
#15942 = PLANE('',#15943);
#15943 = AXIS2_PLACEMENT_3D('',#15944,#15945,#15946);
#15944 = CARTESIAN_POINT('',(279.,-54.,44.));
#15945 = DIRECTION('',(1.,0.,0.));
#15946 = DIRECTION('',(0.,-0.,-1.));
#15947 = DEFINITIONAL_REPRESENTATION('',(#15948),#15952);
#15948 = LINE('',#15949,#15950);
#15949 = CARTESIAN_POINT('',(6.75,-7.));
#15950 = VECTOR('',#15951,1.);
#15951 = DIRECTION('',(1.,-0.));
#15952 = ( GEOMETRIC_REPRESENTATION_CONTEXT(2) 
PARAMETRIC_REPRESENTATION_CONTEXT() REPRESENTATION_CONTEXT('2D SPACE',''
  ) );
#15953 = ORIENTED_EDGE('',*,*,#15954,.T.);
#15954 = EDGE_CURVE('',#15927,#15955,#15957,.T.);
#15955 = VERTEX_POINT('',#15956);
#15956 = CARTESIAN_POINT('',(294.66666666666,-61.,44.));
#15957 = SURFACE_CURVE('',#15958,(#15962,#15969),.PCURVE_S1.);
#15958 = LINE('',#15959,#15960);
#15959 = CARTESIAN_POINT('',(239.5,-61.,44.));
#15960 = VECTOR('',#15961,1.);
#15961 = DIRECTION('',(1.,-0.,-0.));
#15962 = PCURVE('',#494,#15963);
#15963 = DEFINITIONAL_REPRESENTATION('',(#15964),#15968);
#15964 = LINE('',#15965,#15966);
#15965 = CARTESIAN_POINT('',(-13.5,39.5));
#15966 = VECTOR('',#15967,1.);
#15967 = DIRECTION('',(-0.,1.));
#15968 = ( GEOMETRIC_REPRESENTATION_CONTEXT(2) 
PARAMETRIC_REPRESENTATION_CONTEXT() REPRESENTATION_CONTEXT('2D SPACE',''
  ) );
#15969 = PCURVE('',#15970,#15975);
#15970 = PLANE('',#15971);
#15971 = AXIS2_PLACEMENT_3D('',#15972,#15973,#15974);
#15972 = CARTESIAN_POINT('',(279.,-54.,44.));
#15973 = DIRECTION('',(0.,0.,1.));
#15974 = DIRECTION('',(-1.,-0.,0.));
#15975 = DEFINITIONAL_REPRESENTATION('',(#15976),#15980);
#15976 = LINE('',#15977,#15978);
#15977 = CARTESIAN_POINT('',(39.5,7.));
#15978 = VECTOR('',#15979,1.);
#15979 = DIRECTION('',(-1.,0.));
#15980 = ( GEOMETRIC_REPRESENTATION_CONTEXT(2) 
PARAMETRIC_REPRESENTATION_CONTEXT() REPRESENTATION_CONTEXT('2D SPACE',''
  ) );
#15981 = ORIENTED_EDGE('',*,*,#15982,.F.);
#15982 = EDGE_CURVE('',#15899,#15955,#15983,.T.);
#15983 = SURFACE_CURVE('',#15984,(#15988,#15995),.PCURVE_S1.);
#15984 = LINE('',#15985,#15986);
#15985 = CARTESIAN_POINT('',(294.66666666666,-61.,37.25));
#15986 = VECTOR('',#15987,1.);
#15987 = DIRECTION('',(-0.,-0.,-1.));
#15988 = PCURVE('',#494,#15989);
#15989 = DEFINITIONAL_REPRESENTATION('',(#15990),#15994);
#15990 = LINE('',#15991,#15992);
#15991 = CARTESIAN_POINT('',(-6.75,94.666666666667));
#15992 = VECTOR('',#15993,1.);
#15993 = DIRECTION('',(1.,-0.));
#15994 = ( GEOMETRIC_REPRESENTATION_CONTEXT(2) 
PARAMETRIC_REPRESENTATION_CONTEXT() REPRESENTATION_CONTEXT('2D SPACE',''
  ) );
#15995 = PCURVE('',#15996,#16001);
#15996 = PLANE('',#15997);
#15997 = AXIS2_PLACEMENT_3D('',#15998,#15999,#16000);
#15998 = CARTESIAN_POINT('',(294.66666666666,-54.,44.));
#15999 = DIRECTION('',(1.,0.,0.));
#16000 = DIRECTION('',(0.,-0.,-1.));
#16001 = DEFINITIONAL_REPRESENTATION('',(#16002),#16006);
#16002 = LINE('',#16003,#16004);
#16003 = CARTESIAN_POINT('',(6.75,-7.));
#16004 = VECTOR('',#16005,1.);
#16005 = DIRECTION('',(1.,-0.));
#16006 = ( GEOMETRIC_REPRESENTATION_CONTEXT(2) 
PARAMETRIC_REPRESENTATION_CONTEXT() REPRESENTATION_CONTEXT('2D SPACE',''
  ) );
#16007 = FACE_BOUND('',#16008,.F.);
#16008 = EDGE_LOOP('',(#16009));
#16009 = ORIENTED_EDGE('',*,*,#16010,.T.);
#16010 = EDGE_CURVE('',#16011,#16011,#16013,.T.);
#16011 = VERTEX_POINT('',#16012);
#16012 = CARTESIAN_POINT('',(335.2,-61.,49.));
#16013 = SURFACE_CURVE('',#16014,(#16019,#16026),.PCURVE_S1.);
#16014 = CIRCLE('',#16015,3.2);
#16015 = AXIS2_PLACEMENT_3D('',#16016,#16017,#16018);
#16016 = CARTESIAN_POINT('',(332.,-61.,49.));
#16017 = DIRECTION('',(-0.,-1.,-0.));
#16018 = DIRECTION('',(1.,-0.,-0.));
#16019 = PCURVE('',#494,#16020);
#16020 = DEFINITIONAL_REPRESENTATION('',(#16021),#16025);
#16021 = CIRCLE('',#16022,3.2);
#16022 = AXIS2_PLACEMENT_2D('',#16023,#16024);
#16023 = CARTESIAN_POINT('',(-18.5,132.));
#16024 = DIRECTION('',(-0.,1.));
#16025 = ( GEOMETRIC_REPRESENTATION_CONTEXT(2) 
PARAMETRIC_REPRESENTATION_CONTEXT() REPRESENTATION_CONTEXT('2D SPACE',''
  ) );
#16026 = PCURVE('',#16027,#16032);
#16027 = CYLINDRICAL_SURFACE('',#16028,3.2);
#16028 = AXIS2_PLACEMENT_3D('',#16029,#16030,#16031);
#16029 = CARTESIAN_POINT('',(332.,-54.,49.));
#16030 = DIRECTION('',(-0.,1.,-0.));
#16031 = DIRECTION('',(1.,-0.,-0.));
#16032 = DEFINITIONAL_REPRESENTATION('',(#16033),#16037);
#16033 = LINE('',#16034,#16035);
#16034 = CARTESIAN_POINT('',(-0.,-7.));
#16035 = VECTOR('',#16036,1.);
#16036 = DIRECTION('',(-1.,0.));
#16037 = ( GEOMETRIC_REPRESENTATION_CONTEXT(2) 
PARAMETRIC_REPRESENTATION_CONTEXT() REPRESENTATION_CONTEXT('2D SPACE',''
  ) );
#16038 = FACE_BOUND('',#16039,.F.);
#16039 = EDGE_LOOP('',(#16040,#16070,#16098,#16126));
#16040 = ORIENTED_EDGE('',*,*,#16041,.F.);
#16041 = EDGE_CURVE('',#16042,#16044,#16046,.T.);
#16042 = VERTEX_POINT('',#16043);
#16043 = CARTESIAN_POINT('',(302.66666666666,-61.,142.));
#16044 = VERTEX_POINT('',#16045);
#16045 = CARTESIAN_POINT('',(318.33333333333,-61.,142.));
#16046 = SURFACE_CURVE('',#16047,(#16051,#16058),.PCURVE_S1.);
#16047 = LINE('',#16048,#16049);
#16048 = CARTESIAN_POINT('',(251.33333333333,-61.,142.));
#16049 = VECTOR('',#16050,1.);
#16050 = DIRECTION('',(1.,-0.,-0.));
#16051 = PCURVE('',#494,#16052);
#16052 = DEFINITIONAL_REPRESENTATION('',(#16053),#16057);
#16053 = LINE('',#16054,#16055);
#16054 = CARTESIAN_POINT('',(-111.5,51.333333333333));
#16055 = VECTOR('',#16056,1.);
#16056 = DIRECTION('',(-0.,1.));
#16057 = ( GEOMETRIC_REPRESENTATION_CONTEXT(2) 
PARAMETRIC_REPRESENTATION_CONTEXT() REPRESENTATION_CONTEXT('2D SPACE',''
  ) );
#16058 = PCURVE('',#16059,#16064);
#16059 = PLANE('',#16060);
#16060 = AXIS2_PLACEMENT_3D('',#16061,#16062,#16063);
#16061 = CARTESIAN_POINT('',(302.66666666666,-54.,142.));
#16062 = DIRECTION('',(0.,0.,1.));
#16063 = DIRECTION('',(-1.,-0.,0.));
#16064 = DEFINITIONAL_REPRESENTATION('',(#16065),#16069);
#16065 = LINE('',#16066,#16067);
#16066 = CARTESIAN_POINT('',(51.333333333333,7.));
#16067 = VECTOR('',#16068,1.);
#16068 = DIRECTION('',(-1.,0.));
#16069 = ( GEOMETRIC_REPRESENTATION_CONTEXT(2) 
PARAMETRIC_REPRESENTATION_CONTEXT() REPRESENTATION_CONTEXT('2D SPACE',''
  ) );
#16070 = ORIENTED_EDGE('',*,*,#16071,.T.);
#16071 = EDGE_CURVE('',#16042,#16072,#16074,.T.);
#16072 = VERTEX_POINT('',#16073);
#16073 = CARTESIAN_POINT('',(302.66666666666,-61.,44.));
#16074 = SURFACE_CURVE('',#16075,(#16079,#16086),.PCURVE_S1.);
#16075 = LINE('',#16076,#16077);
#16076 = CARTESIAN_POINT('',(302.66666666666,-61.,37.25));
#16077 = VECTOR('',#16078,1.);
#16078 = DIRECTION('',(-0.,-0.,-1.));
#16079 = PCURVE('',#494,#16080);
#16080 = DEFINITIONAL_REPRESENTATION('',(#16081),#16085);
#16081 = LINE('',#16082,#16083);
#16082 = CARTESIAN_POINT('',(-6.75,102.66666666666));
#16083 = VECTOR('',#16084,1.);
#16084 = DIRECTION('',(1.,-0.));
#16085 = ( GEOMETRIC_REPRESENTATION_CONTEXT(2) 
PARAMETRIC_REPRESENTATION_CONTEXT() REPRESENTATION_CONTEXT('2D SPACE',''
  ) );
#16086 = PCURVE('',#16087,#16092);
#16087 = PLANE('',#16088);
#16088 = AXIS2_PLACEMENT_3D('',#16089,#16090,#16091);
#16089 = CARTESIAN_POINT('',(302.66666666666,-54.,44.));
#16090 = DIRECTION('',(1.,0.,0.));
#16091 = DIRECTION('',(0.,-0.,-1.));
#16092 = DEFINITIONAL_REPRESENTATION('',(#16093),#16097);
#16093 = LINE('',#16094,#16095);
#16094 = CARTESIAN_POINT('',(6.75,-7.));
#16095 = VECTOR('',#16096,1.);
#16096 = DIRECTION('',(1.,-0.));
#16097 = ( GEOMETRIC_REPRESENTATION_CONTEXT(2) 
PARAMETRIC_REPRESENTATION_CONTEXT() REPRESENTATION_CONTEXT('2D SPACE',''
  ) );
#16098 = ORIENTED_EDGE('',*,*,#16099,.T.);
#16099 = EDGE_CURVE('',#16072,#16100,#16102,.T.);
#16100 = VERTEX_POINT('',#16101);
#16101 = CARTESIAN_POINT('',(318.33333333333,-61.,44.));
#16102 = SURFACE_CURVE('',#16103,(#16107,#16114),.PCURVE_S1.);
#16103 = LINE('',#16104,#16105);
#16104 = CARTESIAN_POINT('',(251.33333333333,-61.,44.));
#16105 = VECTOR('',#16106,1.);
#16106 = DIRECTION('',(1.,-0.,-0.));
#16107 = PCURVE('',#494,#16108);
#16108 = DEFINITIONAL_REPRESENTATION('',(#16109),#16113);
#16109 = LINE('',#16110,#16111);
#16110 = CARTESIAN_POINT('',(-13.5,51.333333333333));
#16111 = VECTOR('',#16112,1.);
#16112 = DIRECTION('',(-0.,1.));
#16113 = ( GEOMETRIC_REPRESENTATION_CONTEXT(2) 
PARAMETRIC_REPRESENTATION_CONTEXT() REPRESENTATION_CONTEXT('2D SPACE',''
  ) );
#16114 = PCURVE('',#16115,#16120);
#16115 = PLANE('',#16116);
#16116 = AXIS2_PLACEMENT_3D('',#16117,#16118,#16119);
#16117 = CARTESIAN_POINT('',(302.66666666666,-54.,44.));
#16118 = DIRECTION('',(0.,0.,1.));
#16119 = DIRECTION('',(-1.,-0.,0.));
#16120 = DEFINITIONAL_REPRESENTATION('',(#16121),#16125);
#16121 = LINE('',#16122,#16123);
#16122 = CARTESIAN_POINT('',(51.333333333333,7.));
#16123 = VECTOR('',#16124,1.);
#16124 = DIRECTION('',(-1.,0.));
#16125 = ( GEOMETRIC_REPRESENTATION_CONTEXT(2) 
PARAMETRIC_REPRESENTATION_CONTEXT() REPRESENTATION_CONTEXT('2D SPACE',''
  ) );
#16126 = ORIENTED_EDGE('',*,*,#16127,.F.);
#16127 = EDGE_CURVE('',#16044,#16100,#16128,.T.);
#16128 = SURFACE_CURVE('',#16129,(#16133,#16140),.PCURVE_S1.);
#16129 = LINE('',#16130,#16131);
#16130 = CARTESIAN_POINT('',(318.33333333333,-61.,37.25));
#16131 = VECTOR('',#16132,1.);
#16132 = DIRECTION('',(-0.,-0.,-1.));
#16133 = PCURVE('',#494,#16134);
#16134 = DEFINITIONAL_REPRESENTATION('',(#16135),#16139);
#16135 = LINE('',#16136,#16137);
#16136 = CARTESIAN_POINT('',(-6.75,118.33333333333));
#16137 = VECTOR('',#16138,1.);
#16138 = DIRECTION('',(1.,-0.));
#16139 = ( GEOMETRIC_REPRESENTATION_CONTEXT(2) 
PARAMETRIC_REPRESENTATION_CONTEXT() REPRESENTATION_CONTEXT('2D SPACE',''
  ) );
#16140 = PCURVE('',#16141,#16146);
#16141 = PLANE('',#16142);
#16142 = AXIS2_PLACEMENT_3D('',#16143,#16144,#16145);
#16143 = CARTESIAN_POINT('',(318.33333333333,-54.,44.));
#16144 = DIRECTION('',(1.,0.,0.));
#16145 = DIRECTION('',(0.,-0.,-1.));
#16146 = DEFINITIONAL_REPRESENTATION('',(#16147),#16151);
#16147 = LINE('',#16148,#16149);
#16148 = CARTESIAN_POINT('',(6.75,-7.));
#16149 = VECTOR('',#16150,1.);
#16150 = DIRECTION('',(1.,-0.));
#16151 = ( GEOMETRIC_REPRESENTATION_CONTEXT(2) 
PARAMETRIC_REPRESENTATION_CONTEXT() REPRESENTATION_CONTEXT('2D SPACE',''
  ) );
#16152 = FACE_BOUND('',#16153,.F.);
#16153 = EDGE_LOOP('',(#16154,#16155,#16156,#16157));
#16154 = ORIENTED_EDGE('',*,*,#11642,.F.);
#16155 = ORIENTED_EDGE('',*,*,#11839,.T.);
#16156 = ORIENTED_EDGE('',*,*,#11792,.T.);
#16157 = ORIENTED_EDGE('',*,*,#11721,.F.);
#16158 = FACE_BOUND('',#16159,.F.);
#16159 = EDGE_LOOP('',(#16160));
#16160 = ORIENTED_EDGE('',*,*,#11206,.T.);
#16161 = ADVANCED_FACE('',(#16162),#16141,.F.);
#16162 = FACE_BOUND('',#16163,.T.);
#16163 = EDGE_LOOP('',(#16164,#16187,#16210,#16231));
#16164 = ORIENTED_EDGE('',*,*,#16165,.F.);
#16165 = EDGE_CURVE('',#16166,#16044,#16168,.T.);
#16166 = VERTEX_POINT('',#16167);
#16167 = CARTESIAN_POINT('',(318.33333333333,-55.,142.));
#16168 = SURFACE_CURVE('',#16169,(#16173,#16180),.PCURVE_S1.);
#16169 = LINE('',#16170,#16171);
#16170 = CARTESIAN_POINT('',(318.33333333333,-54.,142.));
#16171 = VECTOR('',#16172,1.);
#16172 = DIRECTION('',(0.,-1.,0.));
#16173 = PCURVE('',#16141,#16174);
#16174 = DEFINITIONAL_REPRESENTATION('',(#16175),#16179);
#16175 = LINE('',#16176,#16177);
#16176 = CARTESIAN_POINT('',(-98.,0.));
#16177 = VECTOR('',#16178,1.);
#16178 = DIRECTION('',(-0.,-1.));
#16179 = ( GEOMETRIC_REPRESENTATION_CONTEXT(2) 
PARAMETRIC_REPRESENTATION_CONTEXT() REPRESENTATION_CONTEXT('2D SPACE',''
  ) );
#16180 = PCURVE('',#16059,#16181);
#16181 = DEFINITIONAL_REPRESENTATION('',(#16182),#16186);
#16182 = LINE('',#16183,#16184);
#16183 = CARTESIAN_POINT('',(-15.66666666666,-0.));
#16184 = VECTOR('',#16185,1.);
#16185 = DIRECTION('',(-0.,1.));
#16186 = ( GEOMETRIC_REPRESENTATION_CONTEXT(2) 
PARAMETRIC_REPRESENTATION_CONTEXT() REPRESENTATION_CONTEXT('2D SPACE',''
  ) );
#16187 = ORIENTED_EDGE('',*,*,#16188,.T.);
#16188 = EDGE_CURVE('',#16166,#16189,#16191,.T.);
#16189 = VERTEX_POINT('',#16190);
#16190 = CARTESIAN_POINT('',(318.33333333333,-55.,44.));
#16191 = SURFACE_CURVE('',#16192,(#16196,#16203),.PCURVE_S1.);
#16192 = LINE('',#16193,#16194);
#16193 = CARTESIAN_POINT('',(318.33333333333,-55.,37.25));
#16194 = VECTOR('',#16195,1.);
#16195 = DIRECTION('',(-0.,-0.,-1.));
#16196 = PCURVE('',#16141,#16197);
#16197 = DEFINITIONAL_REPRESENTATION('',(#16198),#16202);
#16198 = LINE('',#16199,#16200);
#16199 = CARTESIAN_POINT('',(6.75,-1.));
#16200 = VECTOR('',#16201,1.);
#16201 = DIRECTION('',(1.,-0.));
#16202 = ( GEOMETRIC_REPRESENTATION_CONTEXT(2) 
PARAMETRIC_REPRESENTATION_CONTEXT() REPRESENTATION_CONTEXT('2D SPACE',''
  ) );
#16203 = PCURVE('',#72,#16204);
#16204 = DEFINITIONAL_REPRESENTATION('',(#16205),#16209);
#16205 = LINE('',#16206,#16207);
#16206 = CARTESIAN_POINT('',(-6.75,118.33333333333));
#16207 = VECTOR('',#16208,1.);
#16208 = DIRECTION('',(1.,-0.));
#16209 = ( GEOMETRIC_REPRESENTATION_CONTEXT(2) 
PARAMETRIC_REPRESENTATION_CONTEXT() REPRESENTATION_CONTEXT('2D SPACE',''
  ) );
#16210 = ORIENTED_EDGE('',*,*,#16211,.T.);
#16211 = EDGE_CURVE('',#16189,#16100,#16212,.T.);
#16212 = SURFACE_CURVE('',#16213,(#16217,#16224),.PCURVE_S1.);
#16213 = LINE('',#16214,#16215);
#16214 = CARTESIAN_POINT('',(318.33333333333,-54.,44.));
#16215 = VECTOR('',#16216,1.);
#16216 = DIRECTION('',(0.,-1.,0.));
#16217 = PCURVE('',#16141,#16218);
#16218 = DEFINITIONAL_REPRESENTATION('',(#16219),#16223);
#16219 = LINE('',#16220,#16221);
#16220 = CARTESIAN_POINT('',(-0.,0.));
#16221 = VECTOR('',#16222,1.);
#16222 = DIRECTION('',(-0.,-1.));
#16223 = ( GEOMETRIC_REPRESENTATION_CONTEXT(2) 
PARAMETRIC_REPRESENTATION_CONTEXT() REPRESENTATION_CONTEXT('2D SPACE',''
  ) );
#16224 = PCURVE('',#16115,#16225);
#16225 = DEFINITIONAL_REPRESENTATION('',(#16226),#16230);
#16226 = LINE('',#16227,#16228);
#16227 = CARTESIAN_POINT('',(-15.66666666666,-0.));
#16228 = VECTOR('',#16229,1.);
#16229 = DIRECTION('',(-0.,1.));
#16230 = ( GEOMETRIC_REPRESENTATION_CONTEXT(2) 
PARAMETRIC_REPRESENTATION_CONTEXT() REPRESENTATION_CONTEXT('2D SPACE',''
  ) );
#16231 = ORIENTED_EDGE('',*,*,#16127,.F.);
#16232 = ADVANCED_FACE('',(#16233),#16115,.T.);
#16233 = FACE_BOUND('',#16234,.F.);
#16234 = EDGE_LOOP('',(#16235,#16258,#16279,#16280));
#16235 = ORIENTED_EDGE('',*,*,#16236,.F.);
#16236 = EDGE_CURVE('',#16237,#16072,#16239,.T.);
#16237 = VERTEX_POINT('',#16238);
#16238 = CARTESIAN_POINT('',(302.66666666666,-55.,44.));
#16239 = SURFACE_CURVE('',#16240,(#16244,#16251),.PCURVE_S1.);
#16240 = LINE('',#16241,#16242);
#16241 = CARTESIAN_POINT('',(302.66666666666,-54.,44.));
#16242 = VECTOR('',#16243,1.);
#16243 = DIRECTION('',(0.,-1.,0.));
#16244 = PCURVE('',#16115,#16245);
#16245 = DEFINITIONAL_REPRESENTATION('',(#16246),#16250);
#16246 = LINE('',#16247,#16248);
#16247 = CARTESIAN_POINT('',(-0.,-0.));
#16248 = VECTOR('',#16249,1.);
#16249 = DIRECTION('',(-0.,1.));
#16250 = ( GEOMETRIC_REPRESENTATION_CONTEXT(2) 
PARAMETRIC_REPRESENTATION_CONTEXT() REPRESENTATION_CONTEXT('2D SPACE',''
  ) );
#16251 = PCURVE('',#16087,#16252);
#16252 = DEFINITIONAL_REPRESENTATION('',(#16253),#16257);
#16253 = LINE('',#16254,#16255);
#16254 = CARTESIAN_POINT('',(-0.,0.));
#16255 = VECTOR('',#16256,1.);
#16256 = DIRECTION('',(-0.,-1.));
#16257 = ( GEOMETRIC_REPRESENTATION_CONTEXT(2) 
PARAMETRIC_REPRESENTATION_CONTEXT() REPRESENTATION_CONTEXT('2D SPACE',''
  ) );
#16258 = ORIENTED_EDGE('',*,*,#16259,.T.);
#16259 = EDGE_CURVE('',#16237,#16189,#16260,.T.);
#16260 = SURFACE_CURVE('',#16261,(#16265,#16272),.PCURVE_S1.);
#16261 = LINE('',#16262,#16263);
#16262 = CARTESIAN_POINT('',(251.33333333333,-55.,44.));
#16263 = VECTOR('',#16264,1.);
#16264 = DIRECTION('',(1.,-0.,-0.));
#16265 = PCURVE('',#16115,#16266);
#16266 = DEFINITIONAL_REPRESENTATION('',(#16267),#16271);
#16267 = LINE('',#16268,#16269);
#16268 = CARTESIAN_POINT('',(51.333333333333,1.));
#16269 = VECTOR('',#16270,1.);
#16270 = DIRECTION('',(-1.,0.));
#16271 = ( GEOMETRIC_REPRESENTATION_CONTEXT(2) 
PARAMETRIC_REPRESENTATION_CONTEXT() REPRESENTATION_CONTEXT('2D SPACE',''
  ) );
#16272 = PCURVE('',#72,#16273);
#16273 = DEFINITIONAL_REPRESENTATION('',(#16274),#16278);
#16274 = LINE('',#16275,#16276);
#16275 = CARTESIAN_POINT('',(-13.5,51.333333333333));
#16276 = VECTOR('',#16277,1.);
#16277 = DIRECTION('',(-0.,1.));
#16278 = ( GEOMETRIC_REPRESENTATION_CONTEXT(2) 
PARAMETRIC_REPRESENTATION_CONTEXT() REPRESENTATION_CONTEXT('2D SPACE',''
  ) );
#16279 = ORIENTED_EDGE('',*,*,#16211,.T.);
#16280 = ORIENTED_EDGE('',*,*,#16099,.F.);
#16281 = ADVANCED_FACE('',(#16282),#16087,.T.);
#16282 = FACE_BOUND('',#16283,.F.);
#16283 = EDGE_LOOP('',(#16284,#16307,#16328,#16329));
#16284 = ORIENTED_EDGE('',*,*,#16285,.F.);
#16285 = EDGE_CURVE('',#16286,#16042,#16288,.T.);
#16286 = VERTEX_POINT('',#16287);
#16287 = CARTESIAN_POINT('',(302.66666666666,-55.,142.));
#16288 = SURFACE_CURVE('',#16289,(#16293,#16300),.PCURVE_S1.);
#16289 = LINE('',#16290,#16291);
#16290 = CARTESIAN_POINT('',(302.66666666666,-54.,142.));
#16291 = VECTOR('',#16292,1.);
#16292 = DIRECTION('',(0.,-1.,0.));
#16293 = PCURVE('',#16087,#16294);
#16294 = DEFINITIONAL_REPRESENTATION('',(#16295),#16299);
#16295 = LINE('',#16296,#16297);
#16296 = CARTESIAN_POINT('',(-98.,0.));
#16297 = VECTOR('',#16298,1.);
#16298 = DIRECTION('',(-0.,-1.));
#16299 = ( GEOMETRIC_REPRESENTATION_CONTEXT(2) 
PARAMETRIC_REPRESENTATION_CONTEXT() REPRESENTATION_CONTEXT('2D SPACE',''
  ) );
#16300 = PCURVE('',#16059,#16301);
#16301 = DEFINITIONAL_REPRESENTATION('',(#16302),#16306);
#16302 = LINE('',#16303,#16304);
#16303 = CARTESIAN_POINT('',(-0.,-0.));
#16304 = VECTOR('',#16305,1.);
#16305 = DIRECTION('',(-0.,1.));
#16306 = ( GEOMETRIC_REPRESENTATION_CONTEXT(2) 
PARAMETRIC_REPRESENTATION_CONTEXT() REPRESENTATION_CONTEXT('2D SPACE',''
  ) );
#16307 = ORIENTED_EDGE('',*,*,#16308,.T.);
#16308 = EDGE_CURVE('',#16286,#16237,#16309,.T.);
#16309 = SURFACE_CURVE('',#16310,(#16314,#16321),.PCURVE_S1.);
#16310 = LINE('',#16311,#16312);
#16311 = CARTESIAN_POINT('',(302.66666666666,-55.,37.25));
#16312 = VECTOR('',#16313,1.);
#16313 = DIRECTION('',(-0.,-0.,-1.));
#16314 = PCURVE('',#16087,#16315);
#16315 = DEFINITIONAL_REPRESENTATION('',(#16316),#16320);
#16316 = LINE('',#16317,#16318);
#16317 = CARTESIAN_POINT('',(6.75,-1.));
#16318 = VECTOR('',#16319,1.);
#16319 = DIRECTION('',(1.,-0.));
#16320 = ( GEOMETRIC_REPRESENTATION_CONTEXT(2) 
PARAMETRIC_REPRESENTATION_CONTEXT() REPRESENTATION_CONTEXT('2D SPACE',''
  ) );
#16321 = PCURVE('',#72,#16322);
#16322 = DEFINITIONAL_REPRESENTATION('',(#16323),#16327);
#16323 = LINE('',#16324,#16325);
#16324 = CARTESIAN_POINT('',(-6.75,102.66666666666));
#16325 = VECTOR('',#16326,1.);
#16326 = DIRECTION('',(1.,-0.));
#16327 = ( GEOMETRIC_REPRESENTATION_CONTEXT(2) 
PARAMETRIC_REPRESENTATION_CONTEXT() REPRESENTATION_CONTEXT('2D SPACE',''
  ) );
#16328 = ORIENTED_EDGE('',*,*,#16236,.T.);
#16329 = ORIENTED_EDGE('',*,*,#16071,.F.);
#16330 = ADVANCED_FACE('',(#16331),#16059,.F.);
#16331 = FACE_BOUND('',#16332,.T.);
#16332 = EDGE_LOOP('',(#16333,#16334,#16355,#16356));
#16333 = ORIENTED_EDGE('',*,*,#16285,.F.);
#16334 = ORIENTED_EDGE('',*,*,#16335,.T.);
#16335 = EDGE_CURVE('',#16286,#16166,#16336,.T.);
#16336 = SURFACE_CURVE('',#16337,(#16341,#16348),.PCURVE_S1.);
#16337 = LINE('',#16338,#16339);
#16338 = CARTESIAN_POINT('',(251.33333333333,-55.,142.));
#16339 = VECTOR('',#16340,1.);
#16340 = DIRECTION('',(1.,-0.,-0.));
#16341 = PCURVE('',#16059,#16342);
#16342 = DEFINITIONAL_REPRESENTATION('',(#16343),#16347);
#16343 = LINE('',#16344,#16345);
#16344 = CARTESIAN_POINT('',(51.333333333333,1.));
#16345 = VECTOR('',#16346,1.);
#16346 = DIRECTION('',(-1.,0.));
#16347 = ( GEOMETRIC_REPRESENTATION_CONTEXT(2) 
PARAMETRIC_REPRESENTATION_CONTEXT() REPRESENTATION_CONTEXT('2D SPACE',''
  ) );
#16348 = PCURVE('',#72,#16349);
#16349 = DEFINITIONAL_REPRESENTATION('',(#16350),#16354);
#16350 = LINE('',#16351,#16352);
#16351 = CARTESIAN_POINT('',(-111.5,51.333333333333));
#16352 = VECTOR('',#16353,1.);
#16353 = DIRECTION('',(-0.,1.));
#16354 = ( GEOMETRIC_REPRESENTATION_CONTEXT(2) 
PARAMETRIC_REPRESENTATION_CONTEXT() REPRESENTATION_CONTEXT('2D SPACE',''
  ) );
#16355 = ORIENTED_EDGE('',*,*,#16165,.T.);
#16356 = ORIENTED_EDGE('',*,*,#16041,.F.);
#16357 = ADVANCED_FACE('',(#16358),#16027,.F.);
#16358 = FACE_BOUND('',#16359,.T.);
#16359 = EDGE_LOOP('',(#16360,#16384,#16405,#16406));
#16360 = ORIENTED_EDGE('',*,*,#16361,.F.);
#16361 = EDGE_CURVE('',#16362,#16362,#16364,.T.);
#16362 = VERTEX_POINT('',#16363);
#16363 = CARTESIAN_POINT('',(335.2,-55.,49.));
#16364 = SURFACE_CURVE('',#16365,(#16370,#16377),.PCURVE_S1.);
#16365 = CIRCLE('',#16366,3.2);
#16366 = AXIS2_PLACEMENT_3D('',#16367,#16368,#16369);
#16367 = CARTESIAN_POINT('',(332.,-55.,49.));
#16368 = DIRECTION('',(-0.,-1.,-0.));
#16369 = DIRECTION('',(1.,-0.,-0.));
#16370 = PCURVE('',#16027,#16371);
#16371 = DEFINITIONAL_REPRESENTATION('',(#16372),#16376);
#16372 = LINE('',#16373,#16374);
#16373 = CARTESIAN_POINT('',(-0.,-1.));
#16374 = VECTOR('',#16375,1.);
#16375 = DIRECTION('',(-1.,0.));
#16376 = ( GEOMETRIC_REPRESENTATION_CONTEXT(2) 
PARAMETRIC_REPRESENTATION_CONTEXT() REPRESENTATION_CONTEXT('2D SPACE',''
  ) );
#16377 = PCURVE('',#72,#16378);
#16378 = DEFINITIONAL_REPRESENTATION('',(#16379),#16383);
#16379 = CIRCLE('',#16380,3.2);
#16380 = AXIS2_PLACEMENT_2D('',#16381,#16382);
#16381 = CARTESIAN_POINT('',(-18.5,132.));
#16382 = DIRECTION('',(-0.,1.));
#16383 = ( GEOMETRIC_REPRESENTATION_CONTEXT(2) 
PARAMETRIC_REPRESENTATION_CONTEXT() REPRESENTATION_CONTEXT('2D SPACE',''
  ) );
#16384 = ORIENTED_EDGE('',*,*,#16385,.T.);
#16385 = EDGE_CURVE('',#16362,#16011,#16386,.T.);
#16386 = SEAM_CURVE('',#16387,(#16391,#16398),.PCURVE_S1.);
#16387 = LINE('',#16388,#16389);
#16388 = CARTESIAN_POINT('',(335.2,-54.,49.));
#16389 = VECTOR('',#16390,1.);
#16390 = DIRECTION('',(-0.,-1.,-0.));
#16391 = PCURVE('',#16027,#16392);
#16392 = DEFINITIONAL_REPRESENTATION('',(#16393),#16397);
#16393 = LINE('',#16394,#16395);
#16394 = CARTESIAN_POINT('',(-6.28318530718,0.));
#16395 = VECTOR('',#16396,1.);
#16396 = DIRECTION('',(-0.,-1.));
#16397 = ( GEOMETRIC_REPRESENTATION_CONTEXT(2) 
PARAMETRIC_REPRESENTATION_CONTEXT() REPRESENTATION_CONTEXT('2D SPACE',''
  ) );
#16398 = PCURVE('',#16027,#16399);
#16399 = DEFINITIONAL_REPRESENTATION('',(#16400),#16404);
#16400 = LINE('',#16401,#16402);
#16401 = CARTESIAN_POINT('',(-0.,0.));
#16402 = VECTOR('',#16403,1.);
#16403 = DIRECTION('',(-0.,-1.));
#16404 = ( GEOMETRIC_REPRESENTATION_CONTEXT(2) 
PARAMETRIC_REPRESENTATION_CONTEXT() REPRESENTATION_CONTEXT('2D SPACE',''
  ) );
#16405 = ORIENTED_EDGE('',*,*,#16010,.T.);
#16406 = ORIENTED_EDGE('',*,*,#16385,.F.);
#16407 = ADVANCED_FACE('',(#16408),#15996,.F.);
#16408 = FACE_BOUND('',#16409,.T.);
#16409 = EDGE_LOOP('',(#16410,#16433,#16456,#16477));
#16410 = ORIENTED_EDGE('',*,*,#16411,.F.);
#16411 = EDGE_CURVE('',#16412,#15899,#16414,.T.);
#16412 = VERTEX_POINT('',#16413);
#16413 = CARTESIAN_POINT('',(294.66666666666,-55.,142.));
#16414 = SURFACE_CURVE('',#16415,(#16419,#16426),.PCURVE_S1.);
#16415 = LINE('',#16416,#16417);
#16416 = CARTESIAN_POINT('',(294.66666666666,-54.,142.));
#16417 = VECTOR('',#16418,1.);
#16418 = DIRECTION('',(0.,-1.,0.));
#16419 = PCURVE('',#15996,#16420);
#16420 = DEFINITIONAL_REPRESENTATION('',(#16421),#16425);
#16421 = LINE('',#16422,#16423);
#16422 = CARTESIAN_POINT('',(-98.,0.));
#16423 = VECTOR('',#16424,1.);
#16424 = DIRECTION('',(-0.,-1.));
#16425 = ( GEOMETRIC_REPRESENTATION_CONTEXT(2) 
PARAMETRIC_REPRESENTATION_CONTEXT() REPRESENTATION_CONTEXT('2D SPACE',''
  ) );
#16426 = PCURVE('',#15914,#16427);
#16427 = DEFINITIONAL_REPRESENTATION('',(#16428),#16432);
#16428 = LINE('',#16429,#16430);
#16429 = CARTESIAN_POINT('',(-15.66666666666,-0.));
#16430 = VECTOR('',#16431,1.);
#16431 = DIRECTION('',(-0.,1.));
#16432 = ( GEOMETRIC_REPRESENTATION_CONTEXT(2) 
PARAMETRIC_REPRESENTATION_CONTEXT() REPRESENTATION_CONTEXT('2D SPACE',''
  ) );
#16433 = ORIENTED_EDGE('',*,*,#16434,.T.);
#16434 = EDGE_CURVE('',#16412,#16435,#16437,.T.);
#16435 = VERTEX_POINT('',#16436);
#16436 = CARTESIAN_POINT('',(294.66666666666,-55.,44.));
#16437 = SURFACE_CURVE('',#16438,(#16442,#16449),.PCURVE_S1.);
#16438 = LINE('',#16439,#16440);
#16439 = CARTESIAN_POINT('',(294.66666666666,-55.,37.25));
#16440 = VECTOR('',#16441,1.);
#16441 = DIRECTION('',(-0.,-0.,-1.));
#16442 = PCURVE('',#15996,#16443);
#16443 = DEFINITIONAL_REPRESENTATION('',(#16444),#16448);
#16444 = LINE('',#16445,#16446);
#16445 = CARTESIAN_POINT('',(6.75,-1.));
#16446 = VECTOR('',#16447,1.);
#16447 = DIRECTION('',(1.,-0.));
#16448 = ( GEOMETRIC_REPRESENTATION_CONTEXT(2) 
PARAMETRIC_REPRESENTATION_CONTEXT() REPRESENTATION_CONTEXT('2D SPACE',''
  ) );
#16449 = PCURVE('',#72,#16450);
#16450 = DEFINITIONAL_REPRESENTATION('',(#16451),#16455);
#16451 = LINE('',#16452,#16453);
#16452 = CARTESIAN_POINT('',(-6.75,94.666666666667));
#16453 = VECTOR('',#16454,1.);
#16454 = DIRECTION('',(1.,-0.));
#16455 = ( GEOMETRIC_REPRESENTATION_CONTEXT(2) 
PARAMETRIC_REPRESENTATION_CONTEXT() REPRESENTATION_CONTEXT('2D SPACE',''
  ) );
#16456 = ORIENTED_EDGE('',*,*,#16457,.T.);
#16457 = EDGE_CURVE('',#16435,#15955,#16458,.T.);
#16458 = SURFACE_CURVE('',#16459,(#16463,#16470),.PCURVE_S1.);
#16459 = LINE('',#16460,#16461);
#16460 = CARTESIAN_POINT('',(294.66666666666,-54.,44.));
#16461 = VECTOR('',#16462,1.);
#16462 = DIRECTION('',(0.,-1.,0.));
#16463 = PCURVE('',#15996,#16464);
#16464 = DEFINITIONAL_REPRESENTATION('',(#16465),#16469);
#16465 = LINE('',#16466,#16467);
#16466 = CARTESIAN_POINT('',(-0.,0.));
#16467 = VECTOR('',#16468,1.);
#16468 = DIRECTION('',(-0.,-1.));
#16469 = ( GEOMETRIC_REPRESENTATION_CONTEXT(2) 
PARAMETRIC_REPRESENTATION_CONTEXT() REPRESENTATION_CONTEXT('2D SPACE',''
  ) );
#16470 = PCURVE('',#15970,#16471);
#16471 = DEFINITIONAL_REPRESENTATION('',(#16472),#16476);
#16472 = LINE('',#16473,#16474);
#16473 = CARTESIAN_POINT('',(-15.66666666666,-0.));
#16474 = VECTOR('',#16475,1.);
#16475 = DIRECTION('',(-0.,1.));
#16476 = ( GEOMETRIC_REPRESENTATION_CONTEXT(2) 
PARAMETRIC_REPRESENTATION_CONTEXT() REPRESENTATION_CONTEXT('2D SPACE',''
  ) );
#16477 = ORIENTED_EDGE('',*,*,#15982,.F.);
#16478 = ADVANCED_FACE('',(#16479),#15970,.T.);
#16479 = FACE_BOUND('',#16480,.F.);
#16480 = EDGE_LOOP('',(#16481,#16504,#16525,#16526));
#16481 = ORIENTED_EDGE('',*,*,#16482,.F.);
#16482 = EDGE_CURVE('',#16483,#15927,#16485,.T.);
#16483 = VERTEX_POINT('',#16484);
#16484 = CARTESIAN_POINT('',(279.,-55.,44.));
#16485 = SURFACE_CURVE('',#16486,(#16490,#16497),.PCURVE_S1.);
#16486 = LINE('',#16487,#16488);
#16487 = CARTESIAN_POINT('',(279.,-54.,44.));
#16488 = VECTOR('',#16489,1.);
#16489 = DIRECTION('',(0.,-1.,0.));
#16490 = PCURVE('',#15970,#16491);
#16491 = DEFINITIONAL_REPRESENTATION('',(#16492),#16496);
#16492 = LINE('',#16493,#16494);
#16493 = CARTESIAN_POINT('',(-0.,-0.));
#16494 = VECTOR('',#16495,1.);
#16495 = DIRECTION('',(-0.,1.));
#16496 = ( GEOMETRIC_REPRESENTATION_CONTEXT(2) 
PARAMETRIC_REPRESENTATION_CONTEXT() REPRESENTATION_CONTEXT('2D SPACE',''
  ) );
#16497 = PCURVE('',#15942,#16498);
#16498 = DEFINITIONAL_REPRESENTATION('',(#16499),#16503);
#16499 = LINE('',#16500,#16501);
#16500 = CARTESIAN_POINT('',(-0.,0.));
#16501 = VECTOR('',#16502,1.);
#16502 = DIRECTION('',(-0.,-1.));
#16503 = ( GEOMETRIC_REPRESENTATION_CONTEXT(2) 
PARAMETRIC_REPRESENTATION_CONTEXT() REPRESENTATION_CONTEXT('2D SPACE',''
  ) );
#16504 = ORIENTED_EDGE('',*,*,#16505,.T.);
#16505 = EDGE_CURVE('',#16483,#16435,#16506,.T.);
#16506 = SURFACE_CURVE('',#16507,(#16511,#16518),.PCURVE_S1.);
#16507 = LINE('',#16508,#16509);
#16508 = CARTESIAN_POINT('',(239.5,-55.,44.));
#16509 = VECTOR('',#16510,1.);
#16510 = DIRECTION('',(1.,-0.,-0.));
#16511 = PCURVE('',#15970,#16512);
#16512 = DEFINITIONAL_REPRESENTATION('',(#16513),#16517);
#16513 = LINE('',#16514,#16515);
#16514 = CARTESIAN_POINT('',(39.5,1.));
#16515 = VECTOR('',#16516,1.);
#16516 = DIRECTION('',(-1.,0.));
#16517 = ( GEOMETRIC_REPRESENTATION_CONTEXT(2) 
PARAMETRIC_REPRESENTATION_CONTEXT() REPRESENTATION_CONTEXT('2D SPACE',''
  ) );
#16518 = PCURVE('',#72,#16519);
#16519 = DEFINITIONAL_REPRESENTATION('',(#16520),#16524);
#16520 = LINE('',#16521,#16522);
#16521 = CARTESIAN_POINT('',(-13.5,39.5));
#16522 = VECTOR('',#16523,1.);
#16523 = DIRECTION('',(-0.,1.));
#16524 = ( GEOMETRIC_REPRESENTATION_CONTEXT(2) 
PARAMETRIC_REPRESENTATION_CONTEXT() REPRESENTATION_CONTEXT('2D SPACE',''
  ) );
#16525 = ORIENTED_EDGE('',*,*,#16457,.T.);
#16526 = ORIENTED_EDGE('',*,*,#15954,.F.);
#16527 = ADVANCED_FACE('',(#16528),#15942,.T.);
#16528 = FACE_BOUND('',#16529,.F.);
#16529 = EDGE_LOOP('',(#16530,#16553,#16574,#16575));
#16530 = ORIENTED_EDGE('',*,*,#16531,.F.);
#16531 = EDGE_CURVE('',#16532,#15897,#16534,.T.);
#16532 = VERTEX_POINT('',#16533);
#16533 = CARTESIAN_POINT('',(279.,-55.,142.));
#16534 = SURFACE_CURVE('',#16535,(#16539,#16546),.PCURVE_S1.);
#16535 = LINE('',#16536,#16537);
#16536 = CARTESIAN_POINT('',(279.,-54.,142.));
#16537 = VECTOR('',#16538,1.);
#16538 = DIRECTION('',(0.,-1.,0.));
#16539 = PCURVE('',#15942,#16540);
#16540 = DEFINITIONAL_REPRESENTATION('',(#16541),#16545);
#16541 = LINE('',#16542,#16543);
#16542 = CARTESIAN_POINT('',(-98.,0.));
#16543 = VECTOR('',#16544,1.);
#16544 = DIRECTION('',(-0.,-1.));
#16545 = ( GEOMETRIC_REPRESENTATION_CONTEXT(2) 
PARAMETRIC_REPRESENTATION_CONTEXT() REPRESENTATION_CONTEXT('2D SPACE',''
  ) );
#16546 = PCURVE('',#15914,#16547);
#16547 = DEFINITIONAL_REPRESENTATION('',(#16548),#16552);
#16548 = LINE('',#16549,#16550);
#16549 = CARTESIAN_POINT('',(-0.,-0.));
#16550 = VECTOR('',#16551,1.);
#16551 = DIRECTION('',(-0.,1.));
#16552 = ( GEOMETRIC_REPRESENTATION_CONTEXT(2) 
PARAMETRIC_REPRESENTATION_CONTEXT() REPRESENTATION_CONTEXT('2D SPACE',''
  ) );
#16553 = ORIENTED_EDGE('',*,*,#16554,.T.);
#16554 = EDGE_CURVE('',#16532,#16483,#16555,.T.);
#16555 = SURFACE_CURVE('',#16556,(#16560,#16567),.PCURVE_S1.);
#16556 = LINE('',#16557,#16558);
#16557 = CARTESIAN_POINT('',(279.,-55.,37.25));
#16558 = VECTOR('',#16559,1.);
#16559 = DIRECTION('',(-0.,-0.,-1.));
#16560 = PCURVE('',#15942,#16561);
#16561 = DEFINITIONAL_REPRESENTATION('',(#16562),#16566);
#16562 = LINE('',#16563,#16564);
#16563 = CARTESIAN_POINT('',(6.75,-1.));
#16564 = VECTOR('',#16565,1.);
#16565 = DIRECTION('',(1.,-0.));
#16566 = ( GEOMETRIC_REPRESENTATION_CONTEXT(2) 
PARAMETRIC_REPRESENTATION_CONTEXT() REPRESENTATION_CONTEXT('2D SPACE',''
  ) );
#16567 = PCURVE('',#72,#16568);
#16568 = DEFINITIONAL_REPRESENTATION('',(#16569),#16573);
#16569 = LINE('',#16570,#16571);
#16570 = CARTESIAN_POINT('',(-6.75,79.));
#16571 = VECTOR('',#16572,1.);
#16572 = DIRECTION('',(1.,-0.));
#16573 = ( GEOMETRIC_REPRESENTATION_CONTEXT(2) 
PARAMETRIC_REPRESENTATION_CONTEXT() REPRESENTATION_CONTEXT('2D SPACE',''
  ) );
#16574 = ORIENTED_EDGE('',*,*,#16482,.T.);
#16575 = ORIENTED_EDGE('',*,*,#15926,.F.);
#16576 = ADVANCED_FACE('',(#16577),#15914,.F.);
#16577 = FACE_BOUND('',#16578,.T.);
#16578 = EDGE_LOOP('',(#16579,#16580,#16601,#16602));
#16579 = ORIENTED_EDGE('',*,*,#16531,.F.);
#16580 = ORIENTED_EDGE('',*,*,#16581,.T.);
#16581 = EDGE_CURVE('',#16532,#16412,#16582,.T.);
#16582 = SURFACE_CURVE('',#16583,(#16587,#16594),.PCURVE_S1.);
#16583 = LINE('',#16584,#16585);
#16584 = CARTESIAN_POINT('',(239.5,-55.,142.));
#16585 = VECTOR('',#16586,1.);
#16586 = DIRECTION('',(1.,-0.,-0.));
#16587 = PCURVE('',#15914,#16588);
#16588 = DEFINITIONAL_REPRESENTATION('',(#16589),#16593);
#16589 = LINE('',#16590,#16591);
#16590 = CARTESIAN_POINT('',(39.5,1.));
#16591 = VECTOR('',#16592,1.);
#16592 = DIRECTION('',(-1.,0.));
#16593 = ( GEOMETRIC_REPRESENTATION_CONTEXT(2) 
PARAMETRIC_REPRESENTATION_CONTEXT() REPRESENTATION_CONTEXT('2D SPACE',''
  ) );
#16594 = PCURVE('',#72,#16595);
#16595 = DEFINITIONAL_REPRESENTATION('',(#16596),#16600);
#16596 = LINE('',#16597,#16598);
#16597 = CARTESIAN_POINT('',(-111.5,39.5));
#16598 = VECTOR('',#16599,1.);
#16599 = DIRECTION('',(-0.,1.));
#16600 = ( GEOMETRIC_REPRESENTATION_CONTEXT(2) 
PARAMETRIC_REPRESENTATION_CONTEXT() REPRESENTATION_CONTEXT('2D SPACE',''
  ) );
#16601 = ORIENTED_EDGE('',*,*,#16411,.T.);
#16602 = ORIENTED_EDGE('',*,*,#15896,.F.);
#16603 = ADVANCED_FACE('',(#16604),#15882,.F.);
#16604 = FACE_BOUND('',#16605,.T.);
#16605 = EDGE_LOOP('',(#16606,#16629,#16652,#16673));
#16606 = ORIENTED_EDGE('',*,*,#16607,.F.);
#16607 = EDGE_CURVE('',#16608,#15785,#16610,.T.);
#16608 = VERTEX_POINT('',#16609);
#16609 = CARTESIAN_POINT('',(271.,-55.,142.));
#16610 = SURFACE_CURVE('',#16611,(#16615,#16622),.PCURVE_S1.);
#16611 = LINE('',#16612,#16613);
#16612 = CARTESIAN_POINT('',(271.,-54.,142.));
#16613 = VECTOR('',#16614,1.);
#16614 = DIRECTION('',(0.,-1.,0.));
#16615 = PCURVE('',#15882,#16616);
#16616 = DEFINITIONAL_REPRESENTATION('',(#16617),#16621);
#16617 = LINE('',#16618,#16619);
#16618 = CARTESIAN_POINT('',(-98.,0.));
#16619 = VECTOR('',#16620,1.);
#16620 = DIRECTION('',(-0.,-1.));
#16621 = ( GEOMETRIC_REPRESENTATION_CONTEXT(2) 
PARAMETRIC_REPRESENTATION_CONTEXT() REPRESENTATION_CONTEXT('2D SPACE',''
  ) );
#16622 = PCURVE('',#15800,#16623);
#16623 = DEFINITIONAL_REPRESENTATION('',(#16624),#16628);
#16624 = LINE('',#16625,#16626);
#16625 = CARTESIAN_POINT('',(-15.66666666666,-0.));
#16626 = VECTOR('',#16627,1.);
#16627 = DIRECTION('',(-0.,1.));
#16628 = ( GEOMETRIC_REPRESENTATION_CONTEXT(2) 
PARAMETRIC_REPRESENTATION_CONTEXT() REPRESENTATION_CONTEXT('2D SPACE',''
  ) );
#16629 = ORIENTED_EDGE('',*,*,#16630,.T.);
#16630 = EDGE_CURVE('',#16608,#16631,#16633,.T.);
#16631 = VERTEX_POINT('',#16632);
#16632 = CARTESIAN_POINT('',(271.,-55.,44.));
#16633 = SURFACE_CURVE('',#16634,(#16638,#16645),.PCURVE_S1.);
#16634 = LINE('',#16635,#16636);
#16635 = CARTESIAN_POINT('',(271.,-55.,37.25));
#16636 = VECTOR('',#16637,1.);
#16637 = DIRECTION('',(-0.,-0.,-1.));
#16638 = PCURVE('',#15882,#16639);
#16639 = DEFINITIONAL_REPRESENTATION('',(#16640),#16644);
#16640 = LINE('',#16641,#16642);
#16641 = CARTESIAN_POINT('',(6.75,-1.));
#16642 = VECTOR('',#16643,1.);
#16643 = DIRECTION('',(1.,-0.));
#16644 = ( GEOMETRIC_REPRESENTATION_CONTEXT(2) 
PARAMETRIC_REPRESENTATION_CONTEXT() REPRESENTATION_CONTEXT('2D SPACE',''
  ) );
#16645 = PCURVE('',#72,#16646);
#16646 = DEFINITIONAL_REPRESENTATION('',(#16647),#16651);
#16647 = LINE('',#16648,#16649);
#16648 = CARTESIAN_POINT('',(-6.75,71.));
#16649 = VECTOR('',#16650,1.);
#16650 = DIRECTION('',(1.,-0.));
#16651 = ( GEOMETRIC_REPRESENTATION_CONTEXT(2) 
PARAMETRIC_REPRESENTATION_CONTEXT() REPRESENTATION_CONTEXT('2D SPACE',''
  ) );
#16652 = ORIENTED_EDGE('',*,*,#16653,.T.);
#16653 = EDGE_CURVE('',#16631,#15841,#16654,.T.);
#16654 = SURFACE_CURVE('',#16655,(#16659,#16666),.PCURVE_S1.);
#16655 = LINE('',#16656,#16657);
#16656 = CARTESIAN_POINT('',(271.,-54.,44.));
#16657 = VECTOR('',#16658,1.);
#16658 = DIRECTION('',(0.,-1.,0.));
#16659 = PCURVE('',#15882,#16660);
#16660 = DEFINITIONAL_REPRESENTATION('',(#16661),#16665);
#16661 = LINE('',#16662,#16663);
#16662 = CARTESIAN_POINT('',(-0.,0.));
#16663 = VECTOR('',#16664,1.);
#16664 = DIRECTION('',(-0.,-1.));
#16665 = ( GEOMETRIC_REPRESENTATION_CONTEXT(2) 
PARAMETRIC_REPRESENTATION_CONTEXT() REPRESENTATION_CONTEXT('2D SPACE',''
  ) );
#16666 = PCURVE('',#15856,#16667);
#16667 = DEFINITIONAL_REPRESENTATION('',(#16668),#16672);
#16668 = LINE('',#16669,#16670);
#16669 = CARTESIAN_POINT('',(-15.66666666666,-0.));
#16670 = VECTOR('',#16671,1.);
#16671 = DIRECTION('',(-0.,1.));
#16672 = ( GEOMETRIC_REPRESENTATION_CONTEXT(2) 
PARAMETRIC_REPRESENTATION_CONTEXT() REPRESENTATION_CONTEXT('2D SPACE',''
  ) );
#16673 = ORIENTED_EDGE('',*,*,#15868,.F.);
#16674 = ADVANCED_FACE('',(#16675),#15856,.T.);
#16675 = FACE_BOUND('',#16676,.F.);
#16676 = EDGE_LOOP('',(#16677,#16700,#16721,#16722));
#16677 = ORIENTED_EDGE('',*,*,#16678,.F.);
#16678 = EDGE_CURVE('',#16679,#15813,#16681,.T.);
#16679 = VERTEX_POINT('',#16680);
#16680 = CARTESIAN_POINT('',(255.33333333333,-55.,44.));
#16681 = SURFACE_CURVE('',#16682,(#16686,#16693),.PCURVE_S1.);
#16682 = LINE('',#16683,#16684);
#16683 = CARTESIAN_POINT('',(255.33333333333,-54.,44.));
#16684 = VECTOR('',#16685,1.);
#16685 = DIRECTION('',(0.,-1.,0.));
#16686 = PCURVE('',#15856,#16687);
#16687 = DEFINITIONAL_REPRESENTATION('',(#16688),#16692);
#16688 = LINE('',#16689,#16690);
#16689 = CARTESIAN_POINT('',(-0.,-0.));
#16690 = VECTOR('',#16691,1.);
#16691 = DIRECTION('',(-0.,1.));
#16692 = ( GEOMETRIC_REPRESENTATION_CONTEXT(2) 
PARAMETRIC_REPRESENTATION_CONTEXT() REPRESENTATION_CONTEXT('2D SPACE',''
  ) );
#16693 = PCURVE('',#15828,#16694);
#16694 = DEFINITIONAL_REPRESENTATION('',(#16695),#16699);
#16695 = LINE('',#16696,#16697);
#16696 = CARTESIAN_POINT('',(-0.,0.));
#16697 = VECTOR('',#16698,1.);
#16698 = DIRECTION('',(-0.,-1.));
#16699 = ( GEOMETRIC_REPRESENTATION_CONTEXT(2) 
PARAMETRIC_REPRESENTATION_CONTEXT() REPRESENTATION_CONTEXT('2D SPACE',''
  ) );
#16700 = ORIENTED_EDGE('',*,*,#16701,.T.);
#16701 = EDGE_CURVE('',#16679,#16631,#16702,.T.);
#16702 = SURFACE_CURVE('',#16703,(#16707,#16714),.PCURVE_S1.);
#16703 = LINE('',#16704,#16705);
#16704 = CARTESIAN_POINT('',(227.66666666666,-55.,44.));
#16705 = VECTOR('',#16706,1.);
#16706 = DIRECTION('',(1.,-0.,-0.));
#16707 = PCURVE('',#15856,#16708);
#16708 = DEFINITIONAL_REPRESENTATION('',(#16709),#16713);
#16709 = LINE('',#16710,#16711);
#16710 = CARTESIAN_POINT('',(27.666666666667,1.));
#16711 = VECTOR('',#16712,1.);
#16712 = DIRECTION('',(-1.,0.));
#16713 = ( GEOMETRIC_REPRESENTATION_CONTEXT(2) 
PARAMETRIC_REPRESENTATION_CONTEXT() REPRESENTATION_CONTEXT('2D SPACE',''
  ) );
#16714 = PCURVE('',#72,#16715);
#16715 = DEFINITIONAL_REPRESENTATION('',(#16716),#16720);
#16716 = LINE('',#16717,#16718);
#16717 = CARTESIAN_POINT('',(-13.5,27.666666666667));
#16718 = VECTOR('',#16719,1.);
#16719 = DIRECTION('',(-0.,1.));
#16720 = ( GEOMETRIC_REPRESENTATION_CONTEXT(2) 
PARAMETRIC_REPRESENTATION_CONTEXT() REPRESENTATION_CONTEXT('2D SPACE',''
  ) );
#16721 = ORIENTED_EDGE('',*,*,#16653,.T.);
#16722 = ORIENTED_EDGE('',*,*,#15840,.F.);
#16723 = ADVANCED_FACE('',(#16724),#15828,.T.);
#16724 = FACE_BOUND('',#16725,.F.);
#16725 = EDGE_LOOP('',(#16726,#16749,#16770,#16771));
#16726 = ORIENTED_EDGE('',*,*,#16727,.F.);
#16727 = EDGE_CURVE('',#16728,#15783,#16730,.T.);
#16728 = VERTEX_POINT('',#16729);
#16729 = CARTESIAN_POINT('',(255.33333333333,-55.,142.));
#16730 = SURFACE_CURVE('',#16731,(#16735,#16742),.PCURVE_S1.);
#16731 = LINE('',#16732,#16733);
#16732 = CARTESIAN_POINT('',(255.33333333333,-54.,142.));
#16733 = VECTOR('',#16734,1.);
#16734 = DIRECTION('',(0.,-1.,0.));
#16735 = PCURVE('',#15828,#16736);
#16736 = DEFINITIONAL_REPRESENTATION('',(#16737),#16741);
#16737 = LINE('',#16738,#16739);
#16738 = CARTESIAN_POINT('',(-98.,0.));
#16739 = VECTOR('',#16740,1.);
#16740 = DIRECTION('',(-0.,-1.));
#16741 = ( GEOMETRIC_REPRESENTATION_CONTEXT(2) 
PARAMETRIC_REPRESENTATION_CONTEXT() REPRESENTATION_CONTEXT('2D SPACE',''
  ) );
#16742 = PCURVE('',#15800,#16743);
#16743 = DEFINITIONAL_REPRESENTATION('',(#16744),#16748);
#16744 = LINE('',#16745,#16746);
#16745 = CARTESIAN_POINT('',(-0.,-0.));
#16746 = VECTOR('',#16747,1.);
#16747 = DIRECTION('',(-0.,1.));
#16748 = ( GEOMETRIC_REPRESENTATION_CONTEXT(2) 
PARAMETRIC_REPRESENTATION_CONTEXT() REPRESENTATION_CONTEXT('2D SPACE',''
  ) );
#16749 = ORIENTED_EDGE('',*,*,#16750,.T.);
#16750 = EDGE_CURVE('',#16728,#16679,#16751,.T.);
#16751 = SURFACE_CURVE('',#16752,(#16756,#16763),.PCURVE_S1.);
#16752 = LINE('',#16753,#16754);
#16753 = CARTESIAN_POINT('',(255.33333333333,-55.,37.25));
#16754 = VECTOR('',#16755,1.);
#16755 = DIRECTION('',(-0.,-0.,-1.));
#16756 = PCURVE('',#15828,#16757);
#16757 = DEFINITIONAL_REPRESENTATION('',(#16758),#16762);
#16758 = LINE('',#16759,#16760);
#16759 = CARTESIAN_POINT('',(6.75,-1.));
#16760 = VECTOR('',#16761,1.);
#16761 = DIRECTION('',(1.,-0.));
#16762 = ( GEOMETRIC_REPRESENTATION_CONTEXT(2) 
PARAMETRIC_REPRESENTATION_CONTEXT() REPRESENTATION_CONTEXT('2D SPACE',''
  ) );
#16763 = PCURVE('',#72,#16764);
#16764 = DEFINITIONAL_REPRESENTATION('',(#16765),#16769);
#16765 = LINE('',#16766,#16767);
#16766 = CARTESIAN_POINT('',(-6.75,55.333333333333));
#16767 = VECTOR('',#16768,1.);
#16768 = DIRECTION('',(1.,-0.));
#16769 = ( GEOMETRIC_REPRESENTATION_CONTEXT(2) 
PARAMETRIC_REPRESENTATION_CONTEXT() REPRESENTATION_CONTEXT('2D SPACE',''
  ) );
#16770 = ORIENTED_EDGE('',*,*,#16678,.T.);
#16771 = ORIENTED_EDGE('',*,*,#15812,.F.);
#16772 = ADVANCED_FACE('',(#16773),#15800,.F.);
#16773 = FACE_BOUND('',#16774,.T.);
#16774 = EDGE_LOOP('',(#16775,#16776,#16797,#16798));
#16775 = ORIENTED_EDGE('',*,*,#16727,.F.);
#16776 = ORIENTED_EDGE('',*,*,#16777,.T.);
#16777 = EDGE_CURVE('',#16728,#16608,#16778,.T.);
#16778 = SURFACE_CURVE('',#16779,(#16783,#16790),.PCURVE_S1.);
#16779 = LINE('',#16780,#16781);
#16780 = CARTESIAN_POINT('',(227.66666666666,-55.,142.));
#16781 = VECTOR('',#16782,1.);
#16782 = DIRECTION('',(1.,-0.,-0.));
#16783 = PCURVE('',#15800,#16784);
#16784 = DEFINITIONAL_REPRESENTATION('',(#16785),#16789);
#16785 = LINE('',#16786,#16787);
#16786 = CARTESIAN_POINT('',(27.666666666667,1.));
#16787 = VECTOR('',#16788,1.);
#16788 = DIRECTION('',(-1.,0.));
#16789 = ( GEOMETRIC_REPRESENTATION_CONTEXT(2) 
PARAMETRIC_REPRESENTATION_CONTEXT() REPRESENTATION_CONTEXT('2D SPACE',''
  ) );
#16790 = PCURVE('',#72,#16791);
#16791 = DEFINITIONAL_REPRESENTATION('',(#16792),#16796);
#16792 = LINE('',#16793,#16794);
#16793 = CARTESIAN_POINT('',(-111.5,27.666666666667));
#16794 = VECTOR('',#16795,1.);
#16795 = DIRECTION('',(-0.,1.));
#16796 = ( GEOMETRIC_REPRESENTATION_CONTEXT(2) 
PARAMETRIC_REPRESENTATION_CONTEXT() REPRESENTATION_CONTEXT('2D SPACE',''
  ) );
#16797 = ORIENTED_EDGE('',*,*,#16607,.T.);
#16798 = ORIENTED_EDGE('',*,*,#15782,.F.);
#16799 = ADVANCED_FACE('',(#16800),#15768,.F.);
#16800 = FACE_BOUND('',#16801,.T.);
#16801 = EDGE_LOOP('',(#16802,#16825,#16848,#16869));
#16802 = ORIENTED_EDGE('',*,*,#16803,.F.);
#16803 = EDGE_CURVE('',#16804,#15671,#16806,.T.);
#16804 = VERTEX_POINT('',#16805);
#16805 = CARTESIAN_POINT('',(247.33333333333,-55.,142.));
#16806 = SURFACE_CURVE('',#16807,(#16811,#16818),.PCURVE_S1.);
#16807 = LINE('',#16808,#16809);
#16808 = CARTESIAN_POINT('',(247.33333333333,-54.,142.));
#16809 = VECTOR('',#16810,1.);
#16810 = DIRECTION('',(0.,-1.,0.));
#16811 = PCURVE('',#15768,#16812);
#16812 = DEFINITIONAL_REPRESENTATION('',(#16813),#16817);
#16813 = LINE('',#16814,#16815);
#16814 = CARTESIAN_POINT('',(-98.,0.));
#16815 = VECTOR('',#16816,1.);
#16816 = DIRECTION('',(-0.,-1.));
#16817 = ( GEOMETRIC_REPRESENTATION_CONTEXT(2) 
PARAMETRIC_REPRESENTATION_CONTEXT() REPRESENTATION_CONTEXT('2D SPACE',''
  ) );
#16818 = PCURVE('',#15686,#16819);
#16819 = DEFINITIONAL_REPRESENTATION('',(#16820),#16824);
#16820 = LINE('',#16821,#16822);
#16821 = CARTESIAN_POINT('',(-15.66666666666,-0.));
#16822 = VECTOR('',#16823,1.);
#16823 = DIRECTION('',(-0.,1.));
#16824 = ( GEOMETRIC_REPRESENTATION_CONTEXT(2) 
PARAMETRIC_REPRESENTATION_CONTEXT() REPRESENTATION_CONTEXT('2D SPACE',''
  ) );
#16825 = ORIENTED_EDGE('',*,*,#16826,.T.);
#16826 = EDGE_CURVE('',#16804,#16827,#16829,.T.);
#16827 = VERTEX_POINT('',#16828);
#16828 = CARTESIAN_POINT('',(247.33333333333,-55.,44.));
#16829 = SURFACE_CURVE('',#16830,(#16834,#16841),.PCURVE_S1.);
#16830 = LINE('',#16831,#16832);
#16831 = CARTESIAN_POINT('',(247.33333333333,-55.,37.25));
#16832 = VECTOR('',#16833,1.);
#16833 = DIRECTION('',(-0.,-0.,-1.));
#16834 = PCURVE('',#15768,#16835);
#16835 = DEFINITIONAL_REPRESENTATION('',(#16836),#16840);
#16836 = LINE('',#16837,#16838);
#16837 = CARTESIAN_POINT('',(6.75,-1.));
#16838 = VECTOR('',#16839,1.);
#16839 = DIRECTION('',(1.,-0.));
#16840 = ( GEOMETRIC_REPRESENTATION_CONTEXT(2) 
PARAMETRIC_REPRESENTATION_CONTEXT() REPRESENTATION_CONTEXT('2D SPACE',''
  ) );
#16841 = PCURVE('',#72,#16842);
#16842 = DEFINITIONAL_REPRESENTATION('',(#16843),#16847);
#16843 = LINE('',#16844,#16845);
#16844 = CARTESIAN_POINT('',(-6.75,47.333333333333));
#16845 = VECTOR('',#16846,1.);
#16846 = DIRECTION('',(1.,-0.));
#16847 = ( GEOMETRIC_REPRESENTATION_CONTEXT(2) 
PARAMETRIC_REPRESENTATION_CONTEXT() REPRESENTATION_CONTEXT('2D SPACE',''
  ) );
#16848 = ORIENTED_EDGE('',*,*,#16849,.T.);
#16849 = EDGE_CURVE('',#16827,#15727,#16850,.T.);
#16850 = SURFACE_CURVE('',#16851,(#16855,#16862),.PCURVE_S1.);
#16851 = LINE('',#16852,#16853);
#16852 = CARTESIAN_POINT('',(247.33333333333,-54.,44.));
#16853 = VECTOR('',#16854,1.);
#16854 = DIRECTION('',(0.,-1.,0.));
#16855 = PCURVE('',#15768,#16856);
#16856 = DEFINITIONAL_REPRESENTATION('',(#16857),#16861);
#16857 = LINE('',#16858,#16859);
#16858 = CARTESIAN_POINT('',(-0.,0.));
#16859 = VECTOR('',#16860,1.);
#16860 = DIRECTION('',(-0.,-1.));
#16861 = ( GEOMETRIC_REPRESENTATION_CONTEXT(2) 
PARAMETRIC_REPRESENTATION_CONTEXT() REPRESENTATION_CONTEXT('2D SPACE',''
  ) );
#16862 = PCURVE('',#15742,#16863);
#16863 = DEFINITIONAL_REPRESENTATION('',(#16864),#16868);
#16864 = LINE('',#16865,#16866);
#16865 = CARTESIAN_POINT('',(-15.66666666666,-0.));
#16866 = VECTOR('',#16867,1.);
#16867 = DIRECTION('',(-0.,1.));
#16868 = ( GEOMETRIC_REPRESENTATION_CONTEXT(2) 
PARAMETRIC_REPRESENTATION_CONTEXT() REPRESENTATION_CONTEXT('2D SPACE',''
  ) );
#16869 = ORIENTED_EDGE('',*,*,#15754,.F.);
#16870 = ADVANCED_FACE('',(#16871),#15742,.T.);
#16871 = FACE_BOUND('',#16872,.F.);
#16872 = EDGE_LOOP('',(#16873,#16896,#16917,#16918));
#16873 = ORIENTED_EDGE('',*,*,#16874,.F.);
#16874 = EDGE_CURVE('',#16875,#15699,#16877,.T.);
#16875 = VERTEX_POINT('',#16876);
#16876 = CARTESIAN_POINT('',(231.66666666666,-55.,44.));
#16877 = SURFACE_CURVE('',#16878,(#16882,#16889),.PCURVE_S1.);
#16878 = LINE('',#16879,#16880);
#16879 = CARTESIAN_POINT('',(231.66666666666,-54.,44.));
#16880 = VECTOR('',#16881,1.);
#16881 = DIRECTION('',(0.,-1.,0.));
#16882 = PCURVE('',#15742,#16883);
#16883 = DEFINITIONAL_REPRESENTATION('',(#16884),#16888);
#16884 = LINE('',#16885,#16886);
#16885 = CARTESIAN_POINT('',(-0.,-0.));
#16886 = VECTOR('',#16887,1.);
#16887 = DIRECTION('',(-0.,1.));
#16888 = ( GEOMETRIC_REPRESENTATION_CONTEXT(2) 
PARAMETRIC_REPRESENTATION_CONTEXT() REPRESENTATION_CONTEXT('2D SPACE',''
  ) );
#16889 = PCURVE('',#15714,#16890);
#16890 = DEFINITIONAL_REPRESENTATION('',(#16891),#16895);
#16891 = LINE('',#16892,#16893);
#16892 = CARTESIAN_POINT('',(-0.,0.));
#16893 = VECTOR('',#16894,1.);
#16894 = DIRECTION('',(-0.,-1.));
#16895 = ( GEOMETRIC_REPRESENTATION_CONTEXT(2) 
PARAMETRIC_REPRESENTATION_CONTEXT() REPRESENTATION_CONTEXT('2D SPACE',''
  ) );
#16896 = ORIENTED_EDGE('',*,*,#16897,.T.);
#16897 = EDGE_CURVE('',#16875,#16827,#16898,.T.);
#16898 = SURFACE_CURVE('',#16899,(#16903,#16910),.PCURVE_S1.);
#16899 = LINE('',#16900,#16901);
#16900 = CARTESIAN_POINT('',(215.83333333333,-55.,44.));
#16901 = VECTOR('',#16902,1.);
#16902 = DIRECTION('',(1.,-0.,-0.));
#16903 = PCURVE('',#15742,#16904);
#16904 = DEFINITIONAL_REPRESENTATION('',(#16905),#16909);
#16905 = LINE('',#16906,#16907);
#16906 = CARTESIAN_POINT('',(15.833333333333,1.));
#16907 = VECTOR('',#16908,1.);
#16908 = DIRECTION('',(-1.,0.));
#16909 = ( GEOMETRIC_REPRESENTATION_CONTEXT(2) 
PARAMETRIC_REPRESENTATION_CONTEXT() REPRESENTATION_CONTEXT('2D SPACE',''
  ) );
#16910 = PCURVE('',#72,#16911);
#16911 = DEFINITIONAL_REPRESENTATION('',(#16912),#16916);
#16912 = LINE('',#16913,#16914);
#16913 = CARTESIAN_POINT('',(-13.5,15.833333333333));
#16914 = VECTOR('',#16915,1.);
#16915 = DIRECTION('',(-0.,1.));
#16916 = ( GEOMETRIC_REPRESENTATION_CONTEXT(2) 
PARAMETRIC_REPRESENTATION_CONTEXT() REPRESENTATION_CONTEXT('2D SPACE',''
  ) );
#16917 = ORIENTED_EDGE('',*,*,#16849,.T.);
#16918 = ORIENTED_EDGE('',*,*,#15726,.F.);
#16919 = ADVANCED_FACE('',(#16920),#15714,.T.);
#16920 = FACE_BOUND('',#16921,.F.);
#16921 = EDGE_LOOP('',(#16922,#16945,#16966,#16967));
#16922 = ORIENTED_EDGE('',*,*,#16923,.F.);
#16923 = EDGE_CURVE('',#16924,#15669,#16926,.T.);
#16924 = VERTEX_POINT('',#16925);
#16925 = CARTESIAN_POINT('',(231.66666666666,-55.,142.));
#16926 = SURFACE_CURVE('',#16927,(#16931,#16938),.PCURVE_S1.);
#16927 = LINE('',#16928,#16929);
#16928 = CARTESIAN_POINT('',(231.66666666666,-54.,142.));
#16929 = VECTOR('',#16930,1.);
#16930 = DIRECTION('',(0.,-1.,0.));
#16931 = PCURVE('',#15714,#16932);
#16932 = DEFINITIONAL_REPRESENTATION('',(#16933),#16937);
#16933 = LINE('',#16934,#16935);
#16934 = CARTESIAN_POINT('',(-98.,0.));
#16935 = VECTOR('',#16936,1.);
#16936 = DIRECTION('',(-0.,-1.));
#16937 = ( GEOMETRIC_REPRESENTATION_CONTEXT(2) 
PARAMETRIC_REPRESENTATION_CONTEXT() REPRESENTATION_CONTEXT('2D SPACE',''
  ) );
#16938 = PCURVE('',#15686,#16939);
#16939 = DEFINITIONAL_REPRESENTATION('',(#16940),#16944);
#16940 = LINE('',#16941,#16942);
#16941 = CARTESIAN_POINT('',(-0.,-0.));
#16942 = VECTOR('',#16943,1.);
#16943 = DIRECTION('',(-0.,1.));
#16944 = ( GEOMETRIC_REPRESENTATION_CONTEXT(2) 
PARAMETRIC_REPRESENTATION_CONTEXT() REPRESENTATION_CONTEXT('2D SPACE',''
  ) );
#16945 = ORIENTED_EDGE('',*,*,#16946,.T.);
#16946 = EDGE_CURVE('',#16924,#16875,#16947,.T.);
#16947 = SURFACE_CURVE('',#16948,(#16952,#16959),.PCURVE_S1.);
#16948 = LINE('',#16949,#16950);
#16949 = CARTESIAN_POINT('',(231.66666666666,-55.,37.25));
#16950 = VECTOR('',#16951,1.);
#16951 = DIRECTION('',(-0.,-0.,-1.));
#16952 = PCURVE('',#15714,#16953);
#16953 = DEFINITIONAL_REPRESENTATION('',(#16954),#16958);
#16954 = LINE('',#16955,#16956);
#16955 = CARTESIAN_POINT('',(6.75,-1.));
#16956 = VECTOR('',#16957,1.);
#16957 = DIRECTION('',(1.,-0.));
#16958 = ( GEOMETRIC_REPRESENTATION_CONTEXT(2) 
PARAMETRIC_REPRESENTATION_CONTEXT() REPRESENTATION_CONTEXT('2D SPACE',''
  ) );
#16959 = PCURVE('',#72,#16960);
#16960 = DEFINITIONAL_REPRESENTATION('',(#16961),#16965);
#16961 = LINE('',#16962,#16963);
#16962 = CARTESIAN_POINT('',(-6.75,31.666666666667));
#16963 = VECTOR('',#16964,1.);
#16964 = DIRECTION('',(1.,-0.));
#16965 = ( GEOMETRIC_REPRESENTATION_CONTEXT(2) 
PARAMETRIC_REPRESENTATION_CONTEXT() REPRESENTATION_CONTEXT('2D SPACE',''
  ) );
#16966 = ORIENTED_EDGE('',*,*,#16874,.T.);
#16967 = ORIENTED_EDGE('',*,*,#15698,.F.);
#16968 = ADVANCED_FACE('',(#16969),#15686,.F.);
#16969 = FACE_BOUND('',#16970,.T.);
#16970 = EDGE_LOOP('',(#16971,#16972,#16993,#16994));
#16971 = ORIENTED_EDGE('',*,*,#16923,.F.);
#16972 = ORIENTED_EDGE('',*,*,#16973,.T.);
#16973 = EDGE_CURVE('',#16924,#16804,#16974,.T.);
#16974 = SURFACE_CURVE('',#16975,(#16979,#16986),.PCURVE_S1.);
#16975 = LINE('',#16976,#16977);
#16976 = CARTESIAN_POINT('',(215.83333333333,-55.,142.));
#16977 = VECTOR('',#16978,1.);
#16978 = DIRECTION('',(1.,-0.,-0.));
#16979 = PCURVE('',#15686,#16980);
#16980 = DEFINITIONAL_REPRESENTATION('',(#16981),#16985);
#16981 = LINE('',#16982,#16983);
#16982 = CARTESIAN_POINT('',(15.833333333333,1.));
#16983 = VECTOR('',#16984,1.);
#16984 = DIRECTION('',(-1.,0.));
#16985 = ( GEOMETRIC_REPRESENTATION_CONTEXT(2) 
PARAMETRIC_REPRESENTATION_CONTEXT() REPRESENTATION_CONTEXT('2D SPACE',''
  ) );
#16986 = PCURVE('',#72,#16987);
#16987 = DEFINITIONAL_REPRESENTATION('',(#16988),#16992);
#16988 = LINE('',#16989,#16990);
#16989 = CARTESIAN_POINT('',(-111.5,15.833333333333));
#16990 = VECTOR('',#16991,1.);
#16991 = DIRECTION('',(-0.,1.));
#16992 = ( GEOMETRIC_REPRESENTATION_CONTEXT(2) 
PARAMETRIC_REPRESENTATION_CONTEXT() REPRESENTATION_CONTEXT('2D SPACE',''
  ) );
#16993 = ORIENTED_EDGE('',*,*,#16803,.T.);
#16994 = ORIENTED_EDGE('',*,*,#15668,.F.);
#16995 = ADVANCED_FACE('',(#16996),#462,.T.);
#16996 = FACE_BOUND('',#16997,.T.);
#16997 = EDGE_LOOP('',(#16998,#17021,#17022,#17045,#17068,#17096));
#16998 = ORIENTED_EDGE('',*,*,#16999,.F.);
#16999 = EDGE_CURVE('',#421,#17000,#17002,.T.);
#17000 = VERTEX_POINT('',#17001);
#17001 = CARTESIAN_POINT('',(206.3,-55.3,2.));
#17002 = SURFACE_CURVE('',#17003,(#17007,#17014),.PCURVE_S1.);
#17003 = LINE('',#17004,#17005);
#17004 = CARTESIAN_POINT('',(199.5,-53.3,2.));
#17005 = VECTOR('',#17006,1.);
#17006 = DIRECTION('',(0.959365501571,-0.282166323992,0.));
#17007 = PCURVE('',#462,#17008);
#17008 = DEFINITIONAL_REPRESENTATION('',(#17009),#17013);
#17009 = LINE('',#17010,#17011);
#17010 = CARTESIAN_POINT('',(0.,0.));
#17011 = VECTOR('',#17012,1.);
#17012 = DIRECTION('',(1.,0.));
#17013 = ( GEOMETRIC_REPRESENTATION_CONTEXT(2) 
PARAMETRIC_REPRESENTATION_CONTEXT() REPRESENTATION_CONTEXT('2D SPACE',''
  ) );
#17014 = PCURVE('',#436,#17015);
#17015 = DEFINITIONAL_REPRESENTATION('',(#17016),#17020);
#17016 = LINE('',#17017,#17018);
#17017 = CARTESIAN_POINT('',(-3.745387736832,-5.3));
#17018 = VECTOR('',#17019,1.);
#17019 = DIRECTION('',(0.959365501571,-0.282166323992));
#17020 = ( GEOMETRIC_REPRESENTATION_CONTEXT(2) 
PARAMETRIC_REPRESENTATION_CONTEXT() REPRESENTATION_CONTEXT('2D SPACE',''
  ) );
#17021 = ORIENTED_EDGE('',*,*,#448,.T.);
#17022 = ORIENTED_EDGE('',*,*,#17023,.F.);
#17023 = EDGE_CURVE('',#17024,#24,#17026,.T.);
#17024 = VERTEX_POINT('',#17025);
#17025 = CARTESIAN_POINT('',(205.28,-55.,32.));
#17026 = SURFACE_CURVE('',#17027,(#17031,#17038),.PCURVE_S1.);
#17027 = LINE('',#17028,#17029);
#17028 = CARTESIAN_POINT('',(202.66719745222,-54.23152866242,32.));
#17029 = VECTOR('',#17030,1.);
#17030 = DIRECTION('',(-0.959365501571,0.282166323992,0.));
#17031 = PCURVE('',#462,#17032);
#17032 = DEFINITIONAL_REPRESENTATION('',(#17033),#17037);
#17033 = LINE('',#17034,#17035);
#17034 = CARTESIAN_POINT('',(3.301345990701,-30.));
#17035 = VECTOR('',#17036,1.);
#17036 = DIRECTION('',(-1.,-0.));
#17037 = ( GEOMETRIC_REPRESENTATION_CONTEXT(2) 
PARAMETRIC_REPRESENTATION_CONTEXT() REPRESENTATION_CONTEXT('2D SPACE',''
  ) );
#17038 = PCURVE('',#44,#17039);
#17039 = DEFINITIONAL_REPRESENTATION('',(#17040),#17044);
#17040 = LINE('',#17041,#17042);
#17041 = CARTESIAN_POINT('',(2.667197452229,20.76847133758));
#17042 = VECTOR('',#17043,1.);
#17043 = DIRECTION('',(-0.959365501571,0.282166323992));
#17044 = ( GEOMETRIC_REPRESENTATION_CONTEXT(2) 
PARAMETRIC_REPRESENTATION_CONTEXT() REPRESENTATION_CONTEXT('2D SPACE',''
  ) );
#17045 = ORIENTED_EDGE('',*,*,#17046,.F.);
#17046 = EDGE_CURVE('',#17047,#17024,#17049,.T.);
#17047 = VERTEX_POINT('',#17048);
#17048 = CARTESIAN_POINT('',(205.28,-55.,30.5));
#17049 = SURFACE_CURVE('',#17050,(#17054,#17061),.PCURVE_S1.);
#17050 = LINE('',#17051,#17052);
#17051 = CARTESIAN_POINT('',(205.28,-55.,16.25));
#17052 = VECTOR('',#17053,1.);
#17053 = DIRECTION('',(0.,-0.,1.));
#17054 = PCURVE('',#462,#17055);
#17055 = DEFINITIONAL_REPRESENTATION('',(#17056),#17060);
#17056 = LINE('',#17057,#17058);
#17057 = CARTESIAN_POINT('',(6.024815349868,-14.25));
#17058 = VECTOR('',#17059,1.);
#17059 = DIRECTION('',(0.,-1.));
#17060 = ( GEOMETRIC_REPRESENTATION_CONTEXT(2) 
PARAMETRIC_REPRESENTATION_CONTEXT() REPRESENTATION_CONTEXT('2D SPACE',''
  ) );
#17061 = PCURVE('',#72,#17062);
#17062 = DEFINITIONAL_REPRESENTATION('',(#17063),#17067);
#17063 = LINE('',#17064,#17065);
#17064 = CARTESIAN_POINT('',(14.25,5.28));
#17065 = VECTOR('',#17066,1.);
#17066 = DIRECTION('',(-1.,0.));
#17067 = ( GEOMETRIC_REPRESENTATION_CONTEXT(2) 
PARAMETRIC_REPRESENTATION_CONTEXT() REPRESENTATION_CONTEXT('2D SPACE',''
  ) );
#17068 = ORIENTED_EDGE('',*,*,#17069,.F.);
#17069 = EDGE_CURVE('',#17070,#17047,#17072,.T.);
#17070 = VERTEX_POINT('',#17071);
#17071 = CARTESIAN_POINT('',(206.3,-55.3,30.5));
#17072 = SURFACE_CURVE('',#17073,(#17077,#17084),.PCURVE_S1.);
#17073 = LINE('',#17074,#17075);
#17074 = CARTESIAN_POINT('',(199.9601910828,-53.43535031847,30.5));
#17075 = VECTOR('',#17076,1.);
#17076 = DIRECTION('',(-0.959365501571,0.282166323992,0.));
#17077 = PCURVE('',#462,#17078);
#17078 = DEFINITIONAL_REPRESENTATION('',(#17079),#17083);
#17079 = LINE('',#17080,#17081);
#17080 = CARTESIAN_POINT('',(0.479682750786,-28.5));
#17081 = VECTOR('',#17082,1.);
#17082 = DIRECTION('',(-1.,-0.));
#17083 = ( GEOMETRIC_REPRESENTATION_CONTEXT(2) 
PARAMETRIC_REPRESENTATION_CONTEXT() REPRESENTATION_CONTEXT('2D SPACE',''
  ) );
#17084 = PCURVE('',#17085,#17090);
#17085 = PLANE('',#17086);
#17086 = AXIS2_PLACEMENT_3D('',#17087,#17088,#17089);
#17087 = CARTESIAN_POINT('',(200.,-55.,30.5));
#17088 = DIRECTION('',(0.,0.,1.));
#17089 = DIRECTION('',(-1.,-0.,0.));
#17090 = DEFINITIONAL_REPRESENTATION('',(#17091),#17095);
#17091 = LINE('',#17092,#17093);
#17092 = CARTESIAN_POINT('',(3.980891719746E-02,-1.564649681529));
#17093 = VECTOR('',#17094,1.);
#17094 = DIRECTION('',(0.959365501571,-0.282166323992));
#17095 = ( GEOMETRIC_REPRESENTATION_CONTEXT(2) 
PARAMETRIC_REPRESENTATION_CONTEXT() REPRESENTATION_CONTEXT('2D SPACE',''
  ) );
#17096 = ORIENTED_EDGE('',*,*,#17097,.F.);
#17097 = EDGE_CURVE('',#17000,#17070,#17098,.T.);
#17098 = SURFACE_CURVE('',#17099,(#17103,#17110),.PCURVE_S1.);
#17099 = LINE('',#17100,#17101);
#17100 = CARTESIAN_POINT('',(206.3,-55.3,2.));
#17101 = VECTOR('',#17102,1.);
#17102 = DIRECTION('',(0.,0.,1.));
#17103 = PCURVE('',#462,#17104);
#17104 = DEFINITIONAL_REPRESENTATION('',(#17105),#17109);
#17105 = LINE('',#17106,#17107);
#17106 = CARTESIAN_POINT('',(7.088018058668,0.));
#17107 = VECTOR('',#17108,1.);
#17108 = DIRECTION('',(0.,-1.));
#17109 = ( GEOMETRIC_REPRESENTATION_CONTEXT(2) 
PARAMETRIC_REPRESENTATION_CONTEXT() REPRESENTATION_CONTEXT('2D SPACE',''
  ) );
#17110 = PCURVE('',#17111,#17116);
#17111 = PLANE('',#17112);
#17112 = AXIS2_PLACEMENT_3D('',#17113,#17114,#17115);
#17113 = CARTESIAN_POINT('',(206.3,-55.3,2.));
#17114 = DIRECTION('',(-1.,0.,0.));
#17115 = DIRECTION('',(0.,1.,0.));
#17116 = DEFINITIONAL_REPRESENTATION('',(#17117),#17121);
#17117 = LINE('',#17118,#17119);
#17118 = CARTESIAN_POINT('',(0.,0.));
#17119 = VECTOR('',#17120,1.);
#17120 = DIRECTION('',(0.,-1.));
#17121 = ( GEOMETRIC_REPRESENTATION_CONTEXT(2) 
PARAMETRIC_REPRESENTATION_CONTEXT() REPRESENTATION_CONTEXT('2D SPACE',''
  ) );
#17122 = ADVANCED_FACE('',(#17123),#17085,.F.);
#17123 = FACE_BOUND('',#17124,.T.);
#17124 = EDGE_LOOP('',(#17125,#17126,#17149));
#17125 = ORIENTED_EDGE('',*,*,#17069,.T.);
#17126 = ORIENTED_EDGE('',*,*,#17127,.T.);
#17127 = EDGE_CURVE('',#17047,#17128,#17130,.T.);
#17128 = VERTEX_POINT('',#17129);
#17129 = CARTESIAN_POINT('',(206.3,-55.,30.5));
#17130 = SURFACE_CURVE('',#17131,(#17135,#17142),.PCURVE_S1.);
#17131 = LINE('',#17132,#17133);
#17132 = CARTESIAN_POINT('',(200.,-55.,30.5));
#17133 = VECTOR('',#17134,1.);
#17134 = DIRECTION('',(1.,0.,0.));
#17135 = PCURVE('',#17085,#17136);
#17136 = DEFINITIONAL_REPRESENTATION('',(#17137),#17141);
#17137 = LINE('',#17138,#17139);
#17138 = CARTESIAN_POINT('',(-0.,-0.));
#17139 = VECTOR('',#17140,1.);
#17140 = DIRECTION('',(-1.,-0.));
#17141 = ( GEOMETRIC_REPRESENTATION_CONTEXT(2) 
PARAMETRIC_REPRESENTATION_CONTEXT() REPRESENTATION_CONTEXT('2D SPACE',''
  ) );
#17142 = PCURVE('',#72,#17143);
#17143 = DEFINITIONAL_REPRESENTATION('',(#17144),#17148);
#17144 = LINE('',#17145,#17146);
#17145 = CARTESIAN_POINT('',(-0.,0.));
#17146 = VECTOR('',#17147,1.);
#17147 = DIRECTION('',(-0.,1.));
#17148 = ( GEOMETRIC_REPRESENTATION_CONTEXT(2) 
PARAMETRIC_REPRESENTATION_CONTEXT() REPRESENTATION_CONTEXT('2D SPACE',''
  ) );
#17149 = ORIENTED_EDGE('',*,*,#17150,.T.);
#17150 = EDGE_CURVE('',#17128,#17070,#17151,.T.);
#17151 = SURFACE_CURVE('',#17152,(#17156,#17163),.PCURVE_S1.);
#17152 = LINE('',#17153,#17154);
#17153 = CARTESIAN_POINT('',(206.3,-55.15,30.5));
#17154 = VECTOR('',#17155,1.);
#17155 = DIRECTION('',(0.,-1.,0.));
#17156 = PCURVE('',#17085,#17157);
#17157 = DEFINITIONAL_REPRESENTATION('',(#17158),#17162);
#17158 = LINE('',#17159,#17160);
#17159 = CARTESIAN_POINT('',(-6.3,0.15));
#17160 = VECTOR('',#17161,1.);
#17161 = DIRECTION('',(-0.,1.));
#17162 = ( GEOMETRIC_REPRESENTATION_CONTEXT(2) 
PARAMETRIC_REPRESENTATION_CONTEXT() REPRESENTATION_CONTEXT('2D SPACE',''
  ) );
#17163 = PCURVE('',#17111,#17164);
#17164 = DEFINITIONAL_REPRESENTATION('',(#17165),#17169);
#17165 = LINE('',#17166,#17167);
#17166 = CARTESIAN_POINT('',(0.15,-28.5));
#17167 = VECTOR('',#17168,1.);
#17168 = DIRECTION('',(-1.,0.));
#17169 = ( GEOMETRIC_REPRESENTATION_CONTEXT(2) 
PARAMETRIC_REPRESENTATION_CONTEXT() REPRESENTATION_CONTEXT('2D SPACE',''
  ) );
#17170 = ADVANCED_FACE('',(#17171),#17111,.T.);
#17171 = FACE_BOUND('',#17172,.T.);
#17172 = EDGE_LOOP('',(#17173,#17196,#17197,#17198,#17221,#17244));
#17173 = ORIENTED_EDGE('',*,*,#17174,.F.);
#17174 = EDGE_CURVE('',#17000,#17175,#17177,.T.);
#17175 = VERTEX_POINT('',#17176);
#17176 = CARTESIAN_POINT('',(206.3,-40.7,2.));
#17177 = SURFACE_CURVE('',#17178,(#17182,#17189),.PCURVE_S1.);
#17178 = LINE('',#17179,#17180);
#17179 = CARTESIAN_POINT('',(206.3,-55.3,2.));
#17180 = VECTOR('',#17181,1.);
#17181 = DIRECTION('',(0.,1.,0.));
#17182 = PCURVE('',#17111,#17183);
#17183 = DEFINITIONAL_REPRESENTATION('',(#17184),#17188);
#17184 = LINE('',#17185,#17186);
#17185 = CARTESIAN_POINT('',(0.,0.));
#17186 = VECTOR('',#17187,1.);
#17187 = DIRECTION('',(1.,0.));
#17188 = ( GEOMETRIC_REPRESENTATION_CONTEXT(2) 
PARAMETRIC_REPRESENTATION_CONTEXT() REPRESENTATION_CONTEXT('2D SPACE',''
  ) );
#17189 = PCURVE('',#436,#17190);
#17190 = DEFINITIONAL_REPRESENTATION('',(#17191),#17195);
#17191 = LINE('',#17192,#17193);
#17192 = CARTESIAN_POINT('',(3.054612263168,-7.3));
#17193 = VECTOR('',#17194,1.);
#17194 = DIRECTION('',(0.,1.));
#17195 = ( GEOMETRIC_REPRESENTATION_CONTEXT(2) 
PARAMETRIC_REPRESENTATION_CONTEXT() REPRESENTATION_CONTEXT('2D SPACE',''
  ) );
#17196 = ORIENTED_EDGE('',*,*,#17097,.T.);
#17197 = ORIENTED_EDGE('',*,*,#17150,.F.);
#17198 = ORIENTED_EDGE('',*,*,#17199,.F.);
#17199 = EDGE_CURVE('',#17200,#17128,#17202,.T.);
#17200 = VERTEX_POINT('',#17201);
#17201 = CARTESIAN_POINT('',(206.3,-55.,32.));
#17202 = SURFACE_CURVE('',#17203,(#17207,#17214),.PCURVE_S1.);
#17203 = LINE('',#17204,#17205);
#17204 = CARTESIAN_POINT('',(206.3,-55.,16.25));
#17205 = VECTOR('',#17206,1.);
#17206 = DIRECTION('',(0.,0.,-1.));
#17207 = PCURVE('',#17111,#17208);
#17208 = DEFINITIONAL_REPRESENTATION('',(#17209),#17213);
#17209 = LINE('',#17210,#17211);
#17210 = CARTESIAN_POINT('',(0.3,-14.25));
#17211 = VECTOR('',#17212,1.);
#17212 = DIRECTION('',(0.,1.));
#17213 = ( GEOMETRIC_REPRESENTATION_CONTEXT(2) 
PARAMETRIC_REPRESENTATION_CONTEXT() REPRESENTATION_CONTEXT('2D SPACE',''
  ) );
#17214 = PCURVE('',#72,#17215);
#17215 = DEFINITIONAL_REPRESENTATION('',(#17216),#17220);
#17216 = LINE('',#17217,#17218);
#17217 = CARTESIAN_POINT('',(14.25,6.3));
#17218 = VECTOR('',#17219,1.);
#17219 = DIRECTION('',(1.,-0.));
#17220 = ( GEOMETRIC_REPRESENTATION_CONTEXT(2) 
PARAMETRIC_REPRESENTATION_CONTEXT() REPRESENTATION_CONTEXT('2D SPACE',''
  ) );
#17221 = ORIENTED_EDGE('',*,*,#17222,.F.);
#17222 = EDGE_CURVE('',#17223,#17200,#17225,.T.);
#17223 = VERTEX_POINT('',#17224);
#17224 = CARTESIAN_POINT('',(206.3,-40.7,32.));
#17225 = SURFACE_CURVE('',#17226,(#17230,#17237),.PCURVE_S1.);
#17226 = LINE('',#17227,#17228);
#17227 = CARTESIAN_POINT('',(206.3,-65.15,32.));
#17228 = VECTOR('',#17229,1.);
#17229 = DIRECTION('',(0.,-1.,0.));
#17230 = PCURVE('',#17111,#17231);
#17231 = DEFINITIONAL_REPRESENTATION('',(#17232),#17236);
#17232 = LINE('',#17233,#17234);
#17233 = CARTESIAN_POINT('',(-9.85,-30.));
#17234 = VECTOR('',#17235,1.);
#17235 = DIRECTION('',(-1.,0.));
#17236 = ( GEOMETRIC_REPRESENTATION_CONTEXT(2) 
PARAMETRIC_REPRESENTATION_CONTEXT() REPRESENTATION_CONTEXT('2D SPACE',''
  ) );
#17237 = PCURVE('',#380,#17238);
#17238 = DEFINITIONAL_REPRESENTATION('',(#17239),#17243);
#17239 = LINE('',#17240,#17241);
#17240 = CARTESIAN_POINT('',(6.3,9.85));
#17241 = VECTOR('',#17242,1.);
#17242 = DIRECTION('',(0.,-1.));
#17243 = ( GEOMETRIC_REPRESENTATION_CONTEXT(2) 
PARAMETRIC_REPRESENTATION_CONTEXT() REPRESENTATION_CONTEXT('2D SPACE',''
  ) );
#17244 = ORIENTED_EDGE('',*,*,#17245,.F.);
#17245 = EDGE_CURVE('',#17175,#17223,#17246,.T.);
#17246 = SURFACE_CURVE('',#17247,(#17251,#17258),.PCURVE_S1.);
#17247 = LINE('',#17248,#17249);
#17248 = CARTESIAN_POINT('',(206.3,-40.7,2.));
#17249 = VECTOR('',#17250,1.);
#17250 = DIRECTION('',(0.,0.,1.));
#17251 = PCURVE('',#17111,#17252);
#17252 = DEFINITIONAL_REPRESENTATION('',(#17253),#17257);
#17253 = LINE('',#17254,#17255);
#17254 = CARTESIAN_POINT('',(14.6,0.));
#17255 = VECTOR('',#17256,1.);
#17256 = DIRECTION('',(0.,-1.));
#17257 = ( GEOMETRIC_REPRESENTATION_CONTEXT(2) 
PARAMETRIC_REPRESENTATION_CONTEXT() REPRESENTATION_CONTEXT('2D SPACE',''
  ) );
#17258 = PCURVE('',#408,#17259);
#17259 = DEFINITIONAL_REPRESENTATION('',(#17260),#17264);
#17260 = LINE('',#17261,#17262);
#17261 = CARTESIAN_POINT('',(0.,0.));
#17262 = VECTOR('',#17263,1.);
#17263 = DIRECTION('',(0.,-1.));
#17264 = ( GEOMETRIC_REPRESENTATION_CONTEXT(2) 
PARAMETRIC_REPRESENTATION_CONTEXT() REPRESENTATION_CONTEXT('2D SPACE',''
  ) );
#17265 = ADVANCED_FACE('',(#17266),#436,.T.);
#17266 = FACE_BOUND('',#17267,.T.);
#17267 = EDGE_LOOP('',(#17268,#17269,#17270,#17271));
#17268 = ORIENTED_EDGE('',*,*,#420,.T.);
#17269 = ORIENTED_EDGE('',*,*,#16999,.T.);
#17270 = ORIENTED_EDGE('',*,*,#17174,.T.);
#17271 = ORIENTED_EDGE('',*,*,#17272,.T.);
#17272 = EDGE_CURVE('',#17175,#393,#17273,.T.);
#17273 = SURFACE_CURVE('',#17274,(#17278,#17285),.PCURVE_S1.);
#17274 = LINE('',#17275,#17276);
#17275 = CARTESIAN_POINT('',(206.3,-40.7,2.));
#17276 = VECTOR('',#17277,1.);
#17277 = DIRECTION('',(-0.959365501571,-0.282166323992,0.));
#17278 = PCURVE('',#436,#17279);
#17279 = DEFINITIONAL_REPRESENTATION('',(#17280),#17284);
#17280 = LINE('',#17281,#17282);
#17281 = CARTESIAN_POINT('',(3.054612263168,7.3));
#17282 = VECTOR('',#17283,1.);
#17283 = DIRECTION('',(-0.959365501571,-0.282166323992));
#17284 = ( GEOMETRIC_REPRESENTATION_CONTEXT(2) 
PARAMETRIC_REPRESENTATION_CONTEXT() REPRESENTATION_CONTEXT('2D SPACE',''
  ) );
#17285 = PCURVE('',#408,#17286);
#17286 = DEFINITIONAL_REPRESENTATION('',(#17287),#17291);
#17287 = LINE('',#17288,#17289);
#17288 = CARTESIAN_POINT('',(0.,0.));
#17289 = VECTOR('',#17290,1.);
#17290 = DIRECTION('',(1.,0.));
#17291 = ( GEOMETRIC_REPRESENTATION_CONTEXT(2) 
PARAMETRIC_REPRESENTATION_CONTEXT() REPRESENTATION_CONTEXT('2D SPACE',''
  ) );
#17292 = ADVANCED_FACE('',(#17293),#408,.T.);
#17293 = FACE_BOUND('',#17294,.T.);
#17294 = EDGE_LOOP('',(#17295,#17296,#17297,#17318));
#17295 = ORIENTED_EDGE('',*,*,#17272,.F.);
#17296 = ORIENTED_EDGE('',*,*,#17245,.T.);
#17297 = ORIENTED_EDGE('',*,*,#17298,.F.);
#17298 = EDGE_CURVE('',#365,#17223,#17299,.T.);
#17299 = SURFACE_CURVE('',#17300,(#17304,#17311),.PCURVE_S1.);
#17300 = LINE('',#17301,#17302);
#17301 = CARTESIAN_POINT('',(198.75828025477,-42.91815286624,32.));
#17302 = VECTOR('',#17303,1.);
#17303 = DIRECTION('',(0.959365501571,0.282166323992,-0.));
#17304 = PCURVE('',#408,#17305);
#17305 = DEFINITIONAL_REPRESENTATION('',(#17306),#17310);
#17306 = LINE('',#17307,#17308);
#17307 = CARTESIAN_POINT('',(7.861153786405,-30.));
#17308 = VECTOR('',#17309,1.);
#17309 = DIRECTION('',(-1.,0.));
#17310 = ( GEOMETRIC_REPRESENTATION_CONTEXT(2) 
PARAMETRIC_REPRESENTATION_CONTEXT() REPRESENTATION_CONTEXT('2D SPACE',''
  ) );
#17311 = PCURVE('',#380,#17312);
#17312 = DEFINITIONAL_REPRESENTATION('',(#17313),#17317);
#17313 = LINE('',#17314,#17315);
#17314 = CARTESIAN_POINT('',(-1.241719745223,32.081847133758));
#17315 = VECTOR('',#17316,1.);
#17316 = DIRECTION('',(0.959365501571,0.282166323992));
#17317 = ( GEOMETRIC_REPRESENTATION_CONTEXT(2) 
PARAMETRIC_REPRESENTATION_CONTEXT() REPRESENTATION_CONTEXT('2D SPACE',''
  ) );
#17318 = ORIENTED_EDGE('',*,*,#392,.T.);
#17319 = ADVANCED_FACE('',(#17320),#380,.T.);
#17320 = FACE_BOUND('',#17321,.T.);
#17321 = EDGE_LOOP('',(#17322,#17343,#17344,#17367,#17395,#17416,#17417,
    #17418));
#17322 = ORIENTED_EDGE('',*,*,#17323,.F.);
#17323 = EDGE_CURVE('',#11864,#17200,#17324,.T.);
#17324 = SURFACE_CURVE('',#17325,(#17329,#17336),.PCURVE_S1.);
#17325 = LINE('',#17326,#17327);
#17326 = CARTESIAN_POINT('',(200.,-55.,32.));
#17327 = VECTOR('',#17328,1.);
#17328 = DIRECTION('',(-1.,0.,0.));
#17329 = PCURVE('',#380,#17330);
#17330 = DEFINITIONAL_REPRESENTATION('',(#17331),#17335);
#17331 = LINE('',#17332,#17333);
#17332 = CARTESIAN_POINT('',(0.,20.));
#17333 = VECTOR('',#17334,1.);
#17334 = DIRECTION('',(-1.,0.));
#17335 = ( GEOMETRIC_REPRESENTATION_CONTEXT(2) 
PARAMETRIC_REPRESENTATION_CONTEXT() REPRESENTATION_CONTEXT('2D SPACE',''
  ) );
#17336 = PCURVE('',#72,#17337);
#17337 = DEFINITIONAL_REPRESENTATION('',(#17338),#17342);
#17338 = LINE('',#17339,#17340);
#17339 = CARTESIAN_POINT('',(-1.5,0.));
#17340 = VECTOR('',#17341,1.);
#17341 = DIRECTION('',(-0.,-1.));
#17342 = ( GEOMETRIC_REPRESENTATION_CONTEXT(2) 
PARAMETRIC_REPRESENTATION_CONTEXT() REPRESENTATION_CONTEXT('2D SPACE',''
  ) );
#17343 = ORIENTED_EDGE('',*,*,#11863,.T.);
#17344 = ORIENTED_EDGE('',*,*,#17345,.T.);
#17345 = EDGE_CURVE('',#11866,#17346,#17348,.T.);
#17346 = VERTEX_POINT('',#17347);
#17347 = CARTESIAN_POINT('',(206.3,55.,32.));
#17348 = SURFACE_CURVE('',#17349,(#17353,#17360),.PCURVE_S1.);
#17349 = LINE('',#17350,#17351);
#17350 = CARTESIAN_POINT('',(200.,55.,32.));
#17351 = VECTOR('',#17352,1.);
#17352 = DIRECTION('',(-1.,0.,0.));
#17353 = PCURVE('',#380,#17354);
#17354 = DEFINITIONAL_REPRESENTATION('',(#17355),#17359);
#17355 = LINE('',#17356,#17357);
#17356 = CARTESIAN_POINT('',(0.,130.));
#17357 = VECTOR('',#17358,1.);
#17358 = DIRECTION('',(-1.,0.));
#17359 = ( GEOMETRIC_REPRESENTATION_CONTEXT(2) 
PARAMETRIC_REPRESENTATION_CONTEXT() REPRESENTATION_CONTEXT('2D SPACE',''
  ) );
#17360 = PCURVE('',#240,#17361);
#17361 = DEFINITIONAL_REPRESENTATION('',(#17362),#17366);
#17362 = LINE('',#17363,#17364);
#17363 = CARTESIAN_POINT('',(1.5,0.));
#17364 = VECTOR('',#17365,1.);
#17365 = DIRECTION('',(0.,-1.));
#17366 = ( GEOMETRIC_REPRESENTATION_CONTEXT(2) 
PARAMETRIC_REPRESENTATION_CONTEXT() REPRESENTATION_CONTEXT('2D SPACE',''
  ) );
#17367 = ORIENTED_EDGE('',*,*,#17368,.T.);
#17368 = EDGE_CURVE('',#17346,#17369,#17371,.T.);
#17369 = VERTEX_POINT('',#17370);
#17370 = CARTESIAN_POINT('',(206.3,40.7,32.));
#17371 = SURFACE_CURVE('',#17372,(#17376,#17383),.PCURVE_S1.);
#17372 = LINE('',#17373,#17374);
#17373 = CARTESIAN_POINT('',(206.3,-17.15,32.));
#17374 = VECTOR('',#17375,1.);
#17375 = DIRECTION('',(0.,-1.,0.));
#17376 = PCURVE('',#380,#17377);
#17377 = DEFINITIONAL_REPRESENTATION('',(#17378),#17382);
#17378 = LINE('',#17379,#17380);
#17379 = CARTESIAN_POINT('',(6.3,57.85));
#17380 = VECTOR('',#17381,1.);
#17381 = DIRECTION('',(0.,-1.));
#17382 = ( GEOMETRIC_REPRESENTATION_CONTEXT(2) 
PARAMETRIC_REPRESENTATION_CONTEXT() REPRESENTATION_CONTEXT('2D SPACE',''
  ) );
#17383 = PCURVE('',#17384,#17389);
#17384 = PLANE('',#17385);
#17385 = AXIS2_PLACEMENT_3D('',#17386,#17387,#17388);
#17386 = CARTESIAN_POINT('',(206.3,40.7,2.));
#17387 = DIRECTION('',(-1.,0.,0.));
#17388 = DIRECTION('',(0.,1.,0.));
#17389 = DEFINITIONAL_REPRESENTATION('',(#17390),#17394);
#17390 = LINE('',#17391,#17392);
#17391 = CARTESIAN_POINT('',(-57.85,-30.));
#17392 = VECTOR('',#17393,1.);
#17393 = DIRECTION('',(-1.,0.));
#17394 = ( GEOMETRIC_REPRESENTATION_CONTEXT(2) 
PARAMETRIC_REPRESENTATION_CONTEXT() REPRESENTATION_CONTEXT('2D SPACE',''
  ) );
#17395 = ORIENTED_EDGE('',*,*,#17396,.T.);
#17396 = EDGE_CURVE('',#17369,#337,#17397,.T.);
#17397 = SURFACE_CURVE('',#17398,(#17402,#17409),.PCURVE_S1.);
#17398 = LINE('',#17399,#17400);
#17399 = CARTESIAN_POINT('',(215.66082802547,37.946815286624,32.));
#17400 = VECTOR('',#17401,1.);
#17401 = DIRECTION('',(-0.959365501571,0.282166323992,0.));
#17402 = PCURVE('',#380,#17403);
#17403 = DEFINITIONAL_REPRESENTATION('',(#17404),#17408);
#17404 = LINE('',#17405,#17406);
#17405 = CARTESIAN_POINT('',(15.660828025478,112.94681528662));
#17406 = VECTOR('',#17407,1.);
#17407 = DIRECTION('',(-0.959365501571,0.282166323992));
#17408 = ( GEOMETRIC_REPRESENTATION_CONTEXT(2) 
PARAMETRIC_REPRESENTATION_CONTEXT() REPRESENTATION_CONTEXT('2D SPACE',''
  ) );
#17409 = PCURVE('',#352,#17410);
#17410 = DEFINITIONAL_REPRESENTATION('',(#17411),#17415);
#17411 = LINE('',#17412,#17413);
#17412 = CARTESIAN_POINT('',(16.845329542296,-30.));
#17413 = VECTOR('',#17414,1.);
#17414 = DIRECTION('',(-1.,-0.));
#17415 = ( GEOMETRIC_REPRESENTATION_CONTEXT(2) 
PARAMETRIC_REPRESENTATION_CONTEXT() REPRESENTATION_CONTEXT('2D SPACE',''
  ) );
#17416 = ORIENTED_EDGE('',*,*,#364,.F.);
#17417 = ORIENTED_EDGE('',*,*,#17298,.T.);
#17418 = ORIENTED_EDGE('',*,*,#17222,.T.);
#17419 = ADVANCED_FACE('',(#17420),#17384,.T.);
#17420 = FACE_BOUND('',#17421,.T.);
#17421 = EDGE_LOOP('',(#17422,#17447,#17468,#17469,#17492,#17520));
#17422 = ORIENTED_EDGE('',*,*,#17423,.F.);
#17423 = EDGE_CURVE('',#17424,#17426,#17428,.T.);
#17424 = VERTEX_POINT('',#17425);
#17425 = CARTESIAN_POINT('',(206.3,40.7,2.));
#17426 = VERTEX_POINT('',#17427);
#17427 = CARTESIAN_POINT('',(206.3,55.3,2.));
#17428 = SURFACE_CURVE('',#17429,(#17433,#17440),.PCURVE_S1.);
#17429 = LINE('',#17430,#17431);
#17430 = CARTESIAN_POINT('',(206.3,40.7,2.));
#17431 = VECTOR('',#17432,1.);
#17432 = DIRECTION('',(0.,1.,0.));
#17433 = PCURVE('',#17384,#17434);
#17434 = DEFINITIONAL_REPRESENTATION('',(#17435),#17439);
#17435 = LINE('',#17436,#17437);
#17436 = CARTESIAN_POINT('',(0.,0.));
#17437 = VECTOR('',#17438,1.);
#17438 = DIRECTION('',(1.,0.));
#17439 = ( GEOMETRIC_REPRESENTATION_CONTEXT(2) 
PARAMETRIC_REPRESENTATION_CONTEXT() REPRESENTATION_CONTEXT('2D SPACE',''
  ) );
#17440 = PCURVE('',#324,#17441);
#17441 = DEFINITIONAL_REPRESENTATION('',(#17442),#17446);
#17442 = LINE('',#17443,#17444);
#17443 = CARTESIAN_POINT('',(3.054612263168,-7.3));
#17444 = VECTOR('',#17445,1.);
#17445 = DIRECTION('',(0.,1.));
#17446 = ( GEOMETRIC_REPRESENTATION_CONTEXT(2) 
PARAMETRIC_REPRESENTATION_CONTEXT() REPRESENTATION_CONTEXT('2D SPACE',''
  ) );
#17447 = ORIENTED_EDGE('',*,*,#17448,.T.);
#17448 = EDGE_CURVE('',#17424,#17369,#17449,.T.);
#17449 = SURFACE_CURVE('',#17450,(#17454,#17461),.PCURVE_S1.);
#17450 = LINE('',#17451,#17452);
#17451 = CARTESIAN_POINT('',(206.3,40.7,2.));
#17452 = VECTOR('',#17453,1.);
#17453 = DIRECTION('',(0.,0.,1.));
#17454 = PCURVE('',#17384,#17455);
#17455 = DEFINITIONAL_REPRESENTATION('',(#17456),#17460);
#17456 = LINE('',#17457,#17458);
#17457 = CARTESIAN_POINT('',(0.,0.));
#17458 = VECTOR('',#17459,1.);
#17459 = DIRECTION('',(0.,-1.));
#17460 = ( GEOMETRIC_REPRESENTATION_CONTEXT(2) 
PARAMETRIC_REPRESENTATION_CONTEXT() REPRESENTATION_CONTEXT('2D SPACE',''
  ) );
#17461 = PCURVE('',#352,#17462);
#17462 = DEFINITIONAL_REPRESENTATION('',(#17463),#17467);
#17463 = LINE('',#17464,#17465);
#17464 = CARTESIAN_POINT('',(7.088018058668,0.));
#17465 = VECTOR('',#17466,1.);
#17466 = DIRECTION('',(0.,-1.));
#17467 = ( GEOMETRIC_REPRESENTATION_CONTEXT(2) 
PARAMETRIC_REPRESENTATION_CONTEXT() REPRESENTATION_CONTEXT('2D SPACE',''
  ) );
#17468 = ORIENTED_EDGE('',*,*,#17368,.F.);
#17469 = ORIENTED_EDGE('',*,*,#17470,.T.);
#17470 = EDGE_CURVE('',#17346,#17471,#17473,.T.);
#17471 = VERTEX_POINT('',#17472);
#17472 = CARTESIAN_POINT('',(206.3,55.,30.5));
#17473 = SURFACE_CURVE('',#17474,(#17478,#17485),.PCURVE_S1.);
#17474 = LINE('',#17475,#17476);
#17475 = CARTESIAN_POINT('',(206.3,55.,16.25));
#17476 = VECTOR('',#17477,1.);
#17477 = DIRECTION('',(0.,0.,-1.));
#17478 = PCURVE('',#17384,#17479);
#17479 = DEFINITIONAL_REPRESENTATION('',(#17480),#17484);
#17480 = LINE('',#17481,#17482);
#17481 = CARTESIAN_POINT('',(14.3,-14.25));
#17482 = VECTOR('',#17483,1.);
#17483 = DIRECTION('',(0.,1.));
#17484 = ( GEOMETRIC_REPRESENTATION_CONTEXT(2) 
PARAMETRIC_REPRESENTATION_CONTEXT() REPRESENTATION_CONTEXT('2D SPACE',''
  ) );
#17485 = PCURVE('',#240,#17486);
#17486 = DEFINITIONAL_REPRESENTATION('',(#17487),#17491);
#17487 = LINE('',#17488,#17489);
#17488 = CARTESIAN_POINT('',(-14.25,6.3));
#17489 = VECTOR('',#17490,1.);
#17490 = DIRECTION('',(-1.,0.));
#17491 = ( GEOMETRIC_REPRESENTATION_CONTEXT(2) 
PARAMETRIC_REPRESENTATION_CONTEXT() REPRESENTATION_CONTEXT('2D SPACE',''
  ) );
#17492 = ORIENTED_EDGE('',*,*,#17493,.T.);
#17493 = EDGE_CURVE('',#17471,#17494,#17496,.T.);
#17494 = VERTEX_POINT('',#17495);
#17495 = CARTESIAN_POINT('',(206.3,55.3,30.5));
#17496 = SURFACE_CURVE('',#17497,(#17501,#17508),.PCURVE_S1.);
#17497 = LINE('',#17498,#17499);
#17498 = CARTESIAN_POINT('',(206.3,47.85,30.5));
#17499 = VECTOR('',#17500,1.);
#17500 = DIRECTION('',(0.,1.,-0.));
#17501 = PCURVE('',#17384,#17502);
#17502 = DEFINITIONAL_REPRESENTATION('',(#17503),#17507);
#17503 = LINE('',#17504,#17505);
#17504 = CARTESIAN_POINT('',(7.15,-28.5));
#17505 = VECTOR('',#17506,1.);
#17506 = DIRECTION('',(1.,0.));
#17507 = ( GEOMETRIC_REPRESENTATION_CONTEXT(2) 
PARAMETRIC_REPRESENTATION_CONTEXT() REPRESENTATION_CONTEXT('2D SPACE',''
  ) );
#17508 = PCURVE('',#17509,#17514);
#17509 = PLANE('',#17510);
#17510 = AXIS2_PLACEMENT_3D('',#17511,#17512,#17513);
#17511 = CARTESIAN_POINT('',(200.,55.,30.5));
#17512 = DIRECTION('',(0.,0.,1.));
#17513 = DIRECTION('',(1.,0.,0.));
#17514 = DEFINITIONAL_REPRESENTATION('',(#17515),#17519);
#17515 = LINE('',#17516,#17517);
#17516 = CARTESIAN_POINT('',(6.3,-7.15));
#17517 = VECTOR('',#17518,1.);
#17518 = DIRECTION('',(0.,1.));
#17519 = ( GEOMETRIC_REPRESENTATION_CONTEXT(2) 
PARAMETRIC_REPRESENTATION_CONTEXT() REPRESENTATION_CONTEXT('2D SPACE',''
  ) );
#17520 = ORIENTED_EDGE('',*,*,#17521,.F.);
#17521 = EDGE_CURVE('',#17426,#17494,#17522,.T.);
#17522 = SURFACE_CURVE('',#17523,(#17527,#17534),.PCURVE_S1.);
#17523 = LINE('',#17524,#17525);
#17524 = CARTESIAN_POINT('',(206.3,55.3,2.));
#17525 = VECTOR('',#17526,1.);
#17526 = DIRECTION('',(0.,0.,1.));
#17527 = PCURVE('',#17384,#17528);
#17528 = DEFINITIONAL_REPRESENTATION('',(#17529),#17533);
#17529 = LINE('',#17530,#17531);
#17530 = CARTESIAN_POINT('',(14.6,0.));
#17531 = VECTOR('',#17532,1.);
#17532 = DIRECTION('',(0.,-1.));
#17533 = ( GEOMETRIC_REPRESENTATION_CONTEXT(2) 
PARAMETRIC_REPRESENTATION_CONTEXT() REPRESENTATION_CONTEXT('2D SPACE',''
  ) );
#17534 = PCURVE('',#296,#17535);
#17535 = DEFINITIONAL_REPRESENTATION('',(#17536),#17540);
#17536 = LINE('',#17537,#17538);
#17537 = CARTESIAN_POINT('',(0.,0.));
#17538 = VECTOR('',#17539,1.);
#17539 = DIRECTION('',(0.,-1.));
#17540 = ( GEOMETRIC_REPRESENTATION_CONTEXT(2) 
PARAMETRIC_REPRESENTATION_CONTEXT() REPRESENTATION_CONTEXT('2D SPACE',''
  ) );
#17541 = ADVANCED_FACE('',(#17542),#17509,.F.);
#17542 = FACE_BOUND('',#17543,.F.);
#17543 = EDGE_LOOP('',(#17544,#17567,#17588));
#17544 = ORIENTED_EDGE('',*,*,#17545,.T.);
#17545 = EDGE_CURVE('',#17494,#17546,#17548,.T.);
#17546 = VERTEX_POINT('',#17547);
#17547 = CARTESIAN_POINT('',(205.28,55.,30.5));
#17548 = SURFACE_CURVE('',#17549,(#17553,#17560),.PCURVE_S1.);
#17549 = LINE('',#17550,#17551);
#17550 = CARTESIAN_POINT('',(203.3601910828,54.435350318471,30.5));
#17551 = VECTOR('',#17552,1.);
#17552 = DIRECTION('',(-0.959365501571,-0.282166323992,0.));
#17553 = PCURVE('',#17509,#17554);
#17554 = DEFINITIONAL_REPRESENTATION('',(#17555),#17559);
#17555 = LINE('',#17556,#17557);
#17556 = CARTESIAN_POINT('',(3.360191082803,-0.564649681529));
#17557 = VECTOR('',#17558,1.);
#17558 = DIRECTION('',(-0.959365501571,-0.282166323992));
#17559 = ( GEOMETRIC_REPRESENTATION_CONTEXT(2) 
PARAMETRIC_REPRESENTATION_CONTEXT() REPRESENTATION_CONTEXT('2D SPACE',''
  ) );
#17560 = PCURVE('',#296,#17561);
#17561 = DEFINITIONAL_REPRESENTATION('',(#17562),#17566);
#17562 = LINE('',#17563,#17564);
#17563 = CARTESIAN_POINT('',(3.064326278548,-28.5));
#17564 = VECTOR('',#17565,1.);
#17565 = DIRECTION('',(1.,0.));
#17566 = ( GEOMETRIC_REPRESENTATION_CONTEXT(2) 
PARAMETRIC_REPRESENTATION_CONTEXT() REPRESENTATION_CONTEXT('2D SPACE',''
  ) );
#17567 = ORIENTED_EDGE('',*,*,#17568,.T.);
#17568 = EDGE_CURVE('',#17546,#17471,#17569,.T.);
#17569 = SURFACE_CURVE('',#17570,(#17574,#17581),.PCURVE_S1.);
#17570 = LINE('',#17571,#17572);
#17571 = CARTESIAN_POINT('',(200.,55.,30.5));
#17572 = VECTOR('',#17573,1.);
#17573 = DIRECTION('',(1.,0.,0.));
#17574 = PCURVE('',#17509,#17575);
#17575 = DEFINITIONAL_REPRESENTATION('',(#17576),#17580);
#17576 = LINE('',#17577,#17578);
#17577 = CARTESIAN_POINT('',(0.,0.));
#17578 = VECTOR('',#17579,1.);
#17579 = DIRECTION('',(1.,0.));
#17580 = ( GEOMETRIC_REPRESENTATION_CONTEXT(2) 
PARAMETRIC_REPRESENTATION_CONTEXT() REPRESENTATION_CONTEXT('2D SPACE',''
  ) );
#17581 = PCURVE('',#240,#17582);
#17582 = DEFINITIONAL_REPRESENTATION('',(#17583),#17587);
#17583 = LINE('',#17584,#17585);
#17584 = CARTESIAN_POINT('',(0.,0.));
#17585 = VECTOR('',#17586,1.);
#17586 = DIRECTION('',(0.,1.));
#17587 = ( GEOMETRIC_REPRESENTATION_CONTEXT(2) 
PARAMETRIC_REPRESENTATION_CONTEXT() REPRESENTATION_CONTEXT('2D SPACE',''
  ) );
#17588 = ORIENTED_EDGE('',*,*,#17493,.T.);
#17589 = ADVANCED_FACE('',(#17590),#352,.T.);
#17590 = FACE_BOUND('',#17591,.T.);
#17591 = EDGE_LOOP('',(#17592,#17613,#17614,#17615));
#17592 = ORIENTED_EDGE('',*,*,#17593,.F.);
#17593 = EDGE_CURVE('',#309,#17424,#17594,.T.);
#17594 = SURFACE_CURVE('',#17595,(#17599,#17606),.PCURVE_S1.);
#17595 = LINE('',#17596,#17597);
#17596 = CARTESIAN_POINT('',(199.5,42.7,2.));
#17597 = VECTOR('',#17598,1.);
#17598 = DIRECTION('',(0.959365501571,-0.282166323992,0.));
#17599 = PCURVE('',#352,#17600);
#17600 = DEFINITIONAL_REPRESENTATION('',(#17601),#17605);
#17601 = LINE('',#17602,#17603);
#17602 = CARTESIAN_POINT('',(0.,0.));
#17603 = VECTOR('',#17604,1.);
#17604 = DIRECTION('',(1.,0.));
#17605 = ( GEOMETRIC_REPRESENTATION_CONTEXT(2) 
PARAMETRIC_REPRESENTATION_CONTEXT() REPRESENTATION_CONTEXT('2D SPACE',''
  ) );
#17606 = PCURVE('',#324,#17607);
#17607 = DEFINITIONAL_REPRESENTATION('',(#17608),#17612);
#17608 = LINE('',#17609,#17610);
#17609 = CARTESIAN_POINT('',(-3.745387736832,-5.3));
#17610 = VECTOR('',#17611,1.);
#17611 = DIRECTION('',(0.959365501571,-0.282166323992));
#17612 = ( GEOMETRIC_REPRESENTATION_CONTEXT(2) 
PARAMETRIC_REPRESENTATION_CONTEXT() REPRESENTATION_CONTEXT('2D SPACE',''
  ) );
#17613 = ORIENTED_EDGE('',*,*,#336,.T.);
#17614 = ORIENTED_EDGE('',*,*,#17396,.F.);
#17615 = ORIENTED_EDGE('',*,*,#17448,.F.);
#17616 = ADVANCED_FACE('',(#17617),#324,.T.);
#17617 = FACE_BOUND('',#17618,.T.);
#17618 = EDGE_LOOP('',(#17619,#17620,#17621,#17622));
#17619 = ORIENTED_EDGE('',*,*,#308,.T.);
#17620 = ORIENTED_EDGE('',*,*,#17593,.T.);
#17621 = ORIENTED_EDGE('',*,*,#17423,.T.);
#17622 = ORIENTED_EDGE('',*,*,#17623,.T.);
#17623 = EDGE_CURVE('',#17426,#281,#17624,.T.);
#17624 = SURFACE_CURVE('',#17625,(#17629,#17636),.PCURVE_S1.);
#17625 = LINE('',#17626,#17627);
#17626 = CARTESIAN_POINT('',(206.3,55.3,2.));
#17627 = VECTOR('',#17628,1.);
#17628 = DIRECTION('',(-0.959365501571,-0.282166323992,0.));
#17629 = PCURVE('',#324,#17630);
#17630 = DEFINITIONAL_REPRESENTATION('',(#17631),#17635);
#17631 = LINE('',#17632,#17633);
#17632 = CARTESIAN_POINT('',(3.054612263168,7.3));
#17633 = VECTOR('',#17634,1.);
#17634 = DIRECTION('',(-0.959365501571,-0.282166323992));
#17635 = ( GEOMETRIC_REPRESENTATION_CONTEXT(2) 
PARAMETRIC_REPRESENTATION_CONTEXT() REPRESENTATION_CONTEXT('2D SPACE',''
  ) );
#17636 = PCURVE('',#296,#17637);
#17637 = DEFINITIONAL_REPRESENTATION('',(#17638),#17642);
#17638 = LINE('',#17639,#17640);
#17639 = CARTESIAN_POINT('',(0.,0.));
#17640 = VECTOR('',#17641,1.);
#17641 = DIRECTION('',(1.,0.));
#17642 = ( GEOMETRIC_REPRESENTATION_CONTEXT(2) 
PARAMETRIC_REPRESENTATION_CONTEXT() REPRESENTATION_CONTEXT('2D SPACE',''
  ) );
#17643 = ADVANCED_FACE('',(#17644),#296,.T.);
#17644 = FACE_BOUND('',#17645,.T.);
#17645 = EDGE_LOOP('',(#17646,#17647,#17648,#17649,#17672,#17693));
#17646 = ORIENTED_EDGE('',*,*,#17623,.F.);
#17647 = ORIENTED_EDGE('',*,*,#17521,.T.);
#17648 = ORIENTED_EDGE('',*,*,#17545,.T.);
#17649 = ORIENTED_EDGE('',*,*,#17650,.T.);
#17650 = EDGE_CURVE('',#17546,#17651,#17653,.T.);
#17651 = VERTEX_POINT('',#17652);
#17652 = CARTESIAN_POINT('',(205.28,55.,32.));
#17653 = SURFACE_CURVE('',#17654,(#17658,#17665),.PCURVE_S1.);
#17654 = LINE('',#17655,#17656);
#17655 = CARTESIAN_POINT('',(205.28,55.,16.25));
#17656 = VECTOR('',#17657,1.);
#17657 = DIRECTION('',(-0.,0.,1.));
#17658 = PCURVE('',#296,#17659);
#17659 = DEFINITIONAL_REPRESENTATION('',(#17660),#17664);
#17660 = LINE('',#17661,#17662);
#17661 = CARTESIAN_POINT('',(1.0632027088,-14.25));
#17662 = VECTOR('',#17663,1.);
#17663 = DIRECTION('',(0.,-1.));
#17664 = ( GEOMETRIC_REPRESENTATION_CONTEXT(2) 
PARAMETRIC_REPRESENTATION_CONTEXT() REPRESENTATION_CONTEXT('2D SPACE',''
  ) );
#17665 = PCURVE('',#240,#17666);
#17666 = DEFINITIONAL_REPRESENTATION('',(#17667),#17671);
#17667 = LINE('',#17668,#17669);
#17668 = CARTESIAN_POINT('',(-14.25,5.28));
#17669 = VECTOR('',#17670,1.);
#17670 = DIRECTION('',(1.,0.));
#17671 = ( GEOMETRIC_REPRESENTATION_CONTEXT(2) 
PARAMETRIC_REPRESENTATION_CONTEXT() REPRESENTATION_CONTEXT('2D SPACE',''
  ) );
#17672 = ORIENTED_EDGE('',*,*,#17673,.F.);
#17673 = EDGE_CURVE('',#253,#17651,#17674,.T.);
#17674 = SURFACE_CURVE('',#17675,(#17679,#17686),.PCURVE_S1.);
#17675 = LINE('',#17676,#17677);
#17676 = CARTESIAN_POINT('',(185.76464968152,49.260191082803,32.));
#17677 = VECTOR('',#17678,1.);
#17678 = DIRECTION('',(0.959365501571,0.282166323992,-0.));
#17679 = PCURVE('',#296,#17680);
#17680 = DEFINITIONAL_REPRESENTATION('',(#17681),#17685);
#17681 = LINE('',#17682,#17683);
#17682 = CARTESIAN_POINT('',(21.405137337999,-30.));
#17683 = VECTOR('',#17684,1.);
#17684 = DIRECTION('',(-1.,0.));
#17685 = ( GEOMETRIC_REPRESENTATION_CONTEXT(2) 
PARAMETRIC_REPRESENTATION_CONTEXT() REPRESENTATION_CONTEXT('2D SPACE',''
  ) );
#17686 = PCURVE('',#268,#17687);
#17687 = DEFINITIONAL_REPRESENTATION('',(#17688),#17692);
#17688 = LINE('',#17689,#17690);
#17689 = CARTESIAN_POINT('',(-14.23535031847,124.2601910828));
#17690 = VECTOR('',#17691,1.);
#17691 = DIRECTION('',(0.959365501571,0.282166323992));
#17692 = ( GEOMETRIC_REPRESENTATION_CONTEXT(2) 
PARAMETRIC_REPRESENTATION_CONTEXT() REPRESENTATION_CONTEXT('2D SPACE',''
  ) );
#17693 = ORIENTED_EDGE('',*,*,#280,.T.);
#17694 = ADVANCED_FACE('',(#17695),#268,.T.);
#17695 = FACE_BOUND('',#17696,.T.);
#17696 = EDGE_LOOP('',(#17697,#17718,#17719));
#17697 = ORIENTED_EDGE('',*,*,#17698,.T.);
#17698 = EDGE_CURVE('',#17651,#225,#17699,.T.);
#17699 = SURFACE_CURVE('',#17700,(#17704,#17711),.PCURVE_S1.);
#17700 = LINE('',#17701,#17702);
#17701 = CARTESIAN_POINT('',(200.,55.,32.));
#17702 = VECTOR('',#17703,1.);
#17703 = DIRECTION('',(-1.,0.,0.));
#17704 = PCURVE('',#268,#17705);
#17705 = DEFINITIONAL_REPRESENTATION('',(#17706),#17710);
#17706 = LINE('',#17707,#17708);
#17707 = CARTESIAN_POINT('',(0.,130.));
#17708 = VECTOR('',#17709,1.);
#17709 = DIRECTION('',(-1.,0.));
#17710 = ( GEOMETRIC_REPRESENTATION_CONTEXT(2) 
PARAMETRIC_REPRESENTATION_CONTEXT() REPRESENTATION_CONTEXT('2D SPACE',''
  ) );
#17711 = PCURVE('',#240,#17712);
#17712 = DEFINITIONAL_REPRESENTATION('',(#17713),#17717);
#17713 = LINE('',#17714,#17715);
#17714 = CARTESIAN_POINT('',(1.5,0.));
#17715 = VECTOR('',#17716,1.);
#17716 = DIRECTION('',(0.,-1.));
#17717 = ( GEOMETRIC_REPRESENTATION_CONTEXT(2) 
PARAMETRIC_REPRESENTATION_CONTEXT() REPRESENTATION_CONTEXT('2D SPACE',''
  ) );
#17718 = ORIENTED_EDGE('',*,*,#252,.F.);
#17719 = ORIENTED_EDGE('',*,*,#17673,.T.);
#17720 = ADVANCED_FACE('',(#17721,#17755,#17761,#17767,#17773,#17779,
    #17782,#17788,#17794),#240,.F.);
#17721 = FACE_BOUND('',#17722,.F.);
#17722 = EDGE_LOOP('',(#17723,#17724,#17725,#17726,#17727,#17728,#17729,
    #17730,#17751,#17752,#17753,#17754));
#17723 = ORIENTED_EDGE('',*,*,#11914,.F.);
#17724 = ORIENTED_EDGE('',*,*,#17345,.T.);
#17725 = ORIENTED_EDGE('',*,*,#17470,.T.);
#17726 = ORIENTED_EDGE('',*,*,#17568,.F.);
#17727 = ORIENTED_EDGE('',*,*,#17650,.T.);
#17728 = ORIENTED_EDGE('',*,*,#17698,.T.);
#17729 = ORIENTED_EDGE('',*,*,#224,.T.);
#17730 = ORIENTED_EDGE('',*,*,#17731,.T.);
#17731 = EDGE_CURVE('',#197,#8755,#17732,.T.);
#17732 = SURFACE_CURVE('',#17733,(#17737,#17744),.PCURVE_S1.);
#17733 = LINE('',#17734,#17735);
#17734 = CARTESIAN_POINT('',(200.,55.,149.));
#17735 = VECTOR('',#17736,1.);
#17736 = DIRECTION('',(1.,0.,0.));
#17737 = PCURVE('',#240,#17738);
#17738 = DEFINITIONAL_REPRESENTATION('',(#17739),#17743);
#17739 = LINE('',#17740,#17741);
#17740 = CARTESIAN_POINT('',(118.5,0.));
#17741 = VECTOR('',#17742,1.);
#17742 = DIRECTION('',(0.,1.));
#17743 = ( GEOMETRIC_REPRESENTATION_CONTEXT(2) 
PARAMETRIC_REPRESENTATION_CONTEXT() REPRESENTATION_CONTEXT('2D SPACE',''
  ) );
#17744 = PCURVE('',#212,#17745);
#17745 = DEFINITIONAL_REPRESENTATION('',(#17746),#17750);
#17746 = LINE('',#17747,#17748);
#17747 = CARTESIAN_POINT('',(0.,1.2));
#17748 = VECTOR('',#17749,1.);
#17749 = DIRECTION('',(1.,0.));
#17750 = ( GEOMETRIC_REPRESENTATION_CONTEXT(2) 
PARAMETRIC_REPRESENTATION_CONTEXT() REPRESENTATION_CONTEXT('2D SPACE',''
  ) );
#17751 = ORIENTED_EDGE('',*,*,#8777,.F.);
#17752 = ORIENTED_EDGE('',*,*,#8285,.T.);
#17753 = ORIENTED_EDGE('',*,*,#8706,.T.);
#17754 = ORIENTED_EDGE('',*,*,#8632,.T.);
#17755 = FACE_BOUND('',#17756,.F.);
#17756 = EDGE_LOOP('',(#17757,#17758,#17759,#17760));
#17757 = ORIENTED_EDGE('',*,*,#13786,.F.);
#17758 = ORIENTED_EDGE('',*,*,#14012,.T.);
#17759 = ORIENTED_EDGE('',*,*,#13965,.T.);
#17760 = ORIENTED_EDGE('',*,*,#13865,.F.);
#17761 = FACE_BOUND('',#17762,.F.);
#17762 = EDGE_LOOP('',(#17763,#17764,#17765,#17766));
#17763 = ORIENTED_EDGE('',*,*,#15409,.F.);
#17764 = ORIENTED_EDGE('',*,*,#15382,.T.);
#17765 = ORIENTED_EDGE('',*,*,#15333,.T.);
#17766 = ORIENTED_EDGE('',*,*,#15262,.F.);
#17767 = FACE_BOUND('',#17768,.F.);
#17768 = EDGE_LOOP('',(#17769,#17770,#17771,#17772));
#17769 = ORIENTED_EDGE('',*,*,#15213,.F.);
#17770 = ORIENTED_EDGE('',*,*,#15186,.T.);
#17771 = ORIENTED_EDGE('',*,*,#15137,.T.);
#17772 = ORIENTED_EDGE('',*,*,#15066,.F.);
#17773 = FACE_BOUND('',#17774,.F.);
#17774 = EDGE_LOOP('',(#17775,#17776,#17777,#17778));
#17775 = ORIENTED_EDGE('',*,*,#15017,.F.);
#17776 = ORIENTED_EDGE('',*,*,#14990,.T.);
#17777 = ORIENTED_EDGE('',*,*,#14941,.T.);
#17778 = ORIENTED_EDGE('',*,*,#14870,.F.);
#17779 = FACE_BOUND('',#17780,.F.);
#17780 = EDGE_LOOP('',(#17781));
#17781 = ORIENTED_EDGE('',*,*,#14793,.T.);
#17782 = FACE_BOUND('',#17783,.F.);
#17783 = EDGE_LOOP('',(#17784,#17785,#17786,#17787));
#17784 = ORIENTED_EDGE('',*,*,#14767,.F.);
#17785 = ORIENTED_EDGE('',*,*,#14740,.T.);
#17786 = ORIENTED_EDGE('',*,*,#14691,.T.);
#17787 = ORIENTED_EDGE('',*,*,#14620,.F.);
#17788 = FACE_BOUND('',#17789,.F.);
#17789 = EDGE_LOOP('',(#17790,#17791,#17792,#17793));
#17790 = ORIENTED_EDGE('',*,*,#13187,.T.);
#17791 = ORIENTED_EDGE('',*,*,#13087,.F.);
#17792 = ORIENTED_EDGE('',*,*,#13008,.F.);
#17793 = ORIENTED_EDGE('',*,*,#13234,.T.);
#17794 = FACE_BOUND('',#17795,.F.);
#17795 = EDGE_LOOP('',(#17796));
#17796 = ORIENTED_EDGE('',*,*,#12572,.T.);
#17797 = ADVANCED_FACE('',(#17798),#212,.F.);
#17798 = FACE_BOUND('',#17799,.F.);
#17799 = EDGE_LOOP('',(#17800,#17801,#17802,#17823));
#17800 = ORIENTED_EDGE('',*,*,#17731,.F.);
#17801 = ORIENTED_EDGE('',*,*,#196,.F.);
#17802 = ORIENTED_EDGE('',*,*,#17803,.T.);
#17803 = EDGE_CURVE('',#169,#8732,#17804,.T.);
#17804 = SURFACE_CURVE('',#17805,(#17809,#17816),.PCURVE_S1.);
#17805 = LINE('',#17806,#17807);
#17806 = CARTESIAN_POINT('',(200.,53.8,149.));
#17807 = VECTOR('',#17808,1.);
#17808 = DIRECTION('',(1.,0.,0.));
#17809 = PCURVE('',#212,#17810);
#17810 = DEFINITIONAL_REPRESENTATION('',(#17811),#17815);
#17811 = LINE('',#17812,#17813);
#17812 = CARTESIAN_POINT('',(0.,0.));
#17813 = VECTOR('',#17814,1.);
#17814 = DIRECTION('',(1.,0.));
#17815 = ( GEOMETRIC_REPRESENTATION_CONTEXT(2) 
PARAMETRIC_REPRESENTATION_CONTEXT() REPRESENTATION_CONTEXT('2D SPACE',''
  ) );
#17816 = PCURVE('',#184,#17817);
#17817 = DEFINITIONAL_REPRESENTATION('',(#17818),#17822);
#17818 = LINE('',#17819,#17820);
#17819 = CARTESIAN_POINT('',(0.,0.));
#17820 = VECTOR('',#17821,1.);
#17821 = DIRECTION('',(0.,1.));
#17822 = ( GEOMETRIC_REPRESENTATION_CONTEXT(2) 
PARAMETRIC_REPRESENTATION_CONTEXT() REPRESENTATION_CONTEXT('2D SPACE',''
  ) );
#17823 = ORIENTED_EDGE('',*,*,#8754,.T.);
#17824 = ADVANCED_FACE('',(#17825),#184,.F.);
#17825 = FACE_BOUND('',#17826,.F.);
#17826 = EDGE_LOOP('',(#17827,#17828,#17829,#17830,#17831,#17832,#17833,
    #17834,#17835,#17836,#17837,#17838,#17839,#17840,#17841,#17842,
    #17843,#17844,#17845,#17846,#17847,#17848,#17849,#17850,#17871,
    #17872,#17873,#17874));
#17827 = ORIENTED_EDGE('',*,*,#9700,.F.);
#17828 = ORIENTED_EDGE('',*,*,#7500,.T.);
#17829 = ORIENTED_EDGE('',*,*,#9624,.T.);
#17830 = ORIENTED_EDGE('',*,*,#9577,.T.);
#17831 = ORIENTED_EDGE('',*,*,#9506,.F.);
#17832 = ORIENTED_EDGE('',*,*,#7604,.T.);
#17833 = ORIENTED_EDGE('',*,*,#9430,.T.);
#17834 = ORIENTED_EDGE('',*,*,#9383,.T.);
#17835 = ORIENTED_EDGE('',*,*,#9312,.F.);
#17836 = ORIENTED_EDGE('',*,*,#7708,.T.);
#17837 = ORIENTED_EDGE('',*,*,#9236,.T.);
#17838 = ORIENTED_EDGE('',*,*,#9189,.T.);
#17839 = ORIENTED_EDGE('',*,*,#9118,.F.);
#17840 = ORIENTED_EDGE('',*,*,#7812,.T.);
#17841 = ORIENTED_EDGE('',*,*,#9042,.T.);
#17842 = ORIENTED_EDGE('',*,*,#8995,.T.);
#17843 = ORIENTED_EDGE('',*,*,#8924,.F.);
#17844 = ORIENTED_EDGE('',*,*,#7916,.T.);
#17845 = ORIENTED_EDGE('',*,*,#8073,.T.);
#17846 = ORIENTED_EDGE('',*,*,#8336,.F.);
#17847 = ORIENTED_EDGE('',*,*,#8731,.T.);
#17848 = ORIENTED_EDGE('',*,*,#17803,.F.);
#17849 = ORIENTED_EDGE('',*,*,#168,.T.);
#17850 = ORIENTED_EDGE('',*,*,#17851,.T.);
#17851 = EDGE_CURVE('',#141,#9867,#17852,.T.);
#17852 = SURFACE_CURVE('',#17853,(#17857,#17864),.PCURVE_S1.);
#17853 = LINE('',#17854,#17855);
#17854 = CARTESIAN_POINT('',(200.,53.8,152.));
#17855 = VECTOR('',#17856,1.);
#17856 = DIRECTION('',(1.,0.,0.));
#17857 = PCURVE('',#184,#17858);
#17858 = DEFINITIONAL_REPRESENTATION('',(#17859),#17863);
#17859 = LINE('',#17860,#17861);
#17860 = CARTESIAN_POINT('',(3.,0.));
#17861 = VECTOR('',#17862,1.);
#17862 = DIRECTION('',(0.,1.));
#17863 = ( GEOMETRIC_REPRESENTATION_CONTEXT(2) 
PARAMETRIC_REPRESENTATION_CONTEXT() REPRESENTATION_CONTEXT('2D SPACE',''
  ) );
#17864 = PCURVE('',#156,#17865);
#17865 = DEFINITIONAL_REPRESENTATION('',(#17866),#17870);
#17866 = LINE('',#17867,#17868);
#17867 = CARTESIAN_POINT('',(0.,114.8));
#17868 = VECTOR('',#17869,1.);
#17869 = DIRECTION('',(1.,0.));
#17870 = ( GEOMETRIC_REPRESENTATION_CONTEXT(2) 
PARAMETRIC_REPRESENTATION_CONTEXT() REPRESENTATION_CONTEXT('2D SPACE',''
  ) );
#17871 = ORIENTED_EDGE('',*,*,#9889,.F.);
#17872 = ORIENTED_EDGE('',*,*,#7396,.T.);
#17873 = ORIENTED_EDGE('',*,*,#9818,.T.);
#17874 = ORIENTED_EDGE('',*,*,#9771,.T.);
#17875 = ADVANCED_FACE('',(#17876),#156,.F.);
#17876 = FACE_BOUND('',#17877,.F.);
#17877 = EDGE_LOOP('',(#17878,#17879,#17900,#17901));
#17878 = ORIENTED_EDGE('',*,*,#140,.F.);
#17879 = ORIENTED_EDGE('',*,*,#17880,.T.);
#17880 = EDGE_CURVE('',#113,#9844,#17881,.T.);
#17881 = SURFACE_CURVE('',#17882,(#17886,#17893),.PCURVE_S1.);
#17882 = LINE('',#17883,#17884);
#17883 = CARTESIAN_POINT('',(200.,-53.8,152.));
#17884 = VECTOR('',#17885,1.);
#17885 = DIRECTION('',(1.,0.,0.));
#17886 = PCURVE('',#156,#17887);
#17887 = DEFINITIONAL_REPRESENTATION('',(#17888),#17892);
#17888 = LINE('',#17889,#17890);
#17889 = CARTESIAN_POINT('',(0.,7.2));
#17890 = VECTOR('',#17891,1.);
#17891 = DIRECTION('',(1.,0.));
#17892 = ( GEOMETRIC_REPRESENTATION_CONTEXT(2) 
PARAMETRIC_REPRESENTATION_CONTEXT() REPRESENTATION_CONTEXT('2D SPACE',''
  ) );
#17893 = PCURVE('',#128,#17894);
#17894 = DEFINITIONAL_REPRESENTATION('',(#17895),#17899);
#17895 = LINE('',#17896,#17897);
#17896 = CARTESIAN_POINT('',(3.,0.));
#17897 = VECTOR('',#17898,1.);
#17898 = DIRECTION('',(0.,1.));
#17899 = ( GEOMETRIC_REPRESENTATION_CONTEXT(2) 
PARAMETRIC_REPRESENTATION_CONTEXT() REPRESENTATION_CONTEXT('2D SPACE',''
  ) );
#17900 = ORIENTED_EDGE('',*,*,#9866,.T.);
#17901 = ORIENTED_EDGE('',*,*,#17851,.F.);
#17902 = ADVANCED_FACE('',(#17903),#128,.T.);
#17903 = FACE_BOUND('',#17904,.T.);
#17904 = EDGE_LOOP('',(#17905,#17906,#17907,#17908,#17909,#17910,#17911,
    #17912,#17913,#17914,#17915,#17916,#17917,#17918,#17919,#17920,
    #17921,#17922,#17923,#17924,#17925,#17926,#17947,#17948,#17949,
    #17950,#17951,#17952));
#17905 = ORIENTED_EDGE('',*,*,#9649,.F.);
#17906 = ORIENTED_EDGE('',*,*,#7553,.T.);
#17907 = ORIENTED_EDGE('',*,*,#9602,.T.);
#17908 = ORIENTED_EDGE('',*,*,#9555,.T.);
#17909 = ORIENTED_EDGE('',*,*,#9455,.F.);
#17910 = ORIENTED_EDGE('',*,*,#7657,.T.);
#17911 = ORIENTED_EDGE('',*,*,#9408,.T.);
#17912 = ORIENTED_EDGE('',*,*,#9361,.T.);
#17913 = ORIENTED_EDGE('',*,*,#9261,.F.);
#17914 = ORIENTED_EDGE('',*,*,#7761,.T.);
#17915 = ORIENTED_EDGE('',*,*,#9214,.T.);
#17916 = ORIENTED_EDGE('',*,*,#9167,.T.);
#17917 = ORIENTED_EDGE('',*,*,#9067,.F.);
#17918 = ORIENTED_EDGE('',*,*,#7865,.T.);
#17919 = ORIENTED_EDGE('',*,*,#9020,.T.);
#17920 = ORIENTED_EDGE('',*,*,#8973,.T.);
#17921 = ORIENTED_EDGE('',*,*,#8873,.F.);
#17922 = ORIENTED_EDGE('',*,*,#7969,.T.);
#17923 = ORIENTED_EDGE('',*,*,#8022,.T.);
#17924 = ORIENTED_EDGE('',*,*,#8358,.F.);
#17925 = ORIENTED_EDGE('',*,*,#8848,.T.);
#17926 = ORIENTED_EDGE('',*,*,#17927,.F.);
#17927 = EDGE_CURVE('',#85,#8826,#17928,.T.);
#17928 = SURFACE_CURVE('',#17929,(#17933,#17940),.PCURVE_S1.);
#17929 = LINE('',#17930,#17931);
#17930 = CARTESIAN_POINT('',(200.,-53.8,149.));
#17931 = VECTOR('',#17932,1.);
#17932 = DIRECTION('',(1.,0.,0.));
#17933 = PCURVE('',#128,#17934);
#17934 = DEFINITIONAL_REPRESENTATION('',(#17935),#17939);
#17935 = LINE('',#17936,#17937);
#17936 = CARTESIAN_POINT('',(0.,0.));
#17937 = VECTOR('',#17938,1.);
#17938 = DIRECTION('',(0.,1.));
#17939 = ( GEOMETRIC_REPRESENTATION_CONTEXT(2) 
PARAMETRIC_REPRESENTATION_CONTEXT() REPRESENTATION_CONTEXT('2D SPACE',''
  ) );
#17940 = PCURVE('',#100,#17941);
#17941 = DEFINITIONAL_REPRESENTATION('',(#17942),#17946);
#17942 = LINE('',#17943,#17944);
#17943 = CARTESIAN_POINT('',(0.,1.2));
#17944 = VECTOR('',#17945,1.);
#17945 = DIRECTION('',(1.,0.));
#17946 = ( GEOMETRIC_REPRESENTATION_CONTEXT(2) 
PARAMETRIC_REPRESENTATION_CONTEXT() REPRESENTATION_CONTEXT('2D SPACE',''
  ) );
#17947 = ORIENTED_EDGE('',*,*,#112,.T.);
#17948 = ORIENTED_EDGE('',*,*,#17880,.T.);
#17949 = ORIENTED_EDGE('',*,*,#9843,.F.);
#17950 = ORIENTED_EDGE('',*,*,#7449,.T.);
#17951 = ORIENTED_EDGE('',*,*,#9796,.T.);
#17952 = ORIENTED_EDGE('',*,*,#9749,.T.);
#17953 = ADVANCED_FACE('',(#17954),#100,.F.);
#17954 = FACE_BOUND('',#17955,.F.);
#17955 = EDGE_LOOP('',(#17956,#17957,#17958,#17979));
#17956 = ORIENTED_EDGE('',*,*,#17927,.F.);
#17957 = ORIENTED_EDGE('',*,*,#84,.F.);
#17958 = ORIENTED_EDGE('',*,*,#17959,.T.);
#17959 = EDGE_CURVE('',#57,#8803,#17960,.T.);
#17960 = SURFACE_CURVE('',#17961,(#17965,#17972),.PCURVE_S1.);
#17961 = LINE('',#17962,#17963);
#17962 = CARTESIAN_POINT('',(200.,-55.,149.));
#17963 = VECTOR('',#17964,1.);
#17964 = DIRECTION('',(1.,0.,0.));
#17965 = PCURVE('',#100,#17966);
#17966 = DEFINITIONAL_REPRESENTATION('',(#17967),#17971);
#17967 = LINE('',#17968,#17969);
#17968 = CARTESIAN_POINT('',(0.,0.));
#17969 = VECTOR('',#17970,1.);
#17970 = DIRECTION('',(1.,0.));
#17971 = ( GEOMETRIC_REPRESENTATION_CONTEXT(2) 
PARAMETRIC_REPRESENTATION_CONTEXT() REPRESENTATION_CONTEXT('2D SPACE',''
  ) );
#17972 = PCURVE('',#72,#17973);
#17973 = DEFINITIONAL_REPRESENTATION('',(#17974),#17978);
#17974 = LINE('',#17975,#17976);
#17975 = CARTESIAN_POINT('',(-118.5,0.));
#17976 = VECTOR('',#17977,1.);
#17977 = DIRECTION('',(-0.,1.));
#17978 = ( GEOMETRIC_REPRESENTATION_CONTEXT(2) 
PARAMETRIC_REPRESENTATION_CONTEXT() REPRESENTATION_CONTEXT('2D SPACE',''
  ) );
#17979 = ORIENTED_EDGE('',*,*,#8825,.T.);
#17980 = ADVANCED_FACE('',(#17981,#18015,#18021,#18027,#18033,#18039,
    #18042,#18048,#18054),#72,.F.);
#17981 = FACE_BOUND('',#17982,.T.);
#17982 = EDGE_LOOP('',(#17983,#17984,#17985,#17986,#17987,#17988,#18009,
    #18010,#18011,#18012,#18013,#18014));
#17983 = ORIENTED_EDGE('',*,*,#11888,.F.);
#17984 = ORIENTED_EDGE('',*,*,#17323,.T.);
#17985 = ORIENTED_EDGE('',*,*,#17199,.T.);
#17986 = ORIENTED_EDGE('',*,*,#17127,.F.);
#17987 = ORIENTED_EDGE('',*,*,#17046,.T.);
#17988 = ORIENTED_EDGE('',*,*,#17989,.T.);
#17989 = EDGE_CURVE('',#17024,#22,#17990,.T.);
#17990 = SURFACE_CURVE('',#17991,(#17995,#18002),.PCURVE_S1.);
#17991 = LINE('',#17992,#17993);
#17992 = CARTESIAN_POINT('',(200.,-55.,32.));
#17993 = VECTOR('',#17994,1.);
#17994 = DIRECTION('',(-1.,0.,0.));
#17995 = PCURVE('',#72,#17996);
#17996 = DEFINITIONAL_REPRESENTATION('',(#17997),#18001);
#17997 = LINE('',#17998,#17999);
#17998 = CARTESIAN_POINT('',(-1.5,0.));
#17999 = VECTOR('',#18000,1.);
#18000 = DIRECTION('',(-0.,-1.));
#18001 = ( GEOMETRIC_REPRESENTATION_CONTEXT(2) 
PARAMETRIC_REPRESENTATION_CONTEXT() REPRESENTATION_CONTEXT('2D SPACE',''
  ) );
#18002 = PCURVE('',#44,#18003);
#18003 = DEFINITIONAL_REPRESENTATION('',(#18004),#18008);
#18004 = LINE('',#18005,#18006);
#18005 = CARTESIAN_POINT('',(0.,20.));
#18006 = VECTOR('',#18007,1.);
#18007 = DIRECTION('',(-1.,0.));
#18008 = ( GEOMETRIC_REPRESENTATION_CONTEXT(2) 
PARAMETRIC_REPRESENTATION_CONTEXT() REPRESENTATION_CONTEXT('2D SPACE',''
  ) );
#18009 = ORIENTED_EDGE('',*,*,#56,.T.);
#18010 = ORIENTED_EDGE('',*,*,#17959,.T.);
#18011 = ORIENTED_EDGE('',*,*,#8802,.F.);
#18012 = ORIENTED_EDGE('',*,*,#8127,.T.);
#18013 = ORIENTED_EDGE('',*,*,#8383,.T.);
#18014 = ORIENTED_EDGE('',*,*,#8482,.T.);
#18015 = FACE_BOUND('',#18016,.T.);
#18016 = EDGE_LOOP('',(#18017,#18018,#18019,#18020));
#18017 = ORIENTED_EDGE('',*,*,#10179,.F.);
#18018 = ORIENTED_EDGE('',*,*,#10405,.T.);
#18019 = ORIENTED_EDGE('',*,*,#10358,.T.);
#18020 = ORIENTED_EDGE('',*,*,#10258,.F.);
#18021 = FACE_BOUND('',#18022,.T.);
#18022 = EDGE_LOOP('',(#18023,#18024,#18025,#18026));
#18023 = ORIENTED_EDGE('',*,*,#16973,.F.);
#18024 = ORIENTED_EDGE('',*,*,#16946,.T.);
#18025 = ORIENTED_EDGE('',*,*,#16897,.T.);
#18026 = ORIENTED_EDGE('',*,*,#16826,.F.);
#18027 = FACE_BOUND('',#18028,.T.);
#18028 = EDGE_LOOP('',(#18029,#18030,#18031,#18032));
#18029 = ORIENTED_EDGE('',*,*,#16777,.F.);
#18030 = ORIENTED_EDGE('',*,*,#16750,.T.);
#18031 = ORIENTED_EDGE('',*,*,#16701,.T.);
#18032 = ORIENTED_EDGE('',*,*,#16630,.F.);
#18033 = FACE_BOUND('',#18034,.T.);
#18034 = EDGE_LOOP('',(#18035,#18036,#18037,#18038));
#18035 = ORIENTED_EDGE('',*,*,#16581,.F.);
#18036 = ORIENTED_EDGE('',*,*,#16554,.T.);
#18037 = ORIENTED_EDGE('',*,*,#16505,.T.);
#18038 = ORIENTED_EDGE('',*,*,#16434,.F.);
#18039 = FACE_BOUND('',#18040,.T.);
#18040 = EDGE_LOOP('',(#18041));
#18041 = ORIENTED_EDGE('',*,*,#16361,.T.);
#18042 = FACE_BOUND('',#18043,.T.);
#18043 = EDGE_LOOP('',(#18044,#18045,#18046,#18047));
#18044 = ORIENTED_EDGE('',*,*,#16335,.F.);
#18045 = ORIENTED_EDGE('',*,*,#16308,.T.);
#18046 = ORIENTED_EDGE('',*,*,#16259,.T.);
#18047 = ORIENTED_EDGE('',*,*,#16188,.F.);
#18048 = FACE_BOUND('',#18049,.T.);
#18049 = EDGE_LOOP('',(#18050,#18051,#18052,#18053));
#18050 = ORIENTED_EDGE('',*,*,#11770,.T.);
#18051 = ORIENTED_EDGE('',*,*,#11670,.F.);
#18052 = ORIENTED_EDGE('',*,*,#11591,.F.);
#18053 = ORIENTED_EDGE('',*,*,#11817,.T.);
#18054 = FACE_BOUND('',#18055,.T.);
#18055 = EDGE_LOOP('',(#18056));
#18056 = ORIENTED_EDGE('',*,*,#11159,.T.);
#18057 = ADVANCED_FACE('',(#18058),#44,.T.);
#18058 = FACE_BOUND('',#18059,.T.);
#18059 = EDGE_LOOP('',(#18060,#18061,#18062));
#18060 = ORIENTED_EDGE('',*,*,#21,.F.);
#18061 = ORIENTED_EDGE('',*,*,#17989,.F.);
#18062 = ORIENTED_EDGE('',*,*,#17023,.T.);
#18063 = ( GEOMETRIC_REPRESENTATION_CONTEXT(3) 
GLOBAL_UNCERTAINTY_ASSIGNED_CONTEXT((#18067)) 
GLOBAL_UNIT_ASSIGNED_CONTEXT((#18064,#18065,#18066)) 
REPRESENTATION_CONTEXT('Context #1',
  '3D Context with UNIT and UNCERTAINTY') );
#18064 = ( LENGTH_UNIT() NAMED_UNIT(*) SI_UNIT(.MILLI.,.METRE.) );
#18065 = ( NAMED_UNIT(*) PLANE_ANGLE_UNIT() SI_UNIT($,.RADIAN.) );
#18066 = ( NAMED_UNIT(*) SI_UNIT($,.STERADIAN.) SOLID_ANGLE_UNIT() );
#18067 = UNCERTAINTY_MEASURE_WITH_UNIT(LENGTH_MEASURE(1.E-07),#18064,
  'distance_accuracy_value','confusion accuracy');
#18068 = PRODUCT_RELATED_PRODUCT_CATEGORY('part',$,(#7));
ENDSEC;
END-ISO-10303-21;
