ISO-10303-21;
HEADER;
FILE_DESCRIPTION(('Open CASCADE Model'),'2;1');
FILE_NAME('Open CASCADE Shape Model','2026-09-27T20:56:31',('Author'),(
    'Open CASCADE'),'Open CASCADE STEP processor 7.9','Open CASCADE 7.9'
  ,'Unknown');
FILE_SCHEMA(('AUTOMOTIVE_DESIGN { 1 0 10303 214 1 1 1 1 }'));
ENDSEC;
DATA;
#1 = APPLICATION_PROTOCOL_DEFINITION('international standard',
  'automotive_design',2000,#2);
#2 = APPLICATION_CONTEXT(
  'core data for automotive mechanical design processes');
#3 = SHAPE_DEFINITION_REPRESENTATION(#4,#10);
#4 = PRODUCT_DEFINITION_SHAPE('','',#5);
#5 = PRODUCT_DEFINITION('design','',#6,#9);
#6 = PRODUCT_DEFINITION_FORMATION('','',#7);
#7 = PRODUCT('Open CASCADE STEP translator 7.9 3',
  'Open CASCADE STEP translator 7.9 3','',(#8));
#8 = PRODUCT_CONTEXT('',#2,'mechanical');
#9 = PRODUCT_DEFINITION_CONTEXT('part definition',#2,'design');
#10 = ADVANCED_BREP_SHAPE_REPRESENTATION('',(#11,#15),#3799);
#11 = AXIS2_PLACEMENT_3D('',#12,#13,#14);
#12 = CARTESIAN_POINT('',(0.,0.,0.));
#13 = DIRECTION('',(0.,0.,1.));
#14 = DIRECTION('',(1.,0.,-0.));
#15 = MANIFOLD_SOLID_BREP('',#16);
#16 = CLOSED_SHELL('',(#17,#249,#1071,#1120,#1169,#1311,#1360,#1487,
    #2152,#2272,#2283,#2360,#2387,#2414,#2421,#2468,#2495,#2522,#2529,
    #2576,#2603,#2630,#2637,#2684,#2711,#2738,#2745,#2772,#2819,#2846,
    #2873,#2880,#2927,#2954,#2981,#3023,#3574,#3601,#3628,#3655,#3682,
    #3741,#3768,#3795));
#17 = ADVANCED_FACE('',(#18),#32,.F.);
#18 = FACE_BOUND('',#19,.T.);
#19 = EDGE_LOOP('',(#20,#55,#83,#111,#139,#167,#195,#223));
#20 = ORIENTED_EDGE('',*,*,#21,.F.);
#21 = EDGE_CURVE('',#22,#24,#26,.T.);
#22 = VERTEX_POINT('',#23);
#23 = CARTESIAN_POINT('',(0.,-55.,30.5));
#24 = VERTEX_POINT('',#25);
#25 = CARTESIAN_POINT('',(0.,-55.,152.));
#26 = SURFACE_CURVE('',#27,(#31,#43),.PCURVE_S1.);
#27 = LINE('',#28,#29);
#28 = CARTESIAN_POINT('',(0.,-55.,30.5));
#29 = VECTOR('',#30,1.);
#30 = DIRECTION('',(-0.,-0.,1.));
#31 = PCURVE('',#32,#37);
#32 = PLANE('',#33);
#33 = AXIS2_PLACEMENT_3D('',#34,#35,#36);
#34 = CARTESIAN_POINT('',(0.,-55.,30.5));
#35 = DIRECTION('',(1.,-0.,-0.));
#36 = DIRECTION('',(0.,0.,-1.));
#37 = DEFINITIONAL_REPRESENTATION('',(#38),#42);
#38 = LINE('',#39,#40);
#39 = CARTESIAN_POINT('',(-0.,0.));
#40 = VECTOR('',#41,1.);
#41 = DIRECTION('',(-1.,0.));
#42 = ( GEOMETRIC_REPRESENTATION_CONTEXT(2) 
PARAMETRIC_REPRESENTATION_CONTEXT() REPRESENTATION_CONTEXT('2D SPACE',''
  ) );
#43 = PCURVE('',#44,#49);
#44 = PLANE('',#45);
#45 = AXIS2_PLACEMENT_3D('',#46,#47,#48);
#46 = CARTESIAN_POINT('',(0.,-55.,30.5));
#47 = DIRECTION('',(-0.,-1.,-0.));
#48 = DIRECTION('',(0.,0.,-1.));
#49 = DEFINITIONAL_REPRESENTATION('',(#50),#54);
#50 = LINE('',#51,#52);
#51 = CARTESIAN_POINT('',(-0.,0.));
#52 = VECTOR('',#53,1.);
#53 = DIRECTION('',(-1.,0.));
#54 = ( GEOMETRIC_REPRESENTATION_CONTEXT(2) 
PARAMETRIC_REPRESENTATION_CONTEXT() REPRESENTATION_CONTEXT('2D SPACE',''
  ) );
#55 = ORIENTED_EDGE('',*,*,#56,.T.);
#56 = EDGE_CURVE('',#22,#57,#59,.T.);
#57 = VERTEX_POINT('',#58);
#58 = CARTESIAN_POINT('',(0.,-61.,30.5));
#59 = SURFACE_CURVE('',#60,(#64,#71),.PCURVE_S1.);
#60 = LINE('',#61,#62);
#61 = CARTESIAN_POINT('',(0.,-55.,30.5));
#62 = VECTOR('',#63,1.);
#63 = DIRECTION('',(0.,-1.,0.));
#64 = PCURVE('',#32,#65);
#65 = DEFINITIONAL_REPRESENTATION('',(#66),#70);
#66 = LINE('',#67,#68);
#67 = CARTESIAN_POINT('',(-0.,0.));
#68 = VECTOR('',#69,1.);
#69 = DIRECTION('',(-0.,-1.));
#70 = ( GEOMETRIC_REPRESENTATION_CONTEXT(2) 
PARAMETRIC_REPRESENTATION_CONTEXT() REPRESENTATION_CONTEXT('2D SPACE',''
  ) );
#71 = PCURVE('',#72,#77);
#72 = PLANE('',#73);
#73 = AXIS2_PLACEMENT_3D('',#74,#75,#76);
#74 = CARTESIAN_POINT('',(0.,-55.,30.5));
#75 = DIRECTION('',(0.,0.,1.));
#76 = DIRECTION('',(-1.,0.,0.));
#77 = DEFINITIONAL_REPRESENTATION('',(#78),#82);
#78 = LINE('',#79,#80);
#79 = CARTESIAN_POINT('',(-0.,-0.));
#80 = VECTOR('',#81,1.);
#81 = DIRECTION('',(-0.,1.));
#82 = ( GEOMETRIC_REPRESENTATION_CONTEXT(2) 
PARAMETRIC_REPRESENTATION_CONTEXT() REPRESENTATION_CONTEXT('2D SPACE',''
  ) );
#83 = ORIENTED_EDGE('',*,*,#84,.T.);
#84 = EDGE_CURVE('',#57,#85,#87,.T.);
#85 = VERTEX_POINT('',#86);
#86 = CARTESIAN_POINT('',(0.,-61.,32.));
#87 = SURFACE_CURVE('',#88,(#92,#99),.PCURVE_S1.);
#88 = LINE('',#89,#90);
#89 = CARTESIAN_POINT('',(0.,-61.,30.5));
#90 = VECTOR('',#91,1.);
#91 = DIRECTION('',(0.,0.,1.));
#92 = PCURVE('',#32,#93);
#93 = DEFINITIONAL_REPRESENTATION('',(#94),#98);
#94 = LINE('',#95,#96);
#95 = CARTESIAN_POINT('',(-0.,-6.));
#96 = VECTOR('',#97,1.);
#97 = DIRECTION('',(-1.,0.));
#98 = ( GEOMETRIC_REPRESENTATION_CONTEXT(2) 
PARAMETRIC_REPRESENTATION_CONTEXT() REPRESENTATION_CONTEXT('2D SPACE',''
  ) );
#99 = PCURVE('',#100,#105);
#100 = PLANE('',#101);
#101 = AXIS2_PLACEMENT_3D('',#102,#103,#104);
#102 = CARTESIAN_POINT('',(0.,-61.,30.5));
#103 = DIRECTION('',(-0.,-1.,-0.));
#104 = DIRECTION('',(0.,0.,-1.));
#105 = DEFINITIONAL_REPRESENTATION('',(#106),#110);
#106 = LINE('',#107,#108);
#107 = CARTESIAN_POINT('',(-0.,0.));
#108 = VECTOR('',#109,1.);
#109 = DIRECTION('',(-1.,0.));
#110 = ( GEOMETRIC_REPRESENTATION_CONTEXT(2) 
PARAMETRIC_REPRESENTATION_CONTEXT() REPRESENTATION_CONTEXT('2D SPACE',''
  ) );
#111 = ORIENTED_EDGE('',*,*,#112,.T.);
#112 = EDGE_CURVE('',#85,#113,#115,.T.);
#113 = VERTEX_POINT('',#114);
#114 = CARTESIAN_POINT('',(0.,-75.,32.));
#115 = SURFACE_CURVE('',#116,(#120,#127),.PCURVE_S1.);
#116 = LINE('',#117,#118);
#117 = CARTESIAN_POINT('',(0.,-55.,32.));
#118 = VECTOR('',#119,1.);
#119 = DIRECTION('',(0.,-1.,0.));
#120 = PCURVE('',#32,#121);
#121 = DEFINITIONAL_REPRESENTATION('',(#122),#126);
#122 = LINE('',#123,#124);
#123 = CARTESIAN_POINT('',(-1.5,0.));
#124 = VECTOR('',#125,1.);
#125 = DIRECTION('',(-0.,-1.));
#126 = ( GEOMETRIC_REPRESENTATION_CONTEXT(2) 
PARAMETRIC_REPRESENTATION_CONTEXT() REPRESENTATION_CONTEXT('2D SPACE',''
  ) );
#127 = PCURVE('',#128,#133);
#128 = PLANE('',#129);
#129 = AXIS2_PLACEMENT_3D('',#130,#131,#132);
#130 = CARTESIAN_POINT('',(0.,-55.,32.));
#131 = DIRECTION('',(0.,0.,1.));
#132 = DIRECTION('',(-1.,0.,0.));
#133 = DEFINITIONAL_REPRESENTATION('',(#134),#138);
#134 = LINE('',#135,#136);
#135 = CARTESIAN_POINT('',(-0.,-0.));
#136 = VECTOR('',#137,1.);
#137 = DIRECTION('',(-0.,1.));
#138 = ( GEOMETRIC_REPRESENTATION_CONTEXT(2) 
PARAMETRIC_REPRESENTATION_CONTEXT() REPRESENTATION_CONTEXT('2D SPACE',''
  ) );
#139 = ORIENTED_EDGE('',*,*,#140,.T.);
#140 = EDGE_CURVE('',#113,#141,#143,.T.);
#141 = VERTEX_POINT('',#142);
#142 = CARTESIAN_POINT('',(0.,-75.,36.));
#143 = SURFACE_CURVE('',#144,(#148,#155),.PCURVE_S1.);
#144 = LINE('',#145,#146);
#145 = CARTESIAN_POINT('',(0.,-75.,32.));
#146 = VECTOR('',#147,1.);
#147 = DIRECTION('',(0.,0.,1.));
#148 = PCURVE('',#32,#149);
#149 = DEFINITIONAL_REPRESENTATION('',(#150),#154);
#150 = LINE('',#151,#152);
#151 = CARTESIAN_POINT('',(-1.5,-20.));
#152 = VECTOR('',#153,1.);
#153 = DIRECTION('',(-1.,0.));
#154 = ( GEOMETRIC_REPRESENTATION_CONTEXT(2) 
PARAMETRIC_REPRESENTATION_CONTEXT() REPRESENTATION_CONTEXT('2D SPACE',''
  ) );
#155 = PCURVE('',#156,#161);
#156 = PLANE('',#157);
#157 = AXIS2_PLACEMENT_3D('',#158,#159,#160);
#158 = CARTESIAN_POINT('',(0.,-75.,32.));
#159 = DIRECTION('',(0.,-1.,0.));
#160 = DIRECTION('',(0.,0.,-1.));
#161 = DEFINITIONAL_REPRESENTATION('',(#162),#166);
#162 = LINE('',#163,#164);
#163 = CARTESIAN_POINT('',(-0.,0.));
#164 = VECTOR('',#165,1.);
#165 = DIRECTION('',(-1.,0.));
#166 = ( GEOMETRIC_REPRESENTATION_CONTEXT(2) 
PARAMETRIC_REPRESENTATION_CONTEXT() REPRESENTATION_CONTEXT('2D SPACE',''
  ) );
#167 = ORIENTED_EDGE('',*,*,#168,.F.);
#168 = EDGE_CURVE('',#169,#141,#171,.T.);
#169 = VERTEX_POINT('',#170);
#170 = CARTESIAN_POINT('',(0.,-61.,36.));
#171 = SURFACE_CURVE('',#172,(#176,#183),.PCURVE_S1.);
#172 = LINE('',#173,#174);
#173 = CARTESIAN_POINT('',(0.,-55.,36.));
#174 = VECTOR('',#175,1.);
#175 = DIRECTION('',(0.,-1.,0.));
#176 = PCURVE('',#32,#177);
#177 = DEFINITIONAL_REPRESENTATION('',(#178),#182);
#178 = LINE('',#179,#180);
#179 = CARTESIAN_POINT('',(-5.5,0.));
#180 = VECTOR('',#181,1.);
#181 = DIRECTION('',(-0.,-1.));
#182 = ( GEOMETRIC_REPRESENTATION_CONTEXT(2) 
PARAMETRIC_REPRESENTATION_CONTEXT() REPRESENTATION_CONTEXT('2D SPACE',''
  ) );
#183 = PCURVE('',#184,#189);
#184 = PLANE('',#185);
#185 = AXIS2_PLACEMENT_3D('',#186,#187,#188);
#186 = CARTESIAN_POINT('',(0.,-55.,36.));
#187 = DIRECTION('',(0.,0.,1.));
#188 = DIRECTION('',(-1.,0.,0.));
#189 = DEFINITIONAL_REPRESENTATION('',(#190),#194);
#190 = LINE('',#191,#192);
#191 = CARTESIAN_POINT('',(-0.,-0.));
#192 = VECTOR('',#193,1.);
#193 = DIRECTION('',(-0.,1.));
#194 = ( GEOMETRIC_REPRESENTATION_CONTEXT(2) 
PARAMETRIC_REPRESENTATION_CONTEXT() REPRESENTATION_CONTEXT('2D SPACE',''
  ) );
#195 = ORIENTED_EDGE('',*,*,#196,.T.);
#196 = EDGE_CURVE('',#169,#197,#199,.T.);
#197 = VERTEX_POINT('',#198);
#198 = CARTESIAN_POINT('',(0.,-61.,152.));
#199 = SURFACE_CURVE('',#200,(#204,#211),.PCURVE_S1.);
#200 = LINE('',#201,#202);
#201 = CARTESIAN_POINT('',(0.,-61.,30.5));
#202 = VECTOR('',#203,1.);
#203 = DIRECTION('',(0.,0.,1.));
#204 = PCURVE('',#32,#205);
#205 = DEFINITIONAL_REPRESENTATION('',(#206),#210);
#206 = LINE('',#207,#208);
#207 = CARTESIAN_POINT('',(-0.,-6.));
#208 = VECTOR('',#209,1.);
#209 = DIRECTION('',(-1.,0.));
#210 = ( GEOMETRIC_REPRESENTATION_CONTEXT(2) 
PARAMETRIC_REPRESENTATION_CONTEXT() REPRESENTATION_CONTEXT('2D SPACE',''
  ) );
#211 = PCURVE('',#212,#217);
#212 = PLANE('',#213);
#213 = AXIS2_PLACEMENT_3D('',#214,#215,#216);
#214 = CARTESIAN_POINT('',(0.,-61.,30.5));
#215 = DIRECTION('',(-0.,-1.,-0.));
#216 = DIRECTION('',(0.,0.,-1.));
#217 = DEFINITIONAL_REPRESENTATION('',(#218),#222);
#218 = LINE('',#219,#220);
#219 = CARTESIAN_POINT('',(-0.,0.));
#220 = VECTOR('',#221,1.);
#221 = DIRECTION('',(-1.,0.));
#222 = ( GEOMETRIC_REPRESENTATION_CONTEXT(2) 
PARAMETRIC_REPRESENTATION_CONTEXT() REPRESENTATION_CONTEXT('2D SPACE',''
  ) );
#223 = ORIENTED_EDGE('',*,*,#224,.F.);
#224 = EDGE_CURVE('',#24,#197,#225,.T.);
#225 = SURFACE_CURVE('',#226,(#230,#237),.PCURVE_S1.);
#226 = LINE('',#227,#228);
#227 = CARTESIAN_POINT('',(0.,-55.,152.));
#228 = VECTOR('',#229,1.);
#229 = DIRECTION('',(0.,-1.,0.));
#230 = PCURVE('',#32,#231);
#231 = DEFINITIONAL_REPRESENTATION('',(#232),#236);
#232 = LINE('',#233,#234);
#233 = CARTESIAN_POINT('',(-121.5,0.));
#234 = VECTOR('',#235,1.);
#235 = DIRECTION('',(-0.,-1.));
#236 = ( GEOMETRIC_REPRESENTATION_CONTEXT(2) 
PARAMETRIC_REPRESENTATION_CONTEXT() REPRESENTATION_CONTEXT('2D SPACE',''
  ) );
#237 = PCURVE('',#238,#243);
#238 = PLANE('',#239);
#239 = AXIS2_PLACEMENT_3D('',#240,#241,#242);
#240 = CARTESIAN_POINT('',(0.,-55.,152.));
#241 = DIRECTION('',(0.,0.,1.));
#242 = DIRECTION('',(-1.,0.,0.));
#243 = DEFINITIONAL_REPRESENTATION('',(#244),#248);
#244 = LINE('',#245,#246);
#245 = CARTESIAN_POINT('',(-0.,-0.));
#246 = VECTOR('',#247,1.);
#247 = DIRECTION('',(-0.,1.));
#248 = ( GEOMETRIC_REPRESENTATION_CONTEXT(2) 
PARAMETRIC_REPRESENTATION_CONTEXT() REPRESENTATION_CONTEXT('2D SPACE',''
  ) );
#249 = ADVANCED_FACE('',(#250,#325,#439,#553,#667,#781,#812,#926,#1040),
  #44,.F.);
#250 = FACE_BOUND('',#251,.T.);
#251 = EDGE_LOOP('',(#252,#282,#303,#304));
#252 = ORIENTED_EDGE('',*,*,#253,.F.);
#253 = EDGE_CURVE('',#254,#256,#258,.T.);
#254 = VERTEX_POINT('',#255);
#255 = CARTESIAN_POINT('',(150.,-55.,30.5));
#256 = VERTEX_POINT('',#257);
#257 = CARTESIAN_POINT('',(150.,-55.,152.));
#258 = SURFACE_CURVE('',#259,(#263,#270),.PCURVE_S1.);
#259 = LINE('',#260,#261);
#260 = CARTESIAN_POINT('',(150.,-55.,30.5));
#261 = VECTOR('',#262,1.);
#262 = DIRECTION('',(-0.,-0.,1.));
#263 = PCURVE('',#44,#264);
#264 = DEFINITIONAL_REPRESENTATION('',(#265),#269);
#265 = LINE('',#266,#267);
#266 = CARTESIAN_POINT('',(-0.,150.));
#267 = VECTOR('',#268,1.);
#268 = DIRECTION('',(-1.,0.));
#269 = ( GEOMETRIC_REPRESENTATION_CONTEXT(2) 
PARAMETRIC_REPRESENTATION_CONTEXT() REPRESENTATION_CONTEXT('2D SPACE',''
  ) );
#270 = PCURVE('',#271,#276);
#271 = PLANE('',#272);
#272 = AXIS2_PLACEMENT_3D('',#273,#274,#275);
#273 = CARTESIAN_POINT('',(150.,-55.,30.5));
#274 = DIRECTION('',(1.,-0.,-0.));
#275 = DIRECTION('',(0.,0.,-1.));
#276 = DEFINITIONAL_REPRESENTATION('',(#277),#281);
#277 = LINE('',#278,#279);
#278 = CARTESIAN_POINT('',(-0.,0.));
#279 = VECTOR('',#280,1.);
#280 = DIRECTION('',(-1.,0.));
#281 = ( GEOMETRIC_REPRESENTATION_CONTEXT(2) 
PARAMETRIC_REPRESENTATION_CONTEXT() REPRESENTATION_CONTEXT('2D SPACE',''
  ) );
#282 = ORIENTED_EDGE('',*,*,#283,.F.);
#283 = EDGE_CURVE('',#22,#254,#284,.T.);
#284 = SURFACE_CURVE('',#285,(#289,#296),.PCURVE_S1.);
#285 = LINE('',#286,#287);
#286 = CARTESIAN_POINT('',(0.,-55.,30.5));
#287 = VECTOR('',#288,1.);
#288 = DIRECTION('',(1.,0.,-0.));
#289 = PCURVE('',#44,#290);
#290 = DEFINITIONAL_REPRESENTATION('',(#291),#295);
#291 = LINE('',#292,#293);
#292 = CARTESIAN_POINT('',(-0.,0.));
#293 = VECTOR('',#294,1.);
#294 = DIRECTION('',(-0.,1.));
#295 = ( GEOMETRIC_REPRESENTATION_CONTEXT(2) 
PARAMETRIC_REPRESENTATION_CONTEXT() REPRESENTATION_CONTEXT('2D SPACE',''
  ) );
#296 = PCURVE('',#72,#297);
#297 = DEFINITIONAL_REPRESENTATION('',(#298),#302);
#298 = LINE('',#299,#300);
#299 = CARTESIAN_POINT('',(-0.,-0.));
#300 = VECTOR('',#301,1.);
#301 = DIRECTION('',(-1.,0.));
#302 = ( GEOMETRIC_REPRESENTATION_CONTEXT(2) 
PARAMETRIC_REPRESENTATION_CONTEXT() REPRESENTATION_CONTEXT('2D SPACE',''
  ) );
#303 = ORIENTED_EDGE('',*,*,#21,.T.);
#304 = ORIENTED_EDGE('',*,*,#305,.T.);
#305 = EDGE_CURVE('',#24,#256,#306,.T.);
#306 = SURFACE_CURVE('',#307,(#311,#318),.PCURVE_S1.);
#307 = LINE('',#308,#309);
#308 = CARTESIAN_POINT('',(0.,-55.,152.));
#309 = VECTOR('',#310,1.);
#310 = DIRECTION('',(1.,0.,-0.));
#311 = PCURVE('',#44,#312);
#312 = DEFINITIONAL_REPRESENTATION('',(#313),#317);
#313 = LINE('',#314,#315);
#314 = CARTESIAN_POINT('',(-121.5,0.));
#315 = VECTOR('',#316,1.);
#316 = DIRECTION('',(-0.,1.));
#317 = ( GEOMETRIC_REPRESENTATION_CONTEXT(2) 
PARAMETRIC_REPRESENTATION_CONTEXT() REPRESENTATION_CONTEXT('2D SPACE',''
  ) );
#318 = PCURVE('',#238,#319);
#319 = DEFINITIONAL_REPRESENTATION('',(#320),#324);
#320 = LINE('',#321,#322);
#321 = CARTESIAN_POINT('',(-0.,-0.));
#322 = VECTOR('',#323,1.);
#323 = DIRECTION('',(-1.,0.));
#324 = ( GEOMETRIC_REPRESENTATION_CONTEXT(2) 
PARAMETRIC_REPRESENTATION_CONTEXT() REPRESENTATION_CONTEXT('2D SPACE',''
  ) );
#325 = FACE_BOUND('',#326,.T.);
#326 = EDGE_LOOP('',(#327,#357,#385,#413));
#327 = ORIENTED_EDGE('',*,*,#328,.F.);
#328 = EDGE_CURVE('',#329,#331,#333,.T.);
#329 = VERTEX_POINT('',#330);
#330 = CARTESIAN_POINT('',(8.,-55.,142.));
#331 = VERTEX_POINT('',#332);
#332 = CARTESIAN_POINT('',(23.666666666667,-55.,142.));
#333 = SURFACE_CURVE('',#334,(#338,#345),.PCURVE_S1.);
#334 = LINE('',#335,#336);
#335 = CARTESIAN_POINT('',(4.,-55.,142.));
#336 = VECTOR('',#337,1.);
#337 = DIRECTION('',(1.,-0.,-0.));
#338 = PCURVE('',#44,#339);
#339 = DEFINITIONAL_REPRESENTATION('',(#340),#344);
#340 = LINE('',#341,#342);
#341 = CARTESIAN_POINT('',(-111.5,4.));
#342 = VECTOR('',#343,1.);
#343 = DIRECTION('',(-0.,1.));
#344 = ( GEOMETRIC_REPRESENTATION_CONTEXT(2) 
PARAMETRIC_REPRESENTATION_CONTEXT() REPRESENTATION_CONTEXT('2D SPACE',''
  ) );
#345 = PCURVE('',#346,#351);
#346 = PLANE('',#347);
#347 = AXIS2_PLACEMENT_3D('',#348,#349,#350);
#348 = CARTESIAN_POINT('',(8.,-54.,142.));
#349 = DIRECTION('',(0.,0.,1.));
#350 = DIRECTION('',(-1.,0.,0.));
#351 = DEFINITIONAL_REPRESENTATION('',(#352),#356);
#352 = LINE('',#353,#354);
#353 = CARTESIAN_POINT('',(4.,1.));
#354 = VECTOR('',#355,1.);
#355 = DIRECTION('',(-1.,-0.));
#356 = ( GEOMETRIC_REPRESENTATION_CONTEXT(2) 
PARAMETRIC_REPRESENTATION_CONTEXT() REPRESENTATION_CONTEXT('2D SPACE',''
  ) );
#357 = ORIENTED_EDGE('',*,*,#358,.T.);
#358 = EDGE_CURVE('',#329,#359,#361,.T.);
#359 = VERTEX_POINT('',#360);
#360 = CARTESIAN_POINT('',(8.,-55.,44.));
#361 = SURFACE_CURVE('',#362,(#366,#373),.PCURVE_S1.);
#362 = LINE('',#363,#364);
#363 = CARTESIAN_POINT('',(8.,-55.,37.25));
#364 = VECTOR('',#365,1.);
#365 = DIRECTION('',(-0.,-0.,-1.));
#366 = PCURVE('',#44,#367);
#367 = DEFINITIONAL_REPRESENTATION('',(#368),#372);
#368 = LINE('',#369,#370);
#369 = CARTESIAN_POINT('',(-6.75,8.));
#370 = VECTOR('',#371,1.);
#371 = DIRECTION('',(1.,-0.));
#372 = ( GEOMETRIC_REPRESENTATION_CONTEXT(2) 
PARAMETRIC_REPRESENTATION_CONTEXT() REPRESENTATION_CONTEXT('2D SPACE',''
  ) );
#373 = PCURVE('',#374,#379);
#374 = PLANE('',#375);
#375 = AXIS2_PLACEMENT_3D('',#376,#377,#378);
#376 = CARTESIAN_POINT('',(8.,-54.,44.));
#377 = DIRECTION('',(1.,0.,-0.));
#378 = DIRECTION('',(0.,0.,-1.));
#379 = DEFINITIONAL_REPRESENTATION('',(#380),#384);
#380 = LINE('',#381,#382);
#381 = CARTESIAN_POINT('',(6.75,-1.));
#382 = VECTOR('',#383,1.);
#383 = DIRECTION('',(1.,-0.));
#384 = ( GEOMETRIC_REPRESENTATION_CONTEXT(2) 
PARAMETRIC_REPRESENTATION_CONTEXT() REPRESENTATION_CONTEXT('2D SPACE',''
  ) );
#385 = ORIENTED_EDGE('',*,*,#386,.T.);
#386 = EDGE_CURVE('',#359,#387,#389,.T.);
#387 = VERTEX_POINT('',#388);
#388 = CARTESIAN_POINT('',(23.666666666667,-55.,44.));
#389 = SURFACE_CURVE('',#390,(#394,#401),.PCURVE_S1.);
#390 = LINE('',#391,#392);
#391 = CARTESIAN_POINT('',(4.,-55.,44.));
#392 = VECTOR('',#393,1.);
#393 = DIRECTION('',(1.,-0.,-0.));
#394 = PCURVE('',#44,#395);
#395 = DEFINITIONAL_REPRESENTATION('',(#396),#400);
#396 = LINE('',#397,#398);
#397 = CARTESIAN_POINT('',(-13.5,4.));
#398 = VECTOR('',#399,1.);
#399 = DIRECTION('',(-0.,1.));
#400 = ( GEOMETRIC_REPRESENTATION_CONTEXT(2) 
PARAMETRIC_REPRESENTATION_CONTEXT() REPRESENTATION_CONTEXT('2D SPACE',''
  ) );
#401 = PCURVE('',#402,#407);
#402 = PLANE('',#403);
#403 = AXIS2_PLACEMENT_3D('',#404,#405,#406);
#404 = CARTESIAN_POINT('',(8.,-54.,44.));
#405 = DIRECTION('',(0.,0.,1.));
#406 = DIRECTION('',(-1.,0.,0.));
#407 = DEFINITIONAL_REPRESENTATION('',(#408),#412);
#408 = LINE('',#409,#410);
#409 = CARTESIAN_POINT('',(4.,1.));
#410 = VECTOR('',#411,1.);
#411 = DIRECTION('',(-1.,-0.));
#412 = ( GEOMETRIC_REPRESENTATION_CONTEXT(2) 
PARAMETRIC_REPRESENTATION_CONTEXT() REPRESENTATION_CONTEXT('2D SPACE',''
  ) );
#413 = ORIENTED_EDGE('',*,*,#414,.F.);
#414 = EDGE_CURVE('',#331,#387,#415,.T.);
#415 = SURFACE_CURVE('',#416,(#420,#427),.PCURVE_S1.);
#416 = LINE('',#417,#418);
#417 = CARTESIAN_POINT('',(23.666666666667,-55.,37.25));
#418 = VECTOR('',#419,1.);
#419 = DIRECTION('',(-0.,-0.,-1.));
#420 = PCURVE('',#44,#421);
#421 = DEFINITIONAL_REPRESENTATION('',(#422),#426);
#422 = LINE('',#423,#424);
#423 = CARTESIAN_POINT('',(-6.75,23.666666666667));
#424 = VECTOR('',#425,1.);
#425 = DIRECTION('',(1.,-0.));
#426 = ( GEOMETRIC_REPRESENTATION_CONTEXT(2) 
PARAMETRIC_REPRESENTATION_CONTEXT() REPRESENTATION_CONTEXT('2D SPACE',''
  ) );
#427 = PCURVE('',#428,#433);
#428 = PLANE('',#429);
#429 = AXIS2_PLACEMENT_3D('',#430,#431,#432);
#430 = CARTESIAN_POINT('',(23.666666666667,-54.,44.));
#431 = DIRECTION('',(1.,0.,-0.));
#432 = DIRECTION('',(0.,0.,-1.));
#433 = DEFINITIONAL_REPRESENTATION('',(#434),#438);
#434 = LINE('',#435,#436);
#435 = CARTESIAN_POINT('',(6.75,-1.));
#436 = VECTOR('',#437,1.);
#437 = DIRECTION('',(1.,-0.));
#438 = ( GEOMETRIC_REPRESENTATION_CONTEXT(2) 
PARAMETRIC_REPRESENTATION_CONTEXT() REPRESENTATION_CONTEXT('2D SPACE',''
  ) );
#439 = FACE_BOUND('',#440,.T.);
#440 = EDGE_LOOP('',(#441,#471,#499,#527));
#441 = ORIENTED_EDGE('',*,*,#442,.F.);
#442 = EDGE_CURVE('',#443,#445,#447,.T.);
#443 = VERTEX_POINT('',#444);
#444 = CARTESIAN_POINT('',(31.666666666667,-55.,142.));
#445 = VERTEX_POINT('',#446);
#446 = CARTESIAN_POINT('',(47.333333333333,-55.,142.));
#447 = SURFACE_CURVE('',#448,(#452,#459),.PCURVE_S1.);
#448 = LINE('',#449,#450);
#449 = CARTESIAN_POINT('',(15.833333333333,-55.,142.));
#450 = VECTOR('',#451,1.);
#451 = DIRECTION('',(1.,-0.,-0.));
#452 = PCURVE('',#44,#453);
#453 = DEFINITIONAL_REPRESENTATION('',(#454),#458);
#454 = LINE('',#455,#456);
#455 = CARTESIAN_POINT('',(-111.5,15.833333333333));
#456 = VECTOR('',#457,1.);
#457 = DIRECTION('',(-0.,1.));
#458 = ( GEOMETRIC_REPRESENTATION_CONTEXT(2) 
PARAMETRIC_REPRESENTATION_CONTEXT() REPRESENTATION_CONTEXT('2D SPACE',''
  ) );
#459 = PCURVE('',#460,#465);
#460 = PLANE('',#461);
#461 = AXIS2_PLACEMENT_3D('',#462,#463,#464);
#462 = CARTESIAN_POINT('',(31.666666666667,-54.,142.));
#463 = DIRECTION('',(0.,0.,1.));
#464 = DIRECTION('',(-1.,0.,0.));
#465 = DEFINITIONAL_REPRESENTATION('',(#466),#470);
#466 = LINE('',#467,#468);
#467 = CARTESIAN_POINT('',(15.833333333333,1.));
#468 = VECTOR('',#469,1.);
#469 = DIRECTION('',(-1.,-0.));
#470 = ( GEOMETRIC_REPRESENTATION_CONTEXT(2) 
PARAMETRIC_REPRESENTATION_CONTEXT() REPRESENTATION_CONTEXT('2D SPACE',''
  ) );
#471 = ORIENTED_EDGE('',*,*,#472,.T.);
#472 = EDGE_CURVE('',#443,#473,#475,.T.);
#473 = VERTEX_POINT('',#474);
#474 = CARTESIAN_POINT('',(31.666666666667,-55.,44.));
#475 = SURFACE_CURVE('',#476,(#480,#487),.PCURVE_S1.);
#476 = LINE('',#477,#478);
#477 = CARTESIAN_POINT('',(31.666666666667,-55.,37.25));
#478 = VECTOR('',#479,1.);
#479 = DIRECTION('',(-0.,-0.,-1.));
#480 = PCURVE('',#44,#481);
#481 = DEFINITIONAL_REPRESENTATION('',(#482),#486);
#482 = LINE('',#483,#484);
#483 = CARTESIAN_POINT('',(-6.75,31.666666666667));
#484 = VECTOR('',#485,1.);
#485 = DIRECTION('',(1.,-0.));
#486 = ( GEOMETRIC_REPRESENTATION_CONTEXT(2) 
PARAMETRIC_REPRESENTATION_CONTEXT() REPRESENTATION_CONTEXT('2D SPACE',''
  ) );
#487 = PCURVE('',#488,#493);
#488 = PLANE('',#489);
#489 = AXIS2_PLACEMENT_3D('',#490,#491,#492);
#490 = CARTESIAN_POINT('',(31.666666666667,-54.,44.));
#491 = DIRECTION('',(1.,0.,-0.));
#492 = DIRECTION('',(0.,0.,-1.));
#493 = DEFINITIONAL_REPRESENTATION('',(#494),#498);
#494 = LINE('',#495,#496);
#495 = CARTESIAN_POINT('',(6.75,-1.));
#496 = VECTOR('',#497,1.);
#497 = DIRECTION('',(1.,-0.));
#498 = ( GEOMETRIC_REPRESENTATION_CONTEXT(2) 
PARAMETRIC_REPRESENTATION_CONTEXT() REPRESENTATION_CONTEXT('2D SPACE',''
  ) );
#499 = ORIENTED_EDGE('',*,*,#500,.T.);
#500 = EDGE_CURVE('',#473,#501,#503,.T.);
#501 = VERTEX_POINT('',#502);
#502 = CARTESIAN_POINT('',(47.333333333333,-55.,44.));
#503 = SURFACE_CURVE('',#504,(#508,#515),.PCURVE_S1.);
#504 = LINE('',#505,#506);
#505 = CARTESIAN_POINT('',(15.833333333333,-55.,44.));
#506 = VECTOR('',#507,1.);
#507 = DIRECTION('',(1.,-0.,-0.));
#508 = PCURVE('',#44,#509);
#509 = DEFINITIONAL_REPRESENTATION('',(#510),#514);
#510 = LINE('',#511,#512);
#511 = CARTESIAN_POINT('',(-13.5,15.833333333333));
#512 = VECTOR('',#513,1.);
#513 = DIRECTION('',(-0.,1.));
#514 = ( GEOMETRIC_REPRESENTATION_CONTEXT(2) 
PARAMETRIC_REPRESENTATION_CONTEXT() REPRESENTATION_CONTEXT('2D SPACE',''
  ) );
#515 = PCURVE('',#516,#521);
#516 = PLANE('',#517);
#517 = AXIS2_PLACEMENT_3D('',#518,#519,#520);
#518 = CARTESIAN_POINT('',(31.666666666667,-54.,44.));
#519 = DIRECTION('',(0.,0.,1.));
#520 = DIRECTION('',(-1.,0.,0.));
#521 = DEFINITIONAL_REPRESENTATION('',(#522),#526);
#522 = LINE('',#523,#524);
#523 = CARTESIAN_POINT('',(15.833333333333,1.));
#524 = VECTOR('',#525,1.);
#525 = DIRECTION('',(-1.,-0.));
#526 = ( GEOMETRIC_REPRESENTATION_CONTEXT(2) 
PARAMETRIC_REPRESENTATION_CONTEXT() REPRESENTATION_CONTEXT('2D SPACE',''
  ) );
#527 = ORIENTED_EDGE('',*,*,#528,.F.);
#528 = EDGE_CURVE('',#445,#501,#529,.T.);
#529 = SURFACE_CURVE('',#530,(#534,#541),.PCURVE_S1.);
#530 = LINE('',#531,#532);
#531 = CARTESIAN_POINT('',(47.333333333333,-55.,37.25));
#532 = VECTOR('',#533,1.);
#533 = DIRECTION('',(-0.,-0.,-1.));
#534 = PCURVE('',#44,#535);
#535 = DEFINITIONAL_REPRESENTATION('',(#536),#540);
#536 = LINE('',#537,#538);
#537 = CARTESIAN_POINT('',(-6.75,47.333333333333));
#538 = VECTOR('',#539,1.);
#539 = DIRECTION('',(1.,-0.));
#540 = ( GEOMETRIC_REPRESENTATION_CONTEXT(2) 
PARAMETRIC_REPRESENTATION_CONTEXT() REPRESENTATION_CONTEXT('2D SPACE',''
  ) );
#541 = PCURVE('',#542,#547);
#542 = PLANE('',#543);
#543 = AXIS2_PLACEMENT_3D('',#544,#545,#546);
#544 = CARTESIAN_POINT('',(47.333333333333,-54.,44.));
#545 = DIRECTION('',(1.,0.,-0.));
#546 = DIRECTION('',(0.,0.,-1.));
#547 = DEFINITIONAL_REPRESENTATION('',(#548),#552);
#548 = LINE('',#549,#550);
#549 = CARTESIAN_POINT('',(6.75,-1.));
#550 = VECTOR('',#551,1.);
#551 = DIRECTION('',(1.,-0.));
#552 = ( GEOMETRIC_REPRESENTATION_CONTEXT(2) 
PARAMETRIC_REPRESENTATION_CONTEXT() REPRESENTATION_CONTEXT('2D SPACE',''
  ) );
#553 = FACE_BOUND('',#554,.T.);
#554 = EDGE_LOOP('',(#555,#585,#613,#641));
#555 = ORIENTED_EDGE('',*,*,#556,.F.);
#556 = EDGE_CURVE('',#557,#559,#561,.T.);
#557 = VERTEX_POINT('',#558);
#558 = CARTESIAN_POINT('',(55.333333333333,-55.,142.));
#559 = VERTEX_POINT('',#560);
#560 = CARTESIAN_POINT('',(71.,-55.,142.));
#561 = SURFACE_CURVE('',#562,(#566,#573),.PCURVE_S1.);
#562 = LINE('',#563,#564);
#563 = CARTESIAN_POINT('',(27.666666666667,-55.,142.));
#564 = VECTOR('',#565,1.);
#565 = DIRECTION('',(1.,-0.,-0.));
#566 = PCURVE('',#44,#567);
#567 = DEFINITIONAL_REPRESENTATION('',(#568),#572);
#568 = LINE('',#569,#570);
#569 = CARTESIAN_POINT('',(-111.5,27.666666666667));
#570 = VECTOR('',#571,1.);
#571 = DIRECTION('',(-0.,1.));
#572 = ( GEOMETRIC_REPRESENTATION_CONTEXT(2) 
PARAMETRIC_REPRESENTATION_CONTEXT() REPRESENTATION_CONTEXT('2D SPACE',''
  ) );
#573 = PCURVE('',#574,#579);
#574 = PLANE('',#575);
#575 = AXIS2_PLACEMENT_3D('',#576,#577,#578);
#576 = CARTESIAN_POINT('',(55.333333333333,-54.,142.));
#577 = DIRECTION('',(0.,0.,1.));
#578 = DIRECTION('',(-1.,0.,0.));
#579 = DEFINITIONAL_REPRESENTATION('',(#580),#584);
#580 = LINE('',#581,#582);
#581 = CARTESIAN_POINT('',(27.666666666667,1.));
#582 = VECTOR('',#583,1.);
#583 = DIRECTION('',(-1.,-0.));
#584 = ( GEOMETRIC_REPRESENTATION_CONTEXT(2) 
PARAMETRIC_REPRESENTATION_CONTEXT() REPRESENTATION_CONTEXT('2D SPACE',''
  ) );
#585 = ORIENTED_EDGE('',*,*,#586,.T.);
#586 = EDGE_CURVE('',#557,#587,#589,.T.);
#587 = VERTEX_POINT('',#588);
#588 = CARTESIAN_POINT('',(55.333333333333,-55.,44.));
#589 = SURFACE_CURVE('',#590,(#594,#601),.PCURVE_S1.);
#590 = LINE('',#591,#592);
#591 = CARTESIAN_POINT('',(55.333333333333,-55.,37.25));
#592 = VECTOR('',#593,1.);
#593 = DIRECTION('',(-0.,-0.,-1.));
#594 = PCURVE('',#44,#595);
#595 = DEFINITIONAL_REPRESENTATION('',(#596),#600);
#596 = LINE('',#597,#598);
#597 = CARTESIAN_POINT('',(-6.75,55.333333333333));
#598 = VECTOR('',#599,1.);
#599 = DIRECTION('',(1.,-0.));
#600 = ( GEOMETRIC_REPRESENTATION_CONTEXT(2) 
PARAMETRIC_REPRESENTATION_CONTEXT() REPRESENTATION_CONTEXT('2D SPACE',''
  ) );
#601 = PCURVE('',#602,#607);
#602 = PLANE('',#603);
#603 = AXIS2_PLACEMENT_3D('',#604,#605,#606);
#604 = CARTESIAN_POINT('',(55.333333333333,-54.,44.));
#605 = DIRECTION('',(1.,0.,-0.));
#606 = DIRECTION('',(0.,0.,-1.));
#607 = DEFINITIONAL_REPRESENTATION('',(#608),#612);
#608 = LINE('',#609,#610);
#609 = CARTESIAN_POINT('',(6.75,-1.));
#610 = VECTOR('',#611,1.);
#611 = DIRECTION('',(1.,-0.));
#612 = ( GEOMETRIC_REPRESENTATION_CONTEXT(2) 
PARAMETRIC_REPRESENTATION_CONTEXT() REPRESENTATION_CONTEXT('2D SPACE',''
  ) );
#613 = ORIENTED_EDGE('',*,*,#614,.T.);
#614 = EDGE_CURVE('',#587,#615,#617,.T.);
#615 = VERTEX_POINT('',#616);
#616 = CARTESIAN_POINT('',(71.,-55.,44.));
#617 = SURFACE_CURVE('',#618,(#622,#629),.PCURVE_S1.);
#618 = LINE('',#619,#620);
#619 = CARTESIAN_POINT('',(27.666666666667,-55.,44.));
#620 = VECTOR('',#621,1.);
#621 = DIRECTION('',(1.,-0.,-0.));
#622 = PCURVE('',#44,#623);
#623 = DEFINITIONAL_REPRESENTATION('',(#624),#628);
#624 = LINE('',#625,#626);
#625 = CARTESIAN_POINT('',(-13.5,27.666666666667));
#626 = VECTOR('',#627,1.);
#627 = DIRECTION('',(-0.,1.));
#628 = ( GEOMETRIC_REPRESENTATION_CONTEXT(2) 
PARAMETRIC_REPRESENTATION_CONTEXT() REPRESENTATION_CONTEXT('2D SPACE',''
  ) );
#629 = PCURVE('',#630,#635);
#630 = PLANE('',#631);
#631 = AXIS2_PLACEMENT_3D('',#632,#633,#634);
#632 = CARTESIAN_POINT('',(55.333333333333,-54.,44.));
#633 = DIRECTION('',(0.,0.,1.));
#634 = DIRECTION('',(-1.,0.,0.));
#635 = DEFINITIONAL_REPRESENTATION('',(#636),#640);
#636 = LINE('',#637,#638);
#637 = CARTESIAN_POINT('',(27.666666666667,1.));
#638 = VECTOR('',#639,1.);
#639 = DIRECTION('',(-1.,-0.));
#640 = ( GEOMETRIC_REPRESENTATION_CONTEXT(2) 
PARAMETRIC_REPRESENTATION_CONTEXT() REPRESENTATION_CONTEXT('2D SPACE',''
  ) );
#641 = ORIENTED_EDGE('',*,*,#642,.F.);
#642 = EDGE_CURVE('',#559,#615,#643,.T.);
#643 = SURFACE_CURVE('',#644,(#648,#655),.PCURVE_S1.);
#644 = LINE('',#645,#646);
#645 = CARTESIAN_POINT('',(71.,-55.,37.25));
#646 = VECTOR('',#647,1.);
#647 = DIRECTION('',(-0.,-0.,-1.));
#648 = PCURVE('',#44,#649);
#649 = DEFINITIONAL_REPRESENTATION('',(#650),#654);
#650 = LINE('',#651,#652);
#651 = CARTESIAN_POINT('',(-6.75,71.));
#652 = VECTOR('',#653,1.);
#653 = DIRECTION('',(1.,-0.));
#654 = ( GEOMETRIC_REPRESENTATION_CONTEXT(2) 
PARAMETRIC_REPRESENTATION_CONTEXT() REPRESENTATION_CONTEXT('2D SPACE',''
  ) );
#655 = PCURVE('',#656,#661);
#656 = PLANE('',#657);
#657 = AXIS2_PLACEMENT_3D('',#658,#659,#660);
#658 = CARTESIAN_POINT('',(71.,-54.,44.));
#659 = DIRECTION('',(1.,0.,-0.));
#660 = DIRECTION('',(0.,0.,-1.));
#661 = DEFINITIONAL_REPRESENTATION('',(#662),#666);
#662 = LINE('',#663,#664);
#663 = CARTESIAN_POINT('',(6.75,-1.));
#664 = VECTOR('',#665,1.);
#665 = DIRECTION('',(1.,-0.));
#666 = ( GEOMETRIC_REPRESENTATION_CONTEXT(2) 
PARAMETRIC_REPRESENTATION_CONTEXT() REPRESENTATION_CONTEXT('2D SPACE',''
  ) );
#667 = FACE_BOUND('',#668,.T.);
#668 = EDGE_LOOP('',(#669,#699,#727,#755));
#669 = ORIENTED_EDGE('',*,*,#670,.F.);
#670 = EDGE_CURVE('',#671,#673,#675,.T.);
#671 = VERTEX_POINT('',#672);
#672 = CARTESIAN_POINT('',(79.,-55.,142.));
#673 = VERTEX_POINT('',#674);
#674 = CARTESIAN_POINT('',(94.666666666667,-55.,142.));
#675 = SURFACE_CURVE('',#676,(#680,#687),.PCURVE_S1.);
#676 = LINE('',#677,#678);
#677 = CARTESIAN_POINT('',(39.5,-55.,142.));
#678 = VECTOR('',#679,1.);
#679 = DIRECTION('',(1.,-0.,-0.));
#680 = PCURVE('',#44,#681);
#681 = DEFINITIONAL_REPRESENTATION('',(#682),#686);
#682 = LINE('',#683,#684);
#683 = CARTESIAN_POINT('',(-111.5,39.5));
#684 = VECTOR('',#685,1.);
#685 = DIRECTION('',(-0.,1.));
#686 = ( GEOMETRIC_REPRESENTATION_CONTEXT(2) 
PARAMETRIC_REPRESENTATION_CONTEXT() REPRESENTATION_CONTEXT('2D SPACE',''
  ) );
#687 = PCURVE('',#688,#693);
#688 = PLANE('',#689);
#689 = AXIS2_PLACEMENT_3D('',#690,#691,#692);
#690 = CARTESIAN_POINT('',(79.,-54.,142.));
#691 = DIRECTION('',(0.,0.,1.));
#692 = DIRECTION('',(-1.,0.,0.));
#693 = DEFINITIONAL_REPRESENTATION('',(#694),#698);
#694 = LINE('',#695,#696);
#695 = CARTESIAN_POINT('',(39.5,1.));
#696 = VECTOR('',#697,1.);
#697 = DIRECTION('',(-1.,-0.));
#698 = ( GEOMETRIC_REPRESENTATION_CONTEXT(2) 
PARAMETRIC_REPRESENTATION_CONTEXT() REPRESENTATION_CONTEXT('2D SPACE',''
  ) );
#699 = ORIENTED_EDGE('',*,*,#700,.T.);
#700 = EDGE_CURVE('',#671,#701,#703,.T.);
#701 = VERTEX_POINT('',#702);
#702 = CARTESIAN_POINT('',(79.,-55.,44.));
#703 = SURFACE_CURVE('',#704,(#708,#715),.PCURVE_S1.);
#704 = LINE('',#705,#706);
#705 = CARTESIAN_POINT('',(79.,-55.,37.25));
#706 = VECTOR('',#707,1.);
#707 = DIRECTION('',(-0.,-0.,-1.));
#708 = PCURVE('',#44,#709);
#709 = DEFINITIONAL_REPRESENTATION('',(#710),#714);
#710 = LINE('',#711,#712);
#711 = CARTESIAN_POINT('',(-6.75,79.));
#712 = VECTOR('',#713,1.);
#713 = DIRECTION('',(1.,-0.));
#714 = ( GEOMETRIC_REPRESENTATION_CONTEXT(2) 
PARAMETRIC_REPRESENTATION_CONTEXT() REPRESENTATION_CONTEXT('2D SPACE',''
  ) );
#715 = PCURVE('',#716,#721);
#716 = PLANE('',#717);
#717 = AXIS2_PLACEMENT_3D('',#718,#719,#720);
#718 = CARTESIAN_POINT('',(79.,-54.,44.));
#719 = DIRECTION('',(1.,0.,-0.));
#720 = DIRECTION('',(0.,0.,-1.));
#721 = DEFINITIONAL_REPRESENTATION('',(#722),#726);
#722 = LINE('',#723,#724);
#723 = CARTESIAN_POINT('',(6.75,-1.));
#724 = VECTOR('',#725,1.);
#725 = DIRECTION('',(1.,-0.));
#726 = ( GEOMETRIC_REPRESENTATION_CONTEXT(2) 
PARAMETRIC_REPRESENTATION_CONTEXT() REPRESENTATION_CONTEXT('2D SPACE',''
  ) );
#727 = ORIENTED_EDGE('',*,*,#728,.T.);
#728 = EDGE_CURVE('',#701,#729,#731,.T.);
#729 = VERTEX_POINT('',#730);
#730 = CARTESIAN_POINT('',(94.666666666667,-55.,44.));
#731 = SURFACE_CURVE('',#732,(#736,#743),.PCURVE_S1.);
#732 = LINE('',#733,#734);
#733 = CARTESIAN_POINT('',(39.5,-55.,44.));
#734 = VECTOR('',#735,1.);
#735 = DIRECTION('',(1.,-0.,-0.));
#736 = PCURVE('',#44,#737);
#737 = DEFINITIONAL_REPRESENTATION('',(#738),#742);
#738 = LINE('',#739,#740);
#739 = CARTESIAN_POINT('',(-13.5,39.5));
#740 = VECTOR('',#741,1.);
#741 = DIRECTION('',(-0.,1.));
#742 = ( GEOMETRIC_REPRESENTATION_CONTEXT(2) 
PARAMETRIC_REPRESENTATION_CONTEXT() REPRESENTATION_CONTEXT('2D SPACE',''
  ) );
#743 = PCURVE('',#744,#749);
#744 = PLANE('',#745);
#745 = AXIS2_PLACEMENT_3D('',#746,#747,#748);
#746 = CARTESIAN_POINT('',(79.,-54.,44.));
#747 = DIRECTION('',(0.,0.,1.));
#748 = DIRECTION('',(-1.,0.,0.));
#749 = DEFINITIONAL_REPRESENTATION('',(#750),#754);
#750 = LINE('',#751,#752);
#751 = CARTESIAN_POINT('',(39.5,1.));
#752 = VECTOR('',#753,1.);
#753 = DIRECTION('',(-1.,-0.));
#754 = ( GEOMETRIC_REPRESENTATION_CONTEXT(2) 
PARAMETRIC_REPRESENTATION_CONTEXT() REPRESENTATION_CONTEXT('2D SPACE',''
  ) );
#755 = ORIENTED_EDGE('',*,*,#756,.F.);
#756 = EDGE_CURVE('',#673,#729,#757,.T.);
#757 = SURFACE_CURVE('',#758,(#762,#769),.PCURVE_S1.);
#758 = LINE('',#759,#760);
#759 = CARTESIAN_POINT('',(94.666666666667,-55.,37.25));
#760 = VECTOR('',#761,1.);
#761 = DIRECTION('',(-0.,-0.,-1.));
#762 = PCURVE('',#44,#763);
#763 = DEFINITIONAL_REPRESENTATION('',(#764),#768);
#764 = LINE('',#765,#766);
#765 = CARTESIAN_POINT('',(-6.75,94.666666666667));
#766 = VECTOR('',#767,1.);
#767 = DIRECTION('',(1.,-0.));
#768 = ( GEOMETRIC_REPRESENTATION_CONTEXT(2) 
PARAMETRIC_REPRESENTATION_CONTEXT() REPRESENTATION_CONTEXT('2D SPACE',''
  ) );
#769 = PCURVE('',#770,#775);
#770 = PLANE('',#771);
#771 = AXIS2_PLACEMENT_3D('',#772,#773,#774);
#772 = CARTESIAN_POINT('',(94.666666666667,-54.,44.));
#773 = DIRECTION('',(1.,0.,-0.));
#774 = DIRECTION('',(0.,0.,-1.));
#775 = DEFINITIONAL_REPRESENTATION('',(#776),#780);
#776 = LINE('',#777,#778);
#777 = CARTESIAN_POINT('',(6.75,-1.));
#778 = VECTOR('',#779,1.);
#779 = DIRECTION('',(1.,-0.));
#780 = ( GEOMETRIC_REPRESENTATION_CONTEXT(2) 
PARAMETRIC_REPRESENTATION_CONTEXT() REPRESENTATION_CONTEXT('2D SPACE',''
  ) );
#781 = FACE_BOUND('',#782,.T.);
#782 = EDGE_LOOP('',(#783));
#783 = ORIENTED_EDGE('',*,*,#784,.T.);
#784 = EDGE_CURVE('',#785,#785,#787,.T.);
#785 = VERTEX_POINT('',#786);
#786 = CARTESIAN_POINT('',(135.2,-55.,49.));
#787 = SURFACE_CURVE('',#788,(#793,#800),.PCURVE_S1.);
#788 = CIRCLE('',#789,3.2);
#789 = AXIS2_PLACEMENT_3D('',#790,#791,#792);
#790 = CARTESIAN_POINT('',(132.,-55.,49.));
#791 = DIRECTION('',(-0.,-1.,-0.));
#792 = DIRECTION('',(1.,-0.,-0.));
#793 = PCURVE('',#44,#794);
#794 = DEFINITIONAL_REPRESENTATION('',(#795),#799);
#795 = CIRCLE('',#796,3.2);
#796 = AXIS2_PLACEMENT_2D('',#797,#798);
#797 = CARTESIAN_POINT('',(-18.5,132.));
#798 = DIRECTION('',(-0.,1.));
#799 = ( GEOMETRIC_REPRESENTATION_CONTEXT(2) 
PARAMETRIC_REPRESENTATION_CONTEXT() REPRESENTATION_CONTEXT('2D SPACE',''
  ) );
#800 = PCURVE('',#801,#806);
#801 = CYLINDRICAL_SURFACE('',#802,3.2);
#802 = AXIS2_PLACEMENT_3D('',#803,#804,#805);
#803 = CARTESIAN_POINT('',(132.,-54.,49.));
#804 = DIRECTION('',(-0.,1.,-0.));
#805 = DIRECTION('',(1.,-0.,-0.));
#806 = DEFINITIONAL_REPRESENTATION('',(#807),#811);
#807 = LINE('',#808,#809);
#808 = CARTESIAN_POINT('',(-0.,-1.));
#809 = VECTOR('',#810,1.);
#810 = DIRECTION('',(-1.,0.));
#811 = ( GEOMETRIC_REPRESENTATION_CONTEXT(2) 
PARAMETRIC_REPRESENTATION_CONTEXT() REPRESENTATION_CONTEXT('2D SPACE',''
  ) );
#812 = FACE_BOUND('',#813,.T.);
#813 = EDGE_LOOP('',(#814,#844,#872,#900));
#814 = ORIENTED_EDGE('',*,*,#815,.F.);
#815 = EDGE_CURVE('',#816,#818,#820,.T.);
#816 = VERTEX_POINT('',#817);
#817 = CARTESIAN_POINT('',(102.66666666666,-55.,142.));
#818 = VERTEX_POINT('',#819);
#819 = CARTESIAN_POINT('',(118.33333333333,-55.,142.));
#820 = SURFACE_CURVE('',#821,(#825,#832),.PCURVE_S1.);
#821 = LINE('',#822,#823);
#822 = CARTESIAN_POINT('',(51.333333333333,-55.,142.));
#823 = VECTOR('',#824,1.);
#824 = DIRECTION('',(1.,-0.,-0.));
#825 = PCURVE('',#44,#826);
#826 = DEFINITIONAL_REPRESENTATION('',(#827),#831);
#827 = LINE('',#828,#829);
#828 = CARTESIAN_POINT('',(-111.5,51.333333333333));
#829 = VECTOR('',#830,1.);
#830 = DIRECTION('',(-0.,1.));
#831 = ( GEOMETRIC_REPRESENTATION_CONTEXT(2) 
PARAMETRIC_REPRESENTATION_CONTEXT() REPRESENTATION_CONTEXT('2D SPACE',''
  ) );
#832 = PCURVE('',#833,#838);
#833 = PLANE('',#834);
#834 = AXIS2_PLACEMENT_3D('',#835,#836,#837);
#835 = CARTESIAN_POINT('',(102.66666666666,-54.,142.));
#836 = DIRECTION('',(0.,0.,1.));
#837 = DIRECTION('',(-1.,0.,0.));
#838 = DEFINITIONAL_REPRESENTATION('',(#839),#843);
#839 = LINE('',#840,#841);
#840 = CARTESIAN_POINT('',(51.333333333333,1.));
#841 = VECTOR('',#842,1.);
#842 = DIRECTION('',(-1.,-0.));
#843 = ( GEOMETRIC_REPRESENTATION_CONTEXT(2) 
PARAMETRIC_REPRESENTATION_CONTEXT() REPRESENTATION_CONTEXT('2D SPACE',''
  ) );
#844 = ORIENTED_EDGE('',*,*,#845,.T.);
#845 = EDGE_CURVE('',#816,#846,#848,.T.);
#846 = VERTEX_POINT('',#847);
#847 = CARTESIAN_POINT('',(102.66666666666,-55.,44.));
#848 = SURFACE_CURVE('',#849,(#853,#860),.PCURVE_S1.);
#849 = LINE('',#850,#851);
#850 = CARTESIAN_POINT('',(102.66666666666,-55.,37.25));
#851 = VECTOR('',#852,1.);
#852 = DIRECTION('',(-0.,-0.,-1.));
#853 = PCURVE('',#44,#854);
#854 = DEFINITIONAL_REPRESENTATION('',(#855),#859);
#855 = LINE('',#856,#857);
#856 = CARTESIAN_POINT('',(-6.75,102.66666666666));
#857 = VECTOR('',#858,1.);
#858 = DIRECTION('',(1.,-0.));
#859 = ( GEOMETRIC_REPRESENTATION_CONTEXT(2) 
PARAMETRIC_REPRESENTATION_CONTEXT() REPRESENTATION_CONTEXT('2D SPACE',''
  ) );
#860 = PCURVE('',#861,#866);
#861 = PLANE('',#862);
#862 = AXIS2_PLACEMENT_3D('',#863,#864,#865);
#863 = CARTESIAN_POINT('',(102.66666666666,-54.,44.));
#864 = DIRECTION('',(1.,0.,-0.));
#865 = DIRECTION('',(0.,0.,-1.));
#866 = DEFINITIONAL_REPRESENTATION('',(#867),#871);
#867 = LINE('',#868,#869);
#868 = CARTESIAN_POINT('',(6.75,-1.));
#869 = VECTOR('',#870,1.);
#870 = DIRECTION('',(1.,-0.));
#871 = ( GEOMETRIC_REPRESENTATION_CONTEXT(2) 
PARAMETRIC_REPRESENTATION_CONTEXT() REPRESENTATION_CONTEXT('2D SPACE',''
  ) );
#872 = ORIENTED_EDGE('',*,*,#873,.T.);
#873 = EDGE_CURVE('',#846,#874,#876,.T.);
#874 = VERTEX_POINT('',#875);
#875 = CARTESIAN_POINT('',(118.33333333333,-55.,44.));
#876 = SURFACE_CURVE('',#877,(#881,#888),.PCURVE_S1.);
#877 = LINE('',#878,#879);
#878 = CARTESIAN_POINT('',(51.333333333333,-55.,44.));
#879 = VECTOR('',#880,1.);
#880 = DIRECTION('',(1.,-0.,-0.));
#881 = PCURVE('',#44,#882);
#882 = DEFINITIONAL_REPRESENTATION('',(#883),#887);
#883 = LINE('',#884,#885);
#884 = CARTESIAN_POINT('',(-13.5,51.333333333333));
#885 = VECTOR('',#886,1.);
#886 = DIRECTION('',(-0.,1.));
#887 = ( GEOMETRIC_REPRESENTATION_CONTEXT(2) 
PARAMETRIC_REPRESENTATION_CONTEXT() REPRESENTATION_CONTEXT('2D SPACE',''
  ) );
#888 = PCURVE('',#889,#894);
#889 = PLANE('',#890);
#890 = AXIS2_PLACEMENT_3D('',#891,#892,#893);
#891 = CARTESIAN_POINT('',(102.66666666666,-54.,44.));
#892 = DIRECTION('',(0.,0.,1.));
#893 = DIRECTION('',(-1.,0.,0.));
#894 = DEFINITIONAL_REPRESENTATION('',(#895),#899);
#895 = LINE('',#896,#897);
#896 = CARTESIAN_POINT('',(51.333333333333,1.));
#897 = VECTOR('',#898,1.);
#898 = DIRECTION('',(-1.,-0.));
#899 = ( GEOMETRIC_REPRESENTATION_CONTEXT(2) 
PARAMETRIC_REPRESENTATION_CONTEXT() REPRESENTATION_CONTEXT('2D SPACE',''
  ) );
#900 = ORIENTED_EDGE('',*,*,#901,.F.);
#901 = EDGE_CURVE('',#818,#874,#902,.T.);
#902 = SURFACE_CURVE('',#903,(#907,#914),.PCURVE_S1.);
#903 = LINE('',#904,#905);
#904 = CARTESIAN_POINT('',(118.33333333333,-55.,37.25));
#905 = VECTOR('',#906,1.);
#906 = DIRECTION('',(-0.,-0.,-1.));
#907 = PCURVE('',#44,#908);
#908 = DEFINITIONAL_REPRESENTATION('',(#909),#913);
#909 = LINE('',#910,#911);
#910 = CARTESIAN_POINT('',(-6.75,118.33333333333));
#911 = VECTOR('',#912,1.);
#912 = DIRECTION('',(1.,-0.));
#913 = ( GEOMETRIC_REPRESENTATION_CONTEXT(2) 
PARAMETRIC_REPRESENTATION_CONTEXT() REPRESENTATION_CONTEXT('2D SPACE',''
  ) );
#914 = PCURVE('',#915,#920);
#915 = PLANE('',#916);
#916 = AXIS2_PLACEMENT_3D('',#917,#918,#919);
#917 = CARTESIAN_POINT('',(118.33333333333,-54.,44.));
#918 = DIRECTION('',(1.,0.,-0.));
#919 = DIRECTION('',(0.,0.,-1.));
#920 = DEFINITIONAL_REPRESENTATION('',(#921),#925);
#921 = LINE('',#922,#923);
#922 = CARTESIAN_POINT('',(6.75,-1.));
#923 = VECTOR('',#924,1.);
#924 = DIRECTION('',(1.,-0.));
#925 = ( GEOMETRIC_REPRESENTATION_CONTEXT(2) 
PARAMETRIC_REPRESENTATION_CONTEXT() REPRESENTATION_CONTEXT('2D SPACE',''
  ) );
#926 = FACE_BOUND('',#927,.T.);
#927 = EDGE_LOOP('',(#928,#958,#986,#1014));
#928 = ORIENTED_EDGE('',*,*,#929,.T.);
#929 = EDGE_CURVE('',#930,#932,#934,.T.);
#930 = VERTEX_POINT('',#931);
#931 = CARTESIAN_POINT('',(126.33333333333,-55.,60.));
#932 = VERTEX_POINT('',#933);
#933 = CARTESIAN_POINT('',(142.,-55.,60.));
#934 = SURFACE_CURVE('',#935,(#939,#946),.PCURVE_S1.);
#935 = LINE('',#936,#937);
#936 = CARTESIAN_POINT('',(126.33333333333,-55.,60.));
#937 = VECTOR('',#938,1.);
#938 = DIRECTION('',(1.,0.,-0.));
#939 = PCURVE('',#44,#940);
#940 = DEFINITIONAL_REPRESENTATION('',(#941),#945);
#941 = LINE('',#942,#943);
#942 = CARTESIAN_POINT('',(-29.5,126.33333333333));
#943 = VECTOR('',#944,1.);
#944 = DIRECTION('',(-0.,1.));
#945 = ( GEOMETRIC_REPRESENTATION_CONTEXT(2) 
PARAMETRIC_REPRESENTATION_CONTEXT() REPRESENTATION_CONTEXT('2D SPACE',''
  ) );
#946 = PCURVE('',#947,#952);
#947 = PLANE('',#948);
#948 = AXIS2_PLACEMENT_3D('',#949,#950,#951);
#949 = CARTESIAN_POINT('',(126.33333333333,-55.,60.));
#950 = DIRECTION('',(0.,0.,1.));
#951 = DIRECTION('',(-1.,0.,0.));
#952 = DEFINITIONAL_REPRESENTATION('',(#953),#957);
#953 = LINE('',#954,#955);
#954 = CARTESIAN_POINT('',(-0.,-0.));
#955 = VECTOR('',#956,1.);
#956 = DIRECTION('',(-1.,0.));
#957 = ( GEOMETRIC_REPRESENTATION_CONTEXT(2) 
PARAMETRIC_REPRESENTATION_CONTEXT() REPRESENTATION_CONTEXT('2D SPACE',''
  ) );
#958 = ORIENTED_EDGE('',*,*,#959,.F.);
#959 = EDGE_CURVE('',#960,#932,#962,.T.);
#960 = VERTEX_POINT('',#961);
#961 = CARTESIAN_POINT('',(142.,-55.,142.));
#962 = SURFACE_CURVE('',#963,(#967,#974),.PCURVE_S1.);
#963 = LINE('',#964,#965);
#964 = CARTESIAN_POINT('',(142.,-55.,37.25));
#965 = VECTOR('',#966,1.);
#966 = DIRECTION('',(-0.,-0.,-1.));
#967 = PCURVE('',#44,#968);
#968 = DEFINITIONAL_REPRESENTATION('',(#969),#973);
#969 = LINE('',#970,#971);
#970 = CARTESIAN_POINT('',(-6.75,142.));
#971 = VECTOR('',#972,1.);
#972 = DIRECTION('',(1.,-0.));
#973 = ( GEOMETRIC_REPRESENTATION_CONTEXT(2) 
PARAMETRIC_REPRESENTATION_CONTEXT() REPRESENTATION_CONTEXT('2D SPACE',''
  ) );
#974 = PCURVE('',#975,#980);
#975 = PLANE('',#976);
#976 = AXIS2_PLACEMENT_3D('',#977,#978,#979);
#977 = CARTESIAN_POINT('',(142.,-54.,44.));
#978 = DIRECTION('',(1.,0.,-0.));
#979 = DIRECTION('',(0.,0.,-1.));
#980 = DEFINITIONAL_REPRESENTATION('',(#981),#985);
#981 = LINE('',#982,#983);
#982 = CARTESIAN_POINT('',(6.75,-1.));
#983 = VECTOR('',#984,1.);
#984 = DIRECTION('',(1.,-0.));
#985 = ( GEOMETRIC_REPRESENTATION_CONTEXT(2) 
PARAMETRIC_REPRESENTATION_CONTEXT() REPRESENTATION_CONTEXT('2D SPACE',''
  ) );
#986 = ORIENTED_EDGE('',*,*,#987,.F.);
#987 = EDGE_CURVE('',#988,#960,#990,.T.);
#988 = VERTEX_POINT('',#989);
#989 = CARTESIAN_POINT('',(126.33333333333,-55.,142.));
#990 = SURFACE_CURVE('',#991,(#995,#1002),.PCURVE_S1.);
#991 = LINE('',#992,#993);
#992 = CARTESIAN_POINT('',(63.166666666667,-55.,142.));
#993 = VECTOR('',#994,1.);
#994 = DIRECTION('',(1.,-0.,-0.));
#995 = PCURVE('',#44,#996);
#996 = DEFINITIONAL_REPRESENTATION('',(#997),#1001);
#997 = LINE('',#998,#999);
#998 = CARTESIAN_POINT('',(-111.5,63.166666666667));
#999 = VECTOR('',#1000,1.);
#1000 = DIRECTION('',(-0.,1.));
#1001 = ( GEOMETRIC_REPRESENTATION_CONTEXT(2) 
PARAMETRIC_REPRESENTATION_CONTEXT() REPRESENTATION_CONTEXT('2D SPACE',''
  ) );
#1002 = PCURVE('',#1003,#1008);
#1003 = PLANE('',#1004);
#1004 = AXIS2_PLACEMENT_3D('',#1005,#1006,#1007);
#1005 = CARTESIAN_POINT('',(126.33333333333,-54.,142.));
#1006 = DIRECTION('',(0.,0.,1.));
#1007 = DIRECTION('',(-1.,0.,0.));
#1008 = DEFINITIONAL_REPRESENTATION('',(#1009),#1013);
#1009 = LINE('',#1010,#1011);
#1010 = CARTESIAN_POINT('',(63.166666666667,1.));
#1011 = VECTOR('',#1012,1.);
#1012 = DIRECTION('',(-1.,-0.));
#1013 = ( GEOMETRIC_REPRESENTATION_CONTEXT(2) 
PARAMETRIC_REPRESENTATION_CONTEXT() REPRESENTATION_CONTEXT('2D SPACE',''
  ) );
#1014 = ORIENTED_EDGE('',*,*,#1015,.T.);
#1015 = EDGE_CURVE('',#988,#930,#1016,.T.);
#1016 = SURFACE_CURVE('',#1017,(#1021,#1028),.PCURVE_S1.);
#1017 = LINE('',#1018,#1019);
#1018 = CARTESIAN_POINT('',(126.33333333333,-55.,37.25));
#1019 = VECTOR('',#1020,1.);
#1020 = DIRECTION('',(-0.,-0.,-1.));
#1021 = PCURVE('',#44,#1022);
#1022 = DEFINITIONAL_REPRESENTATION('',(#1023),#1027);
#1023 = LINE('',#1024,#1025);
#1024 = CARTESIAN_POINT('',(-6.75,126.33333333333));
#1025 = VECTOR('',#1026,1.);
#1026 = DIRECTION('',(1.,-0.));
#1027 = ( GEOMETRIC_REPRESENTATION_CONTEXT(2) 
PARAMETRIC_REPRESENTATION_CONTEXT() REPRESENTATION_CONTEXT('2D SPACE',''
  ) );
#1028 = PCURVE('',#1029,#1034);
#1029 = PLANE('',#1030);
#1030 = AXIS2_PLACEMENT_3D('',#1031,#1032,#1033);
#1031 = CARTESIAN_POINT('',(126.33333333333,-54.,44.));
#1032 = DIRECTION('',(1.,0.,-0.));
#1033 = DIRECTION('',(0.,0.,-1.));
#1034 = DEFINITIONAL_REPRESENTATION('',(#1035),#1039);
#1035 = LINE('',#1036,#1037);
#1036 = CARTESIAN_POINT('',(6.75,-1.));
#1037 = VECTOR('',#1038,1.);
#1038 = DIRECTION('',(1.,-0.));
#1039 = ( GEOMETRIC_REPRESENTATION_CONTEXT(2) 
PARAMETRIC_REPRESENTATION_CONTEXT() REPRESENTATION_CONTEXT('2D SPACE',''
  ) );
#1040 = FACE_BOUND('',#1041,.T.);
#1041 = EDGE_LOOP('',(#1042));
#1042 = ORIENTED_EDGE('',*,*,#1043,.T.);
#1043 = EDGE_CURVE('',#1044,#1044,#1046,.T.);
#1044 = VERTEX_POINT('',#1045);
#1045 = CARTESIAN_POINT('',(139.7,-55.,148.));
#1046 = SURFACE_CURVE('',#1047,(#1052,#1059),.PCURVE_S1.);
#1047 = CIRCLE('',#1048,1.7);
#1048 = AXIS2_PLACEMENT_3D('',#1049,#1050,#1051);
#1049 = CARTESIAN_POINT('',(138.,-55.,148.));
#1050 = DIRECTION('',(-0.,-1.,-0.));
#1051 = DIRECTION('',(1.,-0.,-0.));
#1052 = PCURVE('',#44,#1053);
#1053 = DEFINITIONAL_REPRESENTATION('',(#1054),#1058);
#1054 = CIRCLE('',#1055,1.7);
#1055 = AXIS2_PLACEMENT_2D('',#1056,#1057);
#1056 = CARTESIAN_POINT('',(-117.5,138.));
#1057 = DIRECTION('',(-0.,1.));
#1058 = ( GEOMETRIC_REPRESENTATION_CONTEXT(2) 
PARAMETRIC_REPRESENTATION_CONTEXT() REPRESENTATION_CONTEXT('2D SPACE',''
  ) );
#1059 = PCURVE('',#1060,#1065);
#1060 = CYLINDRICAL_SURFACE('',#1061,1.7);
#1061 = AXIS2_PLACEMENT_3D('',#1062,#1063,#1064);
#1062 = CARTESIAN_POINT('',(138.,-54.,148.));
#1063 = DIRECTION('',(-0.,1.,-0.));
#1064 = DIRECTION('',(1.,-0.,-0.));
#1065 = DEFINITIONAL_REPRESENTATION('',(#1066),#1070);
#1066 = LINE('',#1067,#1068);
#1067 = CARTESIAN_POINT('',(-0.,-1.));
#1068 = VECTOR('',#1069,1.);
#1069 = DIRECTION('',(-1.,0.));
#1070 = ( GEOMETRIC_REPRESENTATION_CONTEXT(2) 
PARAMETRIC_REPRESENTATION_CONTEXT() REPRESENTATION_CONTEXT('2D SPACE',''
  ) );
#1071 = ADVANCED_FACE('',(#1072),#72,.F.);
#1072 = FACE_BOUND('',#1073,.T.);
#1073 = EDGE_LOOP('',(#1074,#1075,#1076,#1099));
#1074 = ORIENTED_EDGE('',*,*,#56,.F.);
#1075 = ORIENTED_EDGE('',*,*,#283,.T.);
#1076 = ORIENTED_EDGE('',*,*,#1077,.T.);
#1077 = EDGE_CURVE('',#254,#1078,#1080,.T.);
#1078 = VERTEX_POINT('',#1079);
#1079 = CARTESIAN_POINT('',(150.,-61.,30.5));
#1080 = SURFACE_CURVE('',#1081,(#1085,#1092),.PCURVE_S1.);
#1081 = LINE('',#1082,#1083);
#1082 = CARTESIAN_POINT('',(150.,-55.,30.5));
#1083 = VECTOR('',#1084,1.);
#1084 = DIRECTION('',(0.,-1.,0.));
#1085 = PCURVE('',#72,#1086);
#1086 = DEFINITIONAL_REPRESENTATION('',(#1087),#1091);
#1087 = LINE('',#1088,#1089);
#1088 = CARTESIAN_POINT('',(-150.,-0.));
#1089 = VECTOR('',#1090,1.);
#1090 = DIRECTION('',(-0.,1.));
#1091 = ( GEOMETRIC_REPRESENTATION_CONTEXT(2) 
PARAMETRIC_REPRESENTATION_CONTEXT() REPRESENTATION_CONTEXT('2D SPACE',''
  ) );
#1092 = PCURVE('',#271,#1093);
#1093 = DEFINITIONAL_REPRESENTATION('',(#1094),#1098);
#1094 = LINE('',#1095,#1096);
#1095 = CARTESIAN_POINT('',(-0.,0.));
#1096 = VECTOR('',#1097,1.);
#1097 = DIRECTION('',(-0.,-1.));
#1098 = ( GEOMETRIC_REPRESENTATION_CONTEXT(2) 
PARAMETRIC_REPRESENTATION_CONTEXT() REPRESENTATION_CONTEXT('2D SPACE',''
  ) );
#1099 = ORIENTED_EDGE('',*,*,#1100,.F.);
#1100 = EDGE_CURVE('',#57,#1078,#1101,.T.);
#1101 = SURFACE_CURVE('',#1102,(#1106,#1113),.PCURVE_S1.);
#1102 = LINE('',#1103,#1104);
#1103 = CARTESIAN_POINT('',(0.,-61.,30.5));
#1104 = VECTOR('',#1105,1.);
#1105 = DIRECTION('',(1.,0.,-0.));
#1106 = PCURVE('',#72,#1107);
#1107 = DEFINITIONAL_REPRESENTATION('',(#1108),#1112);
#1108 = LINE('',#1109,#1110);
#1109 = CARTESIAN_POINT('',(-0.,6.));
#1110 = VECTOR('',#1111,1.);
#1111 = DIRECTION('',(-1.,0.));
#1112 = ( GEOMETRIC_REPRESENTATION_CONTEXT(2) 
PARAMETRIC_REPRESENTATION_CONTEXT() REPRESENTATION_CONTEXT('2D SPACE',''
  ) );
#1113 = PCURVE('',#100,#1114);
#1114 = DEFINITIONAL_REPRESENTATION('',(#1115),#1119);
#1115 = LINE('',#1116,#1117);
#1116 = CARTESIAN_POINT('',(-0.,0.));
#1117 = VECTOR('',#1118,1.);
#1118 = DIRECTION('',(-0.,1.));
#1119 = ( GEOMETRIC_REPRESENTATION_CONTEXT(2) 
PARAMETRIC_REPRESENTATION_CONTEXT() REPRESENTATION_CONTEXT('2D SPACE',''
  ) );
#1120 = ADVANCED_FACE('',(#1121),#100,.T.);
#1121 = FACE_BOUND('',#1122,.F.);
#1122 = EDGE_LOOP('',(#1123,#1146,#1147,#1148));
#1123 = ORIENTED_EDGE('',*,*,#1124,.F.);
#1124 = EDGE_CURVE('',#1078,#1125,#1127,.T.);
#1125 = VERTEX_POINT('',#1126);
#1126 = CARTESIAN_POINT('',(150.,-61.,32.));
#1127 = SURFACE_CURVE('',#1128,(#1132,#1139),.PCURVE_S1.);
#1128 = LINE('',#1129,#1130);
#1129 = CARTESIAN_POINT('',(150.,-61.,30.5));
#1130 = VECTOR('',#1131,1.);
#1131 = DIRECTION('',(0.,0.,1.));
#1132 = PCURVE('',#100,#1133);
#1133 = DEFINITIONAL_REPRESENTATION('',(#1134),#1138);
#1134 = LINE('',#1135,#1136);
#1135 = CARTESIAN_POINT('',(-0.,150.));
#1136 = VECTOR('',#1137,1.);
#1137 = DIRECTION('',(-1.,0.));
#1138 = ( GEOMETRIC_REPRESENTATION_CONTEXT(2) 
PARAMETRIC_REPRESENTATION_CONTEXT() REPRESENTATION_CONTEXT('2D SPACE',''
  ) );
#1139 = PCURVE('',#271,#1140);
#1140 = DEFINITIONAL_REPRESENTATION('',(#1141),#1145);
#1141 = LINE('',#1142,#1143);
#1142 = CARTESIAN_POINT('',(-0.,-6.));
#1143 = VECTOR('',#1144,1.);
#1144 = DIRECTION('',(-1.,0.));
#1145 = ( GEOMETRIC_REPRESENTATION_CONTEXT(2) 
PARAMETRIC_REPRESENTATION_CONTEXT() REPRESENTATION_CONTEXT('2D SPACE',''
  ) );
#1146 = ORIENTED_EDGE('',*,*,#1100,.F.);
#1147 = ORIENTED_EDGE('',*,*,#84,.T.);
#1148 = ORIENTED_EDGE('',*,*,#1149,.T.);
#1149 = EDGE_CURVE('',#85,#1125,#1150,.T.);
#1150 = SURFACE_CURVE('',#1151,(#1155,#1162),.PCURVE_S1.);
#1151 = LINE('',#1152,#1153);
#1152 = CARTESIAN_POINT('',(0.,-61.,32.));
#1153 = VECTOR('',#1154,1.);
#1154 = DIRECTION('',(1.,-0.,-0.));
#1155 = PCURVE('',#100,#1156);
#1156 = DEFINITIONAL_REPRESENTATION('',(#1157),#1161);
#1157 = LINE('',#1158,#1159);
#1158 = CARTESIAN_POINT('',(-1.5,0.));
#1159 = VECTOR('',#1160,1.);
#1160 = DIRECTION('',(-0.,1.));
#1161 = ( GEOMETRIC_REPRESENTATION_CONTEXT(2) 
PARAMETRIC_REPRESENTATION_CONTEXT() REPRESENTATION_CONTEXT('2D SPACE',''
  ) );
#1162 = PCURVE('',#128,#1163);
#1163 = DEFINITIONAL_REPRESENTATION('',(#1164),#1168);
#1164 = LINE('',#1165,#1166);
#1165 = CARTESIAN_POINT('',(-0.,6.));
#1166 = VECTOR('',#1167,1.);
#1167 = DIRECTION('',(-1.,-0.));
#1168 = ( GEOMETRIC_REPRESENTATION_CONTEXT(2) 
PARAMETRIC_REPRESENTATION_CONTEXT() REPRESENTATION_CONTEXT('2D SPACE',''
  ) );
#1169 = ADVANCED_FACE('',(#1170,#1218,#1249,#1280),#128,.F.);
#1170 = FACE_BOUND('',#1171,.T.);
#1171 = EDGE_LOOP('',(#1172,#1173,#1174,#1197));
#1172 = ORIENTED_EDGE('',*,*,#112,.F.);
#1173 = ORIENTED_EDGE('',*,*,#1149,.T.);
#1174 = ORIENTED_EDGE('',*,*,#1175,.T.);
#1175 = EDGE_CURVE('',#1125,#1176,#1178,.T.);
#1176 = VERTEX_POINT('',#1177);
#1177 = CARTESIAN_POINT('',(150.,-75.,32.));
#1178 = SURFACE_CURVE('',#1179,(#1183,#1190),.PCURVE_S1.);
#1179 = LINE('',#1180,#1181);
#1180 = CARTESIAN_POINT('',(150.,-55.,32.));
#1181 = VECTOR('',#1182,1.);
#1182 = DIRECTION('',(0.,-1.,0.));
#1183 = PCURVE('',#128,#1184);
#1184 = DEFINITIONAL_REPRESENTATION('',(#1185),#1189);
#1185 = LINE('',#1186,#1187);
#1186 = CARTESIAN_POINT('',(-150.,-0.));
#1187 = VECTOR('',#1188,1.);
#1188 = DIRECTION('',(-0.,1.));
#1189 = ( GEOMETRIC_REPRESENTATION_CONTEXT(2) 
PARAMETRIC_REPRESENTATION_CONTEXT() REPRESENTATION_CONTEXT('2D SPACE',''
  ) );
#1190 = PCURVE('',#271,#1191);
#1191 = DEFINITIONAL_REPRESENTATION('',(#1192),#1196);
#1192 = LINE('',#1193,#1194);
#1193 = CARTESIAN_POINT('',(-1.5,0.));
#1194 = VECTOR('',#1195,1.);
#1195 = DIRECTION('',(-0.,-1.));
#1196 = ( GEOMETRIC_REPRESENTATION_CONTEXT(2) 
PARAMETRIC_REPRESENTATION_CONTEXT() REPRESENTATION_CONTEXT('2D SPACE',''
  ) );
#1197 = ORIENTED_EDGE('',*,*,#1198,.F.);
#1198 = EDGE_CURVE('',#113,#1176,#1199,.T.);
#1199 = SURFACE_CURVE('',#1200,(#1204,#1211),.PCURVE_S1.);
#1200 = LINE('',#1201,#1202);
#1201 = CARTESIAN_POINT('',(0.,-75.,32.));
#1202 = VECTOR('',#1203,1.);
#1203 = DIRECTION('',(1.,0.,-0.));
#1204 = PCURVE('',#128,#1205);
#1205 = DEFINITIONAL_REPRESENTATION('',(#1206),#1210);
#1206 = LINE('',#1207,#1208);
#1207 = CARTESIAN_POINT('',(-0.,20.));
#1208 = VECTOR('',#1209,1.);
#1209 = DIRECTION('',(-1.,0.));
#1210 = ( GEOMETRIC_REPRESENTATION_CONTEXT(2) 
PARAMETRIC_REPRESENTATION_CONTEXT() REPRESENTATION_CONTEXT('2D SPACE',''
  ) );
#1211 = PCURVE('',#156,#1212);
#1212 = DEFINITIONAL_REPRESENTATION('',(#1213),#1217);
#1213 = LINE('',#1214,#1215);
#1214 = CARTESIAN_POINT('',(-0.,0.));
#1215 = VECTOR('',#1216,1.);
#1216 = DIRECTION('',(-0.,1.));
#1217 = ( GEOMETRIC_REPRESENTATION_CONTEXT(2) 
PARAMETRIC_REPRESENTATION_CONTEXT() REPRESENTATION_CONTEXT('2D SPACE',''
  ) );
#1218 = FACE_BOUND('',#1219,.T.);
#1219 = EDGE_LOOP('',(#1220));
#1220 = ORIENTED_EDGE('',*,*,#1221,.T.);
#1221 = EDGE_CURVE('',#1222,#1222,#1224,.T.);
#1222 = VERTEX_POINT('',#1223);
#1223 = CARTESIAN_POINT('',(13.8,-68.,32.));
#1224 = SURFACE_CURVE('',#1225,(#1230,#1237),.PCURVE_S1.);
#1225 = CIRCLE('',#1226,1.8);
#1226 = AXIS2_PLACEMENT_3D('',#1227,#1228,#1229);
#1227 = CARTESIAN_POINT('',(12.,-68.,32.));
#1228 = DIRECTION('',(0.,0.,1.));
#1229 = DIRECTION('',(1.,-0.,-0.));
#1230 = PCURVE('',#128,#1231);
#1231 = DEFINITIONAL_REPRESENTATION('',(#1232),#1236);
#1232 = CIRCLE('',#1233,1.8);
#1233 = AXIS2_PLACEMENT_2D('',#1234,#1235);
#1234 = CARTESIAN_POINT('',(-12.,13.));
#1235 = DIRECTION('',(-1.,0.));
#1236 = ( GEOMETRIC_REPRESENTATION_CONTEXT(2) 
PARAMETRIC_REPRESENTATION_CONTEXT() REPRESENTATION_CONTEXT('2D SPACE',''
  ) );
#1237 = PCURVE('',#1238,#1243);
#1238 = CYLINDRICAL_SURFACE('',#1239,1.8);
#1239 = AXIS2_PLACEMENT_3D('',#1240,#1241,#1242);
#1240 = CARTESIAN_POINT('',(12.,-68.,31.));
#1241 = DIRECTION('',(-0.,0.,-1.));
#1242 = DIRECTION('',(1.,-0.,-0.));
#1243 = DEFINITIONAL_REPRESENTATION('',(#1244),#1248);
#1244 = LINE('',#1245,#1246);
#1245 = CARTESIAN_POINT('',(6.28318530718,-1.));
#1246 = VECTOR('',#1247,1.);
#1247 = DIRECTION('',(-1.,0.));
#1248 = ( GEOMETRIC_REPRESENTATION_CONTEXT(2) 
PARAMETRIC_REPRESENTATION_CONTEXT() REPRESENTATION_CONTEXT('2D SPACE',''
  ) );
#1249 = FACE_BOUND('',#1250,.T.);
#1250 = EDGE_LOOP('',(#1251));
#1251 = ORIENTED_EDGE('',*,*,#1252,.T.);
#1252 = EDGE_CURVE('',#1253,#1253,#1255,.T.);
#1253 = VERTEX_POINT('',#1254);
#1254 = CARTESIAN_POINT('',(76.8,-68.,32.));
#1255 = SURFACE_CURVE('',#1256,(#1261,#1268),.PCURVE_S1.);
#1256 = CIRCLE('',#1257,1.8);
#1257 = AXIS2_PLACEMENT_3D('',#1258,#1259,#1260);
#1258 = CARTESIAN_POINT('',(75.,-68.,32.));
#1259 = DIRECTION('',(0.,0.,1.));
#1260 = DIRECTION('',(1.,-0.,-0.));
#1261 = PCURVE('',#128,#1262);
#1262 = DEFINITIONAL_REPRESENTATION('',(#1263),#1267);
#1263 = CIRCLE('',#1264,1.8);
#1264 = AXIS2_PLACEMENT_2D('',#1265,#1266);
#1265 = CARTESIAN_POINT('',(-75.,13.));
#1266 = DIRECTION('',(-1.,0.));
#1267 = ( GEOMETRIC_REPRESENTATION_CONTEXT(2) 
PARAMETRIC_REPRESENTATION_CONTEXT() REPRESENTATION_CONTEXT('2D SPACE',''
  ) );
#1268 = PCURVE('',#1269,#1274);
#1269 = CYLINDRICAL_SURFACE('',#1270,1.8);
#1270 = AXIS2_PLACEMENT_3D('',#1271,#1272,#1273);
#1271 = CARTESIAN_POINT('',(75.,-68.,31.));
#1272 = DIRECTION('',(-0.,0.,-1.));
#1273 = DIRECTION('',(1.,-0.,-0.));
#1274 = DEFINITIONAL_REPRESENTATION('',(#1275),#1279);
#1275 = LINE('',#1276,#1277);
#1276 = CARTESIAN_POINT('',(6.28318530718,-1.));
#1277 = VECTOR('',#1278,1.);
#1278 = DIRECTION('',(-1.,0.));
#1279 = ( GEOMETRIC_REPRESENTATION_CONTEXT(2) 
PARAMETRIC_REPRESENTATION_CONTEXT() REPRESENTATION_CONTEXT('2D SPACE',''
  ) );
#1280 = FACE_BOUND('',#1281,.T.);
#1281 = EDGE_LOOP('',(#1282));
#1282 = ORIENTED_EDGE('',*,*,#1283,.T.);
#1283 = EDGE_CURVE('',#1284,#1284,#1286,.T.);
#1284 = VERTEX_POINT('',#1285);
#1285 = CARTESIAN_POINT('',(139.8,-68.,32.));
#1286 = SURFACE_CURVE('',#1287,(#1292,#1299),.PCURVE_S1.);
#1287 = CIRCLE('',#1288,1.8);
#1288 = AXIS2_PLACEMENT_3D('',#1289,#1290,#1291);
#1289 = CARTESIAN_POINT('',(138.,-68.,32.));
#1290 = DIRECTION('',(0.,0.,1.));
#1291 = DIRECTION('',(1.,-0.,-0.));
#1292 = PCURVE('',#128,#1293);
#1293 = DEFINITIONAL_REPRESENTATION('',(#1294),#1298);
#1294 = CIRCLE('',#1295,1.8);
#1295 = AXIS2_PLACEMENT_2D('',#1296,#1297);
#1296 = CARTESIAN_POINT('',(-138.,13.));
#1297 = DIRECTION('',(-1.,0.));
#1298 = ( GEOMETRIC_REPRESENTATION_CONTEXT(2) 
PARAMETRIC_REPRESENTATION_CONTEXT() REPRESENTATION_CONTEXT('2D SPACE',''
  ) );
#1299 = PCURVE('',#1300,#1305);
#1300 = CYLINDRICAL_SURFACE('',#1301,1.8);
#1301 = AXIS2_PLACEMENT_3D('',#1302,#1303,#1304);
#1302 = CARTESIAN_POINT('',(138.,-68.,31.));
#1303 = DIRECTION('',(-0.,0.,-1.));
#1304 = DIRECTION('',(1.,-0.,-0.));
#1305 = DEFINITIONAL_REPRESENTATION('',(#1306),#1310);
#1306 = LINE('',#1307,#1308);
#1307 = CARTESIAN_POINT('',(6.28318530718,-1.));
#1308 = VECTOR('',#1309,1.);
#1309 = DIRECTION('',(-1.,0.));
#1310 = ( GEOMETRIC_REPRESENTATION_CONTEXT(2) 
PARAMETRIC_REPRESENTATION_CONTEXT() REPRESENTATION_CONTEXT('2D SPACE',''
  ) );
#1311 = ADVANCED_FACE('',(#1312),#156,.T.);
#1312 = FACE_BOUND('',#1313,.F.);
#1313 = EDGE_LOOP('',(#1314,#1315,#1316,#1339));
#1314 = ORIENTED_EDGE('',*,*,#1198,.F.);
#1315 = ORIENTED_EDGE('',*,*,#140,.T.);
#1316 = ORIENTED_EDGE('',*,*,#1317,.T.);
#1317 = EDGE_CURVE('',#141,#1318,#1320,.T.);
#1318 = VERTEX_POINT('',#1319);
#1319 = CARTESIAN_POINT('',(150.,-75.,36.));
#1320 = SURFACE_CURVE('',#1321,(#1325,#1332),.PCURVE_S1.);
#1321 = LINE('',#1322,#1323);
#1322 = CARTESIAN_POINT('',(0.,-75.,36.));
#1323 = VECTOR('',#1324,1.);
#1324 = DIRECTION('',(1.,0.,-0.));
#1325 = PCURVE('',#156,#1326);
#1326 = DEFINITIONAL_REPRESENTATION('',(#1327),#1331);
#1327 = LINE('',#1328,#1329);
#1328 = CARTESIAN_POINT('',(-4.,0.));
#1329 = VECTOR('',#1330,1.);
#1330 = DIRECTION('',(-0.,1.));
#1331 = ( GEOMETRIC_REPRESENTATION_CONTEXT(2) 
PARAMETRIC_REPRESENTATION_CONTEXT() REPRESENTATION_CONTEXT('2D SPACE',''
  ) );
#1332 = PCURVE('',#184,#1333);
#1333 = DEFINITIONAL_REPRESENTATION('',(#1334),#1338);
#1334 = LINE('',#1335,#1336);
#1335 = CARTESIAN_POINT('',(-0.,20.));
#1336 = VECTOR('',#1337,1.);
#1337 = DIRECTION('',(-1.,0.));
#1338 = ( GEOMETRIC_REPRESENTATION_CONTEXT(2) 
PARAMETRIC_REPRESENTATION_CONTEXT() REPRESENTATION_CONTEXT('2D SPACE',''
  ) );
#1339 = ORIENTED_EDGE('',*,*,#1340,.F.);
#1340 = EDGE_CURVE('',#1176,#1318,#1341,.T.);
#1341 = SURFACE_CURVE('',#1342,(#1346,#1353),.PCURVE_S1.);
#1342 = LINE('',#1343,#1344);
#1343 = CARTESIAN_POINT('',(150.,-75.,32.));
#1344 = VECTOR('',#1345,1.);
#1345 = DIRECTION('',(0.,0.,1.));
#1346 = PCURVE('',#156,#1347);
#1347 = DEFINITIONAL_REPRESENTATION('',(#1348),#1352);
#1348 = LINE('',#1349,#1350);
#1349 = CARTESIAN_POINT('',(-0.,150.));
#1350 = VECTOR('',#1351,1.);
#1351 = DIRECTION('',(-1.,0.));
#1352 = ( GEOMETRIC_REPRESENTATION_CONTEXT(2) 
PARAMETRIC_REPRESENTATION_CONTEXT() REPRESENTATION_CONTEXT('2D SPACE',''
  ) );
#1353 = PCURVE('',#271,#1354);
#1354 = DEFINITIONAL_REPRESENTATION('',(#1355),#1359);
#1355 = LINE('',#1356,#1357);
#1356 = CARTESIAN_POINT('',(-1.5,-20.));
#1357 = VECTOR('',#1358,1.);
#1358 = DIRECTION('',(-1.,0.));
#1359 = ( GEOMETRIC_REPRESENTATION_CONTEXT(2) 
PARAMETRIC_REPRESENTATION_CONTEXT() REPRESENTATION_CONTEXT('2D SPACE',''
  ) );
#1360 = ADVANCED_FACE('',(#1361,#1409,#1435,#1461),#184,.T.);
#1361 = FACE_BOUND('',#1362,.F.);
#1362 = EDGE_LOOP('',(#1363,#1364,#1387,#1408));
#1363 = ORIENTED_EDGE('',*,*,#168,.F.);
#1364 = ORIENTED_EDGE('',*,*,#1365,.T.);
#1365 = EDGE_CURVE('',#169,#1366,#1368,.T.);
#1366 = VERTEX_POINT('',#1367);
#1367 = CARTESIAN_POINT('',(150.,-61.,36.));
#1368 = SURFACE_CURVE('',#1369,(#1373,#1380),.PCURVE_S1.);
#1369 = LINE('',#1370,#1371);
#1370 = CARTESIAN_POINT('',(0.,-61.,36.));
#1371 = VECTOR('',#1372,1.);
#1372 = DIRECTION('',(1.,-0.,-0.));
#1373 = PCURVE('',#184,#1374);
#1374 = DEFINITIONAL_REPRESENTATION('',(#1375),#1379);
#1375 = LINE('',#1376,#1377);
#1376 = CARTESIAN_POINT('',(-0.,6.));
#1377 = VECTOR('',#1378,1.);
#1378 = DIRECTION('',(-1.,-0.));
#1379 = ( GEOMETRIC_REPRESENTATION_CONTEXT(2) 
PARAMETRIC_REPRESENTATION_CONTEXT() REPRESENTATION_CONTEXT('2D SPACE',''
  ) );
#1380 = PCURVE('',#212,#1381);
#1381 = DEFINITIONAL_REPRESENTATION('',(#1382),#1386);
#1382 = LINE('',#1383,#1384);
#1383 = CARTESIAN_POINT('',(-5.5,0.));
#1384 = VECTOR('',#1385,1.);
#1385 = DIRECTION('',(-0.,1.));
#1386 = ( GEOMETRIC_REPRESENTATION_CONTEXT(2) 
PARAMETRIC_REPRESENTATION_CONTEXT() REPRESENTATION_CONTEXT('2D SPACE',''
  ) );
#1387 = ORIENTED_EDGE('',*,*,#1388,.T.);
#1388 = EDGE_CURVE('',#1366,#1318,#1389,.T.);
#1389 = SURFACE_CURVE('',#1390,(#1394,#1401),.PCURVE_S1.);
#1390 = LINE('',#1391,#1392);
#1391 = CARTESIAN_POINT('',(150.,-55.,36.));
#1392 = VECTOR('',#1393,1.);
#1393 = DIRECTION('',(0.,-1.,0.));
#1394 = PCURVE('',#184,#1395);
#1395 = DEFINITIONAL_REPRESENTATION('',(#1396),#1400);
#1396 = LINE('',#1397,#1398);
#1397 = CARTESIAN_POINT('',(-150.,-0.));
#1398 = VECTOR('',#1399,1.);
#1399 = DIRECTION('',(-0.,1.));
#1400 = ( GEOMETRIC_REPRESENTATION_CONTEXT(2) 
PARAMETRIC_REPRESENTATION_CONTEXT() REPRESENTATION_CONTEXT('2D SPACE',''
  ) );
#1401 = PCURVE('',#271,#1402);
#1402 = DEFINITIONAL_REPRESENTATION('',(#1403),#1407);
#1403 = LINE('',#1404,#1405);
#1404 = CARTESIAN_POINT('',(-5.5,0.));
#1405 = VECTOR('',#1406,1.);
#1406 = DIRECTION('',(-0.,-1.));
#1407 = ( GEOMETRIC_REPRESENTATION_CONTEXT(2) 
PARAMETRIC_REPRESENTATION_CONTEXT() REPRESENTATION_CONTEXT('2D SPACE',''
  ) );
#1408 = ORIENTED_EDGE('',*,*,#1317,.F.);
#1409 = FACE_BOUND('',#1410,.F.);
#1410 = EDGE_LOOP('',(#1411));
#1411 = ORIENTED_EDGE('',*,*,#1412,.T.);
#1412 = EDGE_CURVE('',#1413,#1413,#1415,.T.);
#1413 = VERTEX_POINT('',#1414);
#1414 = CARTESIAN_POINT('',(13.8,-68.,36.));
#1415 = SURFACE_CURVE('',#1416,(#1421,#1428),.PCURVE_S1.);
#1416 = CIRCLE('',#1417,1.8);
#1417 = AXIS2_PLACEMENT_3D('',#1418,#1419,#1420);
#1418 = CARTESIAN_POINT('',(12.,-68.,36.));
#1419 = DIRECTION('',(0.,0.,1.));
#1420 = DIRECTION('',(1.,-0.,-0.));
#1421 = PCURVE('',#184,#1422);
#1422 = DEFINITIONAL_REPRESENTATION('',(#1423),#1427);
#1423 = CIRCLE('',#1424,1.8);
#1424 = AXIS2_PLACEMENT_2D('',#1425,#1426);
#1425 = CARTESIAN_POINT('',(-12.,13.));
#1426 = DIRECTION('',(-1.,0.));
#1427 = ( GEOMETRIC_REPRESENTATION_CONTEXT(2) 
PARAMETRIC_REPRESENTATION_CONTEXT() REPRESENTATION_CONTEXT('2D SPACE',''
  ) );
#1428 = PCURVE('',#1238,#1429);
#1429 = DEFINITIONAL_REPRESENTATION('',(#1430),#1434);
#1430 = LINE('',#1431,#1432);
#1431 = CARTESIAN_POINT('',(6.28318530718,-5.));
#1432 = VECTOR('',#1433,1.);
#1433 = DIRECTION('',(-1.,0.));
#1434 = ( GEOMETRIC_REPRESENTATION_CONTEXT(2) 
PARAMETRIC_REPRESENTATION_CONTEXT() REPRESENTATION_CONTEXT('2D SPACE',''
  ) );
#1435 = FACE_BOUND('',#1436,.F.);
#1436 = EDGE_LOOP('',(#1437));
#1437 = ORIENTED_EDGE('',*,*,#1438,.T.);
#1438 = EDGE_CURVE('',#1439,#1439,#1441,.T.);
#1439 = VERTEX_POINT('',#1440);
#1440 = CARTESIAN_POINT('',(76.8,-68.,36.));
#1441 = SURFACE_CURVE('',#1442,(#1447,#1454),.PCURVE_S1.);
#1442 = CIRCLE('',#1443,1.8);
#1443 = AXIS2_PLACEMENT_3D('',#1444,#1445,#1446);
#1444 = CARTESIAN_POINT('',(75.,-68.,36.));
#1445 = DIRECTION('',(0.,0.,1.));
#1446 = DIRECTION('',(1.,-0.,-0.));
#1447 = PCURVE('',#184,#1448);
#1448 = DEFINITIONAL_REPRESENTATION('',(#1449),#1453);
#1449 = CIRCLE('',#1450,1.8);
#1450 = AXIS2_PLACEMENT_2D('',#1451,#1452);
#1451 = CARTESIAN_POINT('',(-75.,13.));
#1452 = DIRECTION('',(-1.,0.));
#1453 = ( GEOMETRIC_REPRESENTATION_CONTEXT(2) 
PARAMETRIC_REPRESENTATION_CONTEXT() REPRESENTATION_CONTEXT('2D SPACE',''
  ) );
#1454 = PCURVE('',#1269,#1455);
#1455 = DEFINITIONAL_REPRESENTATION('',(#1456),#1460);
#1456 = LINE('',#1457,#1458);
#1457 = CARTESIAN_POINT('',(6.28318530718,-5.));
#1458 = VECTOR('',#1459,1.);
#1459 = DIRECTION('',(-1.,0.));
#1460 = ( GEOMETRIC_REPRESENTATION_CONTEXT(2) 
PARAMETRIC_REPRESENTATION_CONTEXT() REPRESENTATION_CONTEXT('2D SPACE',''
  ) );
#1461 = FACE_BOUND('',#1462,.F.);
#1462 = EDGE_LOOP('',(#1463));
#1463 = ORIENTED_EDGE('',*,*,#1464,.T.);
#1464 = EDGE_CURVE('',#1465,#1465,#1467,.T.);
#1465 = VERTEX_POINT('',#1466);
#1466 = CARTESIAN_POINT('',(139.8,-68.,36.));
#1467 = SURFACE_CURVE('',#1468,(#1473,#1480),.PCURVE_S1.);
#1468 = CIRCLE('',#1469,1.8);
#1469 = AXIS2_PLACEMENT_3D('',#1470,#1471,#1472);
#1470 = CARTESIAN_POINT('',(138.,-68.,36.));
#1471 = DIRECTION('',(0.,0.,1.));
#1472 = DIRECTION('',(1.,-0.,-0.));
#1473 = PCURVE('',#184,#1474);
#1474 = DEFINITIONAL_REPRESENTATION('',(#1475),#1479);
#1475 = CIRCLE('',#1476,1.8);
#1476 = AXIS2_PLACEMENT_2D('',#1477,#1478);
#1477 = CARTESIAN_POINT('',(-138.,13.));
#1478 = DIRECTION('',(-1.,0.));
#1479 = ( GEOMETRIC_REPRESENTATION_CONTEXT(2) 
PARAMETRIC_REPRESENTATION_CONTEXT() REPRESENTATION_CONTEXT('2D SPACE',''
  ) );
#1480 = PCURVE('',#1300,#1481);
#1481 = DEFINITIONAL_REPRESENTATION('',(#1482),#1486);
#1482 = LINE('',#1483,#1484);
#1483 = CARTESIAN_POINT('',(6.28318530718,-5.));
#1484 = VECTOR('',#1485,1.);
#1485 = DIRECTION('',(-1.,0.));
#1486 = ( GEOMETRIC_REPRESENTATION_CONTEXT(2) 
PARAMETRIC_REPRESENTATION_CONTEXT() REPRESENTATION_CONTEXT('2D SPACE',''
  ) );
#1487 = ADVANCED_FACE('',(#1488,#1536,#1630,#1724,#1818,#1912,#1938,
    #2032,#2126),#212,.T.);
#1488 = FACE_BOUND('',#1489,.F.);
#1489 = EDGE_LOOP('',(#1490,#1513,#1514,#1515));
#1490 = ORIENTED_EDGE('',*,*,#1491,.F.);
#1491 = EDGE_CURVE('',#1366,#1492,#1494,.T.);
#1492 = VERTEX_POINT('',#1493);
#1493 = CARTESIAN_POINT('',(150.,-61.,152.));
#1494 = SURFACE_CURVE('',#1495,(#1499,#1506),.PCURVE_S1.);
#1495 = LINE('',#1496,#1497);
#1496 = CARTESIAN_POINT('',(150.,-61.,30.5));
#1497 = VECTOR('',#1498,1.);
#1498 = DIRECTION('',(0.,0.,1.));
#1499 = PCURVE('',#212,#1500);
#1500 = DEFINITIONAL_REPRESENTATION('',(#1501),#1505);
#1501 = LINE('',#1502,#1503);
#1502 = CARTESIAN_POINT('',(-0.,150.));
#1503 = VECTOR('',#1504,1.);
#1504 = DIRECTION('',(-1.,0.));
#1505 = ( GEOMETRIC_REPRESENTATION_CONTEXT(2) 
PARAMETRIC_REPRESENTATION_CONTEXT() REPRESENTATION_CONTEXT('2D SPACE',''
  ) );
#1506 = PCURVE('',#271,#1507);
#1507 = DEFINITIONAL_REPRESENTATION('',(#1508),#1512);
#1508 = LINE('',#1509,#1510);
#1509 = CARTESIAN_POINT('',(-0.,-6.));
#1510 = VECTOR('',#1511,1.);
#1511 = DIRECTION('',(-1.,0.));
#1512 = ( GEOMETRIC_REPRESENTATION_CONTEXT(2) 
PARAMETRIC_REPRESENTATION_CONTEXT() REPRESENTATION_CONTEXT('2D SPACE',''
  ) );
#1513 = ORIENTED_EDGE('',*,*,#1365,.F.);
#1514 = ORIENTED_EDGE('',*,*,#196,.T.);
#1515 = ORIENTED_EDGE('',*,*,#1516,.T.);
#1516 = EDGE_CURVE('',#197,#1492,#1517,.T.);
#1517 = SURFACE_CURVE('',#1518,(#1522,#1529),.PCURVE_S1.);
#1518 = LINE('',#1519,#1520);
#1519 = CARTESIAN_POINT('',(0.,-61.,152.));
#1520 = VECTOR('',#1521,1.);
#1521 = DIRECTION('',(1.,0.,-0.));
#1522 = PCURVE('',#212,#1523);
#1523 = DEFINITIONAL_REPRESENTATION('',(#1524),#1528);
#1524 = LINE('',#1525,#1526);
#1525 = CARTESIAN_POINT('',(-121.5,0.));
#1526 = VECTOR('',#1527,1.);
#1527 = DIRECTION('',(-0.,1.));
#1528 = ( GEOMETRIC_REPRESENTATION_CONTEXT(2) 
PARAMETRIC_REPRESENTATION_CONTEXT() REPRESENTATION_CONTEXT('2D SPACE',''
  ) );
#1529 = PCURVE('',#238,#1530);
#1530 = DEFINITIONAL_REPRESENTATION('',(#1531),#1535);
#1531 = LINE('',#1532,#1533);
#1532 = CARTESIAN_POINT('',(-0.,6.));
#1533 = VECTOR('',#1534,1.);
#1534 = DIRECTION('',(-1.,0.));
#1535 = ( GEOMETRIC_REPRESENTATION_CONTEXT(2) 
PARAMETRIC_REPRESENTATION_CONTEXT() REPRESENTATION_CONTEXT('2D SPACE',''
  ) );
#1536 = FACE_BOUND('',#1537,.F.);
#1537 = EDGE_LOOP('',(#1538,#1563,#1586,#1609));
#1538 = ORIENTED_EDGE('',*,*,#1539,.F.);
#1539 = EDGE_CURVE('',#1540,#1542,#1544,.T.);
#1540 = VERTEX_POINT('',#1541);
#1541 = CARTESIAN_POINT('',(8.,-61.,142.));
#1542 = VERTEX_POINT('',#1543);
#1543 = CARTESIAN_POINT('',(23.666666666667,-61.,142.));
#1544 = SURFACE_CURVE('',#1545,(#1549,#1556),.PCURVE_S1.);
#1545 = LINE('',#1546,#1547);
#1546 = CARTESIAN_POINT('',(4.,-61.,142.));
#1547 = VECTOR('',#1548,1.);
#1548 = DIRECTION('',(1.,-0.,-0.));
#1549 = PCURVE('',#212,#1550);
#1550 = DEFINITIONAL_REPRESENTATION('',(#1551),#1555);
#1551 = LINE('',#1552,#1553);
#1552 = CARTESIAN_POINT('',(-111.5,4.));
#1553 = VECTOR('',#1554,1.);
#1554 = DIRECTION('',(-0.,1.));
#1555 = ( GEOMETRIC_REPRESENTATION_CONTEXT(2) 
PARAMETRIC_REPRESENTATION_CONTEXT() REPRESENTATION_CONTEXT('2D SPACE',''
  ) );
#1556 = PCURVE('',#346,#1557);
#1557 = DEFINITIONAL_REPRESENTATION('',(#1558),#1562);
#1558 = LINE('',#1559,#1560);
#1559 = CARTESIAN_POINT('',(4.,7.));
#1560 = VECTOR('',#1561,1.);
#1561 = DIRECTION('',(-1.,-0.));
#1562 = ( GEOMETRIC_REPRESENTATION_CONTEXT(2) 
PARAMETRIC_REPRESENTATION_CONTEXT() REPRESENTATION_CONTEXT('2D SPACE',''
  ) );
#1563 = ORIENTED_EDGE('',*,*,#1564,.T.);
#1564 = EDGE_CURVE('',#1540,#1565,#1567,.T.);
#1565 = VERTEX_POINT('',#1566);
#1566 = CARTESIAN_POINT('',(8.,-61.,44.));
#1567 = SURFACE_CURVE('',#1568,(#1572,#1579),.PCURVE_S1.);
#1568 = LINE('',#1569,#1570);
#1569 = CARTESIAN_POINT('',(8.,-61.,37.25));
#1570 = VECTOR('',#1571,1.);
#1571 = DIRECTION('',(-0.,-0.,-1.));
#1572 = PCURVE('',#212,#1573);
#1573 = DEFINITIONAL_REPRESENTATION('',(#1574),#1578);
#1574 = LINE('',#1575,#1576);
#1575 = CARTESIAN_POINT('',(-6.75,8.));
#1576 = VECTOR('',#1577,1.);
#1577 = DIRECTION('',(1.,-0.));
#1578 = ( GEOMETRIC_REPRESENTATION_CONTEXT(2) 
PARAMETRIC_REPRESENTATION_CONTEXT() REPRESENTATION_CONTEXT('2D SPACE',''
  ) );
#1579 = PCURVE('',#374,#1580);
#1580 = DEFINITIONAL_REPRESENTATION('',(#1581),#1585);
#1581 = LINE('',#1582,#1583);
#1582 = CARTESIAN_POINT('',(6.75,-7.));
#1583 = VECTOR('',#1584,1.);
#1584 = DIRECTION('',(1.,-0.));
#1585 = ( GEOMETRIC_REPRESENTATION_CONTEXT(2) 
PARAMETRIC_REPRESENTATION_CONTEXT() REPRESENTATION_CONTEXT('2D SPACE',''
  ) );
#1586 = ORIENTED_EDGE('',*,*,#1587,.T.);
#1587 = EDGE_CURVE('',#1565,#1588,#1590,.T.);
#1588 = VERTEX_POINT('',#1589);
#1589 = CARTESIAN_POINT('',(23.666666666667,-61.,44.));
#1590 = SURFACE_CURVE('',#1591,(#1595,#1602),.PCURVE_S1.);
#1591 = LINE('',#1592,#1593);
#1592 = CARTESIAN_POINT('',(4.,-61.,44.));
#1593 = VECTOR('',#1594,1.);
#1594 = DIRECTION('',(1.,-0.,-0.));
#1595 = PCURVE('',#212,#1596);
#1596 = DEFINITIONAL_REPRESENTATION('',(#1597),#1601);
#1597 = LINE('',#1598,#1599);
#1598 = CARTESIAN_POINT('',(-13.5,4.));
#1599 = VECTOR('',#1600,1.);
#1600 = DIRECTION('',(-0.,1.));
#1601 = ( GEOMETRIC_REPRESENTATION_CONTEXT(2) 
PARAMETRIC_REPRESENTATION_CONTEXT() REPRESENTATION_CONTEXT('2D SPACE',''
  ) );
#1602 = PCURVE('',#402,#1603);
#1603 = DEFINITIONAL_REPRESENTATION('',(#1604),#1608);
#1604 = LINE('',#1605,#1606);
#1605 = CARTESIAN_POINT('',(4.,7.));
#1606 = VECTOR('',#1607,1.);
#1607 = DIRECTION('',(-1.,-0.));
#1608 = ( GEOMETRIC_REPRESENTATION_CONTEXT(2) 
PARAMETRIC_REPRESENTATION_CONTEXT() REPRESENTATION_CONTEXT('2D SPACE',''
  ) );
#1609 = ORIENTED_EDGE('',*,*,#1610,.F.);
#1610 = EDGE_CURVE('',#1542,#1588,#1611,.T.);
#1611 = SURFACE_CURVE('',#1612,(#1616,#1623),.PCURVE_S1.);
#1612 = LINE('',#1613,#1614);
#1613 = CARTESIAN_POINT('',(23.666666666667,-61.,37.25));
#1614 = VECTOR('',#1615,1.);
#1615 = DIRECTION('',(-0.,-0.,-1.));
#1616 = PCURVE('',#212,#1617);
#1617 = DEFINITIONAL_REPRESENTATION('',(#1618),#1622);
#1618 = LINE('',#1619,#1620);
#1619 = CARTESIAN_POINT('',(-6.75,23.666666666667));
#1620 = VECTOR('',#1621,1.);
#1621 = DIRECTION('',(1.,-0.));
#1622 = ( GEOMETRIC_REPRESENTATION_CONTEXT(2) 
PARAMETRIC_REPRESENTATION_CONTEXT() REPRESENTATION_CONTEXT('2D SPACE',''
  ) );
#1623 = PCURVE('',#428,#1624);
#1624 = DEFINITIONAL_REPRESENTATION('',(#1625),#1629);
#1625 = LINE('',#1626,#1627);
#1626 = CARTESIAN_POINT('',(6.75,-7.));
#1627 = VECTOR('',#1628,1.);
#1628 = DIRECTION('',(1.,-0.));
#1629 = ( GEOMETRIC_REPRESENTATION_CONTEXT(2) 
PARAMETRIC_REPRESENTATION_CONTEXT() REPRESENTATION_CONTEXT('2D SPACE',''
  ) );
#1630 = FACE_BOUND('',#1631,.F.);
#1631 = EDGE_LOOP('',(#1632,#1657,#1680,#1703));
#1632 = ORIENTED_EDGE('',*,*,#1633,.F.);
#1633 = EDGE_CURVE('',#1634,#1636,#1638,.T.);
#1634 = VERTEX_POINT('',#1635);
#1635 = CARTESIAN_POINT('',(31.666666666667,-61.,142.));
#1636 = VERTEX_POINT('',#1637);
#1637 = CARTESIAN_POINT('',(47.333333333333,-61.,142.));
#1638 = SURFACE_CURVE('',#1639,(#1643,#1650),.PCURVE_S1.);
#1639 = LINE('',#1640,#1641);
#1640 = CARTESIAN_POINT('',(15.833333333333,-61.,142.));
#1641 = VECTOR('',#1642,1.);
#1642 = DIRECTION('',(1.,-0.,-0.));
#1643 = PCURVE('',#212,#1644);
#1644 = DEFINITIONAL_REPRESENTATION('',(#1645),#1649);
#1645 = LINE('',#1646,#1647);
#1646 = CARTESIAN_POINT('',(-111.5,15.833333333333));
#1647 = VECTOR('',#1648,1.);
#1648 = DIRECTION('',(-0.,1.));
#1649 = ( GEOMETRIC_REPRESENTATION_CONTEXT(2) 
PARAMETRIC_REPRESENTATION_CONTEXT() REPRESENTATION_CONTEXT('2D SPACE',''
  ) );
#1650 = PCURVE('',#460,#1651);
#1651 = DEFINITIONAL_REPRESENTATION('',(#1652),#1656);
#1652 = LINE('',#1653,#1654);
#1653 = CARTESIAN_POINT('',(15.833333333333,7.));
#1654 = VECTOR('',#1655,1.);
#1655 = DIRECTION('',(-1.,-0.));
#1656 = ( GEOMETRIC_REPRESENTATION_CONTEXT(2) 
PARAMETRIC_REPRESENTATION_CONTEXT() REPRESENTATION_CONTEXT('2D SPACE',''
  ) );
#1657 = ORIENTED_EDGE('',*,*,#1658,.T.);
#1658 = EDGE_CURVE('',#1634,#1659,#1661,.T.);
#1659 = VERTEX_POINT('',#1660);
#1660 = CARTESIAN_POINT('',(31.666666666667,-61.,44.));
#1661 = SURFACE_CURVE('',#1662,(#1666,#1673),.PCURVE_S1.);
#1662 = LINE('',#1663,#1664);
#1663 = CARTESIAN_POINT('',(31.666666666667,-61.,37.25));
#1664 = VECTOR('',#1665,1.);
#1665 = DIRECTION('',(-0.,-0.,-1.));
#1666 = PCURVE('',#212,#1667);
#1667 = DEFINITIONAL_REPRESENTATION('',(#1668),#1672);
#1668 = LINE('',#1669,#1670);
#1669 = CARTESIAN_POINT('',(-6.75,31.666666666667));
#1670 = VECTOR('',#1671,1.);
#1671 = DIRECTION('',(1.,-0.));
#1672 = ( GEOMETRIC_REPRESENTATION_CONTEXT(2) 
PARAMETRIC_REPRESENTATION_CONTEXT() REPRESENTATION_CONTEXT('2D SPACE',''
  ) );
#1673 = PCURVE('',#488,#1674);
#1674 = DEFINITIONAL_REPRESENTATION('',(#1675),#1679);
#1675 = LINE('',#1676,#1677);
#1676 = CARTESIAN_POINT('',(6.75,-7.));
#1677 = VECTOR('',#1678,1.);
#1678 = DIRECTION('',(1.,-0.));
#1679 = ( GEOMETRIC_REPRESENTATION_CONTEXT(2) 
PARAMETRIC_REPRESENTATION_CONTEXT() REPRESENTATION_CONTEXT('2D SPACE',''
  ) );
#1680 = ORIENTED_EDGE('',*,*,#1681,.T.);
#1681 = EDGE_CURVE('',#1659,#1682,#1684,.T.);
#1682 = VERTEX_POINT('',#1683);
#1683 = CARTESIAN_POINT('',(47.333333333333,-61.,44.));
#1684 = SURFACE_CURVE('',#1685,(#1689,#1696),.PCURVE_S1.);
#1685 = LINE('',#1686,#1687);
#1686 = CARTESIAN_POINT('',(15.833333333333,-61.,44.));
#1687 = VECTOR('',#1688,1.);
#1688 = DIRECTION('',(1.,-0.,-0.));
#1689 = PCURVE('',#212,#1690);
#1690 = DEFINITIONAL_REPRESENTATION('',(#1691),#1695);
#1691 = LINE('',#1692,#1693);
#1692 = CARTESIAN_POINT('',(-13.5,15.833333333333));
#1693 = VECTOR('',#1694,1.);
#1694 = DIRECTION('',(-0.,1.));
#1695 = ( GEOMETRIC_REPRESENTATION_CONTEXT(2) 
PARAMETRIC_REPRESENTATION_CONTEXT() REPRESENTATION_CONTEXT('2D SPACE',''
  ) );
#1696 = PCURVE('',#516,#1697);
#1697 = DEFINITIONAL_REPRESENTATION('',(#1698),#1702);
#1698 = LINE('',#1699,#1700);
#1699 = CARTESIAN_POINT('',(15.833333333333,7.));
#1700 = VECTOR('',#1701,1.);
#1701 = DIRECTION('',(-1.,-0.));
#1702 = ( GEOMETRIC_REPRESENTATION_CONTEXT(2) 
PARAMETRIC_REPRESENTATION_CONTEXT() REPRESENTATION_CONTEXT('2D SPACE',''
  ) );
#1703 = ORIENTED_EDGE('',*,*,#1704,.F.);
#1704 = EDGE_CURVE('',#1636,#1682,#1705,.T.);
#1705 = SURFACE_CURVE('',#1706,(#1710,#1717),.PCURVE_S1.);
#1706 = LINE('',#1707,#1708);
#1707 = CARTESIAN_POINT('',(47.333333333333,-61.,37.25));
#1708 = VECTOR('',#1709,1.);
#1709 = DIRECTION('',(-0.,-0.,-1.));
#1710 = PCURVE('',#212,#1711);
#1711 = DEFINITIONAL_REPRESENTATION('',(#1712),#1716);
#1712 = LINE('',#1713,#1714);
#1713 = CARTESIAN_POINT('',(-6.75,47.333333333333));
#1714 = VECTOR('',#1715,1.);
#1715 = DIRECTION('',(1.,-0.));
#1716 = ( GEOMETRIC_REPRESENTATION_CONTEXT(2) 
PARAMETRIC_REPRESENTATION_CONTEXT() REPRESENTATION_CONTEXT('2D SPACE',''
  ) );
#1717 = PCURVE('',#542,#1718);
#1718 = DEFINITIONAL_REPRESENTATION('',(#1719),#1723);
#1719 = LINE('',#1720,#1721);
#1720 = CARTESIAN_POINT('',(6.75,-7.));
#1721 = VECTOR('',#1722,1.);
#1722 = DIRECTION('',(1.,-0.));
#1723 = ( GEOMETRIC_REPRESENTATION_CONTEXT(2) 
PARAMETRIC_REPRESENTATION_CONTEXT() REPRESENTATION_CONTEXT('2D SPACE',''
  ) );
#1724 = FACE_BOUND('',#1725,.F.);
#1725 = EDGE_LOOP('',(#1726,#1751,#1774,#1797));
#1726 = ORIENTED_EDGE('',*,*,#1727,.F.);
#1727 = EDGE_CURVE('',#1728,#1730,#1732,.T.);
#1728 = VERTEX_POINT('',#1729);
#1729 = CARTESIAN_POINT('',(55.333333333333,-61.,142.));
#1730 = VERTEX_POINT('',#1731);
#1731 = CARTESIAN_POINT('',(71.,-61.,142.));
#1732 = SURFACE_CURVE('',#1733,(#1737,#1744),.PCURVE_S1.);
#1733 = LINE('',#1734,#1735);
#1734 = CARTESIAN_POINT('',(27.666666666667,-61.,142.));
#1735 = VECTOR('',#1736,1.);
#1736 = DIRECTION('',(1.,-0.,-0.));
#1737 = PCURVE('',#212,#1738);
#1738 = DEFINITIONAL_REPRESENTATION('',(#1739),#1743);
#1739 = LINE('',#1740,#1741);
#1740 = CARTESIAN_POINT('',(-111.5,27.666666666667));
#1741 = VECTOR('',#1742,1.);
#1742 = DIRECTION('',(-0.,1.));
#1743 = ( GEOMETRIC_REPRESENTATION_CONTEXT(2) 
PARAMETRIC_REPRESENTATION_CONTEXT() REPRESENTATION_CONTEXT('2D SPACE',''
  ) );
#1744 = PCURVE('',#574,#1745);
#1745 = DEFINITIONAL_REPRESENTATION('',(#1746),#1750);
#1746 = LINE('',#1747,#1748);
#1747 = CARTESIAN_POINT('',(27.666666666667,7.));
#1748 = VECTOR('',#1749,1.);
#1749 = DIRECTION('',(-1.,-0.));
#1750 = ( GEOMETRIC_REPRESENTATION_CONTEXT(2) 
PARAMETRIC_REPRESENTATION_CONTEXT() REPRESENTATION_CONTEXT('2D SPACE',''
  ) );
#1751 = ORIENTED_EDGE('',*,*,#1752,.T.);
#1752 = EDGE_CURVE('',#1728,#1753,#1755,.T.);
#1753 = VERTEX_POINT('',#1754);
#1754 = CARTESIAN_POINT('',(55.333333333333,-61.,44.));
#1755 = SURFACE_CURVE('',#1756,(#1760,#1767),.PCURVE_S1.);
#1756 = LINE('',#1757,#1758);
#1757 = CARTESIAN_POINT('',(55.333333333333,-61.,37.25));
#1758 = VECTOR('',#1759,1.);
#1759 = DIRECTION('',(-0.,-0.,-1.));
#1760 = PCURVE('',#212,#1761);
#1761 = DEFINITIONAL_REPRESENTATION('',(#1762),#1766);
#1762 = LINE('',#1763,#1764);
#1763 = CARTESIAN_POINT('',(-6.75,55.333333333333));
#1764 = VECTOR('',#1765,1.);
#1765 = DIRECTION('',(1.,-0.));
#1766 = ( GEOMETRIC_REPRESENTATION_CONTEXT(2) 
PARAMETRIC_REPRESENTATION_CONTEXT() REPRESENTATION_CONTEXT('2D SPACE',''
  ) );
#1767 = PCURVE('',#602,#1768);
#1768 = DEFINITIONAL_REPRESENTATION('',(#1769),#1773);
#1769 = LINE('',#1770,#1771);
#1770 = CARTESIAN_POINT('',(6.75,-7.));
#1771 = VECTOR('',#1772,1.);
#1772 = DIRECTION('',(1.,-0.));
#1773 = ( GEOMETRIC_REPRESENTATION_CONTEXT(2) 
PARAMETRIC_REPRESENTATION_CONTEXT() REPRESENTATION_CONTEXT('2D SPACE',''
  ) );
#1774 = ORIENTED_EDGE('',*,*,#1775,.T.);
#1775 = EDGE_CURVE('',#1753,#1776,#1778,.T.);
#1776 = VERTEX_POINT('',#1777);
#1777 = CARTESIAN_POINT('',(71.,-61.,44.));
#1778 = SURFACE_CURVE('',#1779,(#1783,#1790),.PCURVE_S1.);
#1779 = LINE('',#1780,#1781);
#1780 = CARTESIAN_POINT('',(27.666666666667,-61.,44.));
#1781 = VECTOR('',#1782,1.);
#1782 = DIRECTION('',(1.,-0.,-0.));
#1783 = PCURVE('',#212,#1784);
#1784 = DEFINITIONAL_REPRESENTATION('',(#1785),#1789);
#1785 = LINE('',#1786,#1787);
#1786 = CARTESIAN_POINT('',(-13.5,27.666666666667));
#1787 = VECTOR('',#1788,1.);
#1788 = DIRECTION('',(-0.,1.));
#1789 = ( GEOMETRIC_REPRESENTATION_CONTEXT(2) 
PARAMETRIC_REPRESENTATION_CONTEXT() REPRESENTATION_CONTEXT('2D SPACE',''
  ) );
#1790 = PCURVE('',#630,#1791);
#1791 = DEFINITIONAL_REPRESENTATION('',(#1792),#1796);
#1792 = LINE('',#1793,#1794);
#1793 = CARTESIAN_POINT('',(27.666666666667,7.));
#1794 = VECTOR('',#1795,1.);
#1795 = DIRECTION('',(-1.,-0.));
#1796 = ( GEOMETRIC_REPRESENTATION_CONTEXT(2) 
PARAMETRIC_REPRESENTATION_CONTEXT() REPRESENTATION_CONTEXT('2D SPACE',''
  ) );
#1797 = ORIENTED_EDGE('',*,*,#1798,.F.);
#1798 = EDGE_CURVE('',#1730,#1776,#1799,.T.);
#1799 = SURFACE_CURVE('',#1800,(#1804,#1811),.PCURVE_S1.);
#1800 = LINE('',#1801,#1802);
#1801 = CARTESIAN_POINT('',(71.,-61.,37.25));
#1802 = VECTOR('',#1803,1.);
#1803 = DIRECTION('',(-0.,-0.,-1.));
#1804 = PCURVE('',#212,#1805);
#1805 = DEFINITIONAL_REPRESENTATION('',(#1806),#1810);
#1806 = LINE('',#1807,#1808);
#1807 = CARTESIAN_POINT('',(-6.75,71.));
#1808 = VECTOR('',#1809,1.);
#1809 = DIRECTION('',(1.,-0.));
#1810 = ( GEOMETRIC_REPRESENTATION_CONTEXT(2) 
PARAMETRIC_REPRESENTATION_CONTEXT() REPRESENTATION_CONTEXT('2D SPACE',''
  ) );
#1811 = PCURVE('',#656,#1812);
#1812 = DEFINITIONAL_REPRESENTATION('',(#1813),#1817);
#1813 = LINE('',#1814,#1815);
#1814 = CARTESIAN_POINT('',(6.75,-7.));
#1815 = VECTOR('',#1816,1.);
#1816 = DIRECTION('',(1.,-0.));
#1817 = ( GEOMETRIC_REPRESENTATION_CONTEXT(2) 
PARAMETRIC_REPRESENTATION_CONTEXT() REPRESENTATION_CONTEXT('2D SPACE',''
  ) );
#1818 = FACE_BOUND('',#1819,.F.);
#1819 = EDGE_LOOP('',(#1820,#1845,#1868,#1891));
#1820 = ORIENTED_EDGE('',*,*,#1821,.F.);
#1821 = EDGE_CURVE('',#1822,#1824,#1826,.T.);
#1822 = VERTEX_POINT('',#1823);
#1823 = CARTESIAN_POINT('',(79.,-61.,142.));
#1824 = VERTEX_POINT('',#1825);
#1825 = CARTESIAN_POINT('',(94.666666666667,-61.,142.));
#1826 = SURFACE_CURVE('',#1827,(#1831,#1838),.PCURVE_S1.);
#1827 = LINE('',#1828,#1829);
#1828 = CARTESIAN_POINT('',(39.5,-61.,142.));
#1829 = VECTOR('',#1830,1.);
#1830 = DIRECTION('',(1.,-0.,-0.));
#1831 = PCURVE('',#212,#1832);
#1832 = DEFINITIONAL_REPRESENTATION('',(#1833),#1837);
#1833 = LINE('',#1834,#1835);
#1834 = CARTESIAN_POINT('',(-111.5,39.5));
#1835 = VECTOR('',#1836,1.);
#1836 = DIRECTION('',(-0.,1.));
#1837 = ( GEOMETRIC_REPRESENTATION_CONTEXT(2) 
PARAMETRIC_REPRESENTATION_CONTEXT() REPRESENTATION_CONTEXT('2D SPACE',''
  ) );
#1838 = PCURVE('',#688,#1839);
#1839 = DEFINITIONAL_REPRESENTATION('',(#1840),#1844);
#1840 = LINE('',#1841,#1842);
#1841 = CARTESIAN_POINT('',(39.5,7.));
#1842 = VECTOR('',#1843,1.);
#1843 = DIRECTION('',(-1.,-0.));
#1844 = ( GEOMETRIC_REPRESENTATION_CONTEXT(2) 
PARAMETRIC_REPRESENTATION_CONTEXT() REPRESENTATION_CONTEXT('2D SPACE',''
  ) );
#1845 = ORIENTED_EDGE('',*,*,#1846,.T.);
#1846 = EDGE_CURVE('',#1822,#1847,#1849,.T.);
#1847 = VERTEX_POINT('',#1848);
#1848 = CARTESIAN_POINT('',(79.,-61.,44.));
#1849 = SURFACE_CURVE('',#1850,(#1854,#1861),.PCURVE_S1.);
#1850 = LINE('',#1851,#1852);
#1851 = CARTESIAN_POINT('',(79.,-61.,37.25));
#1852 = VECTOR('',#1853,1.);
#1853 = DIRECTION('',(-0.,-0.,-1.));
#1854 = PCURVE('',#212,#1855);
#1855 = DEFINITIONAL_REPRESENTATION('',(#1856),#1860);
#1856 = LINE('',#1857,#1858);
#1857 = CARTESIAN_POINT('',(-6.75,79.));
#1858 = VECTOR('',#1859,1.);
#1859 = DIRECTION('',(1.,-0.));
#1860 = ( GEOMETRIC_REPRESENTATION_CONTEXT(2) 
PARAMETRIC_REPRESENTATION_CONTEXT() REPRESENTATION_CONTEXT('2D SPACE',''
  ) );
#1861 = PCURVE('',#716,#1862);
#1862 = DEFINITIONAL_REPRESENTATION('',(#1863),#1867);
#1863 = LINE('',#1864,#1865);
#1864 = CARTESIAN_POINT('',(6.75,-7.));
#1865 = VECTOR('',#1866,1.);
#1866 = DIRECTION('',(1.,-0.));
#1867 = ( GEOMETRIC_REPRESENTATION_CONTEXT(2) 
PARAMETRIC_REPRESENTATION_CONTEXT() REPRESENTATION_CONTEXT('2D SPACE',''
  ) );
#1868 = ORIENTED_EDGE('',*,*,#1869,.T.);
#1869 = EDGE_CURVE('',#1847,#1870,#1872,.T.);
#1870 = VERTEX_POINT('',#1871);
#1871 = CARTESIAN_POINT('',(94.666666666667,-61.,44.));
#1872 = SURFACE_CURVE('',#1873,(#1877,#1884),.PCURVE_S1.);
#1873 = LINE('',#1874,#1875);
#1874 = CARTESIAN_POINT('',(39.5,-61.,44.));
#1875 = VECTOR('',#1876,1.);
#1876 = DIRECTION('',(1.,-0.,-0.));
#1877 = PCURVE('',#212,#1878);
#1878 = DEFINITIONAL_REPRESENTATION('',(#1879),#1883);
#1879 = LINE('',#1880,#1881);
#1880 = CARTESIAN_POINT('',(-13.5,39.5));
#1881 = VECTOR('',#1882,1.);
#1882 = DIRECTION('',(-0.,1.));
#1883 = ( GEOMETRIC_REPRESENTATION_CONTEXT(2) 
PARAMETRIC_REPRESENTATION_CONTEXT() REPRESENTATION_CONTEXT('2D SPACE',''
  ) );
#1884 = PCURVE('',#744,#1885);
#1885 = DEFINITIONAL_REPRESENTATION('',(#1886),#1890);
#1886 = LINE('',#1887,#1888);
#1887 = CARTESIAN_POINT('',(39.5,7.));
#1888 = VECTOR('',#1889,1.);
#1889 = DIRECTION('',(-1.,-0.));
#1890 = ( GEOMETRIC_REPRESENTATION_CONTEXT(2) 
PARAMETRIC_REPRESENTATION_CONTEXT() REPRESENTATION_CONTEXT('2D SPACE',''
  ) );
#1891 = ORIENTED_EDGE('',*,*,#1892,.F.);
#1892 = EDGE_CURVE('',#1824,#1870,#1893,.T.);
#1893 = SURFACE_CURVE('',#1894,(#1898,#1905),.PCURVE_S1.);
#1894 = LINE('',#1895,#1896);
#1895 = CARTESIAN_POINT('',(94.666666666667,-61.,37.25));
#1896 = VECTOR('',#1897,1.);
#1897 = DIRECTION('',(-0.,-0.,-1.));
#1898 = PCURVE('',#212,#1899);
#1899 = DEFINITIONAL_REPRESENTATION('',(#1900),#1904);
#1900 = LINE('',#1901,#1902);
#1901 = CARTESIAN_POINT('',(-6.75,94.666666666667));
#1902 = VECTOR('',#1903,1.);
#1903 = DIRECTION('',(1.,-0.));
#1904 = ( GEOMETRIC_REPRESENTATION_CONTEXT(2) 
PARAMETRIC_REPRESENTATION_CONTEXT() REPRESENTATION_CONTEXT('2D SPACE',''
  ) );
#1905 = PCURVE('',#770,#1906);
#1906 = DEFINITIONAL_REPRESENTATION('',(#1907),#1911);
#1907 = LINE('',#1908,#1909);
#1908 = CARTESIAN_POINT('',(6.75,-7.));
#1909 = VECTOR('',#1910,1.);
#1910 = DIRECTION('',(1.,-0.));
#1911 = ( GEOMETRIC_REPRESENTATION_CONTEXT(2) 
PARAMETRIC_REPRESENTATION_CONTEXT() REPRESENTATION_CONTEXT('2D SPACE',''
  ) );
#1912 = FACE_BOUND('',#1913,.F.);
#1913 = EDGE_LOOP('',(#1914));
#1914 = ORIENTED_EDGE('',*,*,#1915,.T.);
#1915 = EDGE_CURVE('',#1916,#1916,#1918,.T.);
#1916 = VERTEX_POINT('',#1917);
#1917 = CARTESIAN_POINT('',(135.2,-61.,49.));
#1918 = SURFACE_CURVE('',#1919,(#1924,#1931),.PCURVE_S1.);
#1919 = CIRCLE('',#1920,3.2);
#1920 = AXIS2_PLACEMENT_3D('',#1921,#1922,#1923);
#1921 = CARTESIAN_POINT('',(132.,-61.,49.));
#1922 = DIRECTION('',(-0.,-1.,-0.));
#1923 = DIRECTION('',(1.,-0.,-0.));
#1924 = PCURVE('',#212,#1925);
#1925 = DEFINITIONAL_REPRESENTATION('',(#1926),#1930);
#1926 = CIRCLE('',#1927,3.2);
#1927 = AXIS2_PLACEMENT_2D('',#1928,#1929);
#1928 = CARTESIAN_POINT('',(-18.5,132.));
#1929 = DIRECTION('',(-0.,1.));
#1930 = ( GEOMETRIC_REPRESENTATION_CONTEXT(2) 
PARAMETRIC_REPRESENTATION_CONTEXT() REPRESENTATION_CONTEXT('2D SPACE',''
  ) );
#1931 = PCURVE('',#801,#1932);
#1932 = DEFINITIONAL_REPRESENTATION('',(#1933),#1937);
#1933 = LINE('',#1934,#1935);
#1934 = CARTESIAN_POINT('',(-0.,-7.));
#1935 = VECTOR('',#1936,1.);
#1936 = DIRECTION('',(-1.,0.));
#1937 = ( GEOMETRIC_REPRESENTATION_CONTEXT(2) 
PARAMETRIC_REPRESENTATION_CONTEXT() REPRESENTATION_CONTEXT('2D SPACE',''
  ) );
#1938 = FACE_BOUND('',#1939,.F.);
#1939 = EDGE_LOOP('',(#1940,#1965,#1988,#2011));
#1940 = ORIENTED_EDGE('',*,*,#1941,.F.);
#1941 = EDGE_CURVE('',#1942,#1944,#1946,.T.);
#1942 = VERTEX_POINT('',#1943);
#1943 = CARTESIAN_POINT('',(102.66666666666,-61.,142.));
#1944 = VERTEX_POINT('',#1945);
#1945 = CARTESIAN_POINT('',(118.33333333333,-61.,142.));
#1946 = SURFACE_CURVE('',#1947,(#1951,#1958),.PCURVE_S1.);
#1947 = LINE('',#1948,#1949);
#1948 = CARTESIAN_POINT('',(51.333333333333,-61.,142.));
#1949 = VECTOR('',#1950,1.);
#1950 = DIRECTION('',(1.,-0.,-0.));
#1951 = PCURVE('',#212,#1952);
#1952 = DEFINITIONAL_REPRESENTATION('',(#1953),#1957);
#1953 = LINE('',#1954,#1955);
#1954 = CARTESIAN_POINT('',(-111.5,51.333333333333));
#1955 = VECTOR('',#1956,1.);
#1956 = DIRECTION('',(-0.,1.));
#1957 = ( GEOMETRIC_REPRESENTATION_CONTEXT(2) 
PARAMETRIC_REPRESENTATION_CONTEXT() REPRESENTATION_CONTEXT('2D SPACE',''
  ) );
#1958 = PCURVE('',#833,#1959);
#1959 = DEFINITIONAL_REPRESENTATION('',(#1960),#1964);
#1960 = LINE('',#1961,#1962);
#1961 = CARTESIAN_POINT('',(51.333333333333,7.));
#1962 = VECTOR('',#1963,1.);
#1963 = DIRECTION('',(-1.,-0.));
#1964 = ( GEOMETRIC_REPRESENTATION_CONTEXT(2) 
PARAMETRIC_REPRESENTATION_CONTEXT() REPRESENTATION_CONTEXT('2D SPACE',''
  ) );
#1965 = ORIENTED_EDGE('',*,*,#1966,.T.);
#1966 = EDGE_CURVE('',#1942,#1967,#1969,.T.);
#1967 = VERTEX_POINT('',#1968);
#1968 = CARTESIAN_POINT('',(102.66666666666,-61.,44.));
#1969 = SURFACE_CURVE('',#1970,(#1974,#1981),.PCURVE_S1.);
#1970 = LINE('',#1971,#1972);
#1971 = CARTESIAN_POINT('',(102.66666666666,-61.,37.25));
#1972 = VECTOR('',#1973,1.);
#1973 = DIRECTION('',(-0.,-0.,-1.));
#1974 = PCURVE('',#212,#1975);
#1975 = DEFINITIONAL_REPRESENTATION('',(#1976),#1980);
#1976 = LINE('',#1977,#1978);
#1977 = CARTESIAN_POINT('',(-6.75,102.66666666666));
#1978 = VECTOR('',#1979,1.);
#1979 = DIRECTION('',(1.,-0.));
#1980 = ( GEOMETRIC_REPRESENTATION_CONTEXT(2) 
PARAMETRIC_REPRESENTATION_CONTEXT() REPRESENTATION_CONTEXT('2D SPACE',''
  ) );
#1981 = PCURVE('',#861,#1982);
#1982 = DEFINITIONAL_REPRESENTATION('',(#1983),#1987);
#1983 = LINE('',#1984,#1985);
#1984 = CARTESIAN_POINT('',(6.75,-7.));
#1985 = VECTOR('',#1986,1.);
#1986 = DIRECTION('',(1.,-0.));
#1987 = ( GEOMETRIC_REPRESENTATION_CONTEXT(2) 
PARAMETRIC_REPRESENTATION_CONTEXT() REPRESENTATION_CONTEXT('2D SPACE',''
  ) );
#1988 = ORIENTED_EDGE('',*,*,#1989,.T.);
#1989 = EDGE_CURVE('',#1967,#1990,#1992,.T.);
#1990 = VERTEX_POINT('',#1991);
#1991 = CARTESIAN_POINT('',(118.33333333333,-61.,44.));
#1992 = SURFACE_CURVE('',#1993,(#1997,#2004),.PCURVE_S1.);
#1993 = LINE('',#1994,#1995);
#1994 = CARTESIAN_POINT('',(51.333333333333,-61.,44.));
#1995 = VECTOR('',#1996,1.);
#1996 = DIRECTION('',(1.,-0.,-0.));
#1997 = PCURVE('',#212,#1998);
#1998 = DEFINITIONAL_REPRESENTATION('',(#1999),#2003);
#1999 = LINE('',#2000,#2001);
#2000 = CARTESIAN_POINT('',(-13.5,51.333333333333));
#2001 = VECTOR('',#2002,1.);
#2002 = DIRECTION('',(-0.,1.));
#2003 = ( GEOMETRIC_REPRESENTATION_CONTEXT(2) 
PARAMETRIC_REPRESENTATION_CONTEXT() REPRESENTATION_CONTEXT('2D SPACE',''
  ) );
#2004 = PCURVE('',#889,#2005);
#2005 = DEFINITIONAL_REPRESENTATION('',(#2006),#2010);
#2006 = LINE('',#2007,#2008);
#2007 = CARTESIAN_POINT('',(51.333333333333,7.));
#2008 = VECTOR('',#2009,1.);
#2009 = DIRECTION('',(-1.,-0.));
#2010 = ( GEOMETRIC_REPRESENTATION_CONTEXT(2) 
PARAMETRIC_REPRESENTATION_CONTEXT() REPRESENTATION_CONTEXT('2D SPACE',''
  ) );
#2011 = ORIENTED_EDGE('',*,*,#2012,.F.);
#2012 = EDGE_CURVE('',#1944,#1990,#2013,.T.);
#2013 = SURFACE_CURVE('',#2014,(#2018,#2025),.PCURVE_S1.);
#2014 = LINE('',#2015,#2016);
#2015 = CARTESIAN_POINT('',(118.33333333333,-61.,37.25));
#2016 = VECTOR('',#2017,1.);
#2017 = DIRECTION('',(-0.,-0.,-1.));
#2018 = PCURVE('',#212,#2019);
#2019 = DEFINITIONAL_REPRESENTATION('',(#2020),#2024);
#2020 = LINE('',#2021,#2022);
#2021 = CARTESIAN_POINT('',(-6.75,118.33333333333));
#2022 = VECTOR('',#2023,1.);
#2023 = DIRECTION('',(1.,-0.));
#2024 = ( GEOMETRIC_REPRESENTATION_CONTEXT(2) 
PARAMETRIC_REPRESENTATION_CONTEXT() REPRESENTATION_CONTEXT('2D SPACE',''
  ) );
#2025 = PCURVE('',#915,#2026);
#2026 = DEFINITIONAL_REPRESENTATION('',(#2027),#2031);
#2027 = LINE('',#2028,#2029);
#2028 = CARTESIAN_POINT('',(6.75,-7.));
#2029 = VECTOR('',#2030,1.);
#2030 = DIRECTION('',(1.,-0.));
#2031 = ( GEOMETRIC_REPRESENTATION_CONTEXT(2) 
PARAMETRIC_REPRESENTATION_CONTEXT() REPRESENTATION_CONTEXT('2D SPACE',''
  ) );
#2032 = FACE_BOUND('',#2033,.F.);
#2033 = EDGE_LOOP('',(#2034,#2059,#2082,#2105));
#2034 = ORIENTED_EDGE('',*,*,#2035,.F.);
#2035 = EDGE_CURVE('',#2036,#2038,#2040,.T.);
#2036 = VERTEX_POINT('',#2037);
#2037 = CARTESIAN_POINT('',(126.33333333333,-61.,142.));
#2038 = VERTEX_POINT('',#2039);
#2039 = CARTESIAN_POINT('',(142.,-61.,142.));
#2040 = SURFACE_CURVE('',#2041,(#2045,#2052),.PCURVE_S1.);
#2041 = LINE('',#2042,#2043);
#2042 = CARTESIAN_POINT('',(63.166666666667,-61.,142.));
#2043 = VECTOR('',#2044,1.);
#2044 = DIRECTION('',(1.,-0.,-0.));
#2045 = PCURVE('',#212,#2046);
#2046 = DEFINITIONAL_REPRESENTATION('',(#2047),#2051);
#2047 = LINE('',#2048,#2049);
#2048 = CARTESIAN_POINT('',(-111.5,63.166666666667));
#2049 = VECTOR('',#2050,1.);
#2050 = DIRECTION('',(-0.,1.));
#2051 = ( GEOMETRIC_REPRESENTATION_CONTEXT(2) 
PARAMETRIC_REPRESENTATION_CONTEXT() REPRESENTATION_CONTEXT('2D SPACE',''
  ) );
#2052 = PCURVE('',#1003,#2053);
#2053 = DEFINITIONAL_REPRESENTATION('',(#2054),#2058);
#2054 = LINE('',#2055,#2056);
#2055 = CARTESIAN_POINT('',(63.166666666667,7.));
#2056 = VECTOR('',#2057,1.);
#2057 = DIRECTION('',(-1.,-0.));
#2058 = ( GEOMETRIC_REPRESENTATION_CONTEXT(2) 
PARAMETRIC_REPRESENTATION_CONTEXT() REPRESENTATION_CONTEXT('2D SPACE',''
  ) );
#2059 = ORIENTED_EDGE('',*,*,#2060,.T.);
#2060 = EDGE_CURVE('',#2036,#2061,#2063,.T.);
#2061 = VERTEX_POINT('',#2062);
#2062 = CARTESIAN_POINT('',(126.33333333333,-61.,60.));
#2063 = SURFACE_CURVE('',#2064,(#2068,#2075),.PCURVE_S1.);
#2064 = LINE('',#2065,#2066);
#2065 = CARTESIAN_POINT('',(126.33333333333,-61.,37.25));
#2066 = VECTOR('',#2067,1.);
#2067 = DIRECTION('',(-0.,-0.,-1.));
#2068 = PCURVE('',#212,#2069);
#2069 = DEFINITIONAL_REPRESENTATION('',(#2070),#2074);
#2070 = LINE('',#2071,#2072);
#2071 = CARTESIAN_POINT('',(-6.75,126.33333333333));
#2072 = VECTOR('',#2073,1.);
#2073 = DIRECTION('',(1.,-0.));
#2074 = ( GEOMETRIC_REPRESENTATION_CONTEXT(2) 
PARAMETRIC_REPRESENTATION_CONTEXT() REPRESENTATION_CONTEXT('2D SPACE',''
  ) );
#2075 = PCURVE('',#1029,#2076);
#2076 = DEFINITIONAL_REPRESENTATION('',(#2077),#2081);
#2077 = LINE('',#2078,#2079);
#2078 = CARTESIAN_POINT('',(6.75,-7.));
#2079 = VECTOR('',#2080,1.);
#2080 = DIRECTION('',(1.,-0.));
#2081 = ( GEOMETRIC_REPRESENTATION_CONTEXT(2) 
PARAMETRIC_REPRESENTATION_CONTEXT() REPRESENTATION_CONTEXT('2D SPACE',''
  ) );
#2082 = ORIENTED_EDGE('',*,*,#2083,.T.);
#2083 = EDGE_CURVE('',#2061,#2084,#2086,.T.);
#2084 = VERTEX_POINT('',#2085);
#2085 = CARTESIAN_POINT('',(142.,-61.,60.));
#2086 = SURFACE_CURVE('',#2087,(#2091,#2098),.PCURVE_S1.);
#2087 = LINE('',#2088,#2089);
#2088 = CARTESIAN_POINT('',(126.33333333333,-61.,60.));
#2089 = VECTOR('',#2090,1.);
#2090 = DIRECTION('',(1.,0.,-0.));
#2091 = PCURVE('',#212,#2092);
#2092 = DEFINITIONAL_REPRESENTATION('',(#2093),#2097);
#2093 = LINE('',#2094,#2095);
#2094 = CARTESIAN_POINT('',(-29.5,126.33333333333));
#2095 = VECTOR('',#2096,1.);
#2096 = DIRECTION('',(-0.,1.));
#2097 = ( GEOMETRIC_REPRESENTATION_CONTEXT(2) 
PARAMETRIC_REPRESENTATION_CONTEXT() REPRESENTATION_CONTEXT('2D SPACE',''
  ) );
#2098 = PCURVE('',#947,#2099);
#2099 = DEFINITIONAL_REPRESENTATION('',(#2100),#2104);
#2100 = LINE('',#2101,#2102);
#2101 = CARTESIAN_POINT('',(-0.,6.));
#2102 = VECTOR('',#2103,1.);
#2103 = DIRECTION('',(-1.,0.));
#2104 = ( GEOMETRIC_REPRESENTATION_CONTEXT(2) 
PARAMETRIC_REPRESENTATION_CONTEXT() REPRESENTATION_CONTEXT('2D SPACE',''
  ) );
#2105 = ORIENTED_EDGE('',*,*,#2106,.F.);
#2106 = EDGE_CURVE('',#2038,#2084,#2107,.T.);
#2107 = SURFACE_CURVE('',#2108,(#2112,#2119),.PCURVE_S1.);
#2108 = LINE('',#2109,#2110);
#2109 = CARTESIAN_POINT('',(142.,-61.,37.25));
#2110 = VECTOR('',#2111,1.);
#2111 = DIRECTION('',(-0.,-0.,-1.));
#2112 = PCURVE('',#212,#2113);
#2113 = DEFINITIONAL_REPRESENTATION('',(#2114),#2118);
#2114 = LINE('',#2115,#2116);
#2115 = CARTESIAN_POINT('',(-6.75,142.));
#2116 = VECTOR('',#2117,1.);
#2117 = DIRECTION('',(1.,-0.));
#2118 = ( GEOMETRIC_REPRESENTATION_CONTEXT(2) 
PARAMETRIC_REPRESENTATION_CONTEXT() REPRESENTATION_CONTEXT('2D SPACE',''
  ) );
#2119 = PCURVE('',#975,#2120);
#2120 = DEFINITIONAL_REPRESENTATION('',(#2121),#2125);
#2121 = LINE('',#2122,#2123);
#2122 = CARTESIAN_POINT('',(6.75,-7.));
#2123 = VECTOR('',#2124,1.);
#2124 = DIRECTION('',(1.,-0.));
#2125 = ( GEOMETRIC_REPRESENTATION_CONTEXT(2) 
PARAMETRIC_REPRESENTATION_CONTEXT() REPRESENTATION_CONTEXT('2D SPACE',''
  ) );
#2126 = FACE_BOUND('',#2127,.F.);
#2127 = EDGE_LOOP('',(#2128));
#2128 = ORIENTED_EDGE('',*,*,#2129,.T.);
#2129 = EDGE_CURVE('',#2130,#2130,#2132,.T.);
#2130 = VERTEX_POINT('',#2131);
#2131 = CARTESIAN_POINT('',(139.7,-61.,148.));
#2132 = SURFACE_CURVE('',#2133,(#2138,#2145),.PCURVE_S1.);
#2133 = CIRCLE('',#2134,1.7);
#2134 = AXIS2_PLACEMENT_3D('',#2135,#2136,#2137);
#2135 = CARTESIAN_POINT('',(138.,-61.,148.));
#2136 = DIRECTION('',(-0.,-1.,-0.));
#2137 = DIRECTION('',(1.,-0.,-0.));
#2138 = PCURVE('',#212,#2139);
#2139 = DEFINITIONAL_REPRESENTATION('',(#2140),#2144);
#2140 = CIRCLE('',#2141,1.7);
#2141 = AXIS2_PLACEMENT_2D('',#2142,#2143);
#2142 = CARTESIAN_POINT('',(-117.5,138.));
#2143 = DIRECTION('',(-0.,1.));
#2144 = ( GEOMETRIC_REPRESENTATION_CONTEXT(2) 
PARAMETRIC_REPRESENTATION_CONTEXT() REPRESENTATION_CONTEXT('2D SPACE',''
  ) );
#2145 = PCURVE('',#1060,#2146);
#2146 = DEFINITIONAL_REPRESENTATION('',(#2147),#2151);
#2147 = LINE('',#2148,#2149);
#2148 = CARTESIAN_POINT('',(-0.,-7.));
#2149 = VECTOR('',#2150,1.);
#2150 = DIRECTION('',(-1.,0.));
#2151 = ( GEOMETRIC_REPRESENTATION_CONTEXT(2) 
PARAMETRIC_REPRESENTATION_CONTEXT() REPRESENTATION_CONTEXT('2D SPACE',''
  ) );
#2152 = ADVANCED_FACE('',(#2153,#2179,#2210,#2241),#238,.T.);
#2153 = FACE_BOUND('',#2154,.F.);
#2154 = EDGE_LOOP('',(#2155,#2156,#2157,#2178));
#2155 = ORIENTED_EDGE('',*,*,#224,.F.);
#2156 = ORIENTED_EDGE('',*,*,#305,.T.);
#2157 = ORIENTED_EDGE('',*,*,#2158,.T.);
#2158 = EDGE_CURVE('',#256,#1492,#2159,.T.);
#2159 = SURFACE_CURVE('',#2160,(#2164,#2171),.PCURVE_S1.);
#2160 = LINE('',#2161,#2162);
#2161 = CARTESIAN_POINT('',(150.,-55.,152.));
#2162 = VECTOR('',#2163,1.);
#2163 = DIRECTION('',(0.,-1.,0.));
#2164 = PCURVE('',#238,#2165);
#2165 = DEFINITIONAL_REPRESENTATION('',(#2166),#2170);
#2166 = LINE('',#2167,#2168);
#2167 = CARTESIAN_POINT('',(-150.,-0.));
#2168 = VECTOR('',#2169,1.);
#2169 = DIRECTION('',(-0.,1.));
#2170 = ( GEOMETRIC_REPRESENTATION_CONTEXT(2) 
PARAMETRIC_REPRESENTATION_CONTEXT() REPRESENTATION_CONTEXT('2D SPACE',''
  ) );
#2171 = PCURVE('',#271,#2172);
#2172 = DEFINITIONAL_REPRESENTATION('',(#2173),#2177);
#2173 = LINE('',#2174,#2175);
#2174 = CARTESIAN_POINT('',(-121.5,0.));
#2175 = VECTOR('',#2176,1.);
#2176 = DIRECTION('',(-0.,-1.));
#2177 = ( GEOMETRIC_REPRESENTATION_CONTEXT(2) 
PARAMETRIC_REPRESENTATION_CONTEXT() REPRESENTATION_CONTEXT('2D SPACE',''
  ) );
#2178 = ORIENTED_EDGE('',*,*,#1516,.F.);
#2179 = FACE_BOUND('',#2180,.F.);
#2180 = EDGE_LOOP('',(#2181));
#2181 = ORIENTED_EDGE('',*,*,#2182,.T.);
#2182 = EDGE_CURVE('',#2183,#2183,#2185,.T.);
#2183 = VERTEX_POINT('',#2184);
#2184 = CARTESIAN_POINT('',(13.25,-58.,152.));
#2185 = SURFACE_CURVE('',#2186,(#2191,#2198),.PCURVE_S1.);
#2186 = CIRCLE('',#2187,1.25);
#2187 = AXIS2_PLACEMENT_3D('',#2188,#2189,#2190);
#2188 = CARTESIAN_POINT('',(12.,-58.,152.));
#2189 = DIRECTION('',(0.,0.,1.));
#2190 = DIRECTION('',(1.,-0.,-0.));
#2191 = PCURVE('',#238,#2192);
#2192 = DEFINITIONAL_REPRESENTATION('',(#2193),#2197);
#2193 = CIRCLE('',#2194,1.25);
#2194 = AXIS2_PLACEMENT_2D('',#2195,#2196);
#2195 = CARTESIAN_POINT('',(-12.,3.));
#2196 = DIRECTION('',(-1.,0.));
#2197 = ( GEOMETRIC_REPRESENTATION_CONTEXT(2) 
PARAMETRIC_REPRESENTATION_CONTEXT() REPRESENTATION_CONTEXT('2D SPACE',''
  ) );
#2198 = PCURVE('',#2199,#2204);
#2199 = CYLINDRICAL_SURFACE('',#2200,1.25);
#2200 = AXIS2_PLACEMENT_3D('',#2201,#2202,#2203);
#2201 = CARTESIAN_POINT('',(12.,-58.,142.));
#2202 = DIRECTION('',(-0.,0.,-1.));
#2203 = DIRECTION('',(1.,-0.,-0.));
#2204 = DEFINITIONAL_REPRESENTATION('',(#2205),#2209);
#2205 = LINE('',#2206,#2207);
#2206 = CARTESIAN_POINT('',(6.28318530718,-10.));
#2207 = VECTOR('',#2208,1.);
#2208 = DIRECTION('',(-1.,0.));
#2209 = ( GEOMETRIC_REPRESENTATION_CONTEXT(2) 
PARAMETRIC_REPRESENTATION_CONTEXT() REPRESENTATION_CONTEXT('2D SPACE',''
  ) );
#2210 = FACE_BOUND('',#2211,.F.);
#2211 = EDGE_LOOP('',(#2212));
#2212 = ORIENTED_EDGE('',*,*,#2213,.T.);
#2213 = EDGE_CURVE('',#2214,#2214,#2216,.T.);
#2214 = VERTEX_POINT('',#2215);
#2215 = CARTESIAN_POINT('',(76.25,-58.,152.));
#2216 = SURFACE_CURVE('',#2217,(#2222,#2229),.PCURVE_S1.);
#2217 = CIRCLE('',#2218,1.25);
#2218 = AXIS2_PLACEMENT_3D('',#2219,#2220,#2221);
#2219 = CARTESIAN_POINT('',(75.,-58.,152.));
#2220 = DIRECTION('',(0.,0.,1.));
#2221 = DIRECTION('',(1.,-0.,-0.));
#2222 = PCURVE('',#238,#2223);
#2223 = DEFINITIONAL_REPRESENTATION('',(#2224),#2228);
#2224 = CIRCLE('',#2225,1.25);
#2225 = AXIS2_PLACEMENT_2D('',#2226,#2227);
#2226 = CARTESIAN_POINT('',(-75.,3.));
#2227 = DIRECTION('',(-1.,0.));
#2228 = ( GEOMETRIC_REPRESENTATION_CONTEXT(2) 
PARAMETRIC_REPRESENTATION_CONTEXT() REPRESENTATION_CONTEXT('2D SPACE',''
  ) );
#2229 = PCURVE('',#2230,#2235);
#2230 = CYLINDRICAL_SURFACE('',#2231,1.25);
#2231 = AXIS2_PLACEMENT_3D('',#2232,#2233,#2234);
#2232 = CARTESIAN_POINT('',(75.,-58.,142.));
#2233 = DIRECTION('',(-0.,0.,-1.));
#2234 = DIRECTION('',(1.,-0.,-0.));
#2235 = DEFINITIONAL_REPRESENTATION('',(#2236),#2240);
#2236 = LINE('',#2237,#2238);
#2237 = CARTESIAN_POINT('',(6.28318530718,-10.));
#2238 = VECTOR('',#2239,1.);
#2239 = DIRECTION('',(-1.,0.));
#2240 = ( GEOMETRIC_REPRESENTATION_CONTEXT(2) 
PARAMETRIC_REPRESENTATION_CONTEXT() REPRESENTATION_CONTEXT('2D SPACE',''
  ) );
#2241 = FACE_BOUND('',#2242,.F.);
#2242 = EDGE_LOOP('',(#2243));
#2243 = ORIENTED_EDGE('',*,*,#2244,.T.);
#2244 = EDGE_CURVE('',#2245,#2245,#2247,.T.);
#2245 = VERTEX_POINT('',#2246);
#2246 = CARTESIAN_POINT('',(139.25,-58.,152.));
#2247 = SURFACE_CURVE('',#2248,(#2253,#2260),.PCURVE_S1.);
#2248 = CIRCLE('',#2249,1.25);
#2249 = AXIS2_PLACEMENT_3D('',#2250,#2251,#2252);
#2250 = CARTESIAN_POINT('',(138.,-58.,152.));
#2251 = DIRECTION('',(0.,0.,1.));
#2252 = DIRECTION('',(1.,-0.,-0.));
#2253 = PCURVE('',#238,#2254);
#2254 = DEFINITIONAL_REPRESENTATION('',(#2255),#2259);
#2255 = CIRCLE('',#2256,1.25);
#2256 = AXIS2_PLACEMENT_2D('',#2257,#2258);
#2257 = CARTESIAN_POINT('',(-138.,3.));
#2258 = DIRECTION('',(-1.,0.));
#2259 = ( GEOMETRIC_REPRESENTATION_CONTEXT(2) 
PARAMETRIC_REPRESENTATION_CONTEXT() REPRESENTATION_CONTEXT('2D SPACE',''
  ) );
#2260 = PCURVE('',#2261,#2266);
#2261 = CYLINDRICAL_SURFACE('',#2262,1.25);
#2262 = AXIS2_PLACEMENT_3D('',#2263,#2264,#2265);
#2263 = CARTESIAN_POINT('',(138.,-58.,142.));
#2264 = DIRECTION('',(-0.,0.,-1.));
#2265 = DIRECTION('',(1.,-0.,-0.));
#2266 = DEFINITIONAL_REPRESENTATION('',(#2267),#2271);
#2267 = LINE('',#2268,#2269);
#2268 = CARTESIAN_POINT('',(6.28318530718,-10.));
#2269 = VECTOR('',#2270,1.);
#2270 = DIRECTION('',(-1.,0.));
#2271 = ( GEOMETRIC_REPRESENTATION_CONTEXT(2) 
PARAMETRIC_REPRESENTATION_CONTEXT() REPRESENTATION_CONTEXT('2D SPACE',''
  ) );
#2272 = ADVANCED_FACE('',(#2273),#271,.T.);
#2273 = FACE_BOUND('',#2274,.F.);
#2274 = EDGE_LOOP('',(#2275,#2276,#2277,#2278,#2279,#2280,#2281,#2282));
#2275 = ORIENTED_EDGE('',*,*,#253,.F.);
#2276 = ORIENTED_EDGE('',*,*,#1077,.T.);
#2277 = ORIENTED_EDGE('',*,*,#1124,.T.);
#2278 = ORIENTED_EDGE('',*,*,#1175,.T.);
#2279 = ORIENTED_EDGE('',*,*,#1340,.T.);
#2280 = ORIENTED_EDGE('',*,*,#1388,.F.);
#2281 = ORIENTED_EDGE('',*,*,#1491,.T.);
#2282 = ORIENTED_EDGE('',*,*,#2158,.F.);
#2283 = ADVANCED_FACE('',(#2284,#2330),#346,.F.);
#2284 = FACE_BOUND('',#2285,.T.);
#2285 = EDGE_LOOP('',(#2286,#2307,#2308,#2329));
#2286 = ORIENTED_EDGE('',*,*,#2287,.F.);
#2287 = EDGE_CURVE('',#329,#1540,#2288,.T.);
#2288 = SURFACE_CURVE('',#2289,(#2293,#2300),.PCURVE_S1.);
#2289 = LINE('',#2290,#2291);
#2290 = CARTESIAN_POINT('',(8.,-54.,142.));
#2291 = VECTOR('',#2292,1.);
#2292 = DIRECTION('',(0.,-1.,0.));
#2293 = PCURVE('',#346,#2294);
#2294 = DEFINITIONAL_REPRESENTATION('',(#2295),#2299);
#2295 = LINE('',#2296,#2297);
#2296 = CARTESIAN_POINT('',(-0.,-0.));
#2297 = VECTOR('',#2298,1.);
#2298 = DIRECTION('',(-0.,1.));
#2299 = ( GEOMETRIC_REPRESENTATION_CONTEXT(2) 
PARAMETRIC_REPRESENTATION_CONTEXT() REPRESENTATION_CONTEXT('2D SPACE',''
  ) );
#2300 = PCURVE('',#374,#2301);
#2301 = DEFINITIONAL_REPRESENTATION('',(#2302),#2306);
#2302 = LINE('',#2303,#2304);
#2303 = CARTESIAN_POINT('',(-98.,0.));
#2304 = VECTOR('',#2305,1.);
#2305 = DIRECTION('',(-0.,-1.));
#2306 = ( GEOMETRIC_REPRESENTATION_CONTEXT(2) 
PARAMETRIC_REPRESENTATION_CONTEXT() REPRESENTATION_CONTEXT('2D SPACE',''
  ) );
#2307 = ORIENTED_EDGE('',*,*,#328,.T.);
#2308 = ORIENTED_EDGE('',*,*,#2309,.T.);
#2309 = EDGE_CURVE('',#331,#1542,#2310,.T.);
#2310 = SURFACE_CURVE('',#2311,(#2315,#2322),.PCURVE_S1.);
#2311 = LINE('',#2312,#2313);
#2312 = CARTESIAN_POINT('',(23.666666666667,-54.,142.));
#2313 = VECTOR('',#2314,1.);
#2314 = DIRECTION('',(0.,-1.,0.));
#2315 = PCURVE('',#346,#2316);
#2316 = DEFINITIONAL_REPRESENTATION('',(#2317),#2321);
#2317 = LINE('',#2318,#2319);
#2318 = CARTESIAN_POINT('',(-15.66666666666,-0.));
#2319 = VECTOR('',#2320,1.);
#2320 = DIRECTION('',(-0.,1.));
#2321 = ( GEOMETRIC_REPRESENTATION_CONTEXT(2) 
PARAMETRIC_REPRESENTATION_CONTEXT() REPRESENTATION_CONTEXT('2D SPACE',''
  ) );
#2322 = PCURVE('',#428,#2323);
#2323 = DEFINITIONAL_REPRESENTATION('',(#2324),#2328);
#2324 = LINE('',#2325,#2326);
#2325 = CARTESIAN_POINT('',(-98.,0.));
#2326 = VECTOR('',#2327,1.);
#2327 = DIRECTION('',(-0.,-1.));
#2328 = ( GEOMETRIC_REPRESENTATION_CONTEXT(2) 
PARAMETRIC_REPRESENTATION_CONTEXT() REPRESENTATION_CONTEXT('2D SPACE',''
  ) );
#2329 = ORIENTED_EDGE('',*,*,#1539,.F.);
#2330 = FACE_BOUND('',#2331,.T.);
#2331 = EDGE_LOOP('',(#2332));
#2332 = ORIENTED_EDGE('',*,*,#2333,.F.);
#2333 = EDGE_CURVE('',#2334,#2334,#2336,.T.);
#2334 = VERTEX_POINT('',#2335);
#2335 = CARTESIAN_POINT('',(13.25,-58.,142.));
#2336 = SURFACE_CURVE('',#2337,(#2342,#2353),.PCURVE_S1.);
#2337 = CIRCLE('',#2338,1.25);
#2338 = AXIS2_PLACEMENT_3D('',#2339,#2340,#2341);
#2339 = CARTESIAN_POINT('',(12.,-58.,142.));
#2340 = DIRECTION('',(0.,0.,-1.));
#2341 = DIRECTION('',(1.,-0.,-0.));
#2342 = PCURVE('',#346,#2343);
#2343 = DEFINITIONAL_REPRESENTATION('',(#2344),#2352);
#2344 = ( BOUNDED_CURVE() B_SPLINE_CURVE(2,(#2345,#2346,#2347,#2348,
#2349,#2350,#2351),.UNSPECIFIED.,.T.,.F.) B_SPLINE_CURVE_WITH_KNOTS((1,2
    ,2,2,2,1),(-2.094395102393,0.,2.094395102393,4.188790204786,
6.28318530718,8.377580409573),.UNSPECIFIED.) CURVE() 
GEOMETRIC_REPRESENTATION_ITEM() RATIONAL_B_SPLINE_CURVE((1.,0.5,1.,0.5,
1.,0.5,1.)) REPRESENTATION_ITEM('') );
#2345 = CARTESIAN_POINT('',(-5.25,4.));
#2346 = CARTESIAN_POINT('',(-5.25,6.165063509461));
#2347 = CARTESIAN_POINT('',(-3.375,5.082531754731));
#2348 = CARTESIAN_POINT('',(-1.5,4.));
#2349 = CARTESIAN_POINT('',(-3.375,2.917468245269));
#2350 = CARTESIAN_POINT('',(-5.25,1.834936490539));
#2351 = CARTESIAN_POINT('',(-5.25,4.));
#2352 = ( GEOMETRIC_REPRESENTATION_CONTEXT(2) 
PARAMETRIC_REPRESENTATION_CONTEXT() REPRESENTATION_CONTEXT('2D SPACE',''
  ) );
#2353 = PCURVE('',#2199,#2354);
#2354 = DEFINITIONAL_REPRESENTATION('',(#2355),#2359);
#2355 = LINE('',#2356,#2357);
#2356 = CARTESIAN_POINT('',(0.,0.));
#2357 = VECTOR('',#2358,1.);
#2358 = DIRECTION('',(1.,0.));
#2359 = ( GEOMETRIC_REPRESENTATION_CONTEXT(2) 
PARAMETRIC_REPRESENTATION_CONTEXT() REPRESENTATION_CONTEXT('2D SPACE',''
  ) );
#2360 = ADVANCED_FACE('',(#2361),#374,.T.);
#2361 = FACE_BOUND('',#2362,.F.);
#2362 = EDGE_LOOP('',(#2363,#2364,#2365,#2386));
#2363 = ORIENTED_EDGE('',*,*,#2287,.F.);
#2364 = ORIENTED_EDGE('',*,*,#358,.T.);
#2365 = ORIENTED_EDGE('',*,*,#2366,.T.);
#2366 = EDGE_CURVE('',#359,#1565,#2367,.T.);
#2367 = SURFACE_CURVE('',#2368,(#2372,#2379),.PCURVE_S1.);
#2368 = LINE('',#2369,#2370);
#2369 = CARTESIAN_POINT('',(8.,-54.,44.));
#2370 = VECTOR('',#2371,1.);
#2371 = DIRECTION('',(0.,-1.,0.));
#2372 = PCURVE('',#374,#2373);
#2373 = DEFINITIONAL_REPRESENTATION('',(#2374),#2378);
#2374 = LINE('',#2375,#2376);
#2375 = CARTESIAN_POINT('',(-0.,0.));
#2376 = VECTOR('',#2377,1.);
#2377 = DIRECTION('',(-0.,-1.));
#2378 = ( GEOMETRIC_REPRESENTATION_CONTEXT(2) 
PARAMETRIC_REPRESENTATION_CONTEXT() REPRESENTATION_CONTEXT('2D SPACE',''
  ) );
#2379 = PCURVE('',#402,#2380);
#2380 = DEFINITIONAL_REPRESENTATION('',(#2381),#2385);
#2381 = LINE('',#2382,#2383);
#2382 = CARTESIAN_POINT('',(-0.,-0.));
#2383 = VECTOR('',#2384,1.);
#2384 = DIRECTION('',(-0.,1.));
#2385 = ( GEOMETRIC_REPRESENTATION_CONTEXT(2) 
PARAMETRIC_REPRESENTATION_CONTEXT() REPRESENTATION_CONTEXT('2D SPACE',''
  ) );
#2386 = ORIENTED_EDGE('',*,*,#1564,.F.);
#2387 = ADVANCED_FACE('',(#2388),#428,.F.);
#2388 = FACE_BOUND('',#2389,.T.);
#2389 = EDGE_LOOP('',(#2390,#2391,#2392,#2413));
#2390 = ORIENTED_EDGE('',*,*,#2309,.F.);
#2391 = ORIENTED_EDGE('',*,*,#414,.T.);
#2392 = ORIENTED_EDGE('',*,*,#2393,.T.);
#2393 = EDGE_CURVE('',#387,#1588,#2394,.T.);
#2394 = SURFACE_CURVE('',#2395,(#2399,#2406),.PCURVE_S1.);
#2395 = LINE('',#2396,#2397);
#2396 = CARTESIAN_POINT('',(23.666666666667,-54.,44.));
#2397 = VECTOR('',#2398,1.);
#2398 = DIRECTION('',(0.,-1.,0.));
#2399 = PCURVE('',#428,#2400);
#2400 = DEFINITIONAL_REPRESENTATION('',(#2401),#2405);
#2401 = LINE('',#2402,#2403);
#2402 = CARTESIAN_POINT('',(-0.,0.));
#2403 = VECTOR('',#2404,1.);
#2404 = DIRECTION('',(-0.,-1.));
#2405 = ( GEOMETRIC_REPRESENTATION_CONTEXT(2) 
PARAMETRIC_REPRESENTATION_CONTEXT() REPRESENTATION_CONTEXT('2D SPACE',''
  ) );
#2406 = PCURVE('',#402,#2407);
#2407 = DEFINITIONAL_REPRESENTATION('',(#2408),#2412);
#2408 = LINE('',#2409,#2410);
#2409 = CARTESIAN_POINT('',(-15.66666666666,-0.));
#2410 = VECTOR('',#2411,1.);
#2411 = DIRECTION('',(-0.,1.));
#2412 = ( GEOMETRIC_REPRESENTATION_CONTEXT(2) 
PARAMETRIC_REPRESENTATION_CONTEXT() REPRESENTATION_CONTEXT('2D SPACE',''
  ) );
#2413 = ORIENTED_EDGE('',*,*,#1610,.F.);
#2414 = ADVANCED_FACE('',(#2415),#402,.T.);
#2415 = FACE_BOUND('',#2416,.F.);
#2416 = EDGE_LOOP('',(#2417,#2418,#2419,#2420));
#2417 = ORIENTED_EDGE('',*,*,#2366,.F.);
#2418 = ORIENTED_EDGE('',*,*,#386,.T.);
#2419 = ORIENTED_EDGE('',*,*,#2393,.T.);
#2420 = ORIENTED_EDGE('',*,*,#1587,.F.);
#2421 = ADVANCED_FACE('',(#2422),#460,.F.);
#2422 = FACE_BOUND('',#2423,.T.);
#2423 = EDGE_LOOP('',(#2424,#2445,#2446,#2467));
#2424 = ORIENTED_EDGE('',*,*,#2425,.F.);
#2425 = EDGE_CURVE('',#443,#1634,#2426,.T.);
#2426 = SURFACE_CURVE('',#2427,(#2431,#2438),.PCURVE_S1.);
#2427 = LINE('',#2428,#2429);
#2428 = CARTESIAN_POINT('',(31.666666666667,-54.,142.));
#2429 = VECTOR('',#2430,1.);
#2430 = DIRECTION('',(0.,-1.,0.));
#2431 = PCURVE('',#460,#2432);
#2432 = DEFINITIONAL_REPRESENTATION('',(#2433),#2437);
#2433 = LINE('',#2434,#2435);
#2434 = CARTESIAN_POINT('',(-0.,-0.));
#2435 = VECTOR('',#2436,1.);
#2436 = DIRECTION('',(-0.,1.));
#2437 = ( GEOMETRIC_REPRESENTATION_CONTEXT(2) 
PARAMETRIC_REPRESENTATION_CONTEXT() REPRESENTATION_CONTEXT('2D SPACE',''
  ) );
#2438 = PCURVE('',#488,#2439);
#2439 = DEFINITIONAL_REPRESENTATION('',(#2440),#2444);
#2440 = LINE('',#2441,#2442);
#2441 = CARTESIAN_POINT('',(-98.,0.));
#2442 = VECTOR('',#2443,1.);
#2443 = DIRECTION('',(-0.,-1.));
#2444 = ( GEOMETRIC_REPRESENTATION_CONTEXT(2) 
PARAMETRIC_REPRESENTATION_CONTEXT() REPRESENTATION_CONTEXT('2D SPACE',''
  ) );
#2445 = ORIENTED_EDGE('',*,*,#442,.T.);
#2446 = ORIENTED_EDGE('',*,*,#2447,.T.);
#2447 = EDGE_CURVE('',#445,#1636,#2448,.T.);
#2448 = SURFACE_CURVE('',#2449,(#2453,#2460),.PCURVE_S1.);
#2449 = LINE('',#2450,#2451);
#2450 = CARTESIAN_POINT('',(47.333333333333,-54.,142.));
#2451 = VECTOR('',#2452,1.);
#2452 = DIRECTION('',(0.,-1.,0.));
#2453 = PCURVE('',#460,#2454);
#2454 = DEFINITIONAL_REPRESENTATION('',(#2455),#2459);
#2455 = LINE('',#2456,#2457);
#2456 = CARTESIAN_POINT('',(-15.66666666666,-0.));
#2457 = VECTOR('',#2458,1.);
#2458 = DIRECTION('',(-0.,1.));
#2459 = ( GEOMETRIC_REPRESENTATION_CONTEXT(2) 
PARAMETRIC_REPRESENTATION_CONTEXT() REPRESENTATION_CONTEXT('2D SPACE',''
  ) );
#2460 = PCURVE('',#542,#2461);
#2461 = DEFINITIONAL_REPRESENTATION('',(#2462),#2466);
#2462 = LINE('',#2463,#2464);
#2463 = CARTESIAN_POINT('',(-98.,0.));
#2464 = VECTOR('',#2465,1.);
#2465 = DIRECTION('',(-0.,-1.));
#2466 = ( GEOMETRIC_REPRESENTATION_CONTEXT(2) 
PARAMETRIC_REPRESENTATION_CONTEXT() REPRESENTATION_CONTEXT('2D SPACE',''
  ) );
#2467 = ORIENTED_EDGE('',*,*,#1633,.F.);
#2468 = ADVANCED_FACE('',(#2469),#488,.T.);
#2469 = FACE_BOUND('',#2470,.F.);
#2470 = EDGE_LOOP('',(#2471,#2472,#2473,#2494));
#2471 = ORIENTED_EDGE('',*,*,#2425,.F.);
#2472 = ORIENTED_EDGE('',*,*,#472,.T.);
#2473 = ORIENTED_EDGE('',*,*,#2474,.T.);
#2474 = EDGE_CURVE('',#473,#1659,#2475,.T.);
#2475 = SURFACE_CURVE('',#2476,(#2480,#2487),.PCURVE_S1.);
#2476 = LINE('',#2477,#2478);
#2477 = CARTESIAN_POINT('',(31.666666666667,-54.,44.));
#2478 = VECTOR('',#2479,1.);
#2479 = DIRECTION('',(0.,-1.,0.));
#2480 = PCURVE('',#488,#2481);
#2481 = DEFINITIONAL_REPRESENTATION('',(#2482),#2486);
#2482 = LINE('',#2483,#2484);
#2483 = CARTESIAN_POINT('',(-0.,0.));
#2484 = VECTOR('',#2485,1.);
#2485 = DIRECTION('',(-0.,-1.));
#2486 = ( GEOMETRIC_REPRESENTATION_CONTEXT(2) 
PARAMETRIC_REPRESENTATION_CONTEXT() REPRESENTATION_CONTEXT('2D SPACE',''
  ) );
#2487 = PCURVE('',#516,#2488);
#2488 = DEFINITIONAL_REPRESENTATION('',(#2489),#2493);
#2489 = LINE('',#2490,#2491);
#2490 = CARTESIAN_POINT('',(-0.,-0.));
#2491 = VECTOR('',#2492,1.);
#2492 = DIRECTION('',(-0.,1.));
#2493 = ( GEOMETRIC_REPRESENTATION_CONTEXT(2) 
PARAMETRIC_REPRESENTATION_CONTEXT() REPRESENTATION_CONTEXT('2D SPACE',''
  ) );
#2494 = ORIENTED_EDGE('',*,*,#1658,.F.);
#2495 = ADVANCED_FACE('',(#2496),#542,.F.);
#2496 = FACE_BOUND('',#2497,.T.);
#2497 = EDGE_LOOP('',(#2498,#2499,#2500,#2521));
#2498 = ORIENTED_EDGE('',*,*,#2447,.F.);
#2499 = ORIENTED_EDGE('',*,*,#528,.T.);
#2500 = ORIENTED_EDGE('',*,*,#2501,.T.);
#2501 = EDGE_CURVE('',#501,#1682,#2502,.T.);
#2502 = SURFACE_CURVE('',#2503,(#2507,#2514),.PCURVE_S1.);
#2503 = LINE('',#2504,#2505);
#2504 = CARTESIAN_POINT('',(47.333333333333,-54.,44.));
#2505 = VECTOR('',#2506,1.);
#2506 = DIRECTION('',(0.,-1.,0.));
#2507 = PCURVE('',#542,#2508);
#2508 = DEFINITIONAL_REPRESENTATION('',(#2509),#2513);
#2509 = LINE('',#2510,#2511);
#2510 = CARTESIAN_POINT('',(-0.,0.));
#2511 = VECTOR('',#2512,1.);
#2512 = DIRECTION('',(-0.,-1.));
#2513 = ( GEOMETRIC_REPRESENTATION_CONTEXT(2) 
PARAMETRIC_REPRESENTATION_CONTEXT() REPRESENTATION_CONTEXT('2D SPACE',''
  ) );
#2514 = PCURVE('',#516,#2515);
#2515 = DEFINITIONAL_REPRESENTATION('',(#2516),#2520);
#2516 = LINE('',#2517,#2518);
#2517 = CARTESIAN_POINT('',(-15.66666666666,-0.));
#2518 = VECTOR('',#2519,1.);
#2519 = DIRECTION('',(-0.,1.));
#2520 = ( GEOMETRIC_REPRESENTATION_CONTEXT(2) 
PARAMETRIC_REPRESENTATION_CONTEXT() REPRESENTATION_CONTEXT('2D SPACE',''
  ) );
#2521 = ORIENTED_EDGE('',*,*,#1704,.F.);
#2522 = ADVANCED_FACE('',(#2523),#516,.T.);
#2523 = FACE_BOUND('',#2524,.F.);
#2524 = EDGE_LOOP('',(#2525,#2526,#2527,#2528));
#2525 = ORIENTED_EDGE('',*,*,#2474,.F.);
#2526 = ORIENTED_EDGE('',*,*,#500,.T.);
#2527 = ORIENTED_EDGE('',*,*,#2501,.T.);
#2528 = ORIENTED_EDGE('',*,*,#1681,.F.);
#2529 = ADVANCED_FACE('',(#2530),#574,.F.);
#2530 = FACE_BOUND('',#2531,.T.);
#2531 = EDGE_LOOP('',(#2532,#2553,#2554,#2575));
#2532 = ORIENTED_EDGE('',*,*,#2533,.F.);
#2533 = EDGE_CURVE('',#557,#1728,#2534,.T.);
#2534 = SURFACE_CURVE('',#2535,(#2539,#2546),.PCURVE_S1.);
#2535 = LINE('',#2536,#2537);
#2536 = CARTESIAN_POINT('',(55.333333333333,-54.,142.));
#2537 = VECTOR('',#2538,1.);
#2538 = DIRECTION('',(0.,-1.,0.));
#2539 = PCURVE('',#574,#2540);
#2540 = DEFINITIONAL_REPRESENTATION('',(#2541),#2545);
#2541 = LINE('',#2542,#2543);
#2542 = CARTESIAN_POINT('',(-0.,-0.));
#2543 = VECTOR('',#2544,1.);
#2544 = DIRECTION('',(-0.,1.));
#2545 = ( GEOMETRIC_REPRESENTATION_CONTEXT(2) 
PARAMETRIC_REPRESENTATION_CONTEXT() REPRESENTATION_CONTEXT('2D SPACE',''
  ) );
#2546 = PCURVE('',#602,#2547);
#2547 = DEFINITIONAL_REPRESENTATION('',(#2548),#2552);
#2548 = LINE('',#2549,#2550);
#2549 = CARTESIAN_POINT('',(-98.,0.));
#2550 = VECTOR('',#2551,1.);
#2551 = DIRECTION('',(-0.,-1.));
#2552 = ( GEOMETRIC_REPRESENTATION_CONTEXT(2) 
PARAMETRIC_REPRESENTATION_CONTEXT() REPRESENTATION_CONTEXT('2D SPACE',''
  ) );
#2553 = ORIENTED_EDGE('',*,*,#556,.T.);
#2554 = ORIENTED_EDGE('',*,*,#2555,.T.);
#2555 = EDGE_CURVE('',#559,#1730,#2556,.T.);
#2556 = SURFACE_CURVE('',#2557,(#2561,#2568),.PCURVE_S1.);
#2557 = LINE('',#2558,#2559);
#2558 = CARTESIAN_POINT('',(71.,-54.,142.));
#2559 = VECTOR('',#2560,1.);
#2560 = DIRECTION('',(0.,-1.,0.));
#2561 = PCURVE('',#574,#2562);
#2562 = DEFINITIONAL_REPRESENTATION('',(#2563),#2567);
#2563 = LINE('',#2564,#2565);
#2564 = CARTESIAN_POINT('',(-15.66666666666,-0.));
#2565 = VECTOR('',#2566,1.);
#2566 = DIRECTION('',(-0.,1.));
#2567 = ( GEOMETRIC_REPRESENTATION_CONTEXT(2) 
PARAMETRIC_REPRESENTATION_CONTEXT() REPRESENTATION_CONTEXT('2D SPACE',''
  ) );
#2568 = PCURVE('',#656,#2569);
#2569 = DEFINITIONAL_REPRESENTATION('',(#2570),#2574);
#2570 = LINE('',#2571,#2572);
#2571 = CARTESIAN_POINT('',(-98.,0.));
#2572 = VECTOR('',#2573,1.);
#2573 = DIRECTION('',(-0.,-1.));
#2574 = ( GEOMETRIC_REPRESENTATION_CONTEXT(2) 
PARAMETRIC_REPRESENTATION_CONTEXT() REPRESENTATION_CONTEXT('2D SPACE',''
  ) );
#2575 = ORIENTED_EDGE('',*,*,#1727,.F.);
#2576 = ADVANCED_FACE('',(#2577),#602,.T.);
#2577 = FACE_BOUND('',#2578,.F.);
#2578 = EDGE_LOOP('',(#2579,#2580,#2581,#2602));
#2579 = ORIENTED_EDGE('',*,*,#2533,.F.);
#2580 = ORIENTED_EDGE('',*,*,#586,.T.);
#2581 = ORIENTED_EDGE('',*,*,#2582,.T.);
#2582 = EDGE_CURVE('',#587,#1753,#2583,.T.);
#2583 = SURFACE_CURVE('',#2584,(#2588,#2595),.PCURVE_S1.);
#2584 = LINE('',#2585,#2586);
#2585 = CARTESIAN_POINT('',(55.333333333333,-54.,44.));
#2586 = VECTOR('',#2587,1.);
#2587 = DIRECTION('',(0.,-1.,0.));
#2588 = PCURVE('',#602,#2589);
#2589 = DEFINITIONAL_REPRESENTATION('',(#2590),#2594);
#2590 = LINE('',#2591,#2592);
#2591 = CARTESIAN_POINT('',(-0.,0.));
#2592 = VECTOR('',#2593,1.);
#2593 = DIRECTION('',(-0.,-1.));
#2594 = ( GEOMETRIC_REPRESENTATION_CONTEXT(2) 
PARAMETRIC_REPRESENTATION_CONTEXT() REPRESENTATION_CONTEXT('2D SPACE',''
  ) );
#2595 = PCURVE('',#630,#2596);
#2596 = DEFINITIONAL_REPRESENTATION('',(#2597),#2601);
#2597 = LINE('',#2598,#2599);
#2598 = CARTESIAN_POINT('',(-0.,-0.));
#2599 = VECTOR('',#2600,1.);
#2600 = DIRECTION('',(-0.,1.));
#2601 = ( GEOMETRIC_REPRESENTATION_CONTEXT(2) 
PARAMETRIC_REPRESENTATION_CONTEXT() REPRESENTATION_CONTEXT('2D SPACE',''
  ) );
#2602 = ORIENTED_EDGE('',*,*,#1752,.F.);
#2603 = ADVANCED_FACE('',(#2604),#656,.F.);
#2604 = FACE_BOUND('',#2605,.T.);
#2605 = EDGE_LOOP('',(#2606,#2607,#2608,#2629));
#2606 = ORIENTED_EDGE('',*,*,#2555,.F.);
#2607 = ORIENTED_EDGE('',*,*,#642,.T.);
#2608 = ORIENTED_EDGE('',*,*,#2609,.T.);
#2609 = EDGE_CURVE('',#615,#1776,#2610,.T.);
#2610 = SURFACE_CURVE('',#2611,(#2615,#2622),.PCURVE_S1.);
#2611 = LINE('',#2612,#2613);
#2612 = CARTESIAN_POINT('',(71.,-54.,44.));
#2613 = VECTOR('',#2614,1.);
#2614 = DIRECTION('',(0.,-1.,0.));
#2615 = PCURVE('',#656,#2616);
#2616 = DEFINITIONAL_REPRESENTATION('',(#2617),#2621);
#2617 = LINE('',#2618,#2619);
#2618 = CARTESIAN_POINT('',(-0.,0.));
#2619 = VECTOR('',#2620,1.);
#2620 = DIRECTION('',(-0.,-1.));
#2621 = ( GEOMETRIC_REPRESENTATION_CONTEXT(2) 
PARAMETRIC_REPRESENTATION_CONTEXT() REPRESENTATION_CONTEXT('2D SPACE',''
  ) );
#2622 = PCURVE('',#630,#2623);
#2623 = DEFINITIONAL_REPRESENTATION('',(#2624),#2628);
#2624 = LINE('',#2625,#2626);
#2625 = CARTESIAN_POINT('',(-15.66666666666,-0.));
#2626 = VECTOR('',#2627,1.);
#2627 = DIRECTION('',(-0.,1.));
#2628 = ( GEOMETRIC_REPRESENTATION_CONTEXT(2) 
PARAMETRIC_REPRESENTATION_CONTEXT() REPRESENTATION_CONTEXT('2D SPACE',''
  ) );
#2629 = ORIENTED_EDGE('',*,*,#1798,.F.);
#2630 = ADVANCED_FACE('',(#2631),#630,.T.);
#2631 = FACE_BOUND('',#2632,.F.);
#2632 = EDGE_LOOP('',(#2633,#2634,#2635,#2636));
#2633 = ORIENTED_EDGE('',*,*,#2582,.F.);
#2634 = ORIENTED_EDGE('',*,*,#614,.T.);
#2635 = ORIENTED_EDGE('',*,*,#2609,.T.);
#2636 = ORIENTED_EDGE('',*,*,#1775,.F.);
#2637 = ADVANCED_FACE('',(#2638),#688,.F.);
#2638 = FACE_BOUND('',#2639,.T.);
#2639 = EDGE_LOOP('',(#2640,#2661,#2662,#2683));
#2640 = ORIENTED_EDGE('',*,*,#2641,.F.);
#2641 = EDGE_CURVE('',#671,#1822,#2642,.T.);
#2642 = SURFACE_CURVE('',#2643,(#2647,#2654),.PCURVE_S1.);
#2643 = LINE('',#2644,#2645);
#2644 = CARTESIAN_POINT('',(79.,-54.,142.));
#2645 = VECTOR('',#2646,1.);
#2646 = DIRECTION('',(0.,-1.,0.));
#2647 = PCURVE('',#688,#2648);
#2648 = DEFINITIONAL_REPRESENTATION('',(#2649),#2653);
#2649 = LINE('',#2650,#2651);
#2650 = CARTESIAN_POINT('',(-0.,-0.));
#2651 = VECTOR('',#2652,1.);
#2652 = DIRECTION('',(-0.,1.));
#2653 = ( GEOMETRIC_REPRESENTATION_CONTEXT(2) 
PARAMETRIC_REPRESENTATION_CONTEXT() REPRESENTATION_CONTEXT('2D SPACE',''
  ) );
#2654 = PCURVE('',#716,#2655);
#2655 = DEFINITIONAL_REPRESENTATION('',(#2656),#2660);
#2656 = LINE('',#2657,#2658);
#2657 = CARTESIAN_POINT('',(-98.,0.));
#2658 = VECTOR('',#2659,1.);
#2659 = DIRECTION('',(-0.,-1.));
#2660 = ( GEOMETRIC_REPRESENTATION_CONTEXT(2) 
PARAMETRIC_REPRESENTATION_CONTEXT() REPRESENTATION_CONTEXT('2D SPACE',''
  ) );
#2661 = ORIENTED_EDGE('',*,*,#670,.T.);
#2662 = ORIENTED_EDGE('',*,*,#2663,.T.);
#2663 = EDGE_CURVE('',#673,#1824,#2664,.T.);
#2664 = SURFACE_CURVE('',#2665,(#2669,#2676),.PCURVE_S1.);
#2665 = LINE('',#2666,#2667);
#2666 = CARTESIAN_POINT('',(94.666666666667,-54.,142.));
#2667 = VECTOR('',#2668,1.);
#2668 = DIRECTION('',(0.,-1.,0.));
#2669 = PCURVE('',#688,#2670);
#2670 = DEFINITIONAL_REPRESENTATION('',(#2671),#2675);
#2671 = LINE('',#2672,#2673);
#2672 = CARTESIAN_POINT('',(-15.66666666666,-0.));
#2673 = VECTOR('',#2674,1.);
#2674 = DIRECTION('',(-0.,1.));
#2675 = ( GEOMETRIC_REPRESENTATION_CONTEXT(2) 
PARAMETRIC_REPRESENTATION_CONTEXT() REPRESENTATION_CONTEXT('2D SPACE',''
  ) );
#2676 = PCURVE('',#770,#2677);
#2677 = DEFINITIONAL_REPRESENTATION('',(#2678),#2682);
#2678 = LINE('',#2679,#2680);
#2679 = CARTESIAN_POINT('',(-98.,0.));
#2680 = VECTOR('',#2681,1.);
#2681 = DIRECTION('',(-0.,-1.));
#2682 = ( GEOMETRIC_REPRESENTATION_CONTEXT(2) 
PARAMETRIC_REPRESENTATION_CONTEXT() REPRESENTATION_CONTEXT('2D SPACE',''
  ) );
#2683 = ORIENTED_EDGE('',*,*,#1821,.F.);
#2684 = ADVANCED_FACE('',(#2685),#716,.T.);
#2685 = FACE_BOUND('',#2686,.F.);
#2686 = EDGE_LOOP('',(#2687,#2688,#2689,#2710));
#2687 = ORIENTED_EDGE('',*,*,#2641,.F.);
#2688 = ORIENTED_EDGE('',*,*,#700,.T.);
#2689 = ORIENTED_EDGE('',*,*,#2690,.T.);
#2690 = EDGE_CURVE('',#701,#1847,#2691,.T.);
#2691 = SURFACE_CURVE('',#2692,(#2696,#2703),.PCURVE_S1.);
#2692 = LINE('',#2693,#2694);
#2693 = CARTESIAN_POINT('',(79.,-54.,44.));
#2694 = VECTOR('',#2695,1.);
#2695 = DIRECTION('',(0.,-1.,0.));
#2696 = PCURVE('',#716,#2697);
#2697 = DEFINITIONAL_REPRESENTATION('',(#2698),#2702);
#2698 = LINE('',#2699,#2700);
#2699 = CARTESIAN_POINT('',(-0.,0.));
#2700 = VECTOR('',#2701,1.);
#2701 = DIRECTION('',(-0.,-1.));
#2702 = ( GEOMETRIC_REPRESENTATION_CONTEXT(2) 
PARAMETRIC_REPRESENTATION_CONTEXT() REPRESENTATION_CONTEXT('2D SPACE',''
  ) );
#2703 = PCURVE('',#744,#2704);
#2704 = DEFINITIONAL_REPRESENTATION('',(#2705),#2709);
#2705 = LINE('',#2706,#2707);
#2706 = CARTESIAN_POINT('',(-0.,-0.));
#2707 = VECTOR('',#2708,1.);
#2708 = DIRECTION('',(-0.,1.));
#2709 = ( GEOMETRIC_REPRESENTATION_CONTEXT(2) 
PARAMETRIC_REPRESENTATION_CONTEXT() REPRESENTATION_CONTEXT('2D SPACE',''
  ) );
#2710 = ORIENTED_EDGE('',*,*,#1846,.F.);
#2711 = ADVANCED_FACE('',(#2712),#770,.F.);
#2712 = FACE_BOUND('',#2713,.T.);
#2713 = EDGE_LOOP('',(#2714,#2715,#2716,#2737));
#2714 = ORIENTED_EDGE('',*,*,#2663,.F.);
#2715 = ORIENTED_EDGE('',*,*,#756,.T.);
#2716 = ORIENTED_EDGE('',*,*,#2717,.T.);
#2717 = EDGE_CURVE('',#729,#1870,#2718,.T.);
#2718 = SURFACE_CURVE('',#2719,(#2723,#2730),.PCURVE_S1.);
#2719 = LINE('',#2720,#2721);
#2720 = CARTESIAN_POINT('',(94.666666666667,-54.,44.));
#2721 = VECTOR('',#2722,1.);
#2722 = DIRECTION('',(0.,-1.,0.));
#2723 = PCURVE('',#770,#2724);
#2724 = DEFINITIONAL_REPRESENTATION('',(#2725),#2729);
#2725 = LINE('',#2726,#2727);
#2726 = CARTESIAN_POINT('',(-0.,0.));
#2727 = VECTOR('',#2728,1.);
#2728 = DIRECTION('',(-0.,-1.));
#2729 = ( GEOMETRIC_REPRESENTATION_CONTEXT(2) 
PARAMETRIC_REPRESENTATION_CONTEXT() REPRESENTATION_CONTEXT('2D SPACE',''
  ) );
#2730 = PCURVE('',#744,#2731);
#2731 = DEFINITIONAL_REPRESENTATION('',(#2732),#2736);
#2732 = LINE('',#2733,#2734);
#2733 = CARTESIAN_POINT('',(-15.66666666666,-0.));
#2734 = VECTOR('',#2735,1.);
#2735 = DIRECTION('',(-0.,1.));
#2736 = ( GEOMETRIC_REPRESENTATION_CONTEXT(2) 
PARAMETRIC_REPRESENTATION_CONTEXT() REPRESENTATION_CONTEXT('2D SPACE',''
  ) );
#2737 = ORIENTED_EDGE('',*,*,#1892,.F.);
#2738 = ADVANCED_FACE('',(#2739),#744,.T.);
#2739 = FACE_BOUND('',#2740,.F.);
#2740 = EDGE_LOOP('',(#2741,#2742,#2743,#2744));
#2741 = ORIENTED_EDGE('',*,*,#2690,.F.);
#2742 = ORIENTED_EDGE('',*,*,#728,.T.);
#2743 = ORIENTED_EDGE('',*,*,#2717,.T.);
#2744 = ORIENTED_EDGE('',*,*,#1869,.F.);
#2745 = ADVANCED_FACE('',(#2746),#801,.F.);
#2746 = FACE_BOUND('',#2747,.T.);
#2747 = EDGE_LOOP('',(#2748,#2749,#2770,#2771));
#2748 = ORIENTED_EDGE('',*,*,#784,.F.);
#2749 = ORIENTED_EDGE('',*,*,#2750,.T.);
#2750 = EDGE_CURVE('',#785,#1916,#2751,.T.);
#2751 = SEAM_CURVE('',#2752,(#2756,#2763),.PCURVE_S1.);
#2752 = LINE('',#2753,#2754);
#2753 = CARTESIAN_POINT('',(135.2,-54.,49.));
#2754 = VECTOR('',#2755,1.);
#2755 = DIRECTION('',(-0.,-1.,-0.));
#2756 = PCURVE('',#801,#2757);
#2757 = DEFINITIONAL_REPRESENTATION('',(#2758),#2762);
#2758 = LINE('',#2759,#2760);
#2759 = CARTESIAN_POINT('',(-6.28318530718,0.));
#2760 = VECTOR('',#2761,1.);
#2761 = DIRECTION('',(-0.,-1.));
#2762 = ( GEOMETRIC_REPRESENTATION_CONTEXT(2) 
PARAMETRIC_REPRESENTATION_CONTEXT() REPRESENTATION_CONTEXT('2D SPACE',''
  ) );
#2763 = PCURVE('',#801,#2764);
#2764 = DEFINITIONAL_REPRESENTATION('',(#2765),#2769);
#2765 = LINE('',#2766,#2767);
#2766 = CARTESIAN_POINT('',(-0.,0.));
#2767 = VECTOR('',#2768,1.);
#2768 = DIRECTION('',(-0.,-1.));
#2769 = ( GEOMETRIC_REPRESENTATION_CONTEXT(2) 
PARAMETRIC_REPRESENTATION_CONTEXT() REPRESENTATION_CONTEXT('2D SPACE',''
  ) );
#2770 = ORIENTED_EDGE('',*,*,#1915,.T.);
#2771 = ORIENTED_EDGE('',*,*,#2750,.F.);
#2772 = ADVANCED_FACE('',(#2773),#833,.F.);
#2773 = FACE_BOUND('',#2774,.T.);
#2774 = EDGE_LOOP('',(#2775,#2796,#2797,#2818));
#2775 = ORIENTED_EDGE('',*,*,#2776,.F.);
#2776 = EDGE_CURVE('',#816,#1942,#2777,.T.);
#2777 = SURFACE_CURVE('',#2778,(#2782,#2789),.PCURVE_S1.);
#2778 = LINE('',#2779,#2780);
#2779 = CARTESIAN_POINT('',(102.66666666666,-54.,142.));
#2780 = VECTOR('',#2781,1.);
#2781 = DIRECTION('',(0.,-1.,0.));
#2782 = PCURVE('',#833,#2783);
#2783 = DEFINITIONAL_REPRESENTATION('',(#2784),#2788);
#2784 = LINE('',#2785,#2786);
#2785 = CARTESIAN_POINT('',(-0.,-0.));
#2786 = VECTOR('',#2787,1.);
#2787 = DIRECTION('',(-0.,1.));
#2788 = ( GEOMETRIC_REPRESENTATION_CONTEXT(2) 
PARAMETRIC_REPRESENTATION_CONTEXT() REPRESENTATION_CONTEXT('2D SPACE',''
  ) );
#2789 = PCURVE('',#861,#2790);
#2790 = DEFINITIONAL_REPRESENTATION('',(#2791),#2795);
#2791 = LINE('',#2792,#2793);
#2792 = CARTESIAN_POINT('',(-98.,0.));
#2793 = VECTOR('',#2794,1.);
#2794 = DIRECTION('',(-0.,-1.));
#2795 = ( GEOMETRIC_REPRESENTATION_CONTEXT(2) 
PARAMETRIC_REPRESENTATION_CONTEXT() REPRESENTATION_CONTEXT('2D SPACE',''
  ) );
#2796 = ORIENTED_EDGE('',*,*,#815,.T.);
#2797 = ORIENTED_EDGE('',*,*,#2798,.T.);
#2798 = EDGE_CURVE('',#818,#1944,#2799,.T.);
#2799 = SURFACE_CURVE('',#2800,(#2804,#2811),.PCURVE_S1.);
#2800 = LINE('',#2801,#2802);
#2801 = CARTESIAN_POINT('',(118.33333333333,-54.,142.));
#2802 = VECTOR('',#2803,1.);
#2803 = DIRECTION('',(0.,-1.,0.));
#2804 = PCURVE('',#833,#2805);
#2805 = DEFINITIONAL_REPRESENTATION('',(#2806),#2810);
#2806 = LINE('',#2807,#2808);
#2807 = CARTESIAN_POINT('',(-15.66666666666,-0.));
#2808 = VECTOR('',#2809,1.);
#2809 = DIRECTION('',(-0.,1.));
#2810 = ( GEOMETRIC_REPRESENTATION_CONTEXT(2) 
PARAMETRIC_REPRESENTATION_CONTEXT() REPRESENTATION_CONTEXT('2D SPACE',''
  ) );
#2811 = PCURVE('',#915,#2812);
#2812 = DEFINITIONAL_REPRESENTATION('',(#2813),#2817);
#2813 = LINE('',#2814,#2815);
#2814 = CARTESIAN_POINT('',(-98.,0.));
#2815 = VECTOR('',#2816,1.);
#2816 = DIRECTION('',(-0.,-1.));
#2817 = ( GEOMETRIC_REPRESENTATION_CONTEXT(2) 
PARAMETRIC_REPRESENTATION_CONTEXT() REPRESENTATION_CONTEXT('2D SPACE',''
  ) );
#2818 = ORIENTED_EDGE('',*,*,#1941,.F.);
#2819 = ADVANCED_FACE('',(#2820),#861,.T.);
#2820 = FACE_BOUND('',#2821,.F.);
#2821 = EDGE_LOOP('',(#2822,#2823,#2824,#2845));
#2822 = ORIENTED_EDGE('',*,*,#2776,.F.);
#2823 = ORIENTED_EDGE('',*,*,#845,.T.);
#2824 = ORIENTED_EDGE('',*,*,#2825,.T.);
#2825 = EDGE_CURVE('',#846,#1967,#2826,.T.);
#2826 = SURFACE_CURVE('',#2827,(#2831,#2838),.PCURVE_S1.);
#2827 = LINE('',#2828,#2829);
#2828 = CARTESIAN_POINT('',(102.66666666666,-54.,44.));
#2829 = VECTOR('',#2830,1.);
#2830 = DIRECTION('',(0.,-1.,0.));
#2831 = PCURVE('',#861,#2832);
#2832 = DEFINITIONAL_REPRESENTATION('',(#2833),#2837);
#2833 = LINE('',#2834,#2835);
#2834 = CARTESIAN_POINT('',(-0.,0.));
#2835 = VECTOR('',#2836,1.);
#2836 = DIRECTION('',(-0.,-1.));
#2837 = ( GEOMETRIC_REPRESENTATION_CONTEXT(2) 
PARAMETRIC_REPRESENTATION_CONTEXT() REPRESENTATION_CONTEXT('2D SPACE',''
  ) );
#2838 = PCURVE('',#889,#2839);
#2839 = DEFINITIONAL_REPRESENTATION('',(#2840),#2844);
#2840 = LINE('',#2841,#2842);
#2841 = CARTESIAN_POINT('',(-0.,-0.));
#2842 = VECTOR('',#2843,1.);
#2843 = DIRECTION('',(-0.,1.));
#2844 = ( GEOMETRIC_REPRESENTATION_CONTEXT(2) 
PARAMETRIC_REPRESENTATION_CONTEXT() REPRESENTATION_CONTEXT('2D SPACE',''
  ) );
#2845 = ORIENTED_EDGE('',*,*,#1966,.F.);
#2846 = ADVANCED_FACE('',(#2847),#915,.F.);
#2847 = FACE_BOUND('',#2848,.T.);
#2848 = EDGE_LOOP('',(#2849,#2850,#2851,#2872));
#2849 = ORIENTED_EDGE('',*,*,#2798,.F.);
#2850 = ORIENTED_EDGE('',*,*,#901,.T.);
#2851 = ORIENTED_EDGE('',*,*,#2852,.T.);
#2852 = EDGE_CURVE('',#874,#1990,#2853,.T.);
#2853 = SURFACE_CURVE('',#2854,(#2858,#2865),.PCURVE_S1.);
#2854 = LINE('',#2855,#2856);
#2855 = CARTESIAN_POINT('',(118.33333333333,-54.,44.));
#2856 = VECTOR('',#2857,1.);
#2857 = DIRECTION('',(0.,-1.,0.));
#2858 = PCURVE('',#915,#2859);
#2859 = DEFINITIONAL_REPRESENTATION('',(#2860),#2864);
#2860 = LINE('',#2861,#2862);
#2861 = CARTESIAN_POINT('',(-0.,0.));
#2862 = VECTOR('',#2863,1.);
#2863 = DIRECTION('',(-0.,-1.));
#2864 = ( GEOMETRIC_REPRESENTATION_CONTEXT(2) 
PARAMETRIC_REPRESENTATION_CONTEXT() REPRESENTATION_CONTEXT('2D SPACE',''
  ) );
#2865 = PCURVE('',#889,#2866);
#2866 = DEFINITIONAL_REPRESENTATION('',(#2867),#2871);
#2867 = LINE('',#2868,#2869);
#2868 = CARTESIAN_POINT('',(-15.66666666666,-0.));
#2869 = VECTOR('',#2870,1.);
#2870 = DIRECTION('',(-0.,1.));
#2871 = ( GEOMETRIC_REPRESENTATION_CONTEXT(2) 
PARAMETRIC_REPRESENTATION_CONTEXT() REPRESENTATION_CONTEXT('2D SPACE',''
  ) );
#2872 = ORIENTED_EDGE('',*,*,#2012,.F.);
#2873 = ADVANCED_FACE('',(#2874),#889,.T.);
#2874 = FACE_BOUND('',#2875,.F.);
#2875 = EDGE_LOOP('',(#2876,#2877,#2878,#2879));
#2876 = ORIENTED_EDGE('',*,*,#2825,.F.);
#2877 = ORIENTED_EDGE('',*,*,#873,.T.);
#2878 = ORIENTED_EDGE('',*,*,#2852,.T.);
#2879 = ORIENTED_EDGE('',*,*,#1989,.F.);
#2880 = ADVANCED_FACE('',(#2881),#947,.T.);
#2881 = FACE_BOUND('',#2882,.F.);
#2882 = EDGE_LOOP('',(#2883,#2904,#2905,#2926));
#2883 = ORIENTED_EDGE('',*,*,#2884,.F.);
#2884 = EDGE_CURVE('',#930,#2061,#2885,.T.);
#2885 = SURFACE_CURVE('',#2886,(#2890,#2897),.PCURVE_S1.);
#2886 = LINE('',#2887,#2888);
#2887 = CARTESIAN_POINT('',(126.33333333333,-55.,60.));
#2888 = VECTOR('',#2889,1.);
#2889 = DIRECTION('',(0.,-1.,0.));
#2890 = PCURVE('',#947,#2891);
#2891 = DEFINITIONAL_REPRESENTATION('',(#2892),#2896);
#2892 = LINE('',#2893,#2894);
#2893 = CARTESIAN_POINT('',(-0.,-0.));
#2894 = VECTOR('',#2895,1.);
#2895 = DIRECTION('',(-0.,1.));
#2896 = ( GEOMETRIC_REPRESENTATION_CONTEXT(2) 
PARAMETRIC_REPRESENTATION_CONTEXT() REPRESENTATION_CONTEXT('2D SPACE',''
  ) );
#2897 = PCURVE('',#1029,#2898);
#2898 = DEFINITIONAL_REPRESENTATION('',(#2899),#2903);
#2899 = LINE('',#2900,#2901);
#2900 = CARTESIAN_POINT('',(-16.,-1.));
#2901 = VECTOR('',#2902,1.);
#2902 = DIRECTION('',(-0.,-1.));
#2903 = ( GEOMETRIC_REPRESENTATION_CONTEXT(2) 
PARAMETRIC_REPRESENTATION_CONTEXT() REPRESENTATION_CONTEXT('2D SPACE',''
  ) );
#2904 = ORIENTED_EDGE('',*,*,#929,.T.);
#2905 = ORIENTED_EDGE('',*,*,#2906,.T.);
#2906 = EDGE_CURVE('',#932,#2084,#2907,.T.);
#2907 = SURFACE_CURVE('',#2908,(#2912,#2919),.PCURVE_S1.);
#2908 = LINE('',#2909,#2910);
#2909 = CARTESIAN_POINT('',(142.,-55.,60.));
#2910 = VECTOR('',#2911,1.);
#2911 = DIRECTION('',(0.,-1.,0.));
#2912 = PCURVE('',#947,#2913);
#2913 = DEFINITIONAL_REPRESENTATION('',(#2914),#2918);
#2914 = LINE('',#2915,#2916);
#2915 = CARTESIAN_POINT('',(-15.66666666666,-0.));
#2916 = VECTOR('',#2917,1.);
#2917 = DIRECTION('',(-0.,1.));
#2918 = ( GEOMETRIC_REPRESENTATION_CONTEXT(2) 
PARAMETRIC_REPRESENTATION_CONTEXT() REPRESENTATION_CONTEXT('2D SPACE',''
  ) );
#2919 = PCURVE('',#975,#2920);
#2920 = DEFINITIONAL_REPRESENTATION('',(#2921),#2925);
#2921 = LINE('',#2922,#2923);
#2922 = CARTESIAN_POINT('',(-16.,-1.));
#2923 = VECTOR('',#2924,1.);
#2924 = DIRECTION('',(-0.,-1.));
#2925 = ( GEOMETRIC_REPRESENTATION_CONTEXT(2) 
PARAMETRIC_REPRESENTATION_CONTEXT() REPRESENTATION_CONTEXT('2D SPACE',''
  ) );
#2926 = ORIENTED_EDGE('',*,*,#2083,.F.);
#2927 = ADVANCED_FACE('',(#2928),#975,.F.);
#2928 = FACE_BOUND('',#2929,.T.);
#2929 = EDGE_LOOP('',(#2930,#2951,#2952,#2953));
#2930 = ORIENTED_EDGE('',*,*,#2931,.F.);
#2931 = EDGE_CURVE('',#960,#2038,#2932,.T.);
#2932 = SURFACE_CURVE('',#2933,(#2937,#2944),.PCURVE_S1.);
#2933 = LINE('',#2934,#2935);
#2934 = CARTESIAN_POINT('',(142.,-54.,142.));
#2935 = VECTOR('',#2936,1.);
#2936 = DIRECTION('',(0.,-1.,0.));
#2937 = PCURVE('',#975,#2938);
#2938 = DEFINITIONAL_REPRESENTATION('',(#2939),#2943);
#2939 = LINE('',#2940,#2941);
#2940 = CARTESIAN_POINT('',(-98.,0.));
#2941 = VECTOR('',#2942,1.);
#2942 = DIRECTION('',(-0.,-1.));
#2943 = ( GEOMETRIC_REPRESENTATION_CONTEXT(2) 
PARAMETRIC_REPRESENTATION_CONTEXT() REPRESENTATION_CONTEXT('2D SPACE',''
  ) );
#2944 = PCURVE('',#1003,#2945);
#2945 = DEFINITIONAL_REPRESENTATION('',(#2946),#2950);
#2946 = LINE('',#2947,#2948);
#2947 = CARTESIAN_POINT('',(-15.66666666666,-0.));
#2948 = VECTOR('',#2949,1.);
#2949 = DIRECTION('',(-0.,1.));
#2950 = ( GEOMETRIC_REPRESENTATION_CONTEXT(2) 
PARAMETRIC_REPRESENTATION_CONTEXT() REPRESENTATION_CONTEXT('2D SPACE',''
  ) );
#2951 = ORIENTED_EDGE('',*,*,#959,.T.);
#2952 = ORIENTED_EDGE('',*,*,#2906,.T.);
#2953 = ORIENTED_EDGE('',*,*,#2106,.F.);
#2954 = ADVANCED_FACE('',(#2955),#1029,.T.);
#2955 = FACE_BOUND('',#2956,.F.);
#2956 = EDGE_LOOP('',(#2957,#2978,#2979,#2980));
#2957 = ORIENTED_EDGE('',*,*,#2958,.F.);
#2958 = EDGE_CURVE('',#988,#2036,#2959,.T.);
#2959 = SURFACE_CURVE('',#2960,(#2964,#2971),.PCURVE_S1.);
#2960 = LINE('',#2961,#2962);
#2961 = CARTESIAN_POINT('',(126.33333333333,-54.,142.));
#2962 = VECTOR('',#2963,1.);
#2963 = DIRECTION('',(0.,-1.,0.));
#2964 = PCURVE('',#1029,#2965);
#2965 = DEFINITIONAL_REPRESENTATION('',(#2966),#2970);
#2966 = LINE('',#2967,#2968);
#2967 = CARTESIAN_POINT('',(-98.,0.));
#2968 = VECTOR('',#2969,1.);
#2969 = DIRECTION('',(-0.,-1.));
#2970 = ( GEOMETRIC_REPRESENTATION_CONTEXT(2) 
PARAMETRIC_REPRESENTATION_CONTEXT() REPRESENTATION_CONTEXT('2D SPACE',''
  ) );
#2971 = PCURVE('',#1003,#2972);
#2972 = DEFINITIONAL_REPRESENTATION('',(#2973),#2977);
#2973 = LINE('',#2974,#2975);
#2974 = CARTESIAN_POINT('',(-0.,-0.));
#2975 = VECTOR('',#2976,1.);
#2976 = DIRECTION('',(-0.,1.));
#2977 = ( GEOMETRIC_REPRESENTATION_CONTEXT(2) 
PARAMETRIC_REPRESENTATION_CONTEXT() REPRESENTATION_CONTEXT('2D SPACE',''
  ) );
#2978 = ORIENTED_EDGE('',*,*,#1015,.T.);
#2979 = ORIENTED_EDGE('',*,*,#2884,.T.);
#2980 = ORIENTED_EDGE('',*,*,#2060,.F.);
#2981 = ADVANCED_FACE('',(#2982,#2988),#1003,.F.);
#2982 = FACE_BOUND('',#2983,.T.);
#2983 = EDGE_LOOP('',(#2984,#2985,#2986,#2987));
#2984 = ORIENTED_EDGE('',*,*,#2958,.F.);
#2985 = ORIENTED_EDGE('',*,*,#987,.T.);
#2986 = ORIENTED_EDGE('',*,*,#2931,.T.);
#2987 = ORIENTED_EDGE('',*,*,#2035,.F.);
#2988 = FACE_BOUND('',#2989,.T.);
#2989 = EDGE_LOOP('',(#2990));
#2990 = ORIENTED_EDGE('',*,*,#2991,.F.);
#2991 = EDGE_CURVE('',#2992,#2992,#2994,.T.);
#2992 = VERTEX_POINT('',#2993);
#2993 = CARTESIAN_POINT('',(139.25,-58.,142.));
#2994 = SURFACE_CURVE('',#2995,(#3000,#3011),.PCURVE_S1.);
#2995 = CIRCLE('',#2996,1.25);
#2996 = AXIS2_PLACEMENT_3D('',#2997,#2998,#2999);
#2997 = CARTESIAN_POINT('',(138.,-58.,142.));
#2998 = DIRECTION('',(0.,0.,-1.));
#2999 = DIRECTION('',(1.,-0.,-0.));
#3000 = PCURVE('',#1003,#3001);
#3001 = DEFINITIONAL_REPRESENTATION('',(#3002),#3010);
#3002 = ( BOUNDED_CURVE() B_SPLINE_CURVE(2,(#3003,#3004,#3005,#3006,
#3007,#3008,#3009),.UNSPECIFIED.,.T.,.F.) B_SPLINE_CURVE_WITH_KNOTS((1,2
    ,2,2,2,1),(-2.094395102393,0.,2.094395102393,4.188790204786,
6.28318530718,8.377580409573),.UNSPECIFIED.) CURVE() 
GEOMETRIC_REPRESENTATION_ITEM() RATIONAL_B_SPLINE_CURVE((1.,0.5,1.,0.5,
1.,0.5,1.)) REPRESENTATION_ITEM('') );
#3003 = CARTESIAN_POINT('',(-12.91666666666,4.));
#3004 = CARTESIAN_POINT('',(-12.91666666666,6.165063509461));
#3005 = CARTESIAN_POINT('',(-11.04166666666,5.082531754731));
#3006 = CARTESIAN_POINT('',(-9.166666666667,4.));
#3007 = CARTESIAN_POINT('',(-11.04166666666,2.917468245269));
#3008 = CARTESIAN_POINT('',(-12.91666666666,1.834936490539));
#3009 = CARTESIAN_POINT('',(-12.91666666666,4.));
#3010 = ( GEOMETRIC_REPRESENTATION_CONTEXT(2) 
PARAMETRIC_REPRESENTATION_CONTEXT() REPRESENTATION_CONTEXT('2D SPACE',''
  ) );
#3011 = PCURVE('',#3012,#3017);
#3012 = CYLINDRICAL_SURFACE('',#3013,1.25);
#3013 = AXIS2_PLACEMENT_3D('',#3014,#3015,#3016);
#3014 = CARTESIAN_POINT('',(138.,-58.,142.));
#3015 = DIRECTION('',(-0.,0.,-1.));
#3016 = DIRECTION('',(1.,-0.,-0.));
#3017 = DEFINITIONAL_REPRESENTATION('',(#3018),#3022);
#3018 = LINE('',#3019,#3020);
#3019 = CARTESIAN_POINT('',(0.,0.));
#3020 = VECTOR('',#3021,1.);
#3021 = DIRECTION('',(1.,0.));
#3022 = ( GEOMETRIC_REPRESENTATION_CONTEXT(2) 
PARAMETRIC_REPRESENTATION_CONTEXT() REPRESENTATION_CONTEXT('2D SPACE',''
  ) );
#3023 = ADVANCED_FACE('',(#3024,#3050,#3312),#1060,.F.);
#3024 = FACE_BOUND('',#3025,.T.);
#3025 = EDGE_LOOP('',(#3026,#3027,#3048,#3049));
#3026 = ORIENTED_EDGE('',*,*,#1043,.F.);
#3027 = ORIENTED_EDGE('',*,*,#3028,.T.);
#3028 = EDGE_CURVE('',#1044,#2130,#3029,.T.);
#3029 = SEAM_CURVE('',#3030,(#3034,#3041),.PCURVE_S1.);
#3030 = LINE('',#3031,#3032);
#3031 = CARTESIAN_POINT('',(139.7,-54.,148.));
#3032 = VECTOR('',#3033,1.);
#3033 = DIRECTION('',(-0.,-1.,-0.));
#3034 = PCURVE('',#1060,#3035);
#3035 = DEFINITIONAL_REPRESENTATION('',(#3036),#3040);
#3036 = LINE('',#3037,#3038);
#3037 = CARTESIAN_POINT('',(-6.28318530718,0.));
#3038 = VECTOR('',#3039,1.);
#3039 = DIRECTION('',(-0.,-1.));
#3040 = ( GEOMETRIC_REPRESENTATION_CONTEXT(2) 
PARAMETRIC_REPRESENTATION_CONTEXT() REPRESENTATION_CONTEXT('2D SPACE',''
  ) );
#3041 = PCURVE('',#1060,#3042);
#3042 = DEFINITIONAL_REPRESENTATION('',(#3043),#3047);
#3043 = LINE('',#3044,#3045);
#3044 = CARTESIAN_POINT('',(-0.,0.));
#3045 = VECTOR('',#3046,1.);
#3046 = DIRECTION('',(-0.,-1.));
#3047 = ( GEOMETRIC_REPRESENTATION_CONTEXT(2) 
PARAMETRIC_REPRESENTATION_CONTEXT() REPRESENTATION_CONTEXT('2D SPACE',''
  ) );
#3048 = ORIENTED_EDGE('',*,*,#2129,.T.);
#3049 = ORIENTED_EDGE('',*,*,#3028,.F.);
#3050 = FACE_BOUND('',#3051,.T.);
#3051 = EDGE_LOOP('',(#3052));
#3052 = ORIENTED_EDGE('',*,*,#3053,.F.);
#3053 = EDGE_CURVE('',#3054,#3054,#3056,.T.);
#3054 = VERTEX_POINT('',#3055);
#3055 = CARTESIAN_POINT('',(139.25,-58.,149.15217186218));
#3056 = SURFACE_CURVE('',#3057,(#3140,#3226),.PCURVE_S1.);
#3057 = B_SPLINE_CURVE_WITH_KNOTS('',6,(#3058,#3059,#3060,#3061,#3062,
    #3063,#3064,#3065,#3066,#3067,#3068,#3069,#3070,#3071,#3072,#3073,
    #3074,#3075,#3076,#3077,#3078,#3079,#3080,#3081,#3082,#3083,#3084,
    #3085,#3086,#3087,#3088,#3089,#3090,#3091,#3092,#3093,#3094,#3095,
    #3096,#3097,#3098,#3099,#3100,#3101,#3102,#3103,#3104,#3105,#3106,
    #3107,#3108,#3109,#3110,#3111,#3112,#3113,#3114,#3115,#3116,#3117,
    #3118,#3119,#3120,#3121,#3122,#3123,#3124,#3125,#3126,#3127,#3128,
    #3129,#3130,#3131,#3132,#3133,#3134,#3135,#3136,#3137,#3138,#3139),
  .UNSPECIFIED.,.T.,.F.,(7,5,5,5,5,5,5,5,5,5,5,5,5,5,5,5,7),(0.,
    4.820097852115E-02,0.109213021523,0.186641313034,0.249088411159,
    0.312902822982,0.391806952549,0.451207525739,0.499532959726,
    0.54809689176,0.609140475044,0.686608793243,0.749088173429,
    0.812935573768,0.891880492398,0.951311772394,1.),.UNSPECIFIED.);
#3058 = CARTESIAN_POINT('',(139.25,-58.,149.15217186218));
#3059 = CARTESIAN_POINT('',(139.25,-58.06194410447,149.15217186218));
#3060 = CARTESIAN_POINT('',(139.24631644317,-58.12367976329,
    149.15616812967));
#3061 = CARTESIAN_POINT('',(139.23899559793,-58.18492599482,
    149.1641108056));
#3062 = CARTESIAN_POINT('',(139.22811434377,-58.245376193,
    149.17572313802));
#3063 = CARTESIAN_POINT('',(139.21380076721,-58.30464371704,
    149.19049988425));
#3064 = CARTESIAN_POINT('',(139.17429575105,-58.43512026408,
    149.22963184047));
#3065 = CARTESIAN_POINT('',(139.14714792572,-58.50556860263,
    149.2555646666));
#3066 = CARTESIAN_POINT('',(139.11518488629,-58.57352633419,
    149.28455843661));
#3067 = CARTESIAN_POINT('',(139.07855161956,-58.63887861697,
    149.31564542909));
#3068 = CARTESIAN_POINT('',(139.03735333987,-58.70145831367,
    149.34798745985));
#3069 = CARTESIAN_POINT('',(138.93354843504,-58.83670777715,
    149.42253159715));
#3070 = CARTESIAN_POINT('',(138.86800625577,-58.90776761428,
    149.46515914029));
#3071 = CARTESIAN_POINT('',(138.79494176912,-58.97377078073,
    149.5072036855));
#3072 = CARTESIAN_POINT('',(138.71423271529,-59.03395882683,
    149.54726269055));
#3073 = CARTESIAN_POINT('',(138.62579013131,-59.08725987647,
    149.5838580777));
#3074 = CARTESIAN_POINT('',(138.45225761819,-59.16845156531,
    149.64076525502));
#3075 = CARTESIAN_POINT('',(138.36948223787,-59.1994260826,
    149.66297203905));
#3076 = CARTESIAN_POINT('',(138.28237971416,-59.2237981152,
    149.6807403731));
#3077 = CARTESIAN_POINT('',(138.19210884963,-59.2406566282,
    149.69312982592));
#3078 = CARTESIAN_POINT('',(138.09993676821,-59.24944764664,
    149.69959386083));
#3079 = CARTESIAN_POINT('',(137.91236308107,-59.25052292117,
    149.7003844979));
#3080 = CARTESIAN_POINT('',(137.81799456924,-59.24243546401,
    149.69443776227));
#3081 = CARTESIAN_POINT('',(137.72547233968,-59.2258739487,
    149.68225576984));
#3082 = CARTESIAN_POINT('',(137.63617853596,-59.20140384936,
    149.6643950619));
#3083 = CARTESIAN_POINT('',(137.55137921005,-59.169992062,
    149.64185524343));
#3084 = CARTESIAN_POINT('',(137.37415817813,-59.08743067129,
    149.58396537465));
#3085 = CARTESIAN_POINT('',(137.28408382,-59.03309440923,149.54665259237
    ));
#3086 = CARTESIAN_POINT('',(137.20203773829,-58.97162569945,
    149.50575780465));
#3087 = CARTESIAN_POINT('',(137.12792048553,-58.90415165048,
    149.46284006347));
#3088 = CARTESIAN_POINT('',(137.06160020805,-58.83146197785,
    149.41937743444));
#3089 = CARTESIAN_POINT('',(136.95895931312,-58.69575481436,
    149.34506368784));
#3090 = CARTESIAN_POINT('',(136.91918368103,-58.63466643953,
    149.31368403483));
#3091 = CARTESIAN_POINT('',(136.88373568613,-58.57095809349,
    149.28353347731));
#3092 = CARTESIAN_POINT('',(136.8527142899,-58.50478299578,
    149.25538913865));
#3093 = CARTESIAN_POINT('',(136.82625517314,-58.43624743371,
    149.23014260247));
#3094 = CARTESIAN_POINT('',(136.78697967068,-58.30775719958,
    149.19130001306));
#3095 = CARTESIAN_POINT('',(136.77248883749,-58.24841962666,
    149.17635936098));
#3096 = CARTESIAN_POINT('',(136.76143940033,-58.18788479044,
    149.16457848359));
#3097 = CARTESIAN_POINT('',(136.75396119006,-58.1265397555,
    149.15646927678));
#3098 = CARTESIAN_POINT('',(136.75013258814,-58.06469030229,
    149.15231570739));
#3099 = CARTESIAN_POINT('',(136.74987224082,-57.94023297884,
    149.15203325594));
#3100 = CARTESIAN_POINT('',(136.75347798731,-57.87804966586,
    149.15594504676));
#3101 = CARTESIAN_POINT('',(136.76077446047,-57.81635348663,
    149.16386532248));
#3102 = CARTESIAN_POINT('',(136.771684089,-57.75545825975,
    149.17551505928));
#3103 = CARTESIAN_POINT('',(136.78607702011,-57.69575992505,
    149.19037882568));
#3104 = CARTESIAN_POINT('',(136.82570424894,-57.56487973591,
    149.22963184047));
#3105 = CARTESIAN_POINT('',(136.85285207427,-57.49443139736,
    149.2555646666));
#3106 = CARTESIAN_POINT('',(136.8848151137,-57.42647366581,
    149.28455843661));
#3107 = CARTESIAN_POINT('',(136.92144838043,-57.36112138303,
    149.31564542909));
#3108 = CARTESIAN_POINT('',(136.96264666012,-57.29854168632,
    149.34798745985));
#3109 = CARTESIAN_POINT('',(137.06645156495,-57.16329222284,
    149.42253159715));
#3110 = CARTESIAN_POINT('',(137.13199374422,-57.09223238571,
    149.46515914029));
#3111 = CARTESIAN_POINT('',(137.20505823087,-57.02622921926,
    149.5072036855));
#3112 = CARTESIAN_POINT('',(137.2857672847,-56.96604117316,
    149.54726269055));
#3113 = CARTESIAN_POINT('',(137.37420986868,-56.91274012352,
    149.5838580777));
#3114 = CARTESIAN_POINT('',(137.54774238171,-56.83154843473,
    149.64076525499));
#3115 = CARTESIAN_POINT('',(137.63051776189,-56.80057391749,
    149.66297203898));
#3116 = CARTESIAN_POINT('',(137.71762028607,-56.77620188458,
    149.68074037325));
#3117 = CARTESIAN_POINT('',(137.80789115087,-56.75934337188,
    149.69312982586));
#3118 = CARTESIAN_POINT('',(137.90006323123,-56.75055235336,
    149.69959386083));
#3119 = CARTESIAN_POINT('',(138.08763691892,-56.74947707882,
    149.7003844979));
#3120 = CARTESIAN_POINT('',(138.18200543075,-56.75756453598,
    149.69443776227));
#3121 = CARTESIAN_POINT('',(138.27452766031,-56.77412605129,
    149.68225576984));
#3122 = CARTESIAN_POINT('',(138.36382146403,-56.79859615063,
    149.6643950619));
#3123 = CARTESIAN_POINT('',(138.44862078994,-56.83000793799,
    149.64185524343));
#3124 = CARTESIAN_POINT('',(138.62584182186,-56.9125693287,
    149.58396537465));
#3125 = CARTESIAN_POINT('',(138.71591617999,-56.96690559076,
    149.54665259237));
#3126 = CARTESIAN_POINT('',(138.7979622617,-57.02837430054,
    149.50575780465));
#3127 = CARTESIAN_POINT('',(138.87207951446,-57.09584834951,
    149.46284006347));
#3128 = CARTESIAN_POINT('',(138.93839979194,-57.16853802214,
    149.41937743444));
#3129 = CARTESIAN_POINT('',(139.04104068687,-57.30424518563,
    149.34506368784));
#3130 = CARTESIAN_POINT('',(139.08081631896,-57.36533356046,
    149.31368403483));
#3131 = CARTESIAN_POINT('',(139.11626431386,-57.4290419065,
    149.28353347731));
#3132 = CARTESIAN_POINT('',(139.14728571009,-57.49521700421,
    149.25538913865));
#3133 = CARTESIAN_POINT('',(139.17374482685,-57.56375256628,
    149.23014260247));
#3134 = CARTESIAN_POINT('',(139.21314342756,-57.69264551767,
    149.19117827166));
#3135 = CARTESIAN_POINT('',(139.22771478464,-57.75241382558,
    149.17614943841));
#3136 = CARTESIAN_POINT('',(139.23879367986,-57.8133939879,
    149.16432987822));
#3137 = CARTESIAN_POINT('',(139.24624843564,-57.87518932598,
    149.15624190874));
#3138 = CARTESIAN_POINT('',(139.25,-57.9374866732,149.15217186218));
#3139 = CARTESIAN_POINT('',(139.25,-58.,149.15217186218));
#3140 = PCURVE('',#1060,#3141);
#3141 = DEFINITIONAL_REPRESENTATION('',(#3142),#3225);
#3142 = B_SPLINE_CURVE_WITH_KNOTS('',6,(#3143,#3144,#3145,#3146,#3147,
    #3148,#3149,#3150,#3151,#3152,#3153,#3154,#3155,#3156,#3157,#3158,
    #3159,#3160,#3161,#3162,#3163,#3164,#3165,#3166,#3167,#3168,#3169,
    #3170,#3171,#3172,#3173,#3174,#3175,#3176,#3177,#3178,#3179,#3180,
    #3181,#3182,#3183,#3184,#3185,#3186,#3187,#3188,#3189,#3190,#3191,
    #3192,#3193,#3194,#3195,#3196,#3197,#3198,#3199,#3200,#3201,#3202,
    #3203,#3204,#3205,#3206,#3207,#3208,#3209,#3210,#3211,#3212,#3213,
    #3214,#3215,#3216,#3217,#3218,#3219,#3220,#3221,#3222,#3223,#3224),
  .UNSPECIFIED.,.T.,.F.,(7,5,5,5,5,5,5,5,5,5,5,5,5,5,5,5,7),(0.,
    4.820097852115E-02,0.109213021523,0.186641313034,0.249088411159,
    0.312902822982,0.391806952549,0.451207525739,0.499532959726,
    0.54809689176,0.609140475044,0.686608793243,0.749088173429,
    0.812935573768,0.891880492398,0.951311772394,1.),.UNSPECIFIED.);
#3143 = CARTESIAN_POINT('',(-0.744695784868,-4.));
#3144 = CARTESIAN_POINT('',(-0.744695784868,-4.06194410447));
#3145 = CARTESIAN_POINT('',(-0.747892774641,-4.123679763293));
#3146 = CARTESIAN_POINT('',(-0.754247032271,-4.184925994829));
#3147 = CARTESIAN_POINT('',(-0.763607250686,-4.245376193005));
#3148 = CARTESIAN_POINT('',(-0.775706129127,-4.304643717044));
#3149 = CARTESIAN_POINT('',(-0.808415165681,-4.435120264085));
#3150 = CARTESIAN_POINT('',(-0.830496003013,-4.505568602639));
#3151 = CARTESIAN_POINT('',(-0.85586702377,-4.57352633419));
#3152 = CARTESIAN_POINT('',(-0.88410194837,-4.63887861697));
#3153 = CARTESIAN_POINT('',(-0.914883591956,-4.701458313678));
#3154 = CARTESIAN_POINT('',(-0.990058789107,-4.836707777153));
#3155 = CARTESIAN_POINT('',(-1.036000996736,-4.907767614287));
#3156 = CARTESIAN_POINT('',(-1.085471031952,-4.973770780738));
#3157 = CARTESIAN_POINT('',(-1.138304334652,-5.033958826835));
#3158 = CARTESIAN_POINT('',(-1.194447002444,-5.087259876478));
#3159 = CARTESIAN_POINT('',(-1.301873584665,-5.168451565313));
#3160 = CARTESIAN_POINT('',(-1.352211225157,-5.199426082601));
#3161 = CARTESIAN_POINT('',(-1.404352108784,-5.223798115202));
#3162 = CARTESIAN_POINT('',(-1.457774990152,-5.240656628205));
#3163 = CARTESIAN_POINT('',(-1.512009495291,-5.249447646642));
#3164 = CARTESIAN_POINT('',(-1.622347938488,-5.250522921171));
#3165 = CARTESIAN_POINT('',(-1.677843696038,-5.242435464019));
#3166 = CARTESIAN_POINT('',(-1.732549530233,-5.225873948703));
#3167 = CARTESIAN_POINT('',(-1.785953094087,-5.201403849365));
#3168 = CARTESIAN_POINT('',(-1.837486446147,-5.169992062003));
#3169 = CARTESIAN_POINT('',(-1.947154916445,-5.087430671294));
#3170 = CARTESIAN_POINT('',(-2.004336098745,-5.033094409239));
#3171 = CARTESIAN_POINT('',(-2.05808353114,-4.971625699452));
#3172 = CARTESIAN_POINT('',(-2.108341328462,-4.904151650486));
#3173 = CARTESIAN_POINT('',(-2.154933772514,-4.831461977855));
#3174 = CARTESIAN_POINT('',(-2.229474317311,-4.695754814366));
#3175 = CARTESIAN_POINT('',(-2.259250999809,-4.634666439537));
#3176 = CARTESIAN_POINT('',(-2.28660046158,-4.570958093498));
#3177 = CARTESIAN_POINT('',(-2.311226583988,-4.504782995781));
#3178 = CARTESIAN_POINT('',(-2.3327358046,-4.436247433716));
#3179 = CARTESIAN_POINT('',(-2.365229146187,-4.307757199582));
#3180 = CARTESIAN_POINT('',(-2.377469753978,-4.248419626662));
#3181 = CARTESIAN_POINT('',(-2.386969912056,-4.187884790443));
#3182 = CARTESIAN_POINT('',(-2.39345894026,-4.126539755507));
#3183 = CARTESIAN_POINT('',(-2.396781792304,-4.064690302292));
#3184 = CARTESIAN_POINT('',(-2.397007753953,-3.940232978846));
#3185 = CARTESIAN_POINT('',(-2.393878325611,-3.878049665864));
#3186 = CARTESIAN_POINT('',(-2.387543463916,-3.81635348663));
#3187 = CARTESIAN_POINT('',(-2.378155775869,-3.755458259752));
#3188 = CARTESIAN_POINT('',(-2.3659877131,-3.69575992505));
#3189 = CARTESIAN_POINT('',(-2.333177487909,-3.564879735915));
#3190 = CARTESIAN_POINT('',(-2.311096650577,-3.494431397361));
#3191 = CARTESIAN_POINT('',(-2.28572562982,-3.42647366581));
#3192 = CARTESIAN_POINT('',(-2.25749070522,-3.36112138303));
#3193 = CARTESIAN_POINT('',(-2.226709061634,-3.298541686322));
#3194 = CARTESIAN_POINT('',(-2.151533864483,-3.163292222847));
#3195 = CARTESIAN_POINT('',(-2.105591656854,-3.092232385713));
#3196 = CARTESIAN_POINT('',(-2.056121621637,-3.026229219262));
#3197 = CARTESIAN_POINT('',(-2.003288318937,-2.966041173165));
#3198 = CARTESIAN_POINT('',(-1.947145651146,-2.912740123522));
#3199 = CARTESIAN_POINT('',(-1.839719068982,-2.83154843473));
#3200 = CARTESIAN_POINT('',(-1.789381428571,-2.800573917496));
#3201 = CARTESIAN_POINT('',(-1.737240544662,-2.776201884589));
#3202 = CARTESIAN_POINT('',(-1.683817663141,-2.759343371881));
#3203 = CARTESIAN_POINT('',(-1.629583158622,-2.750552353362));
#3204 = CARTESIAN_POINT('',(-1.519244715102,-2.749477078829));
#3205 = CARTESIAN_POINT('',(-1.463748957551,-2.757564535981));
#3206 = CARTESIAN_POINT('',(-1.409043123357,-2.774126051298));
#3207 = CARTESIAN_POINT('',(-1.355639559503,-2.798596150635));
#3208 = CARTESIAN_POINT('',(-1.304106207443,-2.830007937996));
#3209 = CARTESIAN_POINT('',(-1.194437737145,-2.912569328706));
#3210 = CARTESIAN_POINT('',(-1.137256554845,-2.966905590761));
#3211 = CARTESIAN_POINT('',(-1.08350912245,-3.028374300548));
#3212 = CARTESIAN_POINT('',(-1.033251325127,-3.095848349514));
#3213 = CARTESIAN_POINT('',(-0.986658881076,-3.168538022145));
#3214 = CARTESIAN_POINT('',(-0.912118336279,-3.304245185634));
#3215 = CARTESIAN_POINT('',(-0.882341653781,-3.365333560462));
#3216 = CARTESIAN_POINT('',(-0.85499219201,-3.429041906502));
#3217 = CARTESIAN_POINT('',(-0.830366069602,-3.495217004219));
#3218 = CARTESIAN_POINT('',(-0.80885684899,-3.563752566283));
#3219 = CARTESIAN_POINT('',(-0.77626166597,-3.692645517678));
#3220 = CARTESIAN_POINT('',(-0.763950907483,-3.752413825583));
#3221 = CARTESIAN_POINT('',(-0.754422297383,-3.813393987903));
#3222 = CARTESIAN_POINT('',(-0.747951796107,-3.875189325984));
#3223 = CARTESIAN_POINT('',(-0.744695784868,-3.937486673205));
#3224 = CARTESIAN_POINT('',(-0.744695784868,-4.));
#3225 = ( GEOMETRIC_REPRESENTATION_CONTEXT(2) 
PARAMETRIC_REPRESENTATION_CONTEXT() REPRESENTATION_CONTEXT('2D SPACE',''
  ) );
#3226 = PCURVE('',#2261,#3227);
#3227 = DEFINITIONAL_REPRESENTATION('',(#3228),#3311);
#3228 = B_SPLINE_CURVE_WITH_KNOTS('',6,(#3229,#3230,#3231,#3232,#3233,
    #3234,#3235,#3236,#3237,#3238,#3239,#3240,#3241,#3242,#3243,#3244,
    #3245,#3246,#3247,#3248,#3249,#3250,#3251,#3252,#3253,#3254,#3255,
    #3256,#3257,#3258,#3259,#3260,#3261,#3262,#3263,#3264,#3265,#3266,
    #3267,#3268,#3269,#3270,#3271,#3272,#3273,#3274,#3275,#3276,#3277,
    #3278,#3279,#3280,#3281,#3282,#3283,#3284,#3285,#3286,#3287,#3288,
    #3289,#3290,#3291,#3292,#3293,#3294,#3295,#3296,#3297,#3298,#3299,
    #3300,#3301,#3302,#3303,#3304,#3305,#3306,#3307,#3308,#3309,#3310),
  .UNSPECIFIED.,.F.,.F.,(7,5,5,5,5,5,5,5,5,5,5,5,5,5,5,5,7),(0.,
    4.820097852115E-02,0.109213021523,0.186641313034,0.249088411159,
    0.312902822982,0.391806952549,0.451207525739,0.499532959726,
    0.54809689176,0.609140475044,0.686608793243,0.749088173429,
    0.812935573768,0.891880492398,0.951311772394,1.),.UNSPECIFIED.);
#3229 = CARTESIAN_POINT('',(0.,-7.15217186218));
#3230 = CARTESIAN_POINT('',(4.955528357611E-02,-7.15217186218));
#3231 = CARTESIAN_POINT('',(9.894372543878E-02,-7.156168129672));
#3232 = CARTESIAN_POINT('',(0.148160175113,-7.164110805605));
#3233 = CARTESIAN_POINT('',(0.197169002536,-7.175723138025));
#3234 = CARTESIAN_POINT('',(0.245866782172,-7.190499884256));
#3235 = CARTESIAN_POINT('',(0.354927574407,-7.229631840472));
#3236 = CARTESIAN_POINT('',(0.415161757923,-7.255564666604));
#3237 = CARTESIAN_POINT('',(0.475011490974,-7.28455843661));
#3238 = CARTESIAN_POINT('',(0.534719515707,-7.315645429096));
#3239 = CARTESIAN_POINT('',(0.594501344844,-7.347987459857));
#3240 = CARTESIAN_POINT('',(0.730895774374,-7.422531597152));
#3241 = CARTESIAN_POINT('',(0.807916880318,-7.46515914029));
#3242 = CARTESIAN_POINT('',(0.88619059279,-7.507203685508));
#3243 = CARTESIAN_POINT('',(0.966176675623,-7.547262690559));
#3244 = CARTESIAN_POINT('',(1.048333871125,-7.583858077705));
#3245 = CARTESIAN_POINT('',(1.201603564822,-7.640765255021));
#3246 = CARTESIAN_POINT('',(1.272084612308,-7.662972039057));
#3247 = CARTESIAN_POINT('',(1.344039844518,-7.680740373104));
#3248 = CARTESIAN_POINT('',(1.417068981169,-7.693129825923));
#3249 = CARTESIAN_POINT('',(1.490845661375,-7.699593860833));
#3250 = CARTESIAN_POINT('',(1.640907076694,-7.700384497902));
#3251 = CARTESIAN_POINT('',(1.71636345252,-7.694437762279));
#3252 = CARTESIAN_POINT('',(1.791089873142,-7.682255769847));
#3253 = CARTESIAN_POINT('',(1.864725806936,-7.664395061905));
#3254 = CARTESIAN_POINT('',(1.936831438288,-7.641855243435));
#3255 = CARTESIAN_POINT('',(2.093238450692,-7.583965374652));
#3256 = CARTESIAN_POINT('',(2.176914361699,-7.546652592373));
#3257 = CARTESIAN_POINT('',(2.258340124222,-7.505757804654));
#3258 = CARTESIAN_POINT('',(2.33800183368,-7.462840063472));
#3259 = CARTESIAN_POINT('',(2.41638713245,-7.419377434446));
#3260 = CARTESIAN_POINT('',(2.552508460764,-7.345063687844));
#3261 = CARTESIAN_POINT('',(2.610681316247,-7.313684034831));
#3262 = CARTESIAN_POINT('',(2.668796420996,-7.283533477311));
#3263 = CARTESIAN_POINT('',(2.727052796956,-7.255389138655));
#3264 = CARTESIAN_POINT('',(2.785674104895,-7.230142602471));
#3265 = CARTESIAN_POINT('',(2.89316119915,-7.191300013067));
#3266 = CARTESIAN_POINT('',(2.941946486633,-7.176359360984));
#3267 = CARTESIAN_POINT('',(2.99104522901,-7.164578483596));
#3268 = CARTESIAN_POINT('',(3.040354524968,-7.156469276782));
#3269 = CARTESIAN_POINT('',(3.089840301577,-7.152315707391));
#3270 = CARTESIAN_POINT('',(3.189406378177,-7.152033255948));
#3271 = CARTESIAN_POINT('',(3.239146795351,-7.155945046762));
#3272 = CARTESIAN_POINT('',(3.288715587327,-7.163865322486));
#3273 = CARTESIAN_POINT('',(3.33807601361,-7.175515059286));
#3274 = CARTESIAN_POINT('',(3.387122045422,-7.190378825682));
#3275 = CARTESIAN_POINT('',(3.496520227996,-7.229631840472));
#3276 = CARTESIAN_POINT('',(3.556754411512,-7.255564666604));
#3277 = CARTESIAN_POINT('',(3.616604144564,-7.28455843661));
#3278 = CARTESIAN_POINT('',(3.676312169297,-7.315645429096));
#3279 = CARTESIAN_POINT('',(3.736093998434,-7.347987459857));
#3280 = CARTESIAN_POINT('',(3.872488427963,-7.422531597152));
#3281 = CARTESIAN_POINT('',(3.949509533908,-7.46515914029));
#3282 = CARTESIAN_POINT('',(4.027783246379,-7.507203685508));
#3283 = CARTESIAN_POINT('',(4.107769329213,-7.547262690559));
#3284 = CARTESIAN_POINT('',(4.189926524715,-7.583858077705));
#3285 = CARTESIAN_POINT('',(4.34319621833,-7.640765254991));
#3286 = CARTESIAN_POINT('',(4.413677265706,-7.662972038985));
#3287 = CARTESIAN_POINT('',(4.485632498312,-7.680740373255));
#3288 = CARTESIAN_POINT('',(4.558661635159,-7.693129825861));
#3289 = CARTESIAN_POINT('',(4.632438314525,-7.699593860831));
#3290 = CARTESIAN_POINT('',(4.782499730284,-7.700384497902));
#3291 = CARTESIAN_POINT('',(4.85795610611,-7.694437762279));
#3292 = CARTESIAN_POINT('',(4.932682526732,-7.682255769847));
#3293 = CARTESIAN_POINT('',(5.006318460525,-7.664395061905));
#3294 = CARTESIAN_POINT('',(5.078424091878,-7.641855243435));
#3295 = CARTESIAN_POINT('',(5.234831104281,-7.583965374652));
#3296 = CARTESIAN_POINT('',(5.318507015288,-7.546652592373));
#3297 = CARTESIAN_POINT('',(5.399932777812,-7.505757804654));
#3298 = CARTESIAN_POINT('',(5.479594487269,-7.462840063472));
#3299 = CARTESIAN_POINT('',(5.55797978604,-7.419377434446));
#3300 = CARTESIAN_POINT('',(5.694101114354,-7.345063687844));
#3301 = CARTESIAN_POINT('',(5.752273969836,-7.313684034831));
#3302 = CARTESIAN_POINT('',(5.810389074586,-7.283533477311));
#3303 = CARTESIAN_POINT('',(5.868645450545,-7.255389138655));
#3304 = CARTESIAN_POINT('',(5.927266758484,-7.230142602471));
#3305 = CARTESIAN_POINT('',(6.035090741441,-7.191178271665));
#3306 = CARTESIAN_POINT('',(6.084224391731,-7.176149438417));
#3307 = CARTESIAN_POINT('',(6.13367500579,-7.164329878221));
#3308 = CARTESIAN_POINT('',(6.183336857772,-7.156241908741));
#3309 = CARTESIAN_POINT('',(6.233174645744,-7.15217186218));
#3310 = CARTESIAN_POINT('',(6.28318530718,-7.15217186218));
#3311 = ( GEOMETRIC_REPRESENTATION_CONTEXT(2) 
PARAMETRIC_REPRESENTATION_CONTEXT() REPRESENTATION_CONTEXT('2D SPACE',''
  ) );
#3312 = FACE_BOUND('',#3313,.T.);
#3313 = EDGE_LOOP('',(#3314));
#3314 = ORIENTED_EDGE('',*,*,#3315,.T.);
#3315 = EDGE_CURVE('',#3316,#3316,#3318,.T.);
#3316 = VERTEX_POINT('',#3317);
#3317 = CARTESIAN_POINT('',(139.25,-58.,146.84782813782));
#3318 = SURFACE_CURVE('',#3319,(#3402,#3488),.PCURVE_S1.);
#3319 = B_SPLINE_CURVE_WITH_KNOTS('',6,(#3320,#3321,#3322,#3323,#3324,
    #3325,#3326,#3327,#3328,#3329,#3330,#3331,#3332,#3333,#3334,#3335,
    #3336,#3337,#3338,#3339,#3340,#3341,#3342,#3343,#3344,#3345,#3346,
    #3347,#3348,#3349,#3350,#3351,#3352,#3353,#3354,#3355,#3356,#3357,
    #3358,#3359,#3360,#3361,#3362,#3363,#3364,#3365,#3366,#3367,#3368,
    #3369,#3370,#3371,#3372,#3373,#3374,#3375,#3376,#3377,#3378,#3379,
    #3380,#3381,#3382,#3383,#3384,#3385,#3386,#3387,#3388,#3389,#3390,
    #3391,#3392,#3393,#3394,#3395,#3396,#3397,#3398,#3399,#3400,#3401),
  .UNSPECIFIED.,.T.,.F.,(7,5,5,5,5,5,5,5,5,5,5,5,5,5,5,5,7),(0.,
    4.82009784342E-02,0.109213021326,0.186641312697,0.24908841071,
    0.312902822418,0.391806951843,0.451207524927,0.499532958826,
    0.548096890773,0.609140473947,0.686608792008,0.74908817215,
    0.812935572814,0.891880491847,0.951311772146,1.),.UNSPECIFIED.);
#3320 = CARTESIAN_POINT('',(139.25,-58.,146.84782813782));
#3321 = CARTESIAN_POINT('',(139.25,-58.06194410447,146.84782813782));
#3322 = CARTESIAN_POINT('',(139.24631644317,-58.12367976329,
    146.84383187032));
#3323 = CARTESIAN_POINT('',(139.23899559793,-58.18492599482,
    146.83588919439));
#3324 = CARTESIAN_POINT('',(139.22811434377,-58.245376193,
    146.82427686197));
#3325 = CARTESIAN_POINT('',(139.21380076721,-58.30464371704,
    146.80950011574));
#3326 = CARTESIAN_POINT('',(139.17429575105,-58.43512026408,
    146.77036815952));
#3327 = CARTESIAN_POINT('',(139.14714792572,-58.50556860263,
    146.74443533339));
#3328 = CARTESIAN_POINT('',(139.11518488629,-58.57352633419,
    146.71544156339));
#3329 = CARTESIAN_POINT('',(139.07855161956,-58.63887861697,
    146.6843545709));
#3330 = CARTESIAN_POINT('',(139.03735333987,-58.70145831367,
    146.65201254014));
#3331 = CARTESIAN_POINT('',(138.93354843504,-58.83670777715,
    146.57746840284));
#3332 = CARTESIAN_POINT('',(138.86800625577,-58.90776761428,
    146.53484085971));
#3333 = CARTESIAN_POINT('',(138.79494176912,-58.97377078073,
    146.49279631449));
#3334 = CARTESIAN_POINT('',(138.71423271529,-59.03395882683,
    146.45273730944));
#3335 = CARTESIAN_POINT('',(138.62579013131,-59.08725987647,
    146.41614192229));
#3336 = CARTESIAN_POINT('',(138.45225761819,-59.16845156531,
    146.35923474497));
#3337 = CARTESIAN_POINT('',(138.36948223787,-59.1994260826,
    146.33702796094));
#3338 = CARTESIAN_POINT('',(138.28237971416,-59.2237981152,
    146.31925962689));
#3339 = CARTESIAN_POINT('',(138.19210884963,-59.2406566282,
    146.30687017407));
#3340 = CARTESIAN_POINT('',(138.09993676821,-59.24944764664,
    146.30040613916));
#3341 = CARTESIAN_POINT('',(137.91236308107,-59.25052292117,
    146.29961550209));
#3342 = CARTESIAN_POINT('',(137.81799456924,-59.24243546401,
    146.30556223772));
#3343 = CARTESIAN_POINT('',(137.72547233968,-59.2258739487,
    146.31774423015));
#3344 = CARTESIAN_POINT('',(137.63617853596,-59.20140384936,
    146.33560493809));
#3345 = CARTESIAN_POINT('',(137.55137921005,-59.169992062,
    146.35814475656));
#3346 = CARTESIAN_POINT('',(137.37415817813,-59.08743067129,
    146.41603462534));
#3347 = CARTESIAN_POINT('',(137.28408382,-59.03309440923,146.45334740762
    ));
#3348 = CARTESIAN_POINT('',(137.20203773829,-58.97162569945,
    146.49424219534));
#3349 = CARTESIAN_POINT('',(137.12792048553,-58.90415165048,
    146.53715993652));
#3350 = CARTESIAN_POINT('',(137.06160020805,-58.83146197785,
    146.58062256555));
#3351 = CARTESIAN_POINT('',(136.95895931312,-58.69575481436,
    146.65493631215));
#3352 = CARTESIAN_POINT('',(136.91918368103,-58.63466643953,
    146.68631596516));
#3353 = CARTESIAN_POINT('',(136.88373568613,-58.57095809349,
    146.71646652268));
#3354 = CARTESIAN_POINT('',(136.8527142899,-58.50478299578,
    146.74461086134));
#3355 = CARTESIAN_POINT('',(136.82625517314,-58.43624743371,
    146.76985739752));
#3356 = CARTESIAN_POINT('',(136.78697967068,-58.30775719958,
    146.80869998693));
#3357 = CARTESIAN_POINT('',(136.77248883749,-58.24841962666,
    146.82364063901));
#3358 = CARTESIAN_POINT('',(136.76143940033,-58.18788479044,
    146.8354215164));
#3359 = CARTESIAN_POINT('',(136.75396119006,-58.1265397555,
    146.84353072321));
#3360 = CARTESIAN_POINT('',(136.75013258814,-58.06469030229,
    146.8476842926));
#3361 = CARTESIAN_POINT('',(136.74987224082,-57.94023297884,
    146.84796674405));
#3362 = CARTESIAN_POINT('',(136.75347798731,-57.87804966586,
    146.84405495323));
#3363 = CARTESIAN_POINT('',(136.76077446047,-57.81635348663,
    146.83613467751));
#3364 = CARTESIAN_POINT('',(136.771684089,-57.75545825975,
    146.82448494071));
#3365 = CARTESIAN_POINT('',(136.78607702011,-57.69575992505,
    146.80962117431));
#3366 = CARTESIAN_POINT('',(136.82570424894,-57.56487973591,
    146.77036815952));
#3367 = CARTESIAN_POINT('',(136.85285207427,-57.49443139736,
    146.74443533339));
#3368 = CARTESIAN_POINT('',(136.8848151137,-57.42647366581,
    146.71544156339));
#3369 = CARTESIAN_POINT('',(136.92144838043,-57.36112138303,
    146.6843545709));
#3370 = CARTESIAN_POINT('',(136.96264666012,-57.29854168632,
    146.65201254014));
#3371 = CARTESIAN_POINT('',(137.06645156495,-57.16329222284,
    146.57746840284));
#3372 = CARTESIAN_POINT('',(137.13199374422,-57.09223238571,
    146.53484085971));
#3373 = CARTESIAN_POINT('',(137.20505823087,-57.02622921926,
    146.49279631449));
#3374 = CARTESIAN_POINT('',(137.2857672847,-56.96604117316,
    146.45273730944));
#3375 = CARTESIAN_POINT('',(137.37420986868,-56.91274012352,
    146.41614192229));
#3376 = CARTESIAN_POINT('',(137.54774238179,-56.83154843469,
    146.35923474498));
#3377 = CARTESIAN_POINT('',(137.63051776212,-56.80057391739,
    146.33702796094));
#3378 = CARTESIAN_POINT('',(137.71762028584,-56.77620188479,
    146.31925962689));
#3379 = CARTESIAN_POINT('',(137.80789115037,-56.75934337179,
    146.30687017407));
#3380 = CARTESIAN_POINT('',(137.90006323177,-56.75055235335,
    146.30040613916));
#3381 = CARTESIAN_POINT('',(138.08763691892,-56.74947707882,
    146.29961550209));
#3382 = CARTESIAN_POINT('',(138.18200543075,-56.75756453598,
    146.30556223772));
#3383 = CARTESIAN_POINT('',(138.27452766031,-56.77412605129,
    146.31774423015));
#3384 = CARTESIAN_POINT('',(138.36382146403,-56.79859615063,
    146.33560493809));
#3385 = CARTESIAN_POINT('',(138.44862078994,-56.83000793799,
    146.35814475656));
#3386 = CARTESIAN_POINT('',(138.62584182186,-56.9125693287,
    146.41603462534));
#3387 = CARTESIAN_POINT('',(138.71591617999,-56.96690559076,
    146.45334740762));
#3388 = CARTESIAN_POINT('',(138.7979622617,-57.02837430054,
    146.49424219534));
#3389 = CARTESIAN_POINT('',(138.87207951446,-57.09584834951,
    146.53715993652));
#3390 = CARTESIAN_POINT('',(138.93839979194,-57.16853802214,
    146.58062256555));
#3391 = CARTESIAN_POINT('',(139.04104068687,-57.30424518563,
    146.65493631215));
#3392 = CARTESIAN_POINT('',(139.08081631896,-57.36533356046,
    146.68631596516));
#3393 = CARTESIAN_POINT('',(139.11626431386,-57.4290419065,
    146.71646652268));
#3394 = CARTESIAN_POINT('',(139.14728571009,-57.49521700422,
    146.74461086134));
#3395 = CARTESIAN_POINT('',(139.17374482685,-57.56375256628,
    146.76985739752));
#3396 = CARTESIAN_POINT('',(139.21314342756,-57.69264551767,
    146.80882172833));
#3397 = CARTESIAN_POINT('',(139.22771478464,-57.75241382558,
    146.82385056158));
#3398 = CARTESIAN_POINT('',(139.23879367986,-57.8133939879,
    146.83567012177));
#3399 = CARTESIAN_POINT('',(139.24624843564,-57.87518932598,
    146.84375809125));
#3400 = CARTESIAN_POINT('',(139.25,-57.9374866732,146.84782813782));
#3401 = CARTESIAN_POINT('',(139.25,-58.,146.84782813782));
#3402 = PCURVE('',#1060,#3403);
#3403 = DEFINITIONAL_REPRESENTATION('',(#3404),#3487);
#3404 = B_SPLINE_CURVE_WITH_KNOTS('',6,(#3405,#3406,#3407,#3408,#3409,
    #3410,#3411,#3412,#3413,#3414,#3415,#3416,#3417,#3418,#3419,#3420,
    #3421,#3422,#3423,#3424,#3425,#3426,#3427,#3428,#3429,#3430,#3431,
    #3432,#3433,#3434,#3435,#3436,#3437,#3438,#3439,#3440,#3441,#3442,
    #3443,#3444,#3445,#3446,#3447,#3448,#3449,#3450,#3451,#3452,#3453,
    #3454,#3455,#3456,#3457,#3458,#3459,#3460,#3461,#3462,#3463,#3464,
    #3465,#3466,#3467,#3468,#3469,#3470,#3471,#3472,#3473,#3474,#3475,
    #3476,#3477,#3478,#3479,#3480,#3481,#3482,#3483,#3484,#3485,#3486),
  .UNSPECIFIED.,.T.,.F.,(7,5,5,5,5,5,5,5,5,5,5,5,5,5,5,5,7),(0.,
    4.82009784342E-02,0.109213021326,0.186641312697,0.24908841071,
    0.312902822418,0.391806951843,0.451207524927,0.499532958826,
    0.548096890773,0.609140473947,0.686608792008,0.74908817215,
    0.812935572814,0.891880491847,0.951311772146,1.),.UNSPECIFIED.);
#3405 = CARTESIAN_POINT('',(-5.538489522312,-4.));
#3406 = CARTESIAN_POINT('',(-5.538489522312,-4.06194410447));
#3407 = CARTESIAN_POINT('',(-5.535292532539,-4.123679763293));
#3408 = CARTESIAN_POINT('',(-5.528938274909,-4.184925994829));
#3409 = CARTESIAN_POINT('',(-5.519578056493,-4.245376193005));
#3410 = CARTESIAN_POINT('',(-5.507479178052,-4.304643717044));
#3411 = CARTESIAN_POINT('',(-5.474770141499,-4.435120264085));
#3412 = CARTESIAN_POINT('',(-5.452689304167,-4.505568602639));
#3413 = CARTESIAN_POINT('',(-5.427318283409,-4.57352633419));
#3414 = CARTESIAN_POINT('',(-5.39908335881,-4.63887861697));
#3415 = CARTESIAN_POINT('',(-5.368301715223,-4.701458313678));
#3416 = CARTESIAN_POINT('',(-5.293126518073,-4.836707777153));
#3417 = CARTESIAN_POINT('',(-5.247184310443,-4.907767614287));
#3418 = CARTESIAN_POINT('',(-5.197714275227,-4.973770780739));
#3419 = CARTESIAN_POINT('',(-5.144880972527,-5.033958826835));
#3420 = CARTESIAN_POINT('',(-5.088738304735,-5.087259876478));
#3421 = CARTESIAN_POINT('',(-4.981311722514,-5.168451565313));
#3422 = CARTESIAN_POINT('',(-4.930974082022,-5.199426082601));
#3423 = CARTESIAN_POINT('',(-4.878833198396,-5.223798115202));
#3424 = CARTESIAN_POINT('',(-4.825410317028,-5.240656628205));
#3425 = CARTESIAN_POINT('',(-4.771175811888,-5.249447646642));
#3426 = CARTESIAN_POINT('',(-4.660837368692,-5.250522921171));
#3427 = CARTESIAN_POINT('',(-4.605341611141,-5.242435464019));
#3428 = CARTESIAN_POINT('',(-4.550635776946,-5.225873948702));
#3429 = CARTESIAN_POINT('',(-4.497232213093,-5.201403849365));
#3430 = CARTESIAN_POINT('',(-4.445698861033,-5.169992062003));
#3431 = CARTESIAN_POINT('',(-4.336030390735,-5.087430671294));
#3432 = CARTESIAN_POINT('',(-4.278849208434,-5.033094409239));
#3433 = CARTESIAN_POINT('',(-4.22510177604,-4.971625699452));
#3434 = CARTESIAN_POINT('',(-4.174843978717,-4.904151650486));
#3435 = CARTESIAN_POINT('',(-4.128251534665,-4.831461977855));
#3436 = CARTESIAN_POINT('',(-4.053710989869,-4.695754814366));
#3437 = CARTESIAN_POINT('',(-4.023934307371,-4.634666439537));
#3438 = CARTESIAN_POINT('',(-3.9965848456,-4.570958093498));
#3439 = CARTESIAN_POINT('',(-3.971958723191,-4.504782995781));
#3440 = CARTESIAN_POINT('',(-3.95044950258,-4.436247433716));
#3441 = CARTESIAN_POINT('',(-3.917956160992,-4.307757199582));
#3442 = CARTESIAN_POINT('',(-3.905715553202,-4.248419626662));
#3443 = CARTESIAN_POINT('',(-3.896215395123,-4.187884790443));
#3444 = CARTESIAN_POINT('',(-3.88972636692,-4.126539755507));
#3445 = CARTESIAN_POINT('',(-3.886403514875,-4.064690302292));
#3446 = CARTESIAN_POINT('',(-3.886177553227,-3.940232978846));
#3447 = CARTESIAN_POINT('',(-3.889306981568,-3.878049665864));
#3448 = CARTESIAN_POINT('',(-3.895641843263,-3.81635348663));
#3449 = CARTESIAN_POINT('',(-3.90502953131,-3.755458259752));
#3450 = CARTESIAN_POINT('',(-3.91719759408,-3.69575992505));
#3451 = CARTESIAN_POINT('',(-3.95000781927,-3.564879735915));
#3452 = CARTESIAN_POINT('',(-3.972088656603,-3.494431397361));
#3453 = CARTESIAN_POINT('',(-3.99745967736,-3.42647366581));
#3454 = CARTESIAN_POINT('',(-4.02569460196,-3.36112138303));
#3455 = CARTESIAN_POINT('',(-4.056476245546,-3.298541686322));
#3456 = CARTESIAN_POINT('',(-4.131651442697,-3.163292222847));
#3457 = CARTESIAN_POINT('',(-4.177593650326,-3.092232385713));
#3458 = CARTESIAN_POINT('',(-4.227063685542,-3.026229219261));
#3459 = CARTESIAN_POINT('',(-4.279896988242,-2.966041173165));
#3460 = CARTESIAN_POINT('',(-4.336039656034,-2.912740123522));
#3461 = CARTESIAN_POINT('',(-4.44346623825,-2.831548434691));
#3462 = CARTESIAN_POINT('',(-4.493803878747,-2.800573917398));
#3463 = CARTESIAN_POINT('',(-4.545944762379,-2.776201884795));
#3464 = CARTESIAN_POINT('',(-4.599367643746,-2.759343371797));
#3465 = CARTESIAN_POINT('',(-4.653602148874,-2.750552353359));
#3466 = CARTESIAN_POINT('',(-4.763940592078,-2.749477078829));
#3467 = CARTESIAN_POINT('',(-4.819436349628,-2.757564535981));
#3468 = CARTESIAN_POINT('',(-4.874142183823,-2.774126051298));
#3469 = CARTESIAN_POINT('',(-4.927545747677,-2.798596150635));
#3470 = CARTESIAN_POINT('',(-4.979079099737,-2.830007937996));
#3471 = CARTESIAN_POINT('',(-5.088747570034,-2.912569328705));
#3472 = CARTESIAN_POINT('',(-5.145928752335,-2.966905590761));
#3473 = CARTESIAN_POINT('',(-5.19967618473,-3.028374300548));
#3474 = CARTESIAN_POINT('',(-5.249933982052,-3.095848349514));
#3475 = CARTESIAN_POINT('',(-5.296526426104,-3.168538022145));
#3476 = CARTESIAN_POINT('',(-5.371066970901,-3.304245185634));
#3477 = CARTESIAN_POINT('',(-5.400843653399,-3.365333560463));
#3478 = CARTESIAN_POINT('',(-5.428193115169,-3.429041906501));
#3479 = CARTESIAN_POINT('',(-5.452819237578,-3.49521700422));
#3480 = CARTESIAN_POINT('',(-5.474328458189,-3.563752566283));
#3481 = CARTESIAN_POINT('',(-5.50692364121,-3.692645517678));
#3482 = CARTESIAN_POINT('',(-5.519234399697,-3.752413825584));
#3483 = CARTESIAN_POINT('',(-5.528763009796,-3.813393987903));
#3484 = CARTESIAN_POINT('',(-5.535233511073,-3.875189325984));
#3485 = CARTESIAN_POINT('',(-5.538489522312,-3.937486673205));
#3486 = CARTESIAN_POINT('',(-5.538489522312,-4.));
#3487 = ( GEOMETRIC_REPRESENTATION_CONTEXT(2) 
PARAMETRIC_REPRESENTATION_CONTEXT() REPRESENTATION_CONTEXT('2D SPACE',''
  ) );
#3488 = PCURVE('',#3012,#3489);
#3489 = DEFINITIONAL_REPRESENTATION('',(#3490),#3573);
#3490 = B_SPLINE_CURVE_WITH_KNOTS('',6,(#3491,#3492,#3493,#3494,#3495,
    #3496,#3497,#3498,#3499,#3500,#3501,#3502,#3503,#3504,#3505,#3506,
    #3507,#3508,#3509,#3510,#3511,#3512,#3513,#3514,#3515,#3516,#3517,
    #3518,#3519,#3520,#3521,#3522,#3523,#3524,#3525,#3526,#3527,#3528,
    #3529,#3530,#3531,#3532,#3533,#3534,#3535,#3536,#3537,#3538,#3539,
    #3540,#3541,#3542,#3543,#3544,#3545,#3546,#3547,#3548,#3549,#3550,
    #3551,#3552,#3553,#3554,#3555,#3556,#3557,#3558,#3559,#3560,#3561,
    #3562,#3563,#3564,#3565,#3566,#3567,#3568,#3569,#3570,#3571,#3572),
  .UNSPECIFIED.,.F.,.F.,(7,5,5,5,5,5,5,5,5,5,5,5,5,5,5,5,7),(0.,
    4.82009784342E-02,0.109213021326,0.186641312697,0.24908841071,
    0.312902822418,0.391806951843,0.451207524927,0.499532958826,
    0.548096890773,0.609140473947,0.686608792008,0.74908817215,
    0.812935572814,0.891880491847,0.951311772146,1.),.UNSPECIFIED.);
#3491 = CARTESIAN_POINT('',(0.,-4.84782813782));
#3492 = CARTESIAN_POINT('',(4.955528357611E-02,-4.84782813782));
#3493 = CARTESIAN_POINT('',(9.89437254388E-02,-4.843831870328));
#3494 = CARTESIAN_POINT('',(0.148160175113,-4.835889194395));
#3495 = CARTESIAN_POINT('',(0.197169002536,-4.824276861975));
#3496 = CARTESIAN_POINT('',(0.245866782172,-4.809500115744));
#3497 = CARTESIAN_POINT('',(0.354927574407,-4.770368159528));
#3498 = CARTESIAN_POINT('',(0.415161757923,-4.744435333396));
#3499 = CARTESIAN_POINT('',(0.475011490974,-4.71544156339));
#3500 = CARTESIAN_POINT('',(0.534719515707,-4.684354570904));
#3501 = CARTESIAN_POINT('',(0.594501344844,-4.652012540143));
#3502 = CARTESIAN_POINT('',(0.730895774374,-4.577468402848));
#3503 = CARTESIAN_POINT('',(0.807916880318,-4.53484085971));
#3504 = CARTESIAN_POINT('',(0.88619059279,-4.492796314492));
#3505 = CARTESIAN_POINT('',(0.966176675623,-4.452737309441));
#3506 = CARTESIAN_POINT('',(1.048333871125,-4.416141922295));
#3507 = CARTESIAN_POINT('',(1.201603564822,-4.359234744979));
#3508 = CARTESIAN_POINT('',(1.272084612308,-4.337027960943));
#3509 = CARTESIAN_POINT('',(1.344039844518,-4.319259626896));
#3510 = CARTESIAN_POINT('',(1.417068981169,-4.306870174077));
#3511 = CARTESIAN_POINT('',(1.490845661375,-4.300406139167));
#3512 = CARTESIAN_POINT('',(1.640907076694,-4.299615502098));
#3513 = CARTESIAN_POINT('',(1.71636345252,-4.305562237721));
#3514 = CARTESIAN_POINT('',(1.791089873142,-4.317744230153));
#3515 = CARTESIAN_POINT('',(1.864725806935,-4.335604938095));
#3516 = CARTESIAN_POINT('',(1.936831438288,-4.358144756565));
#3517 = CARTESIAN_POINT('',(2.093238450692,-4.416034625348));
#3518 = CARTESIAN_POINT('',(2.176914361699,-4.453347407627));
#3519 = CARTESIAN_POINT('',(2.258340124222,-4.494242195346));
#3520 = CARTESIAN_POINT('',(2.33800183368,-4.537159936528));
#3521 = CARTESIAN_POINT('',(2.41638713245,-4.580622565554));
#3522 = CARTESIAN_POINT('',(2.552508460764,-4.654936312156));
#3523 = CARTESIAN_POINT('',(2.610681316247,-4.686315965169));
#3524 = CARTESIAN_POINT('',(2.668796420996,-4.716466522689));
#3525 = CARTESIAN_POINT('',(2.727052796956,-4.744610861345));
#3526 = CARTESIAN_POINT('',(2.785674104895,-4.769857397529));
#3527 = CARTESIAN_POINT('',(2.89316119915,-4.808699986933));
#3528 = CARTESIAN_POINT('',(2.941946486633,-4.823640639016));
#3529 = CARTESIAN_POINT('',(2.99104522901,-4.835421516404));
#3530 = CARTESIAN_POINT('',(3.040354524968,-4.843530723218));
#3531 = CARTESIAN_POINT('',(3.089840301577,-4.847684292609));
#3532 = CARTESIAN_POINT('',(3.189406378177,-4.847966744052));
#3533 = CARTESIAN_POINT('',(3.23914679535,-4.844054953238));
#3534 = CARTESIAN_POINT('',(3.288715587327,-4.836134677514));
#3535 = CARTESIAN_POINT('',(3.33807601361,-4.824484940714));
#3536 = CARTESIAN_POINT('',(3.387122045422,-4.809621174318));
#3537 = CARTESIAN_POINT('',(3.496520227996,-4.770368159528));
#3538 = CARTESIAN_POINT('',(3.556754411512,-4.744435333396));
#3539 = CARTESIAN_POINT('',(3.616604144564,-4.71544156339));
#3540 = CARTESIAN_POINT('',(3.676312169297,-4.684354570904));
#3541 = CARTESIAN_POINT('',(3.736093998434,-4.652012540143));
#3542 = CARTESIAN_POINT('',(3.872488427963,-4.577468402848));
#3543 = CARTESIAN_POINT('',(3.949509533908,-4.53484085971));
#3544 = CARTESIAN_POINT('',(4.02778324638,-4.492796314492));
#3545 = CARTESIAN_POINT('',(4.107769329213,-4.452737309441));
#3546 = CARTESIAN_POINT('',(4.189926524715,-4.416141922295));
#3547 = CARTESIAN_POINT('',(4.343196218405,-4.359234744982));
#3548 = CARTESIAN_POINT('',(4.413677265898,-4.337027960943));
#3549 = CARTESIAN_POINT('',(4.485632498115,-4.319259626894));
#3550 = CARTESIAN_POINT('',(4.558661634764,-4.306870174078));
#3551 = CARTESIAN_POINT('',(4.632438314955,-4.300406139167));
#3552 = CARTESIAN_POINT('',(4.782499730284,-4.299615502098));
#3553 = CARTESIAN_POINT('',(4.857956106109,-4.305562237721));
#3554 = CARTESIAN_POINT('',(4.932682526732,-4.317744230153));
#3555 = CARTESIAN_POINT('',(5.006318460525,-4.335604938095));
#3556 = CARTESIAN_POINT('',(5.078424091878,-4.358144756565));
#3557 = CARTESIAN_POINT('',(5.234831104281,-4.416034625348));
#3558 = CARTESIAN_POINT('',(5.318507015289,-4.453347407627));
#3559 = CARTESIAN_POINT('',(5.399932777811,-4.494242195346));
#3560 = CARTESIAN_POINT('',(5.47959448727,-4.537159936528));
#3561 = CARTESIAN_POINT('',(5.55797978604,-4.580622565554));
#3562 = CARTESIAN_POINT('',(5.694101114354,-4.654936312155));
#3563 = CARTESIAN_POINT('',(5.752273969837,-4.686315965169));
#3564 = CARTESIAN_POINT('',(5.810389074585,-4.716466522689));
#3565 = CARTESIAN_POINT('',(5.868645450546,-4.744610861345));
#3566 = CARTESIAN_POINT('',(5.927266758484,-4.769857397529));
#3567 = CARTESIAN_POINT('',(6.035090741441,-4.808821728335));
#3568 = CARTESIAN_POINT('',(6.084224391732,-4.823850561583));
#3569 = CARTESIAN_POINT('',(6.133675005789,-4.835670121779));
#3570 = CARTESIAN_POINT('',(6.183336857773,-4.843758091259));
#3571 = CARTESIAN_POINT('',(6.233174645744,-4.84782813782));
#3572 = CARTESIAN_POINT('',(6.28318530718,-4.84782813782));
#3573 = ( GEOMETRIC_REPRESENTATION_CONTEXT(2) 
PARAMETRIC_REPRESENTATION_CONTEXT() REPRESENTATION_CONTEXT('2D SPACE',''
  ) );
#3574 = ADVANCED_FACE('',(#3575),#1238,.F.);
#3575 = FACE_BOUND('',#3576,.F.);
#3576 = EDGE_LOOP('',(#3577,#3578,#3599,#3600));
#3577 = ORIENTED_EDGE('',*,*,#1221,.T.);
#3578 = ORIENTED_EDGE('',*,*,#3579,.T.);
#3579 = EDGE_CURVE('',#1222,#1413,#3580,.T.);
#3580 = SEAM_CURVE('',#3581,(#3585,#3592),.PCURVE_S1.);
#3581 = LINE('',#3582,#3583);
#3582 = CARTESIAN_POINT('',(13.8,-68.,31.));
#3583 = VECTOR('',#3584,1.);
#3584 = DIRECTION('',(-0.,-0.,1.));
#3585 = PCURVE('',#1238,#3586);
#3586 = DEFINITIONAL_REPRESENTATION('',(#3587),#3591);
#3587 = LINE('',#3588,#3589);
#3588 = CARTESIAN_POINT('',(6.28318530718,0.));
#3589 = VECTOR('',#3590,1.);
#3590 = DIRECTION('',(0.,-1.));
#3591 = ( GEOMETRIC_REPRESENTATION_CONTEXT(2) 
PARAMETRIC_REPRESENTATION_CONTEXT() REPRESENTATION_CONTEXT('2D SPACE',''
  ) );
#3592 = PCURVE('',#1238,#3593);
#3593 = DEFINITIONAL_REPRESENTATION('',(#3594),#3598);
#3594 = LINE('',#3595,#3596);
#3595 = CARTESIAN_POINT('',(0.,0.));
#3596 = VECTOR('',#3597,1.);
#3597 = DIRECTION('',(0.,-1.));
#3598 = ( GEOMETRIC_REPRESENTATION_CONTEXT(2) 
PARAMETRIC_REPRESENTATION_CONTEXT() REPRESENTATION_CONTEXT('2D SPACE',''
  ) );
#3599 = ORIENTED_EDGE('',*,*,#1412,.F.);
#3600 = ORIENTED_EDGE('',*,*,#3579,.F.);
#3601 = ADVANCED_FACE('',(#3602),#1269,.F.);
#3602 = FACE_BOUND('',#3603,.F.);
#3603 = EDGE_LOOP('',(#3604,#3605,#3626,#3627));
#3604 = ORIENTED_EDGE('',*,*,#1252,.T.);
#3605 = ORIENTED_EDGE('',*,*,#3606,.T.);
#3606 = EDGE_CURVE('',#1253,#1439,#3607,.T.);
#3607 = SEAM_CURVE('',#3608,(#3612,#3619),.PCURVE_S1.);
#3608 = LINE('',#3609,#3610);
#3609 = CARTESIAN_POINT('',(76.8,-68.,31.));
#3610 = VECTOR('',#3611,1.);
#3611 = DIRECTION('',(-0.,-0.,1.));
#3612 = PCURVE('',#1269,#3613);
#3613 = DEFINITIONAL_REPRESENTATION('',(#3614),#3618);
#3614 = LINE('',#3615,#3616);
#3615 = CARTESIAN_POINT('',(6.28318530718,0.));
#3616 = VECTOR('',#3617,1.);
#3617 = DIRECTION('',(0.,-1.));
#3618 = ( GEOMETRIC_REPRESENTATION_CONTEXT(2) 
PARAMETRIC_REPRESENTATION_CONTEXT() REPRESENTATION_CONTEXT('2D SPACE',''
  ) );
#3619 = PCURVE('',#1269,#3620);
#3620 = DEFINITIONAL_REPRESENTATION('',(#3621),#3625);
#3621 = LINE('',#3622,#3623);
#3622 = CARTESIAN_POINT('',(0.,0.));
#3623 = VECTOR('',#3624,1.);
#3624 = DIRECTION('',(0.,-1.));
#3625 = ( GEOMETRIC_REPRESENTATION_CONTEXT(2) 
PARAMETRIC_REPRESENTATION_CONTEXT() REPRESENTATION_CONTEXT('2D SPACE',''
  ) );
#3626 = ORIENTED_EDGE('',*,*,#1438,.F.);
#3627 = ORIENTED_EDGE('',*,*,#3606,.F.);
#3628 = ADVANCED_FACE('',(#3629),#1300,.F.);
#3629 = FACE_BOUND('',#3630,.F.);
#3630 = EDGE_LOOP('',(#3631,#3632,#3653,#3654));
#3631 = ORIENTED_EDGE('',*,*,#1283,.T.);
#3632 = ORIENTED_EDGE('',*,*,#3633,.T.);
#3633 = EDGE_CURVE('',#1284,#1465,#3634,.T.);
#3634 = SEAM_CURVE('',#3635,(#3639,#3646),.PCURVE_S1.);
#3635 = LINE('',#3636,#3637);
#3636 = CARTESIAN_POINT('',(139.8,-68.,31.));
#3637 = VECTOR('',#3638,1.);
#3638 = DIRECTION('',(-0.,-0.,1.));
#3639 = PCURVE('',#1300,#3640);
#3640 = DEFINITIONAL_REPRESENTATION('',(#3641),#3645);
#3641 = LINE('',#3642,#3643);
#3642 = CARTESIAN_POINT('',(6.28318530718,0.));
#3643 = VECTOR('',#3644,1.);
#3644 = DIRECTION('',(0.,-1.));
#3645 = ( GEOMETRIC_REPRESENTATION_CONTEXT(2) 
PARAMETRIC_REPRESENTATION_CONTEXT() REPRESENTATION_CONTEXT('2D SPACE',''
  ) );
#3646 = PCURVE('',#1300,#3647);
#3647 = DEFINITIONAL_REPRESENTATION('',(#3648),#3652);
#3648 = LINE('',#3649,#3650);
#3649 = CARTESIAN_POINT('',(0.,0.));
#3650 = VECTOR('',#3651,1.);
#3651 = DIRECTION('',(0.,-1.));
#3652 = ( GEOMETRIC_REPRESENTATION_CONTEXT(2) 
PARAMETRIC_REPRESENTATION_CONTEXT() REPRESENTATION_CONTEXT('2D SPACE',''
  ) );
#3653 = ORIENTED_EDGE('',*,*,#1464,.F.);
#3654 = ORIENTED_EDGE('',*,*,#3633,.F.);
#3655 = ADVANCED_FACE('',(#3656),#2199,.F.);
#3656 = FACE_BOUND('',#3657,.F.);
#3657 = EDGE_LOOP('',(#3658,#3659,#3680,#3681));
#3658 = ORIENTED_EDGE('',*,*,#2333,.F.);
#3659 = ORIENTED_EDGE('',*,*,#3660,.T.);
#3660 = EDGE_CURVE('',#2334,#2183,#3661,.T.);
#3661 = SEAM_CURVE('',#3662,(#3666,#3673),.PCURVE_S1.);
#3662 = LINE('',#3663,#3664);
#3663 = CARTESIAN_POINT('',(13.25,-58.,142.));
#3664 = VECTOR('',#3665,1.);
#3665 = DIRECTION('',(-0.,-0.,1.));
#3666 = PCURVE('',#2199,#3667);
#3667 = DEFINITIONAL_REPRESENTATION('',(#3668),#3672);
#3668 = LINE('',#3669,#3670);
#3669 = CARTESIAN_POINT('',(6.28318530718,0.));
#3670 = VECTOR('',#3671,1.);
#3671 = DIRECTION('',(0.,-1.));
#3672 = ( GEOMETRIC_REPRESENTATION_CONTEXT(2) 
PARAMETRIC_REPRESENTATION_CONTEXT() REPRESENTATION_CONTEXT('2D SPACE',''
  ) );
#3673 = PCURVE('',#2199,#3674);
#3674 = DEFINITIONAL_REPRESENTATION('',(#3675),#3679);
#3675 = LINE('',#3676,#3677);
#3676 = CARTESIAN_POINT('',(0.,0.));
#3677 = VECTOR('',#3678,1.);
#3678 = DIRECTION('',(0.,-1.));
#3679 = ( GEOMETRIC_REPRESENTATION_CONTEXT(2) 
PARAMETRIC_REPRESENTATION_CONTEXT() REPRESENTATION_CONTEXT('2D SPACE',''
  ) );
#3680 = ORIENTED_EDGE('',*,*,#2182,.F.);
#3681 = ORIENTED_EDGE('',*,*,#3660,.F.);
#3682 = ADVANCED_FACE('',(#3683),#2230,.F.);
#3683 = FACE_BOUND('',#3684,.F.);
#3684 = EDGE_LOOP('',(#3685,#3718,#3739,#3740));
#3685 = ORIENTED_EDGE('',*,*,#3686,.F.);
#3686 = EDGE_CURVE('',#3687,#3687,#3689,.T.);
#3687 = VERTEX_POINT('',#3688);
#3688 = CARTESIAN_POINT('',(76.25,-58.,142.));
#3689 = SURFACE_CURVE('',#3690,(#3695,#3702),.PCURVE_S1.);
#3690 = CIRCLE('',#3691,1.25);
#3691 = AXIS2_PLACEMENT_3D('',#3692,#3693,#3694);
#3692 = CARTESIAN_POINT('',(75.,-58.,142.));
#3693 = DIRECTION('',(0.,0.,-1.));
#3694 = DIRECTION('',(1.,-0.,-0.));
#3695 = PCURVE('',#2230,#3696);
#3696 = DEFINITIONAL_REPRESENTATION('',(#3697),#3701);
#3697 = LINE('',#3698,#3699);
#3698 = CARTESIAN_POINT('',(0.,0.));
#3699 = VECTOR('',#3700,1.);
#3700 = DIRECTION('',(1.,0.));
#3701 = ( GEOMETRIC_REPRESENTATION_CONTEXT(2) 
PARAMETRIC_REPRESENTATION_CONTEXT() REPRESENTATION_CONTEXT('2D SPACE',''
  ) );
#3702 = PCURVE('',#3703,#3708);
#3703 = PLANE('',#3704);
#3704 = AXIS2_PLACEMENT_3D('',#3705,#3706,#3707);
#3705 = CARTESIAN_POINT('',(75.,-58.,142.));
#3706 = DIRECTION('',(-0.,-0.,1.));
#3707 = DIRECTION('',(-1.,0.,0.));
#3708 = DEFINITIONAL_REPRESENTATION('',(#3709),#3717);
#3709 = ( BOUNDED_CURVE() B_SPLINE_CURVE(2,(#3710,#3711,#3712,#3713,
#3714,#3715,#3716),.UNSPECIFIED.,.T.,.F.) B_SPLINE_CURVE_WITH_KNOTS((1,2
    ,2,2,2,1),(-2.094395102393,0.,2.094395102393,4.188790204786,
6.28318530718,8.377580409573),.UNSPECIFIED.) CURVE() 
GEOMETRIC_REPRESENTATION_ITEM() RATIONAL_B_SPLINE_CURVE((1.,0.5,1.,0.5,
1.,0.5,1.)) REPRESENTATION_ITEM('') );
#3710 = CARTESIAN_POINT('',(-1.25,0.));
#3711 = CARTESIAN_POINT('',(-1.25,2.165063509461));
#3712 = CARTESIAN_POINT('',(0.625,1.082531754731));
#3713 = CARTESIAN_POINT('',(2.5,3.061616997868E-16));
#3714 = CARTESIAN_POINT('',(0.625,-1.082531754731));
#3715 = CARTESIAN_POINT('',(-1.25,-2.165063509461));
#3716 = CARTESIAN_POINT('',(-1.25,0.));
#3717 = ( GEOMETRIC_REPRESENTATION_CONTEXT(2) 
PARAMETRIC_REPRESENTATION_CONTEXT() REPRESENTATION_CONTEXT('2D SPACE',''
  ) );
#3718 = ORIENTED_EDGE('',*,*,#3719,.T.);
#3719 = EDGE_CURVE('',#3687,#2214,#3720,.T.);
#3720 = SEAM_CURVE('',#3721,(#3725,#3732),.PCURVE_S1.);
#3721 = LINE('',#3722,#3723);
#3722 = CARTESIAN_POINT('',(76.25,-58.,142.));
#3723 = VECTOR('',#3724,1.);
#3724 = DIRECTION('',(-0.,-0.,1.));
#3725 = PCURVE('',#2230,#3726);
#3726 = DEFINITIONAL_REPRESENTATION('',(#3727),#3731);
#3727 = LINE('',#3728,#3729);
#3728 = CARTESIAN_POINT('',(6.28318530718,0.));
#3729 = VECTOR('',#3730,1.);
#3730 = DIRECTION('',(0.,-1.));
#3731 = ( GEOMETRIC_REPRESENTATION_CONTEXT(2) 
PARAMETRIC_REPRESENTATION_CONTEXT() REPRESENTATION_CONTEXT('2D SPACE',''
  ) );
#3732 = PCURVE('',#2230,#3733);
#3733 = DEFINITIONAL_REPRESENTATION('',(#3734),#3738);
#3734 = LINE('',#3735,#3736);
#3735 = CARTESIAN_POINT('',(0.,0.));
#3736 = VECTOR('',#3737,1.);
#3737 = DIRECTION('',(0.,-1.));
#3738 = ( GEOMETRIC_REPRESENTATION_CONTEXT(2) 
PARAMETRIC_REPRESENTATION_CONTEXT() REPRESENTATION_CONTEXT('2D SPACE',''
  ) );
#3739 = ORIENTED_EDGE('',*,*,#2213,.F.);
#3740 = ORIENTED_EDGE('',*,*,#3719,.F.);
#3741 = ADVANCED_FACE('',(#3742),#2261,.F.);
#3742 = FACE_BOUND('',#3743,.F.);
#3743 = EDGE_LOOP('',(#3744,#3745,#3766,#3767));
#3744 = ORIENTED_EDGE('',*,*,#3053,.F.);
#3745 = ORIENTED_EDGE('',*,*,#3746,.T.);
#3746 = EDGE_CURVE('',#3054,#2245,#3747,.T.);
#3747 = SEAM_CURVE('',#3748,(#3752,#3759),.PCURVE_S1.);
#3748 = LINE('',#3749,#3750);
#3749 = CARTESIAN_POINT('',(139.25,-58.,142.));
#3750 = VECTOR('',#3751,1.);
#3751 = DIRECTION('',(-0.,-0.,1.));
#3752 = PCURVE('',#2261,#3753);
#3753 = DEFINITIONAL_REPRESENTATION('',(#3754),#3758);
#3754 = LINE('',#3755,#3756);
#3755 = CARTESIAN_POINT('',(6.28318530718,0.));
#3756 = VECTOR('',#3757,1.);
#3757 = DIRECTION('',(0.,-1.));
#3758 = ( GEOMETRIC_REPRESENTATION_CONTEXT(2) 
PARAMETRIC_REPRESENTATION_CONTEXT() REPRESENTATION_CONTEXT('2D SPACE',''
  ) );
#3759 = PCURVE('',#2261,#3760);
#3760 = DEFINITIONAL_REPRESENTATION('',(#3761),#3765);
#3761 = LINE('',#3762,#3763);
#3762 = CARTESIAN_POINT('',(0.,0.));
#3763 = VECTOR('',#3764,1.);
#3764 = DIRECTION('',(0.,-1.));
#3765 = ( GEOMETRIC_REPRESENTATION_CONTEXT(2) 
PARAMETRIC_REPRESENTATION_CONTEXT() REPRESENTATION_CONTEXT('2D SPACE',''
  ) );
#3766 = ORIENTED_EDGE('',*,*,#2244,.F.);
#3767 = ORIENTED_EDGE('',*,*,#3746,.F.);
#3768 = ADVANCED_FACE('',(#3769),#3012,.F.);
#3769 = FACE_BOUND('',#3770,.F.);
#3770 = EDGE_LOOP('',(#3771,#3792,#3793,#3794));
#3771 = ORIENTED_EDGE('',*,*,#3772,.F.);
#3772 = EDGE_CURVE('',#2992,#3316,#3773,.T.);
#3773 = SEAM_CURVE('',#3774,(#3778,#3785),.PCURVE_S1.);
#3774 = LINE('',#3775,#3776);
#3775 = CARTESIAN_POINT('',(139.25,-58.,142.));
#3776 = VECTOR('',#3777,1.);
#3777 = DIRECTION('',(-0.,-0.,1.));
#3778 = PCURVE('',#3012,#3779);
#3779 = DEFINITIONAL_REPRESENTATION('',(#3780),#3784);
#3780 = LINE('',#3781,#3782);
#3781 = CARTESIAN_POINT('',(6.28318530718,0.));
#3782 = VECTOR('',#3783,1.);
#3783 = DIRECTION('',(0.,-1.));
#3784 = ( GEOMETRIC_REPRESENTATION_CONTEXT(2) 
PARAMETRIC_REPRESENTATION_CONTEXT() REPRESENTATION_CONTEXT('2D SPACE',''
  ) );
#3785 = PCURVE('',#3012,#3786);
#3786 = DEFINITIONAL_REPRESENTATION('',(#3787),#3791);
#3787 = LINE('',#3788,#3789);
#3788 = CARTESIAN_POINT('',(0.,0.));
#3789 = VECTOR('',#3790,1.);
#3790 = DIRECTION('',(0.,-1.));
#3791 = ( GEOMETRIC_REPRESENTATION_CONTEXT(2) 
PARAMETRIC_REPRESENTATION_CONTEXT() REPRESENTATION_CONTEXT('2D SPACE',''
  ) );
#3792 = ORIENTED_EDGE('',*,*,#2991,.F.);
#3793 = ORIENTED_EDGE('',*,*,#3772,.T.);
#3794 = ORIENTED_EDGE('',*,*,#3315,.T.);
#3795 = ADVANCED_FACE('',(#3796),#3703,.T.);
#3796 = FACE_BOUND('',#3797,.F.);
#3797 = EDGE_LOOP('',(#3798));
#3798 = ORIENTED_EDGE('',*,*,#3686,.T.);
#3799 = ( GEOMETRIC_REPRESENTATION_CONTEXT(3) 
GLOBAL_UNCERTAINTY_ASSIGNED_CONTEXT((#3803)) 
GLOBAL_UNIT_ASSIGNED_CONTEXT((#3800,#3801,#3802)) REPRESENTATION_CONTEXT
('Context #1','3D Context with UNIT and UNCERTAINTY') );
#3800 = ( LENGTH_UNIT() NAMED_UNIT(*) SI_UNIT(.MILLI.,.METRE.) );
#3801 = ( NAMED_UNIT(*) PLANE_ANGLE_UNIT() SI_UNIT($,.RADIAN.) );
#3802 = ( NAMED_UNIT(*) SI_UNIT($,.STERADIAN.) SOLID_ANGLE_UNIT() );
#3803 = UNCERTAINTY_MEASURE_WITH_UNIT(LENGTH_MEASURE(1.E-07),#3800,
  'distance_accuracy_value','confusion accuracy');
#3804 = PRODUCT_RELATED_PRODUCT_CATEGORY('part',$,(#7));
ENDSEC;
END-ISO-10303-21;
